Age,Tenure,Balance,NumOfProducts,HasCrCard,IsActiveMember,EstimatedSalary,CreditScore_binned,Geography_France,Geography_Germany,Geography_Spain,Gender_Male
-1.6475605083638016,0.34304092050780505,1.0011748345655451,1,1,1,-0.6374819364394559,2,0.0,1.0,0.0,0.0
0.012115659823000443,-1.0372390078178362,-1.2251371051984103,2,1,0,-1.0381923312826278,2,0.0,0.0,1.0,0.0
-1.2570484687904364,1.0331808846706256,0.5938406438229058,1,1,0,1.6964059944047034,1,0.0,1.0,0.0,0.0
-0.3783963797503647,1.378250866752036,-1.2251371051984103,1,0,1,-1.3039766641646848,4,1.0,0.0,0.0,0.0
-0.476024389643706,1.378250866752036,-1.2251371051984103,1,1,0,-0.6925285899686651,4,1.0,0.0,0.0,1.0
-0.9641644391104125,-0.002029061573605259,-1.2251371051984103,2,1,0,0.1426718326078547,3,1.0,0.0,0.0,1.0
-0.7689084193237299,-0.6921690257364259,-1.2251371051984103,2,0,0,-0.19732345276807417,1,1.0,0.0,0.0,1.0
-0.9641644391104125,1.7233208488334462,1.1389126234396103,1,0,1,-0.09446428789318376,4,1.0,0.0,0.0,1.0
0.003935819113316791,-1.3823089898992464,-1.2251371051984103,1,0,1,1.1852105664012338,0,1.0,0.0,0.0,1.0
-0.7689084193237299,0.34304092050780505,-1.2251371051984103,2,1,1,-0.5692704319075068,3,0.0,0.0,1.0,1.0
-0.2807683698570234,0.34304092050780505,0.32131801541424193,1,0,0,1.4214167072094945,2,0.0,1.0,0.0,1.0
0.003935819113316791,-0.002029061573605259,-1.2251371051984103,2,1,1,-1.5836565712399708,3,0.0,0.0,1.0,0.0
-1.3546764786837777,-0.002029061573605259,0.752932989717156,1,0,1,0.5669639299563836,4,0.0,1.0,0.0,0.0
1.0860237686497547,1.378250866752036,0.2910018796139825,2,0,1,-1.5100223314522865,0,1.0,0.0,0.0,1.0
1.5741638181164612,1.378250866752036,-1.2251371051984103,2,1,1,-0.1031706658927486,1,1.0,0.0,0.0,1.0
-0.5736523995370473,-1.0372390078178362,1.3641683803549927,2,1,0,1.200800952014366,3,0.0,1.0,0.0,1.0
0.012115659823000443,0.34304092050780505,-1.2251371051984103,2,1,0,-0.9765178322109155,4,1.0,0.0,0.0,1.0
1.6717918280098025,0.6881109025892154,-1.2251371051984103,1,1,1,0.7312581380539475,1,1.0,0.0,0.0,1.0
0.5978837191830482,1.7233208488334462,-1.2251371051984103,2,0,0,1.2494230190357214,0,1.0,0.0,0.0,1.0
0.20737167960968303,1.7233208488334462,-1.2251371051984103,1,1,1,0.7638429280229764,3,1.0,0.0,0.0,0.0
0.3049996895030243,-1.0372390078178362,0.8901875279677692,2,1,1,1.0874008571336864,4,0.0,1.0,0.0,1.0
-0.8665364292170712,1.7233208488334462,-0.3025206154899361,1,0,0,-0.3678610892783983,3,1.0,0.0,0.0,1.0
0.003935819113316791,-0.34709904365501554,0.263968327684419,1,1,0,-1.6150743619912287,3,0.0,1.0,0.0,0.0
-0.18314035996368214,-0.34709904365501554,0.6330069867363772,2,0,1,1.4177876285206492,2,1.0,0.0,0.0,0.0
-0.5736523995370473,0.34304092050780505,-1.2251371051984103,2,1,0,1.4717934496130125,0,1.0,0.0,0.0,1.0
-1.5499324984704603,-0.6921690257364259,1.1204556499589862,2,0,0,0.4362111170619803,4,0.0,0.0,1.0,0.0
-0.476024389643706,-0.002029061573605259,0.8274068713108035,1,1,0,1.5786177318718744,3,1.0,0.0,0.0,1.0
-0.9641644391104125,0.34304092050780505,-1.2251371051984103,2,1,1,1.5731222549410677,3,1.0,0.0,0.0,0.0
0.012115659823000443,-0.6921690257364259,0.8060513541900419,2,0,1,-0.7375760475459057,2,0.0,1.0,0.0,0.0
-0.2807683698570234,0.6881109025892154,0.6364767902194699,1,1,1,0.9634608763860945,1,0.0,0.0,1.0,0.0
0.012115659823000443,1.378250866752036,1.3670366808269738,1,0,0,-0.1769319425770886,3,0.0,0.0,1.0,0.0
0.20737167960968303,1.7233208488334462,0.9241794088247578,2,1,1,1.6999449291038666,3,0.0,1.0,0.0,1.0
0.3049996895030243,0.34304092050780505,0.9935031509098577,2,1,0,-0.6201046811621315,4,0.0,1.0,0.0,0.0
0.4026276993963656,0.34304092050780505,0.8094229073808168,1,0,0,0.6471283883016069,0,0.0,1.0,0.0,1.0
-0.3783963797503647,1.0331808846706256,1.2253234354995806,1,1,0,-0.2039631318845121,1,0.0,0.0,1.0,1.0
0.6955117290763895,-1.0372390078178362,-1.2251371051984103,2,1,0,0.6396556603847707,1,1.0,0.0,0.0,1.0
-1.0617924490037538,-1.0372390078178362,0.6410313473371267,1,0,1,-0.7043454576816862,1,0.0,1.0,0.0,1.0
-0.3783963797503647,-0.34709904365501554,0.959029619597044,2,1,0,0.2835270371798664,3,0.0,1.0,0.0,1.0
-0.476024389643706,0.34304092050780505,-1.2251371051984103,2,1,1,1.3039702261356134,3,1.0,0.0,0.0,0.0
-1.0617924490037538,-0.34709904365501554,-1.2251371051984103,2,1,1,1.329037042169819,2,0.0,0.0,1.0,1.0
1.47653580822312,-1.3823089898992464,1.079549124750798,1,1,1,0.1453352568589709,3,0.0,1.0,0.0,0.0
-1.452304488577119,-0.6921690257364259,-1.2251371051984103,2,1,1,0.03159616488968133,3,0.0,0.0,1.0,0.0
-0.5736523995370473,-0.002029061573605259,0.993723173958615,1,1,0,-1.2408417628508708,2,0.0,1.0,0.0,1.0
-0.5736523995370473,0.6881109025892154,1.7713038302783177,1,0,1,1.5671007060395898,3,0.0,1.0,0.0,0.0
0.8907677488630721,-0.34709904365501554,-1.2251371051984103,1,0,0,-1.4319419743048003,1,1.0,0.0,0.0,0.0
-0.3783963797503647,-0.6921690257364259,-1.2251371051984103,1,1,1,-0.9096330801448604,1,1.0,0.0,0.0,0.0
3.0385839665165806,1.378250866752036,0.17569588060681798,2,1,1,-1.0059002482453452,4,1.0,0.0,0.0,0.0
0.003935819113316791,-1.0372390078178362,1.2392364129688882,1,1,0,1.0098336942440602,3,0.0,1.0,0.0,1.0
0.4026276993963656,-0.34709904365501554,0.2972694161766914,2,1,0,0.3968060119508579,0,0.0,0.0,1.0,0.0
-0.9641644391104125,-0.002029061573605259,1.9303940959546526,2,1,0,0.7147842369280472,2,0.0,0.0,1.0,1.0
0.10974366971634174,0.34304092050780505,-1.2251371051984103,1,1,1,-0.913501266636452,3,1.0,0.0,0.0,1.0
0.7931397389697308,0.34304092050780505,0.8118657232806921,2,1,0,0.4231452852293734,4,0.0,0.0,1.0,0.0
2.745699936836557,-1.3823089898992464,-1.2251371051984103,2,1,1,1.3470002333800746,3,0.0,0.0,1.0,0.0
0.5002557092897069,1.0331808846706256,0.4714042978683784,2,0,0,0.8413651929409085,2,0.0,1.0,0.0,0.0
-0.3783963797503647,1.7233208488334462,-1.2251371051984103,2,1,0,1.3932331366285728,1,1.0,0.0,0.0,0.0
-0.9641644391104125,0.6881109025892154,-1.2251371051984103,1,1,1,0.519375560422884,2,1.0,0.0,0.0,1.0
-0.18314035996368214,-1.0372390078178362,-1.2251371051984103,2,1,1,-0.011953301445899263,3,1.0,0.0,0.0,1.0
-0.5736523995370473,0.6881109025892154,0.7569916548871048,1,1,0,-0.0449818504374921,3,0.0,0.0,1.0,0.0
-1.9404445380438253,-1.0372390078178362,-1.2251371051984103,2,1,1,-0.16258617050488947,1,1.0,0.0,0.0,1.0
-0.3783963797503647,1.0331808846706256,0.6024559463284267,1,1,1,-0.4534465426478957,1,1.0,0.0,0.0,1.0
-0.18314035996368214,-0.34709904365501554,-1.2251371051984103,2,1,0,0.7485381143926,2,1.0,0.0,0.0,0.0
-0.18314035996368214,-1.0372390078178362,-1.2251371051984103,1,0,1,-1.6064864937541603,4,1.0,0.0,0.0,1.0
3.429096006089946,-0.6921690257364259,0.5041858119320581,2,1,1,-1.460641349490773,3,0.0,1.0,0.0,0.0
0.4026276993963656,0.34304092050780505,0.3688045899227552,2,1,0,1.5125613299812728,2,1.0,0.0,0.0,1.0
0.20737167960968303,-0.34709904365501554,0.9100080042836373,1,0,1,0.8861945995160811,2,0.0,1.0,0.0,0.0
-0.7689084193237299,0.6881109025892154,0.9832231940216303,2,1,0,0.5139462122875968,2,0.0,1.0,0.0,1.0
-1.6475605083638016,-0.6921690257364259,-0.16129254098714815,1,0,1,0.17294176668741293,0,0.0,0.0,1.0,1.0
0.003935819113316791,0.34304092050780505,0.7455965411793939,1,1,0,1.2556065834862222,3,1.0,0.0,0.0,0.0
1.47653580822312,0.6881109025892154,0.5627217039240174,2,0,1,-0.26902307724052443,4,1.0,0.0,0.0,1.0
-0.3783963797503647,-1.7273789719806567,0.8639975844113318,1,1,1,-0.9136009818991695,1,1.0,0.0,0.0,0.0
-0.476024389643706,1.0331808846706256,0.9627642508224594,2,0,0,-0.9279143856661933,4,0.0,1.0,0.0,0.0
0.003935819113316791,-0.6921690257364259,0.32237012562920847,2,0,0,-1.0196217992924705,1,0.0,1.0,0.0,1.0
1.7694198379031438,-0.6921690257364259,2.5894634574928945,1,0,1,0.8280971462125287,1,1.0,0.0,0.0,0.0
-1.159420458897095,1.378250866752036,0.5677814339616207,1,1,1,0.3363637707767056,4,0.0,1.0,0.0,0.0
0.012115659823000443,-0.6921690257364259,-1.2251371051984103,3,1,0,0.6976561827959432,1,0.0,0.0,1.0,0.0
0.003935819113316791,-1.7273789719806567,0.6225121273357997,1,1,1,-0.6918624293653804,3,1.0,0.0,0.0,0.0
0.10974366971634174,-1.3823089898992464,1.0076142291314283,1,1,0,1.408105850787174,1,1.0,0.0,0.0,0.0
1.2812797884364373,-0.6921690257364259,-1.2251371051984103,1,1,0,1.31325088051732,3,1.0,0.0,0.0,1.0
0.3049996895030243,-1.3823089898992464,0.8515079560465302,2,0,1,0.7510661486360478,4,1.0,0.0,0.0,1.0
-0.5736523995370473,1.0331808846706256,-1.2251371051984103,2,1,0,0.24019614391579217,1,0.0,0.0,1.0,0.0
0.012115659823000443,-0.34709904365501554,0.9144004644206459,1,1,1,0.13527202038923597,1,1.0,0.0,0.0,1.0
0.3049996895030243,-1.3823089898992464,0.09065945252195738,2,1,0,-0.5050108190004252,2,1.0,0.0,0.0,0.0
-1.3546764786837777,1.378250866752036,-1.2251371051984103,2,0,1,-0.202755411250553,4,1.0,0.0,0.0,1.0
-0.5736523995370473,-0.6921690257364259,0.7723923081995369,1,1,0,1.6618780619862814,2,0.0,0.0,1.0,0.0
-0.3783963797503647,-1.7273789719806567,1.5268783852211008,2,0,1,1.1647985214790084,3,0.0,1.0,0.0,0.0
0.10974366971634174,-1.3823089898992464,0.36355139961900823,1,0,0,0.5955317436439024,1,0.0,1.0,0.0,1.0
0.10974366971634174,-0.002029061573605259,0.7866739642901804,2,1,1,-0.8630926779971969,3,0.0,1.0,0.0,1.0
1.7694198379031438,-1.3823089898992464,1.3684515490430549,4,0,0,-1.2744376272987619,3,0.0,1.0,0.0,0.0
0.003935819113316791,1.378250866752036,-1.2251371051984103,1,1,1,-1.469643566838714,0,1.0,0.0,0.0,0.0
-1.6475605083638016,-0.002029061573605259,0.8559805845816678,1,0,0,0.3744069707464208,3,1.0,0.0,0.0,1.0
0.003935819113316791,1.378250866752036,0.3262447715220146,1,1,1,-0.49775440185419595,4,1.0,0.0,0.0,1.0
-1.0617924490037538,1.0331808846706256,-1.2251371051984103,2,1,0,-0.4028333027888227,4,1.0,0.0,0.0,1.0
-0.6712804094303886,1.378250866752036,1.6246902316090028,1,0,0,-0.9246192573947211,4,0.0,0.0,1.0,0.0
0.20737167960968303,0.34304092050780505,-1.2251371051984103,1,1,1,0.7518802289135206,0,1.0,0.0,0.0,0.0
-0.476024389643706,1.7233208488334462,0.7302195703478463,2,1,1,1.4221202827891914,2,0.0,1.0,0.0,0.0
3.429096006089946,-0.6921690257364259,-1.2251371051984103,2,1,1,1.0606223494344058,0,0.0,0.0,1.0,0.0
-0.5736523995370473,0.6881109025892154,-1.2251371051984103,2,1,1,-1.6819274418446928,1,0.0,0.0,1.0,0.0
0.3049996895030243,1.0331808846706256,0.850845166615292,2,1,1,1.3780203812424856,3,1.0,0.0,0.0,1.0
-0.08551235007034085,-0.34709904365501554,-1.2251371051984103,2,1,1,1.6730219821933197,1,0.0,0.0,1.0,1.0
-0.8665364292170712,1.378250866752036,0.4621385272223497,1,1,1,0.3610110170056553,1,1.0,0.0,0.0,1.0
2.5504439170498743,0.6881109025892154,0.9305239134503412,2,0,1,1.5669092805788758,3,0.0,0.0,1.0,1.0
2.4528159071565327,-0.6921690257364259,1.2306283112176906,3,0,0,0.8038847838256922,3,0.0,1.0,0.0,0.0
-1.159420458897095,-0.34709904365501554,-1.2251371051984103,1,0,1,0.13184237222582554,2,0.0,0.0,1.0,1.0
-0.7689084193237299,-1.7273789719806567,0.6348114957697123,1,1,0,1.248033966283522,2,1.0,0.0,0.0,1.0
-1.745188518257143,-1.0372390078178362,0.16855801287160696,2,1,0,1.1799914382264396,1,0.0,1.0,0.0,0.0
0.20737167960968303,0.34304092050780505,0.47290573515309803,2,1,0,1.7121629201686566,1,0.0,1.0,0.0,1.0
0.012115659823000443,0.6881109025892154,0.5039256246758551,2,1,0,-1.2729492073301374,0,0.0,1.0,0.0,1.0
0.6955117290763895,-1.3823089898992464,-0.13320655880909277,2,1,1,0.15998034874246822,1,0.0,1.0,0.0,0.0
-0.8665364292170712,-1.0372390078178362,0.6357824774859733,1,1,0,-0.4366947265576678,0,1.0,0.0,0.0,1.0
0.4026276993963656,-1.3823089898992464,1.3856939952945388,1,0,1,-1.4753113266841633,2,1.0,0.0,0.0,1.0
-0.3783963797503647,-0.6921690257364259,0.36842871054709636,1,1,1,-1.7170242559277273,3,1.0,0.0,0.0,0.0
-1.452304488577119,-0.34709904365501554,0.3068913841365627,1,1,0,-0.9433582437903064,0,1.0,0.0,0.0,1.0
0.20737167960968303,1.7233208488334462,0.05271899802778009,1,1,1,-0.3879212593992024,4,0.0,1.0,0.0,1.0
3.3314679961966043,1.0331808846706256,0.9788094516551783,2,1,1,0.5713338251781921,3,1.0,0.0,0.0,0.0
0.003935819113316791,1.378250866752036,0.5117834078266,3,1,0,0.5817287497644003,1,1.0,0.0,0.0,1.0
1.183651778543096,-1.0372390078178362,-1.2251371051984103,1,0,0,-0.8183642048467643,2,1.0,0.0,0.0,1.0
0.10974366971634174,1.0331808846706256,1.4500392958575035,1,1,1,1.475323161085433,2,1.0,0.0,0.0,0.0
0.9883957587564134,-1.0372390078178362,0.6459886666465814,1,1,0,1.6475476039509391,3,0.0,1.0,0.0,1.0
1.183651778543096,1.0331808846706256,0.3855084197508814,1,1,0,1.2391904580448279,2,1.0,0.0,0.0,1.0
-0.18314035996368214,1.378250866752036,-1.2251371051984103,2,0,0,-1.3516170666188694,4,1.0,0.0,0.0,0.0
0.003935819113316791,-0.6921690257364259,0.9764221615719713,1,0,1,-1.6460445652107076,0,1.0,0.0,0.0,1.0
-0.3783963797503647,-1.3823089898992464,1.206448658251462,3,1,1,0.5370152426045327,4,0.0,1.0,0.0,0.0
0.6955117290763895,1.378250866752036,-1.2251371051984103,2,1,0,1.2233329469024268,1,1.0,0.0,0.0,1.0
-0.08551235007034085,-0.6921690257364259,0.3463198345073901,1,1,0,1.3215098450082523,1,0.0,1.0,0.0,1.0
-0.6712804094303886,0.34304092050780505,-1.2251371051984103,2,1,1,0.652918138372475,2,1.0,0.0,0.0,1.0
-0.9641644391104125,-0.34709904365501554,-1.2251371051984103,2,1,1,0.009391333516295966,0,1.0,0.0,0.0,0.0
-0.476024389643706,1.378250866752036,-1.2251371051984103,2,0,0,-1.633126305005997,0,1.0,0.0,0.0,1.0
0.5002557092897069,-0.6921690257364259,0.9843178686954837,1,1,0,-1.4766984651817554,4,0.0,1.0,0.0,1.0
-1.0617924490037538,1.0331808846706256,-1.2251371051984103,2,1,0,0.45561939647748034,2,0.0,0.0,1.0,1.0
-0.9641644391104125,-0.002029061573605259,0.5117014792440808,1,1,1,0.4540187315796189,1,1.0,0.0,0.0,0.0
-0.08551235007034085,1.378250866752036,0.6221314474572591,2,1,0,0.48903932352466034,1,0.0,1.0,0.0,1.0
2.940955956623239,-0.6921690257364259,0.03632544070259233,2,1,1,-1.0995370564924734,2,0.0,1.0,0.0,0.0
1.9646758576898262,1.378250866752036,0.794672402175367,1,1,1,-1.6698547601068991,4,0.0,0.0,1.0,0.0
0.8907677488630721,-1.3823089898992464,-1.2251371051984103,2,1,1,-0.22586464091423897,3,1.0,0.0,0.0,0.0
0.20737167960968303,1.378250866752036,1.1616014002274593,2,1,0,-1.013654719635723,3,0.0,1.0,0.0,0.0
0.8907677488630721,-1.3823089898992464,0.5033522846149844,3,1,1,1.464319851580446,1,1.0,0.0,0.0,1.0
0.20737167960968303,1.0331808846706256,0.8103612456774808,4,1,0,-0.11319613933977904,2,0.0,1.0,0.0,1.0
-0.476024389643706,1.378250866752036,-1.2251371051984103,1,1,1,-0.12479739237477769,0,0.0,0.0,1.0,1.0
-0.08551235007034085,-0.002029061573605259,-1.2251371051984103,2,1,1,-0.3293777847721869,3,1.0,0.0,0.0,1.0
-0.8665364292170712,-0.002029061573605259,1.2834725669760152,1,1,1,0.7094693960228959,0,0.0,1.0,0.0,0.0
-0.18314035996368214,1.0331808846706256,1.194735271202676,2,1,1,0.6221320516415731,4,1.0,0.0,0.0,1.0
0.5978837191830482,-0.6921690257364259,-1.2251371051984103,1,1,1,1.4634410346926228,1,1.0,0.0,0.0,0.0
-0.18314035996368214,-0.6921690257364259,-1.2251371051984103,2,0,0,1.4231139549534433,4,1.0,0.0,0.0,0.0
-0.5736523995370473,-0.34709904365501554,0.8714626864263308,2,0,0,-0.7884397067122219,0,0.0,1.0,0.0,1.0
0.012115659823000443,-0.002029061573605259,1.4428851064124937,2,1,0,-1.4983408537469338,4,0.0,0.0,1.0,0.0
0.003935819113316791,1.0331808846706256,0.6431466089236884,2,1,1,1.012912859791218,0,1.0,0.0,0.0,0.0
1.7694198379031438,-0.002029061573605259,-1.2251371051984103,3,0,0,-1.0691649708261524,4,0.0,0.0,1.0,0.0
0.5978837191830482,-1.0372390078178362,1.4645107318287476,2,0,1,0.2669436754950667,0,0.0,1.0,0.0,0.0
0.5002557092897069,0.6881109025892154,1.3970233421127662,1,1,1,0.20802187454842175,1,0.0,1.0,0.0,1.0
-0.6712804094303886,1.0331808846706256,-1.2251371051984103,1,1,1,-0.34750420969348744,2,1.0,0.0,0.0,1.0
0.003935819113316791,1.378250866752036,0.9418468595980595,1,0,1,1.4972833159153967,1,1.0,0.0,0.0,0.0
-0.18314035996368214,-0.34709904365501554,-1.2251371051984103,2,1,1,1.1218374274004042,0,0.0,0.0,1.0,1.0
1.2812797884364373,1.0331808846706256,0.27246729800343333,1,0,1,-1.377407470894574,0,1.0,0.0,0.0,1.0
0.20737167960968303,-1.0372390078178362,0.7627053734339961,1,1,1,0.18803444610268885,0,0.0,1.0,0.0,1.0
0.20737167960968303,0.6881109025892154,1.8190046672321298,1,1,1,-0.7453390460704427,4,1.0,0.0,0.0,0.0
-0.08551235007034085,1.7233208488334462,-1.2251371051984103,2,1,0,1.5548548712714232,3,0.0,0.0,1.0,0.0
-1.159420458897095,-1.0372390078178362,0.8594694300595257,2,1,0,0.820581086532313,1,0.0,1.0,0.0,1.0
0.10974366971634174,0.34304092050780505,-1.2251371051984103,2,1,1,0.6782860144494397,2,1.0,0.0,0.0,0.0
0.012115659823000443,-1.3823089898992464,1.0611340756620102,2,1,0,-0.9748099690550545,0,0.0,0.0,1.0,0.0
-0.7689084193237299,-1.3823089898992464,1.3441898074775445,2,0,0,-1.275689201765539,2,1.0,0.0,0.0,0.0
-1.2570484687904364,0.6881109025892154,0.7544216256608572,2,1,1,1.205546041139174,4,0.0,0.0,1.0,0.0
-0.6712804094303886,0.6881109025892154,0.4863586644295495,1,1,1,0.5988917825488711,1,0.0,0.0,1.0,1.0
1.2812797884364373,-0.34709904365501554,-1.2251371051984103,1,1,0,-0.1638426176197579,2,1.0,0.0,0.0,0.0
1.3789077983297786,-1.3823089898992464,0.5916568950618946,1,0,1,-1.2531810480484953,3,1.0,0.0,0.0,0.0
-0.08551235007034085,-1.3823089898992464,-1.2251371051984103,2,1,1,-0.012496079638596284,3,1.0,0.0,0.0,0.0
-0.6712804094303886,1.378250866752036,0.384727857982272,1,1,0,1.1366065977870734,3,1.0,0.0,0.0,1.0
0.012115659823000443,-0.6921690257364259,-0.06265308790239307,1,1,0,-1.0198040015264411,1,1.0,0.0,0.0,1.0
-0.08551235007034085,-0.34709904365501554,0.6890560582187096,2,1,1,0.1756344268270744,2,1.0,0.0,0.0,0.0
0.7931397389697308,-1.3823089898992464,-1.2251371051984103,2,1,0,0.8459199007438786,3,1.0,0.0,0.0,1.0
-0.18314035996368214,-1.0372390078178362,0.22194120508681497,1,1,1,1.53116892890155,0,0.0,1.0,0.0,1.0
-0.5736523995370473,-0.6921690257364259,1.266906671597365,2,1,1,-0.7418314355375778,1,0.0,1.0,0.0,1.0
-0.18314035996368214,-1.3823089898992464,-1.2251371051984103,1,1,1,0.4604337468144373,4,1.0,0.0,0.0,1.0
0.5978837191830482,-1.0372390078178362,0.7320472818117776,1,1,1,-1.4077955666903366,4,0.0,0.0,1.0,0.0
1.47653580822312,-0.34709904365501554,0.7823703134564883,1,1,0,-0.28998990795252855,0,0.0,1.0,0.0,0.0
-0.7689084193237299,1.0331808846706256,0.7274181568826873,2,1,0,-1.1581395249660182,3,0.0,1.0,0.0,0.0
-0.6712804094303886,1.7233208488334462,0.24768710212666958,1,1,1,-0.9881665935648005,2,0.0,1.0,0.0,0.0
0.7931397389697308,0.34304092050780505,-1.2251371051984103,1,1,0,-0.8646096377617822,2,1.0,0.0,0.0,1.0
-0.3783963797503647,1.378250866752036,0.5786848161574544,2,1,0,1.4508897893030444,0,1.0,0.0,0.0,0.0
0.3049996895030243,0.6881109025892154,1.0002241749781509,1,1,1,-0.23379191728869778,0,0.0,0.0,1.0,1.0
0.6955117290763895,1.7233208488334462,-1.2251371051984103,2,1,1,0.5069195056942244,2,0.0,0.0,1.0,0.0
-1.2570484687904364,-0.34709904365501554,1.173188694067212,1,0,0,-0.8764390351413229,0,1.0,0.0,0.0,1.0
-1.0617924490037538,-1.0372390078178362,0.6160575311774567,1,1,0,1.3691566863188431,0,1.0,0.0,0.0,1.0
3.7219800357699695,-0.6921690257364259,-0.7848165789357939,2,0,1,-1.6990422702176928,4,0.0,1.0,0.0,1.0
-1.745188518257143,0.34304092050780505,0.34233109666275563,1,1,1,1.1239587695514073,3,0.0,1.0,0.0,0.0
0.5978837191830482,0.34304092050780505,1.048445706477895,4,1,0,1.5301214835851522,3,0.0,1.0,0.0,1.0
0.5978837191830482,1.378250866752036,-1.2251371051984103,2,1,1,-0.06120341800154247,2,1.0,0.0,0.0,1.0
-0.6712804094303886,-1.3823089898992464,0.4758706857497697,2,0,1,-0.7190337073054174,1,0.0,1.0,0.0,0.0
-1.452304488577119,-1.3823089898992464,-1.2251371051984103,1,1,1,1.2055242882459112,0,1.0,0.0,0.0,1.0
-1.159420458897095,1.0331808846706256,-1.2251371051984103,1,1,0,-1.3976347032356375,1,1.0,0.0,0.0,0.0
-0.3783963797503647,0.34304092050780505,0.5357982435272137,2,1,0,-1.2888293414815322,0,0.0,0.0,1.0,1.0
-0.18314035996368214,1.378250866752036,0.5784465511977457,1,1,0,0.2735248828344138,4,0.0,0.0,1.0,0.0
-0.8665364292170712,0.6881109025892154,-1.2251371051984103,2,1,1,0.9739607369294031,1,1.0,0.0,0.0,1.0
-0.476024389643706,-0.34709904365501554,-1.2251371051984103,2,1,0,0.6944769539397759,0,0.0,0.0,1.0,0.0
-0.2807683698570234,-1.3823089898992464,1.2579522935716132,2,1,1,-0.8827525948819627,3,1.0,0.0,0.0,1.0
-1.6475605083638016,-0.002029061573605259,0.20689482888707264,1,0,0,-0.9996777026101176,0,1.0,0.0,0.0,0.0
0.6955117290763895,0.6881109025892154,-0.12422625806777889,1,1,1,-1.0558922254728282,3,0.0,0.0,1.0,1.0
0.9883957587564134,-0.34709904365501554,1.3372734029419555,1,0,1,-0.20861129011694027,2,0.0,1.0,0.0,1.0
-1.0617924490037538,-0.6921690257364259,0.5209346064705122,2,0,1,-0.8608597870095411,4,1.0,0.0,0.0,0.0
0.003935819113316791,-0.6921690257364259,-0.664812807808327,1,1,0,-0.8129047507072011,3,0.0,1.0,0.0,1.0
0.5002557092897069,-1.0372390078178362,0.7150667830008867,1,0,1,-0.3600213465464296,0,0.0,0.0,1.0,1.0
0.20737167960968303,0.34304092050780505,-1.2251371051984103,2,0,1,0.5878251286187028,3,1.0,0.0,0.0,1.0
0.20737167960968303,-1.0372390078178362,1.208752739618048,2,1,0,1.4182891632277201,0,0.0,1.0,0.0,1.0
0.20737167960968303,-0.002029061573605259,-1.2251371051984103,2,1,1,-1.3509305453074905,4,1.0,0.0,0.0,1.0
0.10974366971634174,-0.002029061573605259,-1.2251371051984103,2,0,0,0.006058616245265115,1,1.0,0.0,0.0,1.0
0.5002557092897069,-1.0372390078178362,-1.2251371051984103,2,1,1,-1.281605118617332,3,1.0,0.0,0.0,0.0
-1.0617924490037538,-0.002029061573605259,-1.2251371051984103,2,0,1,-0.23805583241452907,4,0.0,0.0,1.0,0.0
-0.5736523995370473,1.0331808846706256,0.7355191655127856,1,1,0,1.6685473250375569,2,0.0,0.0,1.0,0.0
-0.476024389643706,-0.34709904365501554,-1.2251371051984103,2,1,0,-1.523495551469922,0,1.0,0.0,0.0,0.0
0.6955117290763895,0.6881109025892154,0.9820283488543065,1,1,1,-0.5638865038133525,3,0.0,0.0,1.0,0.0
-0.476024389643706,0.6881109025892154,-1.2251371051984103,1,0,0,-0.44873068941163347,0,1.0,0.0,0.0,1.0
-0.08551235007034085,1.7233208488334462,0.11464612527233023,1,1,0,-0.9564557478355041,2,0.0,1.0,0.0,0.0
0.5002557092897069,-1.0372390078178362,-0.2845304109062029,1,1,0,-1.453173494222028,3,1.0,0.0,0.0,0.0
-0.2807683698570234,1.0331808846706256,1.4357472386772825,1,1,1,-1.3412604271248036,1,0.0,1.0,0.0,0.0
-1.159420458897095,0.6881109025892154,-1.2251371051984103,2,1,0,0.7614401904447239,4,1.0,0.0,0.0,0.0
1.8670478477964851,-0.34709904365501554,-1.2251371051984103,2,1,1,1.5843030680550803,0,0.0,0.0,1.0,1.0
0.6955117290763895,-0.6921690257364259,-0.18072001613374514,1,0,1,1.5594060986114715,1,0.0,0.0,1.0,1.0
-1.6475605083638016,1.378250866752036,-1.2251371051984103,2,1,0,0.9865960354985497,1,1.0,0.0,0.0,1.0
-0.18314035996368214,-1.3823089898992464,0.9455043627438376,1,1,0,1.723675943468581,1,0.0,1.0,0.0,1.0
-0.7689084193237299,-0.34709904365501554,-1.2251371051984103,2,1,1,-0.19650919846745538,0,1.0,0.0,0.0,0.0
-1.0617924490037538,-0.6921690257364259,-1.2251371051984103,2,1,0,-0.8176548865032459,1,1.0,0.0,0.0,0.0
0.10974366971634174,-1.7273789719806567,1.2085968832911467,2,1,1,-0.29358748845192917,1,0.0,1.0,0.0,1.0
-0.3783963797503647,0.6881109025892154,0.5359052947414819,2,1,1,-0.13038631973504206,0,0.0,1.0,0.0,1.0
0.3049996895030243,-1.7273789719806567,0.022881152331328522,2,1,1,-0.04303853396495286,4,0.0,1.0,0.0,1.0
0.4026276993963656,-0.34709904365501554,0.062070697675396115,2,0,1,-1.528656033844479,0,0.0,1.0,0.0,1.0
-1.0617924490037538,0.34304092050780505,-1.2251371051984103,2,1,0,-1.4916263446776712,1,0.0,0.0,1.0,1.0
1.47653580822312,1.0331808846706256,0.910070890871391,1,1,0,-0.758596999456348,2,1.0,0.0,0.0,1.0
0.7931397389697308,-0.6921690257364259,-1.2251371051984103,2,1,0,0.8774748217342663,3,0.0,0.0,1.0,0.0
-0.2807683698570234,-0.34709904365501554,1.0739912625308083,2,1,1,-0.6412464051359696,0,0.0,0.0,1.0,0.0
-0.2807683698570234,-1.0372390078178362,0.5970894641566649,2,1,0,1.2972099489789255,0,0.0,1.0,0.0,1.0
1.2812797884364373,0.6881109025892154,-1.2251371051984103,1,0,1,-0.46628370806652264,1,0.0,0.0,1.0,1.0
-0.6712804094303886,-0.34709904365501554,0.5257843945154105,2,1,1,0.4548604815373224,4,0.0,1.0,0.0,0.0
-0.7689084193237299,0.6881109025892154,1.0960114892839607,1,1,1,1.3141183859006467,0,1.0,0.0,0.0,1.0
-0.08551235007034085,-1.0372390078178362,-0.2286008719456317,1,1,1,-0.7152132031558582,3,0.0,0.0,1.0,1.0
1.2812797884364373,-0.34709904365501554,0.555601918082995,1,0,1,-1.1736658700613845,2,0.0,0.0,1.0,1.0
-0.08551235007034085,1.0331808846706256,-1.2251371051984103,1,1,0,-0.9141604663138927,1,1.0,0.0,0.0,1.0
0.003935819113316791,-0.34709904365501554,-1.2251371051984103,1,1,1,-0.00529778622316559,0,1.0,0.0,0.0,1.0
-1.2570484687904364,1.0331808846706256,-0.5416595867567577,2,1,1,-1.2445759515199626,4,0.0,1.0,0.0,0.0
0.20737167960968303,1.7233208488334462,0.3115393910436553,1,1,1,-0.4272957364366104,4,0.0,0.0,1.0,1.0
-0.6712804094303886,-1.3823089898992464,-1.2251371051984103,2,1,0,-1.717189925962818,3,1.0,0.0,0.0,0.0
0.8907677488630721,0.6881109025892154,0.9868104498085686,1,1,0,-0.744553679612077,2,0.0,1.0,0.0,0.0
-0.3783963797503647,-1.0372390078178362,0.9807413340316482,1,1,1,1.2510468290120145,2,0.0,1.0,0.0,0.0
0.10974366971634174,0.6881109025892154,-1.2251371051984103,2,0,0,0.796633587373846,1,1.0,0.0,0.0,1.0
0.3049996895030243,-1.3823089898992464,1.618817616416718,1,1,0,0.0806440665495522,0,0.0,1.0,0.0,1.0
-0.18314035996368214,-0.6921690257364259,-1.2251371051984103,2,1,1,-0.3735206700359807,0,0.0,0.0,1.0,1.0
-0.476024389643706,0.34304092050780505,0.986136619220702,2,0,1,0.8027978352551289,4,0.0,0.0,1.0,0.0
-0.3783963797503647,-1.7273789719806567,-1.2251371051984103,2,0,0,-0.41316836341277136,2,0.0,0.0,1.0,0.0
0.10974366971634174,-0.34709904365501554,-1.2251371051984103,1,1,0,-0.25971057662308084,0,1.0,0.0,0.0,1.0
-0.5736523995370473,-1.3823089898992464,0.8955314477759856,2,0,1,0.12268945083335896,0,0.0,1.0,0.0,1.0
-1.2570484687904364,1.378250866752036,0.8357768681190554,1,1,0,-1.4116319069461911,3,0.0,1.0,0.0,1.0
-0.9641644391104125,-1.3823089898992464,-1.2251371051984103,1,1,1,-0.30146569029918663,3,0.0,0.0,1.0,0.0
-0.7689084193237299,-1.0372390078178362,1.195759058450639,1,1,1,1.2539688516582406,4,1.0,0.0,0.0,0.0
0.6955117290763895,1.7233208488334462,0.877719341849174,1,1,0,-0.7906223050106536,0,0.0,0.0,1.0,0.0
0.20737167960968303,-1.3823089898992464,-1.2251371051984103,2,0,1,0.5380995808279044,2,1.0,0.0,0.0,0.0
-1.159420458897095,-1.0372390078178362,-1.2251371051984103,2,1,1,0.9278761014013849,0,0.0,0.0,1.0,1.0
-1.3546764786837777,0.6881109025892154,1.0847346279639092,1,1,0,0.2825044771733613,4,0.0,1.0,0.0,0.0
-1.8428165281504842,1.7233208488334462,0.76334096001557,1,0,0,0.003259105893896041,2,1.0,0.0,0.0,0.0
-0.3783963797503647,-1.3823089898992464,0.16530103168294838,1,0,0,-0.7135768635130457,0,1.0,0.0,0.0,1.0
0.9883957587564134,1.0331808846706256,-1.2251371051984103,1,0,0,-1.2966788295096827,4,0.0,0.0,1.0,1.0
0.012115659823000443,-0.002029061573605259,-1.2251371051984103,2,1,1,-1.4404891211256803,0,1.0,0.0,0.0,0.0
-0.2807683698570234,0.6881109025892154,1.0927386664357919,1,0,0,0.5304646633388997,4,1.0,0.0,0.0,1.0
-1.2570484687904364,-0.34709904365501554,-1.2251371051984103,2,1,0,0.8217548726527821,1,1.0,0.0,0.0,1.0
0.3049996895030243,1.0331808846706256,-1.2251371051984103,2,1,1,0.08572710862409318,3,1.0,0.0,0.0,0.0
1.2812797884364373,1.0331808846706256,1.0717812710207086,3,1,0,0.7235809329404396,0,0.0,0.0,1.0,0.0
0.003935819113316791,-0.002029061573605259,-0.008984585799232666,1,1,1,1.0143694335241051,0,0.0,0.0,1.0,0.0
0.7931397389697308,-1.7273789719806567,-1.2251371051984103,1,1,1,-1.6501161847600945,4,0.0,0.0,1.0,1.0
0.012115659823000443,-0.002029061573605259,0.6069239343774452,1,1,0,-0.012008466783214084,4,0.0,1.0,0.0,0.0
-0.7689084193237299,-0.34709904365501554,0.01888137333006544,2,1,0,-0.4358209563410816,1,0.0,1.0,0.0,1.0
0.5002557092897069,-0.34709904365501554,-1.2251371051984103,2,0,0,0.5919440824638298,1,1.0,0.0,0.0,0.0
3.526724015983287,-0.6921690257364259,-1.2251371051984103,2,1,1,-1.7246156676302062,2,1.0,0.0,0.0,0.0
-0.9641644391104125,1.0331808846706256,-1.2251371051984103,2,0,0,0.817256200302857,4,1.0,0.0,0.0,0.0
-0.3783963797503647,0.6881109025892154,-1.2251371051984103,2,0,1,1.612201066653246,2,1.0,0.0,0.0,0.0
0.20737167960968303,0.6881109025892154,-1.2251371051984103,2,1,1,-1.6814617559057194,0,1.0,0.0,0.0,0.0
-1.0617924490037538,1.378250866752036,0.5537324422439905,1,1,0,0.8518690560165777,4,1.0,0.0,0.0,1.0
-0.08551235007034085,-1.3823089898992464,-1.2251371051984103,2,1,1,-0.35453526686551257,4,1.0,0.0,0.0,1.0
-0.08551235007034085,-1.3823089898992464,0.1702471498190118,1,1,1,-0.39177169552989133,2,0.0,0.0,1.0,1.0
-0.8665364292170712,-0.002029061573605259,0.6196430267800049,2,1,1,0.8563398846631262,2,0.0,1.0,0.0,1.0
-1.159420458897095,-0.34709904365501554,0.6164082879213664,2,0,1,-1.2785845988704114,1,0.0,1.0,0.0,1.0
-0.9641644391104125,-0.6921690257364259,0.09251836725462147,1,0,1,0.2715779118758065,4,1.0,0.0,0.0,0.0
-0.5736523995370473,1.0331808846706256,0.5571223973624798,1,1,1,-0.9620157873535152,3,0.0,0.0,1.0,0.0
-0.8665364292170712,0.34304092050780505,1.065325394728264,2,1,0,-1.6954043163483963,2,0.0,1.0,0.0,1.0
-1.5499324984704603,-0.002029061573605259,1.4135781963347884,1,0,0,0.7095402234433603,3,0.0,0.0,1.0,1.0
-0.6712804094303886,-1.3823089898992464,1.1721466649082977,1,1,0,-1.1929194428999983,1,0.0,1.0,0.0,1.0
-0.7689084193237299,-1.0372390078178362,1.137898597214174,1,1,1,-1.456935178548204,0,1.0,0.0,0.0,0.0
-1.452304488577119,-1.0372390078178362,0.5267830591316243,2,0,1,0.47301649039346055,1,0.0,1.0,0.0,0.0
-0.18314035996368214,-0.002029061573605259,1.1949960985259303,1,0,1,-0.8830261592676376,2,0.0,1.0,0.0,0.0
-0.18314035996368214,1.7233208488334462,1.1835280171744131,1,1,1,-0.0983411755420805,3,1.0,0.0,0.0,1.0
0.012115659823000443,0.6881109025892154,1.424907063102728,2,0,0,0.5476939989420363,1,0.0,1.0,0.0,0.0
-0.3783963797503647,0.6881109025892154,0.8289940775803477,2,1,0,1.7032797346526507,0,0.0,1.0,0.0,0.0
-1.159420458897095,-0.6921690257364259,-1.2251371051984103,2,0,0,1.0340564980196632,0,1.0,0.0,0.0,0.0
-1.0617924490037538,-0.6921690257364259,0.3171313368341071,2,1,0,1.4102793998820082,1,0.0,0.0,1.0,0.0
-1.2570484687904364,-1.3823089898992464,-1.2251371051984103,2,1,1,1.7273368683931631,0,1.0,0.0,0.0,0.0
0.10974366971634174,0.34304092050780505,0.6141062867726959,2,1,1,1.644797864219356,4,0.0,1.0,0.0,0.0
-1.0617924490037538,0.34304092050780505,1.4279104177224555,1,1,0,0.8128859570347563,2,1.0,0.0,0.0,1.0
-0.5736523995370473,1.0331808846706256,0.6171413247114442,1,0,0,0.5072073399778797,4,0.0,1.0,0.0,1.0
0.5002557092897069,-1.7273789719806567,0.8850530701019698,2,1,1,1.003368560343164,0,0.0,1.0,0.0,0.0
-0.3783963797503647,0.34304092050780505,0.3178059675057876,1,1,0,-1.5643130284348212,0,1.0,0.0,0.0,1.0
-0.3783963797503647,-1.7273789719806567,1.262652305926594,1,1,1,-0.8120137521991506,3,1.0,0.0,0.0,0.0
-0.476024389643706,0.34304092050780505,-1.2251371051984103,2,0,0,-1.1110090103299173,0,1.0,0.0,0.0,0.0
-0.476024389643706,1.0331808846706256,0.732820002759013,1,0,0,0.28045605072057556,0,1.0,0.0,0.0,1.0
-0.2807683698570234,-0.002029061573605259,-1.2251371051984103,2,1,0,1.1115523114193873,0,1.0,0.0,0.0,1.0
0.10974366971634174,1.7233208488334462,-1.2251371051984103,2,1,1,1.643002815467297,2,0.0,0.0,1.0,1.0
0.9883957587564134,1.378250866752036,0.622872805118999,2,1,1,0.6661132694026368,1,0.0,1.0,0.0,0.0
-0.6712804094303886,1.378250866752036,-1.2251371051984103,1,1,1,-0.22296819967049003,4,1.0,0.0,0.0,1.0
0.012115659823000443,0.6881109025892154,-1.2251371051984103,2,1,0,-1.7050486791054598,1,1.0,0.0,0.0,0.0
0.4026276993963656,-1.3823089898992464,-1.2251371051984103,1,0,1,-0.23919881643813762,0,1.0,0.0,0.0,0.0
0.4026276993963656,-0.002029061573605259,-1.2251371051984103,2,1,0,0.16535992625796994,4,1.0,0.0,0.0,0.0
0.012115659823000443,1.0331808846706256,0.8273023803647391,1,1,0,-0.6714991109240637,2,0.0,1.0,0.0,0.0
-0.2807683698570234,-1.7273789719806567,-1.2251371051984103,1,1,1,1.3775881077475642,0,0.0,0.0,1.0,1.0
-0.6712804094303886,1.0331808846706256,-1.2251371051984103,2,1,0,-1.45577322600167,4,0.0,0.0,1.0,0.0
0.003935819113316791,1.378250866752036,-1.2251371051984103,4,1,1,1.3221293674083814,2,1.0,0.0,0.0,0.0
0.20737167960968303,0.6881109025892154,0.5987373167792849,1,1,1,0.28408791377975834,3,1.0,0.0,0.0,1.0
3.0385839665165806,-1.3823089898992464,-1.2251371051984103,2,0,0,-0.015250343971978565,0,0.0,0.0,1.0,1.0
-0.08551235007034085,-0.002029061573605259,0.672508244734248,1,1,1,-1.6479184464479517,3,1.0,0.0,0.0,0.0
-1.159420458897095,0.6881109025892154,1.1655176504785758,1,0,0,1.1684376935103276,0,0.0,0.0,1.0,1.0
-0.08551235007034085,1.7233208488334462,-1.2251371051984103,2,0,1,0.23002570918805737,1,1.0,0.0,0.0,0.0
-1.3546764786837777,-0.34709904365501554,-1.2251371051984103,2,1,1,-0.4612636623708711,4,0.0,0.0,1.0,1.0
0.003935819113316791,-0.6921690257364259,0.3240565422916469,2,1,1,0.3503346969921974,4,0.0,1.0,0.0,1.0
0.7931397389697308,1.0331808846706256,-0.2315176574967207,3,0,0,-1.5848536764620176,1,1.0,0.0,0.0,0.0
-0.8665364292170712,-1.0372390078178362,1.097151768735193,1,0,0,-1.615367242946121,4,0.0,0.0,1.0,1.0
0.3049996895030243,-0.34709904365501554,0.06108147404818358,1,1,0,0.3278061825670594,0,0.0,1.0,0.0,0.0
0.003935819113316791,-1.3823089898992464,0.6144015176999373,1,1,0,1.5485077250635857,4,1.0,0.0,0.0,0.0
0.9883957587564134,-0.34709904365501554,-1.2251371051984103,2,0,1,-0.18111076038447527,3,1.0,0.0,0.0,0.0
-0.9641644391104125,1.0331808846706256,0.8113922336797665,1,0,1,-0.36343898711275885,3,0.0,1.0,0.0,1.0
0.003935819113316791,-1.3823089898992464,0.6581161770773191,1,1,1,-1.3442223010714878,3,0.0,1.0,0.0,1.0
-0.18314035996368214,1.378250866752036,2.172243271131876,1,0,1,0.8428812825897632,0,1.0,0.0,0.0,1.0
1.2812797884364373,-0.002029061573605259,0.6390151361266965,3,0,0,-0.8107117110200032,0,0.0,1.0,0.0,1.0
-0.3783963797503647,1.378250866752036,-1.2251371051984103,2,0,0,1.2289049940175185,3,0.0,0.0,1.0,0.0
-0.2807683698570234,1.378250866752036,0.978113058703766,1,1,1,-0.9309443026630037,3,1.0,0.0,0.0,1.0
0.10974366971634174,0.6881109025892154,1.139185452020069,1,1,1,0.17532710195105555,1,1.0,0.0,0.0,1.0
-1.159420458897095,1.7233208488334462,0.4919022851576562,2,0,0,-0.9735510856161407,2,1.0,0.0,0.0,1.0
0.4026276993963656,0.34304092050780505,0.15186346401571932,2,1,1,0.224436433781501,1,0.0,0.0,1.0,0.0
-0.5736523995370473,0.6881109025892154,0.8204778254509583,1,0,1,-0.7024680959815203,0,1.0,0.0,0.0,0.0
-0.6712804094303886,1.378250866752036,-1.2251371051984103,2,1,0,1.3029678528140565,4,1.0,0.0,0.0,1.0
0.10974366971634174,-0.34709904365501554,-1.2251371051984103,2,1,0,-1.3048225906778945,0,0.0,0.0,1.0,1.0
-0.9641644391104125,-0.6921690257364259,0.8683657220004051,1,1,0,-0.6844504355265345,1,0.0,1.0,0.0,0.0
-0.18314035996368214,1.7233208488334462,0.7195813359278604,2,1,1,-0.46837720651414916,4,0.0,1.0,0.0,0.0
-0.5736523995370473,-0.6921690257364259,0.32584328946431845,2,1,0,-0.9018881800275184,1,0.0,1.0,0.0,1.0
-0.18314035996368214,0.6881109025892154,1.0672446357804783,2,1,0,1.6069723672054164,2,0.0,1.0,0.0,0.0
-1.2570484687904364,1.0331808846706256,-1.2251371051984103,2,0,0,1.6792596678422584,2,1.0,0.0,0.0,1.0
-0.5736523995370473,-0.34709904365501554,0.5949474797707268,1,1,0,0.42192868941496287,1,1.0,0.0,0.0,0.0
1.5741638181164612,0.34304092050780505,-1.2251371051984103,1,0,1,-0.4666862236034602,0,0.0,0.0,1.0,1.0
0.5978837191830482,-1.0372390078178362,0.47707081147026387,1,0,1,1.0073345478428657,2,1.0,0.0,0.0,1.0
0.8907677488630721,1.0331808846706256,0.8253204127415337,1,1,0,1.3116824099014879,0,0.0,1.0,0.0,1.0
-0.7689084193237299,-0.6921690257364259,0.5176721847119208,1,1,1,1.4477483234695818,0,0.0,1.0,0.0,0.0
0.003935819113316791,-0.34709904365501554,-1.2251371051984103,2,1,1,-0.3972835306364319,1,0.0,0.0,1.0,1.0
-0.08551235007034085,-0.6921690257364259,1.1090970200731785,1,1,0,-0.7668876361598712,0,0.0,0.0,1.0,1.0
0.003935819113316791,-0.6921690257364259,-1.2251371051984103,2,1,1,0.8979390736003228,1,1.0,0.0,0.0,0.0
0.10974366971634174,-0.002029061573605259,0.27101674604926285,2,0,0,0.39745633644784706,4,0.0,0.0,1.0,0.0
0.003935819113316791,0.34304092050780505,-1.2251371051984103,2,1,1,1.2117094189047264,4,0.0,0.0,1.0,0.0
-0.5736523995370473,-1.0372390078178362,-1.2251371051984103,2,1,0,-1.7118404544515924,2,1.0,0.0,0.0,1.0
-0.7689084193237299,1.378250866752036,-1.2251371051984103,2,1,0,0.20911404381336807,1,0.0,0.0,1.0,0.0
-0.5736523995370473,-1.7273789719806567,0.1035788859114586,1,0,1,0.9503586737159515,4,1.0,0.0,0.0,0.0
0.003935819113316791,-1.0372390078178362,0.8116529009862578,2,1,1,1.1581222975018883,0,1.0,0.0,0.0,0.0
-0.476024389643706,-1.7273789719806567,1.7469302369956574,1,1,1,0.028840682394276458,3,1.0,0.0,0.0,0.0
0.3049996895030243,0.34304092050780505,0.18819991048026538,2,1,0,-0.4373337395501603,0,0.0,1.0,0.0,0.0
-1.3546764786837777,1.7233208488334462,0.5568591697877848,2,1,0,1.6860201190220925,0,0.0,1.0,0.0,1.0
-0.08551235007034085,-0.002029061573605259,0.9624986229963233,1,0,1,1.2101811476356445,4,1.0,0.0,0.0,1.0
2.940955956623239,0.6881109025892154,-0.07307898007823282,1,1,1,0.6732330783791748,4,1.0,0.0,0.0,1.0
-1.2570484687904364,-0.002029061573605259,-1.2251371051984103,2,1,0,1.4310419274204866,2,1.0,0.0,0.0,0.0
-1.3546764786837777,0.6881109025892154,-1.2251371051984103,2,1,0,0.02965789508837898,2,1.0,0.0,0.0,1.0
-0.8665364292170712,-1.0372390078178362,0.5316360475117774,2,1,1,0.6844901136311805,2,0.0,1.0,0.0,1.0
-0.476024389643706,-0.002029061573605259,-1.2251371051984103,2,1,0,1.4823702283868998,1,1.0,0.0,0.0,0.0
-0.5736523995370473,-0.34709904365501554,-1.2251371051984103,1,1,0,-0.36675639034693225,1,1.0,0.0,0.0,0.0
0.20737167960968303,0.6881109025892154,1.0103980407526867,1,1,0,-0.6446224541703802,4,0.0,1.0,0.0,1.0
-0.8665364292170712,0.34304092050780505,0.7373334355686475,2,1,0,-0.6049309069607713,2,0.0,1.0,0.0,1.0
0.4026276993963656,-0.002029061573605259,0.15731395498791556,1,1,1,0.5154844028760069,3,1.0,0.0,0.0,1.0
0.9883957587564134,-1.3823089898992464,0.41161995509357996,3,1,0,-0.5389524674396241,0,0.0,1.0,0.0,0.0
1.47653580822312,-0.6921690257364259,0.9252979259962583,1,0,0,-0.877507189212107,0,0.0,1.0,0.0,1.0
-0.6712804094303886,-0.6921690257364259,0.49654901193064693,2,1,1,0.03545390999250656,2,0.0,0.0,1.0,1.0
3.1362119764099217,-1.7273789719806567,0.18435662787295495,2,1,1,0.9389930480207773,4,1.0,0.0,0.0,0.0
2.4528159071565327,-0.34709904365501554,0.6463280622003372,1,1,1,-0.16062423355571726,2,0.0,0.0,1.0,0.0
-0.8665364292170712,-0.002029061573605259,0.557054710271844,2,1,0,-1.6997787361720036,3,0.0,1.0,0.0,1.0
-0.18314035996368214,0.34304092050780505,0.6514082743835703,2,1,0,0.06679756688352441,2,1.0,0.0,0.0,1.0
3.819608045663311,-0.002029061573605259,0.7143774307870351,1,1,1,-0.42397328653119987,4,1.0,0.0,0.0,0.0
-0.08551235007034085,0.34304092050780505,0.7114025591510741,1,1,1,-1.534838554156103,3,0.0,0.0,1.0,0.0
-0.08551235007034085,-1.3823089898992464,0.2863172288682243,2,0,1,-0.7891168307737111,3,1.0,0.0,0.0,1.0
-0.6712804094303886,1.0331808846706256,0.9774851529268036,1,0,0,1.7112524310682429,0,1.0,0.0,0.0,0.0
-0.476024389643706,1.378250866752036,0.4048154022751407,2,0,0,1.507604802733949,4,0.0,1.0,0.0,0.0
-0.476024389643706,1.378250866752036,-1.2251371051984103,2,1,0,0.2898318957632011,4,0.0,0.0,1.0,0.0
-0.08551235007034085,-1.7273789719806567,-0.6035009450164833,2,0,0,-0.11096446651414596,3,0.0,1.0,0.0,1.0
-0.18314035996368214,1.0331808846706256,-1.2251371051984103,2,1,0,-1.3819291142997845,2,1.0,0.0,0.0,0.0
0.8907677488630721,-0.002029061573605259,0.16813252829950093,1,0,1,-0.2563903890185695,0,0.0,0.0,1.0,1.0
0.10974366971634174,1.7233208488334462,-1.2251371051984103,2,1,0,0.06009106287898249,2,0.0,0.0,1.0,1.0
0.6955117290763895,-1.3823089898992464,-1.2251371051984103,1,1,1,0.2679947752975325,0,1.0,0.0,0.0,0.0
-0.476024389643706,-0.002029061573605259,1.2548663703023164,1,1,0,-1.2641305844013357,2,0.0,0.0,1.0,1.0
0.003935819113316791,-1.0372390078178362,0.6362142027118259,4,1,0,-1.1266155800956372,2,0.0,1.0,0.0,0.0
-0.2807683698570234,-0.002029061573605259,1.2714653891508523,1,0,0,0.3877836079179688,4,1.0,0.0,0.0,0.0
-0.18314035996368214,-0.6921690257364259,-1.2251371051984103,2,1,1,-0.8666549317979383,0,1.0,0.0,0.0,1.0
1.7694198379031438,-0.34709904365501554,0.5677662323691612,1,1,1,-1.029343428326404,0,0.0,1.0,0.0,0.0
-0.476024389643706,0.34304092050780505,0.6077472206217042,1,1,1,-0.045667849679432854,2,1.0,0.0,0.0,1.0
-0.6712804094303886,-1.0372390078178362,-1.2251371051984103,1,1,0,0.6278521924539997,4,1.0,0.0,0.0,0.0
1.0860237686497547,0.6881109025892154,1.326388422673836,2,0,0,-0.7973521281167733,2,0.0,0.0,1.0,1.0
-1.745188518257143,1.0331808846706256,0.9186772324381988,2,1,0,-0.8716025838648107,3,0.0,1.0,0.0,1.0
3.7219800357699695,1.378250866752036,-1.2251371051984103,3,1,1,-0.32830284379870467,2,1.0,0.0,0.0,1.0
0.003935819113316791,-0.002029061573605259,-1.2251371051984103,1,0,1,0.9853966679756032,3,0.0,0.0,1.0,0.0
0.10974366971634174,1.0331808846706256,-1.2251371051984103,2,1,1,-1.0073107058445152,2,1.0,0.0,0.0,1.0
2.4528159071565327,1.7233208488334462,0.34882537697825655,2,1,1,-1.3704204415785133,3,0.0,1.0,0.0,0.0
-0.7689084193237299,1.0331808846706256,-1.2251371051984103,2,1,0,1.5358851301841043,3,0.0,0.0,1.0,0.0
0.4026276993963656,-1.7273789719806567,0.6789798026694406,1,1,0,1.4116799381618501,3,0.0,1.0,0.0,0.0
-1.0617924490037538,1.378250866752036,-1.2251371051984103,2,1,1,1.1221906943869948,4,1.0,0.0,0.0,0.0
0.20737167960968303,-0.34709904365501554,-1.2251371051984103,2,1,0,-1.3587772489653034,3,0.0,0.0,1.0,1.0
-0.08551235007034085,-1.0372390078178362,0.7981801296312275,2,1,1,-0.3083133270752186,0,0.0,1.0,0.0,1.0
0.003935819113316791,-1.0372390078178362,-0.01957657537478889,1,1,1,-0.5170988147750757,0,1.0,0.0,0.0,0.0
-0.2807683698570234,-0.34709904365501554,0.32955311809151017,1,0,1,-0.6472700423152009,3,1.0,0.0,0.0,0.0
1.9646758576898262,-0.34709904365501554,0.8442227128728425,1,1,1,-0.11755228673304507,4,0.0,0.0,1.0,1.0
-1.5499324984704603,-1.3823089898992464,0.49964309605484364,1,0,1,0.2784246785361079,2,1.0,0.0,0.0,1.0
-1.159420458897095,0.6881109025892154,-0.5265306419074455,2,1,1,-1.6941856322562325,4,1.0,0.0,0.0,0.0
-1.3546764786837777,-0.6921690257364259,-1.2251371051984103,2,0,1,1.2802686216825905,2,1.0,0.0,0.0,1.0
0.3049996895030243,-0.6921690257364259,0.1108759703255887,2,1,0,-1.0870427166716707,2,0.0,0.0,1.0,0.0
0.003935819113316791,0.6881109025892154,0.01941550928406679,1,1,0,1.346200248977436,3,0.0,1.0,0.0,1.0
0.6955117290763895,-0.34709904365501554,0.8160362401677907,2,1,1,0.46243118448541476,0,0.0,1.0,0.0,1.0
-0.18314035996368214,-0.002029061573605259,1.1126020272440724,2,0,0,1.047860884084334,1,1.0,0.0,0.0,1.0
-0.7689084193237299,-0.6921690257364259,0.28324346687289464,2,1,0,1.192328809169457,1,1.0,0.0,0.0,1.0
-1.452304488577119,0.6881109025892154,0.5279803045503894,1,1,0,1.4467518669349921,4,1.0,0.0,0.0,1.0
0.003935819113316791,-0.6921690257364259,0.2525850552171506,1,1,1,1.0917728406332483,0,1.0,0.0,0.0,1.0
-0.476024389643706,0.6881109025892154,0.3538401423055321,1,1,0,0.6704645441478122,1,0.0,1.0,0.0,0.0
-1.5499324984704603,-0.34709904365501554,1.3919311286723284,1,0,1,-1.3799062692494761,2,0.0,1.0,0.0,0.0
2.25755988736985,-0.002029061573605259,0.5699482209457823,1,0,1,-0.6763524424457479,3,0.0,0.0,1.0,1.0
-1.2570484687904364,1.0331808846706256,0.32157916277102133,2,1,1,0.6681820565635168,2,0.0,0.0,1.0,1.0
0.4026276993963656,1.0331808846706256,-1.2251371051984103,1,1,1,-0.12528691948476728,0,1.0,0.0,0.0,1.0
1.7694198379031438,-1.3823089898992464,0.5299222679829116,1,0,1,-1.7337257793287315,3,0.0,0.0,1.0,0.0
-1.0617924490037538,-0.002029061573605259,0.9937862205631317,1,1,1,-0.8046050648000805,3,0.0,0.0,1.0,1.0
-0.3783963797503647,-1.0372390078178362,1.5315358331171944,1,1,0,-1.3574598937492988,4,1.0,0.0,0.0,1.0
3.7219800357699695,1.0331808846706256,1.1604519998207516,1,1,1,1.5621587967365387,4,0.0,0.0,1.0,1.0
0.4026276993963656,1.378250866752036,0.2910615658664819,1,1,0,1.4553004059410408,2,0.0,1.0,0.0,1.0
0.10974366971634174,0.6881109025892154,-1.2251371051984103,2,0,1,0.5378023492943597,1,0.0,0.0,1.0,0.0
0.012115659823000443,1.0331808846706256,-1.2251371051984103,2,1,0,-0.7685808813714596,3,1.0,0.0,0.0,1.0
0.4026276993963656,-1.3823089898992464,0.4849639583255725,2,1,0,0.0032166442462467134,0,0.0,1.0,0.0,0.0
0.9883957587564134,-1.3823089898992464,0.5488788137967867,2,1,1,0.4203245440541794,3,0.0,0.0,1.0,0.0
0.5002557092897069,1.7233208488334462,0.8488172741811824,1,1,0,-1.6515985139186053,0,0.0,1.0,0.0,1.0
0.6955117290763895,-0.6921690257364259,0.8833231288800678,1,1,1,0.14132645966532756,0,0.0,0.0,1.0,1.0
1.2812797884364373,0.6881109025892154,-0.1694807587529359,2,1,0,-1.4926231492585529,3,1.0,0.0,0.0,0.0
-0.08551235007034085,-1.7273789719806567,0.4843490139063914,1,0,1,0.8457209922878822,4,1.0,0.0,0.0,0.0
-0.3783963797503647,0.34304092050780505,-1.2251371051984103,1,1,0,-1.303278483302517,3,0.0,0.0,1.0,0.0
0.012115659823000443,-0.6921690257364259,1.2930713325052905,1,0,1,-0.046033124263104214,4,1.0,0.0,0.0,0.0
0.7931397389697308,-1.7273789719806567,0.6611296127530987,1,1,1,-1.6038855438124955,1,1.0,0.0,0.0,1.0
-0.7689084193237299,-0.34709904365501554,-1.2251371051984103,2,0,1,-1.2998603206667492,0,1.0,0.0,0.0,1.0
0.5978837191830482,-1.3823089898992464,0.7444514612252798,1,1,1,-1.0326034039223633,0,0.0,1.0,0.0,0.0
0.003935819113316791,-1.7273789719806567,-1.2251371051984103,1,1,0,-1.1797042992080344,1,1.0,0.0,0.0,1.0
0.6955117290763895,-0.002029061573605259,0.2048512548102153,1,0,1,0.6749073550678377,3,0.0,0.0,1.0,0.0
-0.18314035996368214,-0.34709904365501554,0.35038153999583066,1,0,0,-0.16632906033128644,3,0.0,1.0,0.0,1.0
0.10974366971634174,0.34304092050780505,-0.23829468743196988,1,0,1,0.8749852466061077,4,0.0,0.0,1.0,0.0
2.3551878972631917,-1.3823089898992464,1.1143548508630445,1,1,1,0.45784271619210026,3,0.0,0.0,1.0,1.0
0.10974366971634174,-0.34709904365501554,0.3428749936392837,2,0,0,0.1098345350538296,4,0.0,1.0,0.0,0.0
-0.9641644391104125,-0.6921690257364259,-1.2251371051984103,2,1,1,-0.6385339063576524,3,1.0,0.0,0.0,1.0
-0.8665364292170712,0.34304092050780505,-1.2251371051984103,2,0,0,-1.0221639294107525,2,1.0,0.0,0.0,0.0
-0.8665364292170712,0.6881109025892154,-1.2251371051984103,2,1,1,-1.4192142694450727,3,1.0,0.0,0.0,0.0
-0.476024389643706,-1.0372390078178362,0.3991396077010169,1,0,0,1.6993483777590235,1,0.0,0.0,1.0,1.0
-0.3783963797503647,-0.002029061573605259,0.7248849315118683,1,1,1,-1.3382004041237174,1,0.0,1.0,0.0,1.0
-0.5736523995370473,-1.3823089898992464,-1.2251371051984103,2,1,0,-0.2599870994022395,4,1.0,0.0,0.0,1.0
-1.2570484687904364,0.34304092050780505,0.606259864812105,1,1,1,-1.5017830315768637,1,0.0,1.0,0.0,1.0
-0.2807683698570234,0.34304092050780505,1.4924509387359537,2,1,1,-1.2637764472990147,4,0.0,1.0,0.0,0.0
0.012115659823000443,-1.7273789719806567,-1.2251371051984103,2,1,1,-0.2973087994082092,1,1.0,0.0,0.0,0.0
-1.2570484687904364,1.0331808846706256,0.5343776147076741,1,1,1,0.6301849727275187,2,0.0,0.0,1.0,0.0
1.5741638181164612,-0.34709904365501554,0.5568537292178517,3,1,0,-1.452349320602081,0,0.0,1.0,0.0,1.0
0.5978837191830482,-1.3823089898992464,1.7806496093057125,2,1,1,0.8152069037343403,1,1.0,0.0,0.0,0.0
-0.6712804094303886,1.0331808846706256,-1.2251371051984103,2,1,1,-1.0263919957684864,3,0.0,0.0,1.0,1.0
0.6955117290763895,1.378250866752036,1.658784843227666,1,1,0,-1.512520259691458,4,1.0,0.0,0.0,1.0
0.10974366971634174,-0.6921690257364259,0.8294522055720511,1,1,0,1.188208637162307,3,0.0,0.0,1.0,0.0
1.6717918280098025,-1.3823089898992464,-1.2251371051984103,3,1,0,1.5201784971093748,3,0.0,0.0,1.0,1.0
-0.9641644391104125,-0.002029061573605259,1.1285918622768856,1,1,0,-1.5566584463303068,2,1.0,0.0,0.0,1.0
0.012115659823000443,1.0331808846706256,-1.2251371051984103,2,0,0,-1.0091130635687104,1,0.0,0.0,1.0,1.0
0.20737167960968303,-0.34709904365501554,0.6903131499067369,2,1,1,0.16364719045401777,1,0.0,1.0,0.0,0.0
-0.5736523995370473,1.0331808846706256,0.2358434614330195,1,0,1,0.5298141648187645,1,1.0,0.0,0.0,0.0
-0.7689084193237299,-0.34709904365501554,0.45886490429036725,1,1,1,-1.404006386707076,4,1.0,0.0,0.0,1.0
-1.2570484687904364,-1.0372390078178362,0.2765352441456204,1,1,0,-1.252343126600006,4,1.0,0.0,0.0,1.0
-0.3783963797503647,1.7233208488334462,-0.3071271780554809,1,1,1,0.022975232254853435,0,1.0,0.0,0.0,1.0
-0.3783963797503647,-1.3823089898992464,-1.2251371051984103,2,0,1,-1.6879286300380767,4,1.0,0.0,0.0,1.0
-0.2807683698570234,0.6881109025892154,-1.2251371051984103,2,1,0,0.07669304504041516,3,0.0,0.0,1.0,0.0
0.003935819113316791,1.378250866752036,-1.2251371051984103,3,1,1,1.2066733630796336,0,1.0,0.0,0.0,1.0
0.5002557092897069,0.34304092050780505,0.5050023774722824,2,1,0,0.14111188912618175,1,0.0,1.0,0.0,1.0
0.10974366971634174,-1.0372390078178362,0.6573229739844537,2,0,0,-0.14237668852472843,1,0.0,1.0,0.0,0.0
-0.7689084193237299,1.378250866752036,0.5604846695810162,1,1,0,0.8641582225481239,0,0.0,1.0,0.0,1.0
-1.159420458897095,-1.0372390078178362,1.5345671906704001,1,1,1,-1.0452571489449969,0,0.0,0.0,1.0,1.0
-1.3546764786837777,-0.6921690257364259,0.9265644586732869,1,1,1,0.22425597177899134,0,1.0,0.0,0.0,0.0
0.10974366971634174,-1.0372390078178362,1.463165950954743,2,1,1,1.1663163513593242,3,1.0,0.0,0.0,1.0
-1.452304488577119,-0.002029061573605259,1.5308624825796155,1,0,1,0.9530306251012268,0,0.0,0.0,1.0,0.0
-0.3783963797503647,-0.002029061573605259,-1.2251371051984103,2,1,1,-0.6568432296055079,2,0.0,0.0,1.0,1.0
0.5978837191830482,-0.002029061573605259,0.10612427255624525,1,1,1,-0.8996549409935704,2,1.0,0.0,0.0,1.0
0.8907677488630721,-1.0372390078178362,-1.2251371051984103,2,1,1,-1.6920345321472456,3,0.0,0.0,1.0,0.0
-1.6475605083638016,-0.002029061573605259,0.2717753855213777,2,0,1,-1.7301026174268537,0,0.0,1.0,0.0,1.0
-0.6712804094303886,0.34304092050780505,1.020675117339185,2,1,1,1.094168095216219,4,0.0,1.0,0.0,0.0
1.8670478477964851,-0.6921690257364259,0.47837430801948316,4,1,0,0.49600668822521143,0,0.0,1.0,0.0,0.0
-0.18314035996368214,-0.34709904365501554,0.8942221906233077,2,1,0,-0.23159609323116223,4,1.0,0.0,0.0,0.0
1.6717918280098025,-0.6921690257364259,1.2498384836004963,1,0,1,0.2624745870799793,1,0.0,0.0,1.0,1.0
-0.18314035996368214,0.34304092050780505,-1.2251371051984103,2,1,0,0.18104237011539107,1,1.0,0.0,0.0,0.0
-0.18314035996368214,0.6881109025892154,1.3097196365167485,4,1,1,0.30125233874939805,0,0.0,1.0,0.0,0.0
0.10974366971634174,-0.34709904365501554,-1.2251371051984103,2,0,0,1.2693617210005452,4,1.0,0.0,0.0,1.0
-0.476024389643706,-0.34709904365501554,-0.08294497360127129,2,1,1,0.933137517200682,4,1.0,0.0,0.0,0.0
-1.0617924490037538,0.34304092050780505,0.7541422363931262,1,1,1,-0.5191209637327999,0,0.0,0.0,1.0,1.0
-0.08551235007034085,-1.3823089898992464,0.08833680921089442,1,0,1,-1.5670044704124602,4,0.0,1.0,0.0,0.0
-1.3546764786837777,-0.002029061573605259,1.2996208186039337,2,1,1,-0.7300744317868163,1,0.0,1.0,0.0,0.0
-0.5736523995370473,-1.7273789719806567,0.5106845727169156,1,1,1,0.1516991092888347,0,1.0,0.0,0.0,1.0
1.0860237686497547,-1.7273789719806567,1.3239950519536452,1,0,1,0.9664498979435702,1,0.0,0.0,1.0,1.0
-0.08551235007034085,0.6881109025892154,-1.2251371051984103,2,0,0,-0.16601668878403048,4,0.0,0.0,1.0,1.0
-0.7689084193237299,1.7233208488334462,0.6728751631711936,1,1,0,1.1849256905110621,2,0.0,1.0,0.0,0.0
-0.9641644391104125,1.378250866752036,-1.2251371051984103,2,1,0,-0.8648959058371227,3,0.0,0.0,1.0,1.0
0.3049996895030243,1.7233208488334462,0.8343956034231479,1,1,0,-0.6488780161851985,0,0.0,1.0,0.0,0.0
1.183651778543096,-0.34709904365501554,0.8026793209489788,1,1,0,1.6511277821357293,4,0.0,1.0,0.0,1.0
3.429096006089946,1.0331808846706256,0.6132753197238258,2,1,1,-0.5855339390497679,0,0.0,1.0,0.0,0.0
0.3049996895030243,-0.34709904365501554,0.3349591244036668,2,0,0,-1.7119880260794882,3,0.0,1.0,0.0,0.0
-0.7689084193237299,1.0331808846706256,0.5001417082875184,1,1,0,1.7288479113707813,0,0.0,1.0,0.0,0.0
-1.452304488577119,-0.34709904365501554,0.8679848821051015,2,1,0,-0.3504545981125284,0,0.0,1.0,0.0,1.0
0.8907677488630721,-0.34709904365501554,-1.2251371051984103,1,0,1,-1.2218942967262534,4,1.0,0.0,0.0,0.0
-0.3783963797503647,1.0331808846706256,-1.2251371051984103,1,1,1,1.127371885515938,3,0.0,0.0,1.0,0.0
-0.476024389643706,-0.34709904365501554,1.1491146521643871,2,1,1,-1.3723143354775589,3,0.0,1.0,0.0,1.0
-1.159420458897095,1.378250866752036,-1.2251371051984103,2,1,0,0.5630578064189415,4,1.0,0.0,0.0,0.0
0.012115659823000443,-1.3823089898992464,-1.2251371051984103,1,1,1,-1.2563571444880326,0,1.0,0.0,0.0,1.0
0.3049996895030243,-0.002029061573605259,-1.2251371051984103,3,1,0,-0.3022963027755392,0,0.0,0.0,1.0,0.0
0.5002557092897069,-0.002029061573605259,0.768697041097754,2,1,1,-0.928959916727984,3,0.0,1.0,0.0,1.0
-0.5736523995370473,0.6881109025892154,1.5682972841035578,1,0,1,-0.9821246839552286,2,1.0,0.0,0.0,1.0
-0.18314035996368214,0.6881109025892154,0.9486501322823969,1,1,0,0.7744252755375384,2,1.0,0.0,0.0,1.0
-1.452304488577119,-1.0372390078178362,0.3058331932846122,2,0,0,1.0845152053249965,0,0.0,1.0,0.0,0.0
1.8670478477964851,-0.34709904365501554,-1.2251371051984103,1,1,0,1.3165978676863315,3,0.0,0.0,1.0,0.0
1.2812797884364373,-1.0372390078178362,0.046499466493891195,1,1,1,-0.2744954090928994,1,1.0,0.0,0.0,0.0
0.012115659823000443,1.7233208488334462,0.8498785053516246,2,1,0,-0.34503864975949106,1,1.0,0.0,0.0,1.0
-1.3546764786837777,-0.34709904365501554,-1.2251371051984103,1,1,0,0.7856245351050375,1,1.0,0.0,0.0,1.0
-0.18314035996368214,0.6881109025892154,0.8987681068357772,1,1,0,1.7213234985795522,4,0.0,0.0,1.0,1.0
-0.8665364292170712,1.378250866752036,-1.2251371051984103,2,1,1,0.8441542619035113,1,1.0,0.0,0.0,1.0
0.003935819113316791,1.378250866752036,-1.2251371051984103,2,0,0,0.6134453382575183,2,1.0,0.0,0.0,0.0
-0.2807683698570234,-0.002029061573605259,1.8228538704596617,2,0,0,1.3743018546565433,1,0.0,1.0,0.0,1.0
-0.476024389643706,-0.34709904365501554,0.7651376282275311,1,1,0,0.11334788835051586,2,1.0,0.0,0.0,0.0
-0.2807683698570234,-0.002029061573605259,0.6560047558930631,2,1,1,0.19479750762971446,2,1.0,0.0,0.0,1.0
0.012115659823000443,-0.34709904365501554,-1.2251371051984103,2,1,0,1.1625362205796612,0,1.0,0.0,0.0,1.0
0.5002557092897069,-0.6921690257364259,0.49927953796991525,1,1,0,1.4842119153421143,2,1.0,0.0,0.0,1.0
-0.5736523995370473,-0.6921690257364259,0.4656569758013132,2,0,1,-1.1668015270633265,4,0.0,1.0,0.0,0.0
-0.9641644391104125,-0.34709904365501554,1.1535895209342029,2,1,1,-1.245560922526909,4,1.0,0.0,0.0,0.0
-0.7689084193237299,0.6881109025892154,0.6580577709589218,1,1,1,1.0261257411822822,4,1.0,0.0,0.0,1.0
-0.9641644391104125,-1.7273789719806567,-1.2251371051984103,1,1,1,-0.2848188101660592,1,1.0,0.0,0.0,0.0
-0.8665364292170712,1.378250866752036,-1.2251371051984103,2,1,0,0.8960420472846473,3,1.0,0.0,0.0,1.0
-0.8665364292170712,1.0331808846706256,-1.2251371051984103,2,1,0,1.727435017447566,4,1.0,0.0,0.0,1.0
0.4026276993963656,0.34304092050780505,-1.2251371051984103,2,1,1,-0.7431423518971765,4,1.0,0.0,0.0,1.0
-0.2807683698570234,0.34304092050780505,-0.09801087184606701,2,0,1,-0.7559930911211993,0,0.0,0.0,1.0,1.0
-0.9641644391104125,-0.6921690257364259,0.8579846345181305,2,1,0,-1.193243473998043,3,1.0,0.0,0.0,0.0
-0.18314035996368214,-1.3823089898992464,0.3821250253196642,2,0,1,0.022870122274606698,0,1.0,0.0,0.0,1.0
0.20737167960968303,0.34304092050780505,0.39390017883886475,2,1,1,-1.133742001951727,2,0.0,0.0,1.0,0.0
-0.476024389643706,-1.0372390078178362,-1.2251371051984103,2,1,1,1.4076960262780998,0,1.0,0.0,0.0,0.0
-1.3546764786837777,-0.34709904365501554,0.7137362436187656,1,0,1,0.2594460622683378,1,0.0,0.0,1.0,0.0
0.20737167960968303,-1.0372390078178362,0.787637425218593,1,1,1,-0.5195567176906435,2,1.0,0.0,0.0,0.0
-1.2570484687904364,-0.34709904365501554,-0.22325679212065247,2,0,1,1.374531739232546,4,1.0,0.0,0.0,0.0
-0.3783963797503647,-1.7273789719806567,0.9091312724406254,1,0,1,-0.6322146038531911,4,0.0,1.0,0.0,1.0
-0.7689084193237299,-0.002029061573605259,0.15110786486209615,1,1,1,-0.4604057282605801,2,0.0,0.0,1.0,0.0
0.003935819113316791,-0.002029061573605259,0.5355236547623649,1,1,0,-0.7680135659151617,0,0.0,1.0,0.0,1.0
-0.18314035996368214,-0.34709904365501554,-1.2251371051984103,2,0,0,-1.2998589284815807,3,0.0,0.0,1.0,1.0
-0.7689084193237299,-1.3823089898992464,0.3174134463868047,2,1,0,0.10710463396090172,4,1.0,0.0,0.0,1.0
-0.9641644391104125,-1.0372390078178362,-1.2251371051984103,2,1,0,1.3687468618097687,2,0.0,0.0,1.0,0.0
2.745699936836557,0.6881109025892154,-1.2251371051984103,2,0,1,1.1021823831637294,3,0.0,0.0,1.0,1.0
-1.159420458897095,-0.6921690257364259,0.4930560060169581,1,1,1,-0.6556522151935746,2,1.0,0.0,0.0,0.0
-0.7689084193237299,0.6881109025892154,-1.2251371051984103,2,1,1,0.7452520353247254,4,1.0,0.0,0.0,1.0
-0.2807683698570234,1.0331808846706256,0.8134338875554712,1,1,0,0.886747297028106,3,0.0,0.0,1.0,1.0
-0.18314035996368214,-0.002029061573605259,0.48874371427807833,2,1,0,1.2474598639245265,0,0.0,1.0,0.0,1.0
-0.08551235007034085,-0.34709904365501554,-1.2251371051984103,2,1,1,0.6266808426575763,3,0.0,0.0,1.0,0.0
-1.3546764786837777,-0.6921690257364259,0.5069614626984172,2,1,1,0.0555904762744504,2,0.0,1.0,0.0,0.0
-0.476024389643706,1.378250866752036,1.2470545119624756,1,1,0,1.5838951578006133,4,1.0,0.0,0.0,1.0
0.003935819113316791,-1.0372390078178362,0.6224670026087092,1,1,0,0.8753385135926979,0,0.0,0.0,1.0,1.0
-2.038072547937167,0.34304092050780505,-1.2251371051984103,2,1,1,-1.271603660364464,1,1.0,0.0,0.0,1.0
0.012115659823000443,-0.002029061573605259,0.15662156245557174,2,0,0,0.08180828139698541,4,0.0,1.0,0.0,1.0
0.012115659823000443,-0.34709904365501554,-1.2251371051984103,1,0,0,1.2627079460092727,3,1.0,0.0,0.0,0.0
-0.9641644391104125,-1.0372390078178362,-1.2251371051984103,2,1,1,-1.0216502130834546,2,1.0,0.0,0.0,1.0
-2.038072547937167,-0.34709904365501554,-1.2251371051984103,2,1,1,-0.9150203146787906,4,1.0,0.0,0.0,1.0
1.2812797884364373,1.0331808846706256,0.7578743073503375,1,0,0,0.19078383778798025,1,0.0,0.0,1.0,0.0
-0.5736523995370473,-0.6921690257364259,-1.2251371051984103,2,0,1,0.714317158803905,4,0.0,0.0,1.0,0.0
3.0385839665165806,-1.3823089898992464,-1.2251371051984103,2,1,1,-1.0227150607144626,4,0.0,0.0,1.0,0.0
0.7931397389697308,-1.7273789719806567,0.800641347458817,2,1,1,-1.0716474110053207,2,0.0,1.0,0.0,0.0
0.4026276993963656,-1.0372390078178362,0.37524670477360517,1,1,0,-1.3243894051794947,2,1.0,0.0,0.0,1.0
-0.9641644391104125,1.378250866752036,1.0879612059676487,2,1,0,0.7496120112272059,3,0.0,1.0,0.0,1.0
-0.7689084193237299,1.378250866752036,0.09778787926816725,1,1,0,-1.0164484872232709,4,1.0,0.0,0.0,1.0
2.745699936836557,1.0331808846706256,-1.2251371051984103,2,1,1,-0.8554930872068511,4,0.0,0.0,1.0,0.0
0.7931397389697308,1.7233208488334462,0.9195997290753524,1,1,0,0.7641606942877617,3,0.0,0.0,1.0,0.0
-0.476024389643706,0.6881109025892154,0.9021982261617121,1,1,1,-1.1933917417185236,4,0.0,0.0,1.0,1.0
0.5978837191830482,-0.34709904365501554,-1.2251371051984103,1,1,0,-0.08885273752392614,0,1.0,0.0,0.0,0.0
-1.0617924490037538,0.6881109025892154,1.2634370281310345,1,1,0,-1.7147595187043347,2,0.0,0.0,1.0,1.0
0.012115659823000443,0.34304092050780505,-0.456675324136548,1,1,0,-0.4439076379173711,0,1.0,0.0,0.0,0.0
-0.3783963797503647,-1.3823089898992464,0.7773325057153793,2,1,1,0.8380526623548258,3,0.0,1.0,0.0,1.0
-0.5736523995370473,0.6881109025892154,-0.13024016806155658,1,1,1,-0.6179036364102126,3,0.0,0.0,1.0,1.0
2.0623038675831675,-0.34709904365501554,-1.2251371051984103,1,1,0,1.6940737362006226,1,1.0,0.0,0.0,1.0
-1.3546764786837777,-0.34709904365501554,-1.2251371051984103,2,1,0,0.9104666518420312,3,1.0,0.0,0.0,1.0
-0.3783963797503647,-0.6921690257364259,-1.2251371051984103,3,1,1,0.5615782616307686,4,1.0,0.0,0.0,0.0
0.7931397389697308,-1.0372390078178362,-1.2251371051984103,2,1,1,1.4246968694904019,4,1.0,0.0,0.0,1.0
-0.7689084193237299,-0.002029061573605259,0.4752117367208369,1,1,1,-1.7019655110259417,1,1.0,0.0,0.0,1.0
0.8907677488630721,0.6881109025892154,-1.2251371051984103,1,1,0,-1.5045642694978918,1,1.0,0.0,0.0,1.0
-0.6712804094303886,1.7233208488334462,-1.2251371051984103,1,1,0,0.6219662075833363,3,0.0,0.0,1.0,0.0
1.2812797884364373,-1.3823089898992464,-1.2251371051984103,2,1,1,1.2469461475972285,3,1.0,0.0,0.0,1.0
-0.476024389643706,-1.3823089898992464,0.28994256864469303,2,1,0,0.66300504199008,0,0.0,1.0,0.0,1.0
-1.3546764786837777,-1.0372390078178362,0.6043497447153664,1,1,1,-1.3061213254172657,2,0.0,1.0,0.0,0.0
0.012115659823000443,-0.002029061573605259,-1.2251371051984103,2,0,0,0.2848517013680072,2,0.0,0.0,1.0,1.0
0.20737167960968303,-1.0372390078178362,0.5809911377587188,2,0,1,-0.6066236301029213,3,0.0,1.0,0.0,1.0
-0.08551235007034085,-0.002029061573605259,1.9100135609692208,1,1,1,-0.2585407930349722,3,1.0,0.0,0.0,0.0
-0.08551235007034085,-1.3823089898992464,-1.2251371051984103,2,1,0,-0.17009857569903727,2,0.0,0.0,1.0,0.0
-1.452304488577119,1.0331808846706256,1.0724298189600643,1,1,1,-1.3548095212341404,3,0.0,0.0,1.0,1.0
-0.476024389643706,0.34304092050780505,-1.2251371051984103,2,1,1,0.4213676387919246,3,1.0,0.0,0.0,0.0
0.8907677488630721,-0.6921690257364259,1.2203669162739395,1,1,0,-1.0783821067595314,1,0.0,1.0,0.0,0.0
0.012115659823000443,-0.34709904365501554,0.11524890841754398,2,1,0,0.31287638881653623,2,0.0,1.0,0.0,0.0
-0.3783963797503647,1.0331808846706256,0.6819863576244226,1,0,0,0.36249995904371796,3,0.0,0.0,1.0,0.0
-0.7689084193237299,-0.6921690257364259,0.3672522673074868,1,1,1,1.5536391455727434,2,1.0,0.0,0.0,1.0
0.10974366971634174,-0.6921690257364259,0.43102182755813956,2,0,0,-1.0828823453177714,4,0.0,1.0,0.0,0.0
-0.8665364292170712,-1.3823089898992464,0.5482409869805347,1,1,1,-0.7393070557801985,4,0.0,1.0,0.0,1.0
-1.0617924490037538,1.0331808846706256,0.34047842258383815,1,1,1,1.3546525531836893,2,0.0,0.0,1.0,0.0
0.10974366971634174,0.6881109025892154,-1.2251371051984103,2,0,0,-0.9630578379523839,4,0.0,0.0,1.0,1.0
0.003935819113316791,0.6881109025892154,-1.2251371051984103,2,1,1,0.5378254943727911,2,1.0,0.0,0.0,0.0
0.20737167960968303,-0.34709904365501554,1.299568653139283,1,1,0,-0.5724479205322129,2,0.0,1.0,0.0,1.0
0.9883957587564134,1.0331808846706256,1.538567449721951,1,1,0,0.23460547632406667,1,1.0,0.0,0.0,1.0
-0.9641644391104125,0.34304092050780505,1.7465226743009776,2,1,1,-0.40264326951327756,1,1.0,0.0,0.0,0.0
0.003935819113316791,1.378250866752036,-1.2251371051984103,2,0,0,0.04633662145724341,3,1.0,0.0,0.0,0.0
1.47653580822312,-0.34709904365501554,0.20380954568482626,1,0,0,-1.6501059173944743,1,1.0,0.0,0.0,1.0
-1.9404445380438253,-0.002029061573605259,-1.2251371051984103,1,1,1,1.3316915912404839,1,0.0,0.0,1.0,1.0
0.003935819113316791,1.0331808846706256,-1.2251371051984103,2,1,1,0.45910212170045217,2,1.0,0.0,0.0,0.0
2.159931877476509,1.0331808846706256,0.7814284547910445,1,1,0,1.423588690096014,4,0.0,1.0,0.0,0.0
0.9883957587564134,1.378250866752036,1.5237562981634256,2,1,0,1.5107419179887596,1,0.0,1.0,0.0,1.0
-0.18314035996368214,1.378250866752036,0.30828961060931986,2,0,1,0.07930843890320681,0,0.0,1.0,0.0,1.0
0.5978837191830482,-1.0372390078178362,-1.2251371051984103,4,1,0,0.011485528056507033,2,1.0,0.0,0.0,0.0
-0.5736523995370473,-0.002029061573605259,-1.2251371051984103,2,1,0,0.6549909280657151,3,1.0,0.0,0.0,1.0
-0.5736523995370473,-1.7273789719806567,-1.2251371051984103,1,1,0,-0.1409945966983734,2,0.0,0.0,1.0,0.0
1.0860237686497547,-0.34709904365501554,1.4221523745322873,1,1,0,0.354854426142801,3,1.0,0.0,0.0,1.0
-1.6475605083638016,1.0331808846706256,-1.2251371051984103,1,0,1,1.1689749029623493,0,1.0,0.0,0.0,0.0
-0.18314035996368214,1.0331808846706256,-1.2251371051984103,2,1,1,1.2174453958234484,3,1.0,0.0,0.0,1.0
0.012115659823000443,0.6881109025892154,0.94282072161605,1,1,0,0.7048228039987832,2,0.0,0.0,1.0,0.0
-0.18314035996368214,-1.3823089898992464,-1.2251371051984103,2,1,1,-0.3047489849967238,3,1.0,0.0,0.0,1.0
-0.476024389643706,0.6881109025892154,-1.2251371051984103,1,1,1,-1.4640379332564237,0,0.0,0.0,1.0,1.0
-0.476024389643706,0.34304092050780505,-0.6288079160761627,2,0,0,0.9838849289054011,2,0.0,1.0,0.0,0.0
0.003935819113316791,0.6881109025892154,1.0356941306725,1,1,0,0.30912183943935034,0,0.0,0.0,1.0,0.0
-0.6712804094303886,-1.3823089898992464,1.2058845991628298,1,1,0,-1.5923547701516687,4,0.0,1.0,0.0,1.0
0.6955117290763895,-0.6921690257364259,-1.2251371051984103,2,1,0,-0.4152843108462456,0,1.0,0.0,0.0,1.0
-1.452304488577119,-0.34709904365501554,0.9718160790567145,2,1,1,-0.15982999191690028,1,1.0,0.0,0.0,0.0
-0.5736523995370473,-1.3823089898992464,-1.2251371051984103,2,0,0,-0.5354874925775546,3,1.0,0.0,0.0,0.0
0.20737167960968303,-1.3823089898992464,0.8034502817118242,1,1,1,-0.7801156575646466,1,0.0,0.0,1.0,1.0
0.5002557092897069,1.378250866752036,0.017190636215033424,2,1,1,0.19084579002799312,2,0.0,0.0,1.0,1.0
2.3551878972631917,1.7233208488334462,-1.2251371051984103,2,0,1,-1.7380880175321114,4,1.0,0.0,0.0,0.0
-1.2570484687904364,1.0331808846706256,0.7450899281085825,1,1,0,-0.45166176126145685,4,0.0,1.0,0.0,0.0
-1.2570484687904364,0.34304092050780505,-1.2251371051984103,2,0,0,1.1505656904286305,1,0.0,0.0,1.0,0.0
-1.2570484687904364,-1.0372390078178362,-1.2251371051984103,2,1,1,-1.3110456583825603,4,0.0,0.0,1.0,1.0
2.159931877476509,1.0331808846706256,-0.181983188458756,1,1,1,-0.6277195859893343,0,1.0,0.0,0.0,0.0
-0.18314035996368214,-1.3823089898992464,0.8698473172065457,2,0,0,-1.70878025742736,0,0.0,0.0,1.0,0.0
0.6955117290763895,1.7233208488334462,-1.2251371051984103,2,0,0,0.15322233388667977,0,1.0,0.0,0.0,0.0
-0.7689084193237299,-1.7273789719806567,0.5012006992232823,2,1,1,1.446279394093321,1,0.0,1.0,0.0,1.0
0.6955117290763895,-1.3823089898992464,-1.2251371051984103,3,1,1,1.3408841899102621,4,0.0,0.0,1.0,0.0
-1.6475605083638016,1.378250866752036,-1.2251371051984103,1,1,0,-1.239804236853801,2,0.0,0.0,1.0,0.0
0.012115659823000443,0.6881109025892154,-1.2251371051984103,2,1,0,-1.2796144678490526,3,1.0,0.0,0.0,1.0
-0.18314035996368214,-1.3823089898992464,-1.2251371051984103,1,1,0,-1.6666642197462351,0,1.0,0.0,0.0,0.0
-0.18314035996368214,1.7233208488334462,1.7361923121324894,2,1,1,0.5942427542007126,4,1.0,0.0,0.0,1.0
1.5741638181164612,1.0331808846706256,-1.2251371051984103,2,1,1,-1.4963702156404564,3,1.0,0.0,0.0,0.0
-0.476024389643706,1.0331808846706256,0.6542832955595862,1,1,0,-0.6091622797582811,2,0.0,0.0,1.0,0.0
-1.3546764786837777,0.34304092050780505,-1.2251371051984103,2,1,1,-1.3776343970770932,4,1.0,0.0,0.0,1.0
-0.7689084193237299,1.0331808846706256,-1.2251371051984103,2,1,1,-0.02249753789146434,4,0.0,0.0,1.0,1.0
2.25755988736985,0.6881109025892154,0.7156465237322669,1,0,1,-1.6289020671574772,1,0.0,0.0,1.0,1.0
-0.7689084193237299,-0.34709904365501554,0.3687477839719851,2,0,1,-1.122492797741296,1,1.0,0.0,0.0,1.0
-1.2570484687904364,-1.7273789719806567,1.1156876304798442,1,1,0,0.08224020684561476,1,1.0,0.0,0.0,0.0
-0.476024389643706,1.378250866752036,-1.2251371051984103,2,0,0,-1.5010874610618874,3,1.0,0.0,0.0,1.0
0.7931397389697308,0.34304092050780505,0.4854731316645876,1,1,1,-1.7106532685488736,2,0.0,1.0,0.0,1.0
2.0623038675831675,1.0331808846706256,-1.2251371051984103,2,1,1,0.04431029594401266,2,1.0,0.0,0.0,1.0
-0.8665364292170712,-0.34709904365501554,1.0986741682158305,2,0,0,0.7793005339756316,0,0.0,0.0,1.0,0.0
-0.5736523995370473,0.34304092050780505,0.8967389342675653,1,1,0,-0.7762095340272045,1,0.0,1.0,0.0,1.0
1.47653580822312,1.0331808846706256,-0.10961640759677095,1,1,1,-0.5394453009893895,4,1.0,0.0,0.0,1.0
0.5978837191830482,1.378250866752036,1.4998689958227098,2,0,0,1.1200526460139653,0,0.0,1.0,0.0,1.0
0.003935819113316791,-0.6921690257364259,0.4618636184239753,2,0,1,-0.18457034052901555,4,0.0,1.0,0.0,0.0
-0.3783963797503647,1.0331808846706256,0.4217294941294974,1,1,1,-0.9470282179184859,3,0.0,0.0,1.0,1.0
0.003935819113316791,1.378250866752036,1.302495519746424,2,0,0,0.6303687411698041,4,1.0,0.0,0.0,1.0
0.10974366971634174,1.7233208488334462,0.9743937890875732,2,1,1,-1.5012353807360754,1,0.0,1.0,0.0,1.0
0.003935819113316791,-0.002029061573605259,0.5866762133050811,1,1,0,-0.7588935348973085,1,1.0,0.0,0.0,1.0
0.5002557092897069,0.6881109025892154,0.20090444135741664,1,1,0,0.06719451367978675,4,0.0,0.0,1.0,1.0
1.6717918280098025,-1.0372390078178362,1.4772752689919233,1,0,1,-1.4179710480893082,2,0.0,0.0,1.0,1.0
-0.7689084193237299,1.7233208488334462,0.5877275234362339,1,1,1,0.38737900410327786,3,1.0,0.0,0.0,1.0
-1.0617924490037538,-0.34709904365501554,-1.2251371051984103,2,1,0,-1.557157370690186,1,0.0,0.0,1.0,0.0
-0.476024389643706,0.6881109025892154,0.6635143425681019,1,1,0,-0.8553796241155917,2,0.0,1.0,0.0,1.0
-0.476024389643706,0.34304092050780505,-1.2251371051984103,2,1,1,1.3489820089679028,1,1.0,0.0,0.0,1.0
2.159931877476509,-0.002029061573605259,0.5057016507254236,2,0,1,-1.5964243014233024,1,1.0,0.0,0.0,1.0
0.012115659823000443,0.6881109025892154,0.6881180399555715,1,1,0,-0.23165613121656795,4,0.0,0.0,1.0,0.0
-0.6712804094303886,0.6881109025892154,-1.2251371051984103,2,1,1,-1.7333081237780827,2,1.0,0.0,0.0,1.0
0.8907677488630721,-1.3823089898992464,0.5042653402631363,1,1,0,0.32152046652979593,1,0.0,1.0,0.0,0.0
0.20737167960968303,1.7233208488334462,0.7301022780607633,2,1,0,-0.036160617161499015,0,0.0,1.0,0.0,0.0
-0.8665364292170712,0.34304092050780505,0.9410117321133582,1,1,1,1.380169219050573,0,0.0,0.0,1.0,1.0
0.20737167960968303,-0.34709904365501554,-1.2251371051984103,2,1,0,0.45545250828036676,2,1.0,0.0,0.0,0.0
-0.3783963797503647,0.34304092050780505,0.6242796724969436,1,0,1,-1.2609209014946003,4,1.0,0.0,0.0,0.0
2.0623038675831675,1.378250866752036,-1.2251371051984103,1,1,1,-0.7533559443651449,3,1.0,0.0,0.0,1.0
-0.08551235007034085,-0.6921690257364259,0.313319577529055,1,0,0,-0.024095418418988025,1,0.0,0.0,1.0,1.0
-0.9641644391104125,0.6881109025892154,0.06976254344318741,1,1,0,-1.6107364870283034,2,0.0,0.0,1.0,0.0
0.4026276993963656,0.6881109025892154,0.3346082076429942,2,1,1,1.0344567512557017,0,0.0,0.0,1.0,1.0
-0.3783963797503647,0.34304092050780505,0.8039288918491573,2,1,1,1.0572579599507839,0,0.0,1.0,0.0,1.0
-0.3783963797503647,0.34304092050780505,0.5780909939509539,1,1,0,1.3327176317099108,3,1.0,0.0,0.0,1.0
0.3049996895030243,0.6881109025892154,1.372232745146425,1,1,0,0.35992093601846215,3,0.0,1.0,0.0,1.0
1.6717918280098025,1.378250866752036,0.7556342326888446,1,1,0,-0.01523572602770592,2,1.0,0.0,0.0,0.0
-1.2570484687904364,-1.3823089898992464,0.01947791582153239,1,0,1,1.438647260974654,4,1.0,0.0,0.0,0.0
0.10974366971634174,-0.6921690257364259,-1.2251371051984103,2,1,0,0.5899659613620696,4,1.0,0.0,0.0,1.0
0.5002557092897069,-1.3823089898992464,0.10821489156134624,1,0,1,-0.34022830195489445,1,0.0,0.0,1.0,1.0
-0.18314035996368214,0.6881109025892154,1.4642145408009295,1,1,0,-1.129914884922616,3,0.0,0.0,1.0,0.0
1.183651778543096,1.0331808846706256,-0.09295162185875179,1,1,1,-0.12981239139919235,3,1.0,0.0,0.0,0.0
0.012115659823000443,-0.6921690257364259,0.5621800471821676,1,0,0,0.6310829321614136,3,1.0,0.0,0.0,0.0
1.0860237686497547,1.378250866752036,-1.2251371051984103,4,1,1,1.6414085894258414,4,1.0,0.0,0.0,1.0
0.003935819113316791,0.34304092050780505,-1.2251371051984103,2,0,0,-1.5371614151102941,2,0.0,0.0,1.0,0.0
-0.3783963797503647,-0.002029061573605259,1.1867240319764707,2,0,1,0.2310561002361371,2,0.0,1.0,0.0,0.0
-1.159420458897095,-1.0372390078178362,-1.2251371051984103,2,1,0,-0.6418612289111538,1,1.0,0.0,0.0,0.0
-0.08551235007034085,-1.0372390078178362,0.4292982870067473,1,0,1,-0.1653463516252392,0,0.0,1.0,0.0,1.0
1.0860237686497547,0.34304092050780505,0.28996993151112044,1,1,1,-0.8682122649324197,1,0.0,0.0,1.0,0.0
0.012115659823000443,1.7233208488334462,0.41593368698332406,2,1,0,1.2458616353507106,3,0.0,1.0,0.0,0.0
2.0623038675831675,0.34304092050780505,-1.2251371051984103,1,1,0,-1.4339655154476934,4,1.0,0.0,0.0,0.0
0.10974366971634174,-0.34709904365501554,1.4324556938678736,2,0,1,-0.9740660201054614,4,0.0,1.0,0.0,1.0
-0.8665364292170712,1.0331808846706256,1.2416734682653052,1,1,0,-1.043067415697575,2,0.0,1.0,0.0,0.0
0.3049996895030243,0.34304092050780505,-1.2251371051984103,1,1,0,1.3977989819128938,1,1.0,0.0,0.0,0.0
0.3049996895030243,1.378250866752036,-1.2251371051984103,2,1,1,-0.8530042081712771,2,1.0,0.0,0.0,0.0
0.003935819113316791,-1.7273789719806567,1.6600169723007066,2,1,0,1.0999719411619209,1,0.0,1.0,0.0,0.0
-1.3546764786837777,-0.34709904365501554,0.7561344450891465,1,1,1,-0.17780258037704508,3,1.0,0.0,0.0,0.0
-0.2807683698570234,-0.6921690257364259,0.6354597236755418,1,1,1,-0.6366415786669214,3,1.0,0.0,0.0,1.0
-0.9641644391104125,1.7233208488334462,-1.2251371051984103,2,1,1,-0.09317651661201687,4,0.0,0.0,1.0,1.0
0.10974366971634174,1.0331808846706256,0.01821938398264093,1,0,1,-1.407275585529779,4,0.0,1.0,0.0,0.0
3.233839986303263,-1.3823089898992464,-1.2251371051984103,2,0,1,0.20189573773613556,2,1.0,0.0,0.0,1.0
0.7931397389697308,0.6881109025892154,-1.2251371051984103,2,1,1,1.3442327432875885,3,1.0,0.0,0.0,0.0
1.183651778543096,1.0331808846706256,0.7354253956898246,1,0,0,1.4081625823328034,0,1.0,0.0,0.0,0.0
-1.0617924490037538,1.378250866752036,0.6781837192748462,1,0,0,-1.467281028607211,3,0.0,0.0,1.0,1.0
0.6955117290763895,1.7233208488334462,-1.2251371051984103,2,1,0,0.9159863179901466,3,0.0,0.0,1.0,1.0
-0.3783963797503647,-1.0372390078178362,0.6540824745223568,2,1,1,-1.4525459667571783,3,0.0,1.0,0.0,0.0
-0.5736523995370473,-1.7273789719806567,0.8911804319805245,2,0,1,-0.4488251839799676,2,1.0,0.0,0.0,1.0
-1.0617924490037538,1.7233208488334462,0.4578230351482156,1,0,1,-1.227631665830144,1,0.0,1.0,0.0,0.0
0.012115659823000443,-1.0372390078178362,-1.2251371051984103,2,1,1,-0.310676735422452,3,1.0,0.0,0.0,1.0
0.003935819113316791,-0.002029061573605259,0.7599193215780596,1,1,0,0.3169333904216503,3,0.0,1.0,0.0,0.0
1.183651778543096,0.6881109025892154,1.144307748611901,1,1,0,0.8010612582801606,4,0.0,1.0,0.0,0.0
-0.5736523995370473,0.6881109025892154,0.353113186152438,2,1,1,-1.0463787281216348,2,0.0,1.0,0.0,1.0
0.7931397389697308,1.378250866752036,-1.2251371051984103,2,1,0,0.2224649255592928,4,1.0,0.0,0.0,1.0
0.4026276993963656,0.6881109025892154,0.4128823273347771,1,1,0,1.6412338701871532,0,0.0,1.0,0.0,0.0
-1.5499324984704603,-1.0372390078178362,-1.2251371051984103,1,1,1,-1.6276698092599173,4,0.0,0.0,1.0,1.0
-0.5736523995370473,-0.34709904365501554,-1.2251371051984103,1,0,1,0.5237139574552476,1,1.0,0.0,0.0,1.0
-1.159420458897095,1.378250866752036,1.2123803196291951,2,0,0,0.45446649313454374,3,0.0,1.0,0.0,0.0
-0.9641644391104125,1.378250866752036,-1.2251371051984103,2,1,0,0.194660899460023,3,1.0,0.0,0.0,0.0
0.5978837191830482,0.34304092050780505,0.7629260365498043,1,1,1,0.8003843082418176,0,0.0,1.0,0.0,1.0
2.5504439170498743,-1.0372390078178362,1.2016694375989285,2,0,1,-1.626235162443439,4,1.0,0.0,0.0,0.0
1.2812797884364373,1.0331808846706256,-1.2251371051984103,2,0,1,1.3732570196873368,4,0.0,0.0,1.0,1.0
0.5002557092897069,-1.0372390078178362,0.6475166667139146,2,0,1,0.7709338491572612,2,0.0,1.0,0.0,1.0
-0.2807683698570234,-0.002029061573605259,0.33767636905162834,1,1,0,0.3131201952442276,0,1.0,0.0,0.0,0.0
1.0860237686497547,-0.002029061573605259,1.3783732283995243,1,0,0,0.8730562000315488,0,1.0,0.0,0.0,1.0
-0.9641644391104125,-1.7273789719806567,0.9143332573802985,1,1,0,-0.7795713131636345,3,0.0,0.0,1.0,1.0
-1.159420458897095,-0.34709904365501554,0.3003319769986298,2,1,0,0.5520924339598057,0,0.0,1.0,0.0,1.0
-0.08551235007034085,-1.3823089898992464,0.7304917588612543,1,0,1,-0.19863123671104288,2,1.0,0.0,0.0,1.0
-0.6712804094303886,0.6881109025892154,0.8319001420083337,2,0,1,1.5492093863886751,4,1.0,0.0,0.0,0.0
-0.3783963797503647,1.378250866752036,0.3767585431479025,1,1,0,-0.2859174182874115,2,1.0,0.0,0.0,1.0
2.159931877476509,-0.34709904365501554,1.1675189801300718,2,1,0,0.40519723403282903,3,0.0,1.0,0.0,0.0
-1.0617924490037538,1.0331808846706256,-1.2251371051984103,2,1,0,0.10459626433296396,4,1.0,0.0,0.0,1.0
-1.0617924490037538,-1.3823089898992464,0.046371773117230446,2,1,1,1.1762937944180298,0,0.0,1.0,0.0,1.0
0.10974366971634174,-1.0372390078178362,0.9739863864096563,2,0,0,1.3293464553235912,4,0.0,1.0,0.0,1.0
-0.7689084193237299,1.378250866752036,0.6922757555016515,2,1,1,0.013221756985183058,3,0.0,0.0,1.0,0.0
1.5741638181164612,0.6881109025892154,-1.2251371051984103,1,0,0,1.2422353410322031,4,0.0,0.0,1.0,0.0
-0.18314035996368214,-1.0372390078178362,0.5474847477598606,2,1,0,-1.705356178004625,4,0.0,1.0,0.0,1.0
-0.476024389643706,-0.34709904365501554,0.9192139286604039,1,1,1,1.6154495567215623,0,1.0,0.0,0.0,1.0
-0.3783963797503647,-0.34709904365501554,0.18476755091965205,1,1,1,-1.1755964828442582,1,0.0,1.0,0.0,1.0
-0.7689084193237299,0.6881109025892154,-1.2251371051984103,1,1,1,0.8629992283950736,3,0.0,0.0,1.0,1.0
0.20737167960968303,1.7233208488334462,1.1774907447332768,1,0,0,-1.6261290083243156,2,0.0,0.0,1.0,1.0
0.003935819113316791,-0.34709904365501554,-1.2251371051984103,2,1,0,1.0979377846071157,3,1.0,0.0,0.0,1.0
0.003935819113316791,-1.0372390078178362,-0.1207895780545717,2,0,0,1.1179577553811697,3,0.0,1.0,0.0,1.0
3.233839986303263,-0.002029061573605259,1.1537839413009228,1,1,0,-1.7014918200222477,4,0.0,1.0,0.0,0.0
-0.6712804094303886,1.0331808846706256,2.081829319718625,1,0,0,-1.4634927187396811,0,1.0,0.0,0.0,0.0
0.6955117290763895,-0.002029061573605259,-0.31974706006514675,2,0,1,-0.9563511599246959,3,0.0,0.0,1.0,0.0
-0.2807683698570234,1.0331808846706256,-1.2251371051984103,2,1,0,-0.7860994434434201,3,0.0,0.0,1.0,1.0
0.3049996895030243,0.34304092050780505,-1.2251371051984103,2,1,0,1.6849434378171495,2,1.0,0.0,0.0,0.0
-0.9641644391104125,-0.002029061573605259,-1.2251371051984103,2,1,1,0.7469414520270992,4,1.0,0.0,0.0,0.0
0.3049996895030243,-0.6921690257364259,0.9747594273904172,1,1,0,-1.3001344071218626,1,0.0,1.0,0.0,1.0
-1.0617924490037538,-0.34709904365501554,-1.2251371051984103,2,1,1,0.4090648984549823,3,1.0,0.0,0.0,1.0
0.20737167960968303,1.0331808846706256,0.7934029891966097,2,1,1,0.6555740796283086,3,0.0,1.0,0.0,1.0
-0.476024389643706,1.0331808846706256,0.8085981809856934,2,0,0,-1.7384910551384873,4,0.0,0.0,1.0,0.0
1.47653580822312,-1.3823089898992464,0.7517739883046843,1,1,1,0.3469189706804753,1,0.0,1.0,0.0,1.0
1.3789077983297786,-0.6921690257364259,0.5955576236870261,2,1,1,0.10381385626808216,2,0.0,1.0,0.0,0.0
-0.18314035996368214,1.0331808846706256,-1.2251371051984103,2,1,1,-1.73059318867572,4,0.0,0.0,1.0,1.0
0.012115659823000443,0.34304092050780505,-1.2251371051984103,2,1,0,-0.1236246503931853,3,0.0,0.0,1.0,0.0
-0.476024389643706,-1.0372390078178362,0.9733349581685717,2,1,0,-1.5784339626022545,0,1.0,0.0,0.0,1.0
-0.6712804094303886,-0.6921690257364259,0.4090864096892354,1,1,0,-0.6334122311446763,4,0.0,1.0,0.0,1.0
0.012115659823000443,0.34304092050780505,0.6916678518200304,1,1,1,1.111464951800043,4,0.0,1.0,0.0,0.0
-0.5736523995370473,-1.7273789719806567,0.39238209981082106,1,1,0,-1.0028898218408984,0,0.0,1.0,0.0,0.0
-0.08551235007034085,0.6881109025892154,-1.2251371051984103,2,0,0,-0.5421188185829796,4,1.0,0.0,0.0,0.0
-0.3783963797503647,-0.6921690257364259,0.10758746583467178,1,1,0,0.43808569439180867,1,0.0,0.0,1.0,0.0
-0.6712804094303886,0.34304092050780505,0.6072562891936405,1,1,0,-1.4719377139737981,4,0.0,0.0,1.0,0.0
1.6717918280098025,-0.34709904365501554,0.36058628900557393,1,1,1,-0.2673498446907381,4,0.0,0.0,1.0,0.0
-0.5736523995370473,-1.3823089898992464,0.6648893666102627,2,0,1,0.9794141002588526,4,0.0,0.0,1.0,0.0
-1.0617924490037538,0.34304092050780505,1.1126826756924895,3,1,0,0.004100159759014932,0,0.0,0.0,1.0,0.0
-1.452304488577119,1.0331808846706256,1.0964137714254707,1,1,1,0.5167711300182972,2,1.0,0.0,0.0,0.0
1.0860237686497547,1.378250866752036,0.2870909099160363,1,0,1,-1.6584515454121664,3,0.0,1.0,0.0,1.0
-1.2570484687904364,-0.6921690257364259,0.456630270198807,1,1,1,1.464238930817508,1,0.0,1.0,0.0,0.0
-0.2807683698570234,-1.0372390078178362,0.21181566437462426,1,1,1,0.09646381466924908,4,1.0,0.0,0.0,1.0
-0.2807683698570234,1.7233208488334462,-1.2251371051984103,2,1,1,1.3911248462135275,1,0.0,0.0,1.0,1.0
-1.5499324984704603,-1.3823089898992464,-1.2251371051984103,2,1,0,-0.15325069883216008,2,1.0,0.0,0.0,1.0
1.9646758576898262,-0.34709904365501554,-1.2251371051984103,2,1,1,1.2207567082475084,3,1.0,0.0,0.0,0.0
-0.18314035996368214,1.0331808846706256,0.6111205339968692,1,1,0,0.6207563986716241,0,0.0,1.0,0.0,0.0
-1.745188518257143,-1.3823089898992464,0.7243059908643018,2,1,1,-0.009766526591960941,2,0.0,1.0,0.0,0.0
-0.9641644391104125,-1.3823089898992464,-0.5289934599026623,1,1,1,0.32974288616004666,4,1.0,0.0,0.0,1.0
-0.08551235007034085,-1.0372390078178362,0.6600330178780922,1,0,1,-0.6046817058155508,4,1.0,0.0,0.0,1.0
2.5504439170498743,-1.3823089898992464,-1.2251371051984103,1,1,1,1.3447838745912983,2,0.0,0.0,1.0,0.0
-0.18314035996368214,0.34304092050780505,1.2150676411425259,1,1,1,-0.00821806863793088,1,0.0,1.0,0.0,1.0
-0.7689084193237299,0.34304092050780505,0.6453263572656313,1,1,0,0.11760084001814254,1,0.0,1.0,0.0,1.0
-0.18314035996368214,-0.6921690257364259,2.1796707692076325,1,0,1,-0.539587477899756,4,1.0,0.0,0.0,0.0
-0.9641644391104125,1.378250866752036,-1.2251371051984103,1,1,1,-0.326207779142763,0,1.0,0.0,0.0,1.0
-0.5736523995370473,-0.6921690257364259,-1.2251371051984103,2,1,1,-1.0062575177642958,4,0.0,0.0,1.0,1.0
-0.3783963797503647,-1.0372390078178362,0.2181235251615416,2,1,0,-0.7537805608416377,1,0.0,1.0,0.0,0.0
0.7931397389697308,-1.0372390078178362,0.42477653332545073,1,0,1,1.1502218206919297,1,0.0,1.0,0.0,0.0
0.4026276993963656,0.34304092050780505,-1.2251371051984103,3,0,0,0.43114304097800427,0,1.0,0.0,0.0,0.0
-1.2570484687904364,-0.34709904365501554,0.6676533361529421,2,0,0,-0.6952612754319304,1,0.0,1.0,0.0,1.0
1.8670478477964851,-1.3823089898992464,1.0664984776158564,1,0,0,0.03913832804181272,3,0.0,1.0,0.0,0.0
-1.159420458897095,-0.002029061573605259,-1.2251371051984103,2,0,0,0.35698307726594075,2,1.0,0.0,0.0,1.0
-0.18314035996368214,-1.3823089898992464,-1.2251371051984103,2,1,1,-0.5462931117885674,2,1.0,0.0,0.0,0.0
0.3049996895030243,-0.6921690257364259,0.9340806060355976,2,0,0,0.6055897594192541,0,1.0,0.0,0.0,1.0
0.5002557092897069,-1.0372390078178362,0.6059004671630076,1,1,1,0.6256259143458961,0,1.0,0.0,0.0,0.0
-0.08551235007034085,1.7233208488334462,0.4014092854636155,2,1,0,1.2463870112287976,4,0.0,1.0,0.0,0.0
-0.5736523995370473,-0.34709904365501554,-0.06444831596348966,1,1,1,0.061812325817093595,3,0.0,0.0,1.0,0.0
2.5504439170498743,-1.0372390078178362,-1.2251371051984103,2,1,1,-0.9102788800400511,0,1.0,0.0,0.0,1.0
-0.2807683698570234,-1.3823089898992464,-1.2251371051984103,2,0,1,-1.4486370588493982,1,1.0,0.0,0.0,1.0
-0.8665364292170712,0.6881109025892154,0.3947409069102617,2,0,0,0.9771383995772556,3,0.0,1.0,0.0,1.0
1.183651778543096,1.0331808846706256,0.0823672238603937,1,1,1,0.2808827554748217,4,1.0,0.0,0.0,1.0
0.9883957587564134,0.6881109025892154,-1.2251371051984103,1,1,0,-1.5107480079715385,0,1.0,0.0,0.0,0.0
2.25755988736985,1.7233208488334462,-0.1903415040433284,2,0,1,0.6973909715212815,4,1.0,0.0,0.0,0.0
-1.0617924490037538,-0.34709904365501554,0.8573656896798808,1,1,0,-1.0822281923115677,4,1.0,0.0,0.0,0.0
0.20737167960968303,-0.002029061573605259,-0.775762830500386,1,1,0,-0.5358739979850506,2,0.0,0.0,1.0,0.0
0.8907677488630721,-1.7273789719806567,-1.2251371051984103,2,0,0,0.8595539181485137,3,1.0,0.0,0.0,0.0
0.10974366971634174,1.0331808846706256,-1.2251371051984103,2,1,0,-0.6659314143876242,0,1.0,0.0,0.0,0.0
0.012115659823000443,-0.002029061573605259,-1.2251371051984103,2,0,0,0.0414899028151112,3,0.0,0.0,1.0,0.0
1.8670478477964851,-1.0372390078178362,0.9150141287057254,4,1,0,-1.2530653226563362,4,0.0,1.0,0.0,1.0
0.9883957587564134,0.6881109025892154,-1.2251371051984103,3,0,1,-0.21852765105136365,0,1.0,0.0,0.0,0.0
0.10974366971634174,0.6881109025892154,-1.2251371051984103,2,1,1,-1.147271257422408,2,1.0,0.0,0.0,0.0
-0.7689084193237299,-0.002029061573605259,0.9736738736720396,1,0,1,1.0698151221273302,0,1.0,0.0,0.0,0.0
-0.7689084193237299,-0.002029061573605259,0.37634489981623875,1,0,1,-0.8800289586222948,2,1.0,0.0,0.0,1.0
-1.2570484687904364,-0.6921690257364259,-1.2251371051984103,2,1,0,0.9548491669780098,1,0.0,0.0,1.0,0.0
-1.9404445380438253,1.378250866752036,-1.2251371051984103,2,1,0,-1.6867390078113123,0,1.0,0.0,0.0,1.0
-0.08551235007034085,1.0331808846706256,-1.2251371051984103,1,1,1,-0.037778858397116796,0,1.0,0.0,0.0,1.0
0.7931397389697308,0.34304092050780505,0.7238205000061713,1,0,1,-1.64569564880277,0,1.0,0.0,0.0,1.0
-0.6712804094303886,-0.34709904365501554,0.4223103549782164,2,0,1,0.6014748081064878,2,0.0,1.0,0.0,0.0
-0.476024389643706,-1.0372390078178362,-1.2251371051984103,2,1,1,-0.3009277847545802,0,1.0,0.0,0.0,1.0
1.9646758576898262,-1.0372390078178362,-1.2251371051984103,2,1,1,1.2352972122201973,1,0.0,0.0,1.0,0.0
0.3049996895030243,-0.34709904365501554,-1.2251371051984103,2,1,1,-1.0829028800490115,2,0.0,0.0,1.0,0.0
1.47653580822312,1.0331808846706256,-1.2251371051984103,1,1,1,1.0848630775940573,2,1.0,0.0,0.0,1.0
-0.6712804094303886,0.34304092050780505,-1.2251371051984103,2,1,1,-0.998511225461785,1,0.0,0.0,1.0,0.0
-0.2807683698570234,-0.34709904365501554,-1.2251371051984103,2,1,1,-1.6069732364938123,4,1.0,0.0,0.0,1.0
0.4026276993963656,1.378250866752036,0.3559477230874825,1,0,0,1.4651097426406108,4,0.0,1.0,0.0,0.0
1.0860237686497547,1.0331808846706256,0.345795779609441,1,0,0,-1.356028031303158,4,0.0,1.0,0.0,0.0
0.5002557092897069,0.6881109025892154,0.5146448275777835,1,0,1,-0.4881187402544375,3,1.0,0.0,0.0,1.0
0.5978837191830482,0.6881109025892154,-1.2251371051984103,2,0,1,-0.4381088386429058,2,1.0,0.0,0.0,1.0
-1.0617924490037538,-0.002029061573605259,-1.2251371051984103,1,1,1,0.8970148366713666,2,1.0,0.0,0.0,1.0
0.10974366971634174,0.6881109025892154,0.36168256384705455,1,0,1,0.3298507805106308,2,0.0,1.0,0.0,1.0
0.10974366971634174,1.378250866752036,0.9736402701518657,1,1,0,1.3138429072603648,2,1.0,0.0,0.0,0.0
-1.452304488577119,1.7233208488334462,0.7302726959130734,2,1,0,-0.9862582557446281,4,0.0,1.0,0.0,0.0
-1.3546764786837777,-0.34709904365501554,0.6173423057654363,1,1,1,0.8304283602777334,2,0.0,1.0,0.0,1.0
-0.7689084193237299,1.0331808846706256,-1.2251371051984103,2,1,1,-0.7087807856064297,3,1.0,0.0,0.0,1.0
0.4026276993963656,-0.6921690257364259,1.7339986423321885,1,1,0,0.3925621094868287,2,0.0,0.0,1.0,1.0
0.012115659823000443,-0.6921690257364259,0.9373187052462534,1,0,1,0.22112338112597993,4,1.0,0.0,0.0,0.0
1.3789077983297786,-1.3823089898992464,-0.021402526654330102,2,0,0,0.7738734481412439,0,0.0,0.0,1.0,0.0
-0.8665364292170712,1.7233208488334462,-0.11440570930535642,1,1,1,-0.44796968619372207,4,1.0,0.0,0.0,1.0
0.012115659823000443,0.34304092050780505,0.8662002151503453,2,1,1,0.9323437976313036,2,1.0,0.0,0.0,0.0
-0.5736523995370473,1.0331808846706256,1.1681473659573225,1,0,0,0.8620116470409355,2,0.0,1.0,0.0,1.0
-1.5499324984704603,1.0331808846706256,-0.051989570833895604,2,1,0,-0.6427207292297596,3,0.0,1.0,0.0,1.0
-0.8665364292170712,-0.34709904365501554,0.6115248963562944,1,0,0,1.4407713874959946,3,1.0,0.0,0.0,1.0
-1.159420458897095,-0.6921690257364259,1.18959633286752,2,1,0,-1.451019087673265,2,0.0,1.0,0.0,0.0
-0.5736523995370473,-0.34709904365501554,0.7601479855320046,1,1,1,-0.39107629903806135,3,0.0,1.0,0.0,1.0
-0.476024389643706,1.378250866752036,1.5961402008190229,1,1,0,1.0412455682083501,0,0.0,1.0,0.0,0.0
-0.5736523995370473,-0.34709904365501554,0.04350155244409666,1,1,0,0.2987669401767458,4,0.0,0.0,1.0,1.0
-0.2807683698570234,-0.6921690257364259,-0.025413186795458887,1,1,1,-1.5362738970651657,1,0.0,1.0,0.0,0.0
0.4026276993963656,-1.3823089898992464,0.46782936337217057,2,1,0,-1.1397035128677993,4,1.0,0.0,0.0,1.0
0.20737167960968303,0.34304092050780505,-1.2251371051984103,2,1,1,-0.02163177273959876,1,1.0,0.0,0.0,1.0
0.4026276993963656,-0.34709904365501554,-1.2251371051984103,2,0,1,1.0747316240510498,4,1.0,0.0,0.0,0.0
-0.476024389643706,-0.34709904365501554,1.5769341888720476,1,1,1,-0.44412847328977667,1,1.0,0.0,0.0,1.0
-1.452304488577119,-1.3823089898992464,-1.2251371051984103,2,0,1,-0.5451563925982186,4,0.0,0.0,1.0,0.0
0.10974366971634174,-0.34709904365501554,-1.2251371051984103,2,1,0,0.23865882344311248,1,0.0,0.0,1.0,0.0
-0.08551235007034085,-1.7273789719806567,0.8890430880807062,2,0,0,-1.1946551497592357,1,0.0,1.0,0.0,0.0
2.0623038675831675,-0.6921690257364259,0.6298554565943595,1,1,0,-0.11929878302734115,4,0.0,1.0,0.0,0.0
0.10974366971634174,0.6881109025892154,0.6519281688456883,1,0,0,1.6688609147468358,0,0.0,1.0,0.0,0.0
0.7931397389697308,-0.6921690257364259,-1.2251371051984103,2,1,0,1.2864445291146627,3,1.0,0.0,0.0,1.0
0.3049996895030243,-1.0372390078178362,1.0654367663951259,2,1,0,-0.987885372160697,2,0.0,0.0,1.0,1.0
-0.08551235007034085,-1.7273789719806567,-1.2251371051984103,2,1,1,-1.741044496761266,3,1.0,0.0,0.0,0.0
-0.476024389643706,-1.3823089898992464,0.7134827770665972,1,0,0,0.3302680880149873,2,0.0,0.0,1.0,1.0
-0.5736523995370473,1.378250866752036,-1.2251371051984103,2,1,0,-0.8876000096166794,1,1.0,0.0,0.0,1.0
-1.0617924490037538,-1.3823089898992464,1.065096890791082,2,1,0,-0.3246528823323269,1,0.0,1.0,0.0,0.0
-1.0617924490037538,1.0331808846706256,-1.2251371051984103,1,0,0,1.328387239742268,3,0.0,0.0,1.0,1.0
-1.2570484687904364,1.0331808846706256,-1.2251371051984103,2,0,0,1.5843272572723885,1,0.0,0.0,1.0,1.0
-1.2570484687904364,-0.34709904365501554,1.2669601171961173,1,1,0,1.2385660629966078,4,1.0,0.0,0.0,1.0
-0.18314035996368214,1.378250866752036,0.9077655293707034,1,1,0,0.18786773192872155,1,0.0,0.0,1.0,0.0
-0.6712804094303886,0.6881109025892154,-1.2251371051984103,2,0,1,-1.0902128963242408,4,1.0,0.0,0.0,1.0
1.8670478477964851,-0.002029061573605259,0.3537191696329061,1,1,1,-0.6872513380630724,2,1.0,0.0,0.0,1.0
-0.3783963797503647,1.0331808846706256,0.5799828721367408,1,0,1,-1.4362344292265923,3,1.0,0.0,0.0,0.0
-0.7689084193237299,1.0331808846706256,1.4130722233310282,2,1,1,-1.5803414303066965,3,0.0,0.0,1.0,0.0
0.6955117290763895,-1.0372390078178362,0.8175603998328184,1,1,0,0.6893953040504035,0,0.0,1.0,0.0,1.0
-1.3546764786837777,1.0331808846706256,0.9376761826941984,1,1,1,0.6211150603757435,4,0.0,1.0,0.0,0.0
-0.476024389643706,-1.3823089898992464,0.8454479612250855,2,0,0,-0.9643334276133234,4,0.0,1.0,0.0,0.0
0.6955117290763895,1.0331808846706256,-1.2251371051984103,3,1,0,-0.16761195896436246,4,1.0,0.0,0.0,1.0
-1.0617924490037538,-0.6921690257364259,0.3755508966395599,1,1,0,-1.657053965525808,1,0.0,1.0,0.0,0.0
-1.159420458897095,-1.3823089898992464,-0.0362376807272655,1,1,1,-0.8317883503371987,1,0.0,1.0,0.0,1.0
1.3789077983297786,-1.3823089898992464,0.13345849598298337,2,0,1,-1.2941010246464495,1,0.0,0.0,1.0,1.0
-0.9641644391104125,0.6881109025892154,0.7467408210496946,1,1,0,1.4068302611262342,4,0.0,1.0,0.0,0.0
0.003935819113316791,-1.3823089898992464,1.0926855408705645,1,1,1,1.3683922026380095,2,0.0,1.0,0.0,1.0
0.003935819113316791,-0.6921690257364259,0.47565770343857244,1,1,1,-1.109228405498985,1,0.0,1.0,0.0,1.0
0.012115659823000443,0.6881109025892154,-1.2251371051984103,2,1,1,1.2183892973679145,2,1.0,0.0,0.0,1.0
-1.0617924490037538,1.0331808846706256,1.6545277572719292,1,1,0,-0.18170539747471134,4,1.0,0.0,0.0,1.0
-0.3783963797503647,-1.3823089898992464,0.424005732579368,1,1,0,1.3832487326440233,1,0.0,1.0,0.0,0.0
-0.7689084193237299,-0.34709904365501554,0.26700960627691395,1,1,0,-0.401015108958332,0,1.0,0.0,0.0,1.0
-0.08551235007034085,1.7233208488334462,0.1294334343332085,1,1,1,1.4683155970381319,1,0.0,1.0,0.0,1.0
-1.3546764786837777,0.34304092050780505,-1.2251371051984103,2,0,1,-0.06301291067472799,0,1.0,0.0,0.0,0.0
1.3789077983297786,-1.3823089898992464,0.524327121857205,1,1,1,-0.4266964007214297,1,0.0,0.0,1.0,0.0
-0.7689084193237299,-1.3823089898992464,-1.2251371051984103,2,1,1,1.2081243680718456,2,0.0,0.0,1.0,0.0
0.6955117290763895,1.0331808846706256,1.6930010675860059,1,0,0,0.6767229385511372,4,0.0,0.0,1.0,1.0
0.10974366971634174,1.7233208488334462,-1.2251371051984103,2,0,1,-0.5408009412975369,4,1.0,0.0,0.0,0.0
-0.8665364292170712,-1.0372390078178362,-1.2251371051984103,2,1,1,0.7858500691023882,3,0.0,0.0,1.0,1.0
3.1362119764099217,-0.6921690257364259,-1.2251371051984103,2,1,1,0.8094831084358457,4,1.0,0.0,0.0,1.0
0.7931397389697308,-1.7273789719806567,0.9693039758985763,2,0,1,-0.8108662435737432,1,0.0,1.0,0.0,0.0
-0.9641644391104125,-0.34709904365501554,0.4703595484244977,1,1,0,-1.4776065179581241,2,0.0,1.0,0.0,0.0
-1.159420458897095,-1.7273789719806567,-1.2251371051984103,2,0,1,1.0008476610487065,4,1.0,0.0,0.0,1.0
0.5002557092897069,-1.0372390078178362,0.9965948347826138,1,1,0,-1.090972333333837,0,0.0,1.0,0.0,0.0
-0.6712804094303886,-1.0372390078178362,0.8862191122520018,1,0,1,1.0329671131250544,0,0.0,0.0,1.0,1.0
-0.476024389643706,-1.0372390078178362,-1.2251371051984103,1,0,0,-1.12065876780451,1,1.0,0.0,0.0,0.0
-0.3783963797503647,1.0331808846706256,-1.2251371051984103,2,1,1,0.5463105149305124,1,1.0,0.0,0.0,1.0
0.3049996895030243,0.6881109025892154,-1.2251371051984103,1,1,0,-0.3931732779486101,0,1.0,0.0,0.0,1.0
0.20737167960968303,1.7233208488334462,0.5873759666085104,2,1,1,1.4793291739087386,0,0.0,1.0,0.0,1.0
-0.7689084193237299,1.378250866752036,-1.2251371051984103,1,0,1,-0.4198256188669659,2,1.0,0.0,0.0,0.0
-0.7689084193237299,-0.6921690257364259,1.2281781345467297,1,1,0,-0.703950425140031,2,0.0,0.0,1.0,1.0
0.4026276993963656,1.378250866752036,0.04091984199416965,1,0,0,-1.7372906434766644,3,0.0,1.0,0.0,0.0
0.5978837191830482,-0.002029061573605259,0.8209076304756578,1,1,0,-0.23096282300249088,2,1.0,0.0,0.0,1.0
0.10974366971634174,0.34304092050780505,1.274615799175531,1,0,1,-1.1619840443097398,2,1.0,0.0,0.0,1.0
0.3049996895030243,-1.7273789719806567,0.6297056809044419,2,0,1,0.4360313511520552,0,0.0,1.0,0.0,1.0
-0.3783963797503647,-1.0372390078178362,-1.2251371051984103,2,1,1,0.3237465706147536,1,1.0,0.0,0.0,1.0
0.8907677488630721,-1.0372390078178362,-1.2251371051984103,2,1,1,0.839293795432837,2,1.0,0.0,0.0,0.0
-0.5736523995370473,-1.3823089898992464,0.7443824940005421,1,1,0,0.6017972729962178,3,1.0,0.0,0.0,1.0
0.3049996895030243,-1.0372390078178362,0.9129491123826619,1,1,0,-1.2488550066595048,4,1.0,0.0,0.0,0.0
-0.3783963797503647,-0.34709904365501554,-1.2251371051984103,1,1,0,1.0190450874136174,0,1.0,0.0,0.0,1.0
-0.18314035996368214,1.0331808846706256,0.34651617507526283,2,1,0,1.4265535224361816,3,0.0,1.0,0.0,0.0
0.10974366971634174,0.34304092050780505,-1.2251371051984103,1,1,1,-1.351186707378555,0,1.0,0.0,0.0,1.0
0.8907677488630721,-0.34709904365501554,0.5681845161869441,3,1,0,1.2736540018991913,1,1.0,0.0,0.0,0.0
-0.2807683698570234,-1.0372390078178362,-1.2251371051984103,2,0,1,1.1723941097369937,3,1.0,0.0,0.0,0.0
-0.476024389643706,-0.34709904365501554,0.4711292290532411,1,0,1,0.7416133853628445,2,1.0,0.0,0.0,1.0
-0.08551235007034085,-1.3823089898992464,0.7634113673911721,1,1,0,-0.4247964160122701,1,1.0,0.0,0.0,1.0
-1.452304488577119,0.6881109025892154,0.8348609321691741,1,0,1,-1.1003817648436605,1,1.0,0.0,0.0,0.0
0.10974366971634174,-1.3823089898992464,-1.2251371051984103,2,1,1,1.513372625888408,3,1.0,0.0,0.0,1.0
-1.3546764786837777,1.7233208488334462,-1.2251371051984103,2,1,0,-0.5397776851984475,0,0.0,0.0,1.0,0.0
0.8907677488630721,-0.6921690257364259,0.7001932249048956,1,0,0,-0.06815233624860663,2,1.0,0.0,0.0,1.0
1.0860237686497547,-0.002029061573605259,0.18908800351343108,3,0,1,-0.6303516860741518,1,0.0,1.0,0.0,0.0
-1.0617924490037538,-1.0372390078178362,0.5216258788855168,1,1,0,0.9154990531810564,0,0.0,0.0,1.0,1.0
0.8907677488630721,-1.0372390078178362,0.6197004727978261,1,0,0,-0.025526410749398133,4,1.0,0.0,0.0,0.0
0.003935819113316791,-1.7273789719806567,-1.2251371051984103,2,0,1,1.4641346909529922,4,0.0,0.0,1.0,0.0
0.5978837191830482,1.7233208488334462,1.0899404533058876,3,1,0,-1.355067597559812,4,0.0,1.0,0.0,1.0
0.003935819113316791,-0.6921690257364259,0.36362100691079674,1,0,1,-0.2575699179028599,4,1.0,0.0,0.0,0.0
-0.5736523995370473,0.34304092050780505,-1.2251371051984103,2,1,0,0.1950942170938212,0,1.0,0.0,0.0,1.0
1.0860237686497547,-0.34709904365501554,0.9687642393578793,1,1,0,0.46615510578888647,1,1.0,0.0,0.0,1.0
-0.08551235007034085,-1.3823089898992464,-1.2251371051984103,2,1,0,-0.9432630531293876,1,1.0,0.0,0.0,1.0
-0.3783963797503647,-1.3823089898992464,1.5298772593714711,1,1,1,1.0336598992696928,2,1.0,0.0,0.0,1.0
-0.08551235007034085,-0.6921690257364259,-1.2251371051984103,1,0,0,0.7580228979246864,0,1.0,0.0,0.0,1.0
-0.3783963797503647,-0.002029061573605259,-1.2251371051984103,2,1,0,-1.206493944388666,1,1.0,0.0,0.0,0.0
-0.08551235007034085,-0.34709904365501554,0.8470706912159564,1,1,1,0.9343605518714984,1,0.0,1.0,0.0,0.0
-0.3783963797503647,0.34304092050780505,1.3609568439269502,2,1,1,0.8328509364946419,1,1.0,0.0,0.0,1.0
0.4026276993963656,-0.34709904365501554,-1.2251371051984103,3,1,0,0.25680560907250716,3,1.0,0.0,0.0,0.0
2.940955956623239,-1.3823089898992464,-1.2251371051984103,2,1,1,0.5468734798081573,3,1.0,0.0,0.0,0.0
-0.8665364292170712,-1.3823089898992464,0.7596672951767558,1,1,1,0.7279633578287676,4,0.0,0.0,1.0,0.0
-1.6475605083638016,1.0331808846706256,-1.2251371051984103,2,0,1,0.7359626797857131,0,1.0,0.0,0.0,0.0
0.7931397389697308,-0.002029061573605259,1.2887177564416257,2,1,1,-0.6073002320949722,1,0.0,1.0,0.0,0.0
-0.5736523995370473,-1.7273789719806567,0.9800819049524274,1,1,1,1.4701015965865936,2,1.0,0.0,0.0,0.0
1.2812797884364373,-1.3823089898992464,0.4826142721816077,1,0,0,0.1667293143946592,0,1.0,0.0,0.0,1.0
0.012115659823000443,-0.6921690257364259,1.2057564257358808,1,0,0,-0.7643110494586608,1,0.0,0.0,1.0,1.0
-1.2570484687904364,-0.002029061573605259,1.435907895507066,1,1,1,1.4150676467470498,4,0.0,0.0,1.0,0.0
1.0860237686497547,-0.002029061573605259,-1.2251371051984103,4,1,1,-0.28736755316389284,0,0.0,0.0,1.0,0.0
-0.3783963797503647,-0.002029061573605259,-1.2251371051984103,2,0,1,-1.51945229769335,1,1.0,0.0,0.0,0.0
-1.0617924490037538,1.378250866752036,-1.2251371051984103,2,0,0,-0.10855180961656519,0,1.0,0.0,0.0,0.0
1.3789077983297786,0.6881109025892154,-1.2251371051984103,2,1,0,-1.026873169767463,1,1.0,0.0,0.0,0.0
-0.7689084193237299,-1.3823089898992464,0.6629421226245702,1,1,1,1.4482073965290028,1,0.0,1.0,0.0,0.0
-1.0617924490037538,0.34304092050780505,-1.2251371051984103,1,0,1,-1.593440152513917,2,1.0,0.0,0.0,0.0
-1.0617924490037538,-0.34709904365501554,0.8263864444148579,1,1,1,-0.8023756542753469,3,1.0,0.0,0.0,1.0
-0.6712804094303886,0.34304092050780505,0.8700513385790297,1,1,0,-1.5860069278512463,2,0.0,1.0,0.0,0.0
-0.6712804094303886,1.378250866752036,1.3460187990755779,1,1,0,-1.2093421812209442,4,0.0,1.0,0.0,1.0
-0.476024389643706,0.6881109025892154,0.5832875383206937,2,1,1,-0.7610597750200067,1,1.0,0.0,0.0,1.0
-0.2807683698570234,-1.0372390078178362,0.6091094433228462,1,0,1,1.181800408830187,0,1.0,0.0,0.0,1.0
-0.8665364292170712,1.0331808846706256,0.07043173354493507,2,1,0,1.2940129697618559,2,1.0,0.0,0.0,1.0
-0.7689084193237299,-0.6921690257364259,-1.2251371051984103,2,0,1,-1.2642517045110238,2,1.0,0.0,0.0,1.0
-0.2807683698570234,0.34304092050780505,0.5753508669059217,2,0,1,0.17475021522172188,2,1.0,0.0,0.0,0.0
-0.2807683698570234,0.34304092050780505,0.16072631245318733,1,0,0,-1.4018337077279723,2,0.0,0.0,1.0,0.0
-0.08551235007034085,-1.0372390078178362,-1.2251371051984103,2,1,0,-1.7451608402592012,3,1.0,0.0,0.0,1.0
0.5002557092897069,-1.3823089898992464,-1.2251371051984103,2,0,0,-0.5418261116512332,0,1.0,0.0,0.0,1.0
0.4026276993963656,-1.7273789719806567,0.26531326857518617,1,1,0,1.1690062271286477,3,1.0,0.0,0.0,0.0
-0.9641644391104125,1.0331808846706256,-1.2251371051984103,1,1,0,-0.5918910045769338,3,1.0,0.0,0.0,1.0
0.3049996895030243,1.0331808846706256,0.6924988188689007,1,0,1,-0.8590393308781511,4,0.0,1.0,0.0,1.0
-0.6712804094303886,-0.34709904365501554,-1.2251371051984103,2,1,0,0.8120045297997415,4,1.0,0.0,0.0,0.0
0.10974366971634174,-0.002029061573605259,0.22452755602286134,1,0,1,1.4133937181046787,1,0.0,1.0,0.0,1.0
1.47653580822312,1.378250866752036,0.6541719238927242,1,1,1,1.4941508992855312,3,1.0,0.0,0.0,1.0
0.5002557092897069,-0.002029061573605259,0.3057712667974348,2,1,1,0.10763940708887838,1,1.0,0.0,0.0,0.0
1.183651778543096,0.6881109025892154,0.220986865113878,2,1,0,1.3831752948763674,0,0.0,1.0,0.0,1.0
0.5002557092897069,-0.6921690257364259,-1.2251371051984103,2,1,1,-1.147904353627933,0,1.0,0.0,0.0,1.0
-1.6475605083638016,0.34304092050780505,-1.2251371051984103,3,0,1,1.1839236652357976,2,0.0,0.0,1.0,0.0
0.10974366971634174,-1.3823089898992464,-1.2251371051984103,2,1,1,0.7871700346655843,3,0.0,0.0,1.0,1.0
1.8670478477964851,0.6881109025892154,1.4969560506739261,2,0,1,-1.5642051340842371,3,0.0,1.0,0.0,1.0
1.2812797884364373,0.6881109025892154,-1.2251371051984103,2,1,1,1.2803399711724932,1,1.0,0.0,0.0,1.0
3.1362119764099217,-0.34709904365501554,0.9712654613761518,1,0,1,-0.10348199330112799,2,0.0,0.0,1.0,1.0
0.012115659823000443,-1.0372390078178362,0.5823684020355578,2,1,0,-0.04848928694721089,0,1.0,0.0,0.0,1.0
0.5002557092897069,0.34304092050780505,0.8350417511110619,1,1,0,0.8105333381225812,0,1.0,0.0,0.0,0.0
-0.8665364292170712,-0.34709904365501554,0.147100405056222,1,1,0,0.7785172557950195,1,1.0,0.0,0.0,0.0
-1.745188518257143,1.0331808846706256,0.3489999552663976,1,1,0,-1.4300618282342965,2,1.0,0.0,0.0,0.0
-0.3783963797503647,-1.0372390078178362,0.4471676789346174,1,1,1,0.8223799637935861,1,1.0,0.0,0.0,0.0
-0.18314035996368214,0.6881109025892154,-1.2251371051984103,1,1,0,1.0286026126207755,3,1.0,0.0,0.0,1.0
-0.08551235007034085,0.34304092050780505,0.8891599003175007,1,0,1,-0.42306036110674033,2,1.0,0.0,0.0,0.0
-0.5736523995370473,-0.34709904365501554,-1.2251371051984103,2,1,0,0.8543694205797946,4,1.0,0.0,0.0,0.0
0.5978837191830482,1.0331808846706256,-1.2251371051984103,2,1,1,-0.019634857138059566,4,1.0,0.0,0.0,0.0
-1.0617924490037538,-1.3823089898992464,-0.11367587285053321,2,1,1,0.4886876227463848,2,0.0,1.0,0.0,1.0
-0.7689084193237299,0.6881109025892154,0.56473103441365,2,1,1,-1.1154995035919755,0,1.0,0.0,0.0,0.0
-0.476024389643706,-0.002029061573605259,-1.2251371051984103,2,1,0,-1.276580896366174,1,1.0,0.0,0.0,0.0
0.5002557092897069,-0.002029061573605259,0.964476110150172,1,1,0,1.6006713371312957,0,1.0,0.0,0.0,0.0
-1.6475605083638016,-1.0372390078178362,0.7968758329981945,2,1,1,-0.05215003784864694,2,1.0,0.0,0.0,0.0
-0.08551235007034085,-1.3823089898992464,-1.2251371051984103,2,1,0,-0.9156147777458807,4,1.0,0.0,0.0,0.0
-0.476024389643706,0.6881109025892154,1.341948932732238,1,0,1,1.534076333603503,2,0.0,1.0,0.0,0.0
-0.7689084193237299,-1.0372390078178362,1.3510934106721155,2,0,1,-0.6186204377490135,3,0.0,1.0,0.0,1.0
0.20737167960968303,1.0331808846706256,-0.6218292650198703,1,1,1,1.660110334868161,1,0.0,1.0,0.0,1.0
-1.0617924490037538,-0.6921690257364259,0.8379570965112865,1,1,1,1.7000352471166944,2,0.0,0.0,1.0,0.0
0.4026276993963656,-0.34709904365501554,0.5379682308466299,2,1,1,-0.22348417829868722,4,0.0,1.0,0.0,1.0
2.0623038675831675,-0.002029061573605259,1.3677709977511532,1,1,1,-0.27874696857535725,2,1.0,0.0,0.0,0.0
0.20737167960968303,-0.6921690257364259,0.987996174020417,1,1,0,0.11106052811812965,0,0.0,1.0,0.0,0.0
-0.6712804094303886,-1.3823089898992464,0.8899431823710768,1,0,0,-1.5403444724756759,2,0.0,1.0,0.0,1.0
0.5978837191830482,-0.002029061573605259,-1.2251371051984103,2,1,0,0.5486412069262783,3,1.0,0.0,0.0,0.0
0.3049996895030243,1.0331808846706256,1.204499174031091,2,1,0,-0.5513775460482773,4,0.0,1.0,0.0,1.0
-1.0617924490037538,-0.002029061573605259,0.3368204393877718,1,1,1,-0.06754516949185106,3,1.0,0.0,0.0,1.0
0.003935819113316791,-1.3823089898992464,1.2846958951271057,2,1,1,-0.015724383021964956,3,0.0,1.0,0.0,0.0
-0.18314035996368214,-0.6921690257364259,0.43036047827776586,1,0,0,-1.727447894333043,4,0.0,1.0,0.0,0.0
0.003935819113316791,1.0331808846706256,0.3880291638142073,2,1,0,0.8175388138921291,1,1.0,0.0,0.0,0.0
0.10974366971634174,0.34304092050780505,-1.2251371051984103,1,1,0,-1.2546847820539766,4,1.0,0.0,0.0,0.0
2.745699936836557,1.378250866752036,-1.2251371051984103,3,1,1,-0.4883221733122327,2,1.0,0.0,0.0,1.0
-0.476024389643706,1.378250866752036,-1.2251371051984103,2,1,1,-0.08166784389074523,3,1.0,0.0,0.0,1.0
-0.476024389643706,-0.34709904365501554,0.764102479789414,1,0,0,-0.04518702372674843,3,1.0,0.0,0.0,1.0
-0.6712804094303886,-0.6921690257364259,0.5207950718534093,1,0,1,-1.6599300460614628,1,0.0,0.0,1.0,1.0
0.7931397389697308,1.378250866752036,0.3033935777199918,1,1,0,-0.4713425609237552,4,0.0,1.0,0.0,0.0
0.012115659823000443,1.0331808846706256,1.1973835486258997,1,1,0,-1.2721949910149242,1,0.0,1.0,0.0,0.0
-1.745188518257143,-1.0372390078178362,0.7462818929741775,1,1,1,1.3979757894293352,3,0.0,0.0,1.0,1.0
-0.8665364292170712,-1.0372390078178362,0.6911436369053187,1,1,1,-1.3665449461147852,1,0.0,1.0,0.0,1.0
-0.476024389643706,1.378250866752036,0.2614069393633591,2,1,0,-0.050704079527671905,4,1.0,0.0,0.0,0.0
-2.038072547937167,0.6881109025892154,-1.2251371051984103,1,0,1,-0.7088709295961113,2,0.0,0.0,1.0,1.0
1.3789077983297786,0.34304092050780505,-1.2251371051984103,2,1,1,0.414849253808321,1,1.0,0.0,0.0,0.0
1.0860237686497547,-0.34709904365501554,0.7307111418429607,1,0,1,-1.499414054488955,2,0.0,1.0,0.0,1.0
3.3314679961966043,0.34304092050780505,-0.15985479037399627,1,1,1,-0.6545137557717646,3,1.0,0.0,0.0,1.0
-0.08551235007034085,-0.002029061573605259,1.0576306686587436,2,0,1,0.6083428055906133,1,0.0,1.0,0.0,0.0
-0.3783963797503647,1.0331808846706256,-1.2251371051984103,2,1,0,-0.6185870253049617,0,1.0,0.0,0.0,1.0
0.3049996895030243,0.34304092050780505,1.3097660413779408,1,1,1,0.5482935086803631,1,0.0,1.0,0.0,0.0
0.10974366971634174,-0.002029061573605259,1.0146759288875786,1,1,1,-1.7352173317139856,2,0.0,1.0,0.0,0.0
-1.5499324984704603,1.378250866752036,1.0639802938207341,1,0,1,-0.65082168070403,4,0.0,0.0,1.0,0.0
-0.08551235007034085,-0.002029061573605259,1.12321577909936,1,1,0,-0.3847811857509084,4,0.0,1.0,0.0,1.0
0.20737167960968303,1.0331808846706256,-1.2251371051984103,3,1,1,-0.35697019872579455,1,0.0,0.0,1.0,0.0
-0.6712804094303886,-0.34709904365501554,-1.2251371051984103,2,1,0,-0.7084607570407451,1,1.0,0.0,0.0,0.0
1.5741638181164612,1.0331808846706256,1.2560684162239633,2,1,1,0.7692651412092736,3,0.0,1.0,0.0,1.0
-2.038072547937167,-1.3823089898992464,0.898201007428653,1,1,0,1.1713503189066639,1,0.0,1.0,0.0,1.0
-0.5736523995370473,0.34304092050780505,-1.2251371051984103,2,0,0,-1.0759699719313889,4,1.0,0.0,0.0,1.0
-0.3783963797503647,-1.0372390078178362,0.8208841080115362,2,1,0,0.6735421434866551,3,0.0,1.0,0.0,1.0
-0.9641644391104125,0.6881109025892154,1.111290049806428,1,0,0,-0.8723844698602543,2,1.0,0.0,0.0,0.0
0.10974366971634174,1.378250866752036,0.5782684525408243,1,0,0,-1.2384513809159912,1,1.0,0.0,0.0,1.0
-0.2807683698570234,-0.6921690257364259,1.0019793988485644,1,0,0,0.4089658792848493,4,1.0,0.0,0.0,1.0
-0.9641644391104125,-1.0372390078178362,-0.5047059556383521,1,1,1,1.2723918120205016,2,0.0,0.0,1.0,1.0
-0.08551235007034085,1.0331808846706256,-1.2251371051984103,1,1,0,0.05883722611130576,2,0.0,0.0,1.0,0.0
0.4026276993963656,0.34304092050780505,0.32810864677432333,1,0,1,-0.6866866329539661,4,0.0,1.0,0.0,0.0
-0.9641644391104125,-0.002029061573605259,0.5760855038636268,1,1,0,-1.0101199614920662,3,1.0,0.0,0.0,0.0
-0.2807683698570234,1.0331808846706256,1.1262032920595768,2,1,1,0.5161860642010966,2,0.0,0.0,1.0,1.0
-0.3783963797503647,1.378250866752036,0.5079724486053614,1,1,0,0.498605201842831,0,1.0,0.0,0.0,0.0
-0.2807683698570234,-0.002029061573605259,0.07437054615959686,2,0,1,0.13267263665588608,4,1.0,0.0,0.0,1.0
0.012115659823000443,-0.6921690257364259,-1.2251371051984103,1,1,1,-0.08273930440130543,3,0.0,0.0,1.0,1.0
-0.08551235007034085,0.6881109025892154,0.5439341358115879,2,1,0,-0.9372338472094812,3,0.0,1.0,0.0,1.0
1.7694198379031438,1.378250866752036,0.5994322695798322,2,1,1,-0.5083626788175273,0,1.0,0.0,0.0,0.0
0.012115659823000443,0.34304092050780505,-1.2251371051984103,2,1,1,-0.3301311309716694,0,0.0,0.0,1.0,1.0
0.5978837191830482,-0.002029061573605259,0.11722015491764615,1,0,1,-1.153037688391698,3,0.0,0.0,1.0,1.0
0.5002557092897069,-0.002029061573605259,-1.2251371051984103,3,0,0,-1.6518357074667445,0,0.0,0.0,1.0,0.0
-0.2807683698570234,0.6881109025892154,0.14558184597789012,1,0,0,0.5986131714919596,0,0.0,0.0,1.0,0.0
0.10974366971634174,-1.0372390078178362,-1.2251371051984103,1,1,0,-0.38271535698351206,3,0.0,0.0,1.0,1.0
0.3049996895030243,-1.7273789719806567,-1.2251371051984103,2,0,1,0.7020982976233847,3,1.0,0.0,0.0,0.0
1.8670478477964851,-0.6921690257364259,0.6042959790830883,2,1,1,-1.0014757097556604,4,0.0,1.0,0.0,1.0
-0.8665364292170712,-0.002029061573605259,0.9615061990338561,1,1,1,-1.018275730257359,3,0.0,1.0,0.0,0.0
0.012115659823000443,-0.002029061573605259,0.06484538834117878,2,0,0,1.4023270641745105,3,0.0,1.0,0.0,1.0
0.012115659823000443,0.34304092050780505,0.907264356869825,1,1,1,-0.3883088089455753,3,0.0,0.0,1.0,1.0
-0.7689084193237299,0.34304092050780505,-1.2251371051984103,1,0,0,-0.6796143322963145,3,1.0,0.0,0.0,0.0
0.5002557092897069,-0.6921690257364259,1.4009466331014433,2,1,1,-1.5359063601805945,0,0.0,1.0,0.0,1.0
0.10974366971634174,-1.0372390078178362,0.5364344701758385,1,1,0,1.0335862874788915,2,0.0,1.0,0.0,0.0
0.20737167960968303,1.0331808846706256,0.7044496707935816,1,0,1,-1.3902427220585936,0,0.0,1.0,0.0,1.0
0.10974366971634174,1.378250866752036,-1.2251371051984103,1,1,1,-0.06455092723999198,2,1.0,0.0,0.0,1.0
0.10974366971634174,-1.3823089898992464,0.3590966929612966,1,1,1,0.9130378438257124,0,0.0,0.0,1.0,1.0
-0.7689084193237299,-0.002029061573605259,-1.2251371051984103,2,0,1,-1.5032232471340172,3,0.0,0.0,1.0,0.0
0.10974366971634174,-1.3823089898992464,1.0332881186280536,1,1,1,-0.5668925796391467,1,1.0,0.0,0.0,1.0
1.3789077983297786,1.7233208488334462,0.5388883272323421,1,0,0,1.4548514262240935,2,1.0,0.0,0.0,0.0
-0.476024389643706,-0.6921690257364259,0.7075114315317065,1,1,1,0.5455623894254126,1,1.0,0.0,0.0,0.0
0.7931397389697308,-0.34709904365501554,-1.2251371051984103,2,1,0,1.6906190287041731,3,1.0,0.0,0.0,1.0
0.5002557092897069,0.34304092050780505,1.4657982267016936,1,0,1,1.6847869910088018,3,1.0,0.0,0.0,0.0
0.5978837191830482,1.378250866752036,0.47795282386644566,2,1,1,1.1091915134193453,3,0.0,1.0,0.0,0.0
-0.9641644391104125,-1.0372390078178362,-1.2251371051984103,1,1,1,1.1928395671032712,1,0.0,0.0,1.0,1.0
-0.5736523995370473,-1.0372390078178362,0.431306337362278,1,1,0,0.23542321108760775,4,1.0,0.0,0.0,0.0
2.0623038675831675,-1.0372390078178362,0.6400755672133253,1,1,0,0.345926168631954,3,1.0,0.0,0.0,1.0
0.4026276993963656,-0.6921690257364259,0.7385490829151267,2,1,1,-0.23282800308242976,2,0.0,1.0,0.0,0.0
-0.08551235007034085,1.0331808846706256,0.15072014424599525,1,1,0,-1.5860674879060903,0,1.0,0.0,0.0,1.0
-1.0617924490037538,-0.6921690257364259,0.3703210687831717,2,0,0,0.8064961751561233,3,0.0,1.0,0.0,0.0
-0.7689084193237299,0.6881109025892154,-1.2251371051984103,2,1,1,1.310713449023983,0,1.0,0.0,0.0,0.0
-0.2807683698570234,-0.34709904365501554,-0.26673510673947814,2,1,0,-0.9811405830640124,2,0.0,0.0,1.0,1.0
-1.0617924490037538,-1.7273789719806567,0.3113576120011911,1,1,1,-0.7376326050683893,3,0.0,0.0,1.0,1.0
-0.3783963797503647,1.0331808846706256,0.8117260286468266,1,1,0,-1.4669787504024292,4,0.0,0.0,1.0,1.0
-0.08551235007034085,1.378250866752036,0.1986502852208032,2,0,1,0.5746860330415865,0,0.0,1.0,0.0,1.0
1.2812797884364373,-0.34709904365501554,0.16527798926911486,1,1,0,-0.16535279048164522,2,0.0,1.0,0.0,0.0
-0.476024389643706,-0.34709904365501554,0.47629040971841713,1,1,0,-0.2035875899352207,3,1.0,0.0,0.0,0.0
-0.5736523995370473,1.7233208488334462,-0.1538461609333888,2,1,1,0.7026967632228349,1,0.0,0.0,1.0,0.0
0.8907677488630721,-1.0372390078178362,0.49100571123606573,1,1,1,0.05799356189899542,2,0.0,1.0,0.0,1.0
0.003935819113316791,1.378250866752036,-1.2251371051984103,2,1,1,-0.9003016110044914,4,1.0,0.0,0.0,1.0
3.3314679961966043,0.6881109025892154,-1.2251371051984103,2,0,0,0.5308466441445971,0,1.0,0.0,0.0,0.0
0.20737167960968303,-0.002029061573605259,-1.2251371051984103,2,1,1,0.595973066342421,4,0.0,0.0,1.0,1.0
0.5978837191830482,1.378250866752036,-0.534910399738224,1,0,1,-0.40110908145722785,3,1.0,0.0,0.0,1.0
-0.476024389643706,1.0331808846706256,0.5655373588810593,1,0,1,1.6852798245585676,0,0.0,1.0,0.0,0.0
0.9883957587564134,-1.3823089898992464,1.1875591594611719,2,1,1,0.6156545620973036,0,0.0,0.0,1.0,1.0
0.5978837191830482,-1.3823089898992464,-1.2251371051984103,2,1,0,-0.9322752316844042,3,1.0,0.0,0.0,0.0
-1.3546764786837777,-0.002029061573605259,1.3030181344935088,2,1,0,0.7946230979669108,4,1.0,0.0,0.0,1.0
-0.18314035996368214,1.0331808846706256,0.9877769510554736,2,0,0,0.9056752725603601,2,0.0,1.0,0.0,1.0
-1.0617924490037538,-0.34709904365501554,-1.2251371051984103,2,1,1,1.3320803589488794,1,1.0,0.0,0.0,1.0
0.6955117290763895,1.7233208488334462,0.13847150112586887,1,1,0,0.29566515162059487,0,1.0,0.0,0.0,0.0
-0.08551235007034085,-1.0372390078178362,0.6350398396901317,1,1,0,0.08285920717630524,1,1.0,0.0,0.0,1.0
0.003935819113316791,-0.34709904365501554,0.2783859980233852,1,1,0,-1.1102676717275157,2,0.0,1.0,0.0,1.0
0.4026276993963656,-0.6921690257364259,-0.33139019975509293,2,0,1,-0.09689051859616059,3,0.0,0.0,1.0,0.0
-0.476024389643706,1.7233208488334462,-1.2251371051984103,2,0,1,1.4445241966417195,1,0.0,0.0,1.0,1.0
0.012115659823000443,0.6881109025892154,-1.2251371051984103,2,1,0,-0.3009765112354893,1,1.0,0.0,0.0,1.0
1.6717918280098025,-0.6921690257364259,0.6350776036461366,1,0,1,-1.0084580404467764,2,0.0,1.0,0.0,0.0
-0.5736523995370473,-0.6921690257364259,0.6536829126658136,1,1,1,-1.5246653350580304,0,1.0,0.0,0.0,1.0
0.012115659823000443,0.34304092050780505,-1.2251371051984103,2,1,0,0.7081062727194665,2,1.0,0.0,0.0,0.0
1.5741638181164612,-0.6921690257364259,1.3608747553276683,1,1,0,-1.606210667067586,4,0.0,1.0,0.0,0.0
0.012115659823000443,0.6881109025892154,1.521498781674795,1,0,1,0.007166795639653186,4,0.0,0.0,1.0,0.0
1.183651778543096,-0.6921690257364259,-1.2251371051984103,1,1,0,1.2809833347436383,2,1.0,0.0,0.0,0.0
-0.08551235007034085,1.0331808846706256,-1.2251371051984103,2,1,0,-0.2841862360299724,2,1.0,0.0,0.0,0.0
0.5978837191830482,-1.0372390078178362,0.23981283724936325,1,1,1,-0.9265007956503934,4,0.0,0.0,1.0,1.0
0.5978837191830482,-0.34709904365501554,0.7397720910326917,1,1,1,-0.6678571545224069,1,0.0,1.0,0.0,0.0
1.47653580822312,-1.3823089898992464,0.045646737165289275,1,0,1,0.6848856682422743,3,0.0,0.0,1.0,1.0
-0.9641644391104125,-0.6921690257364259,1.741237960694972,1,1,0,-0.6212706362410259,3,0.0,1.0,0.0,1.0
-0.6712804094303886,-1.3823089898992464,1.1107912775569908,1,0,1,-0.7612337981661103,2,0.0,1.0,0.0,0.0
-0.9641644391104125,1.378250866752036,0.8749326499261861,1,1,1,1.1027248133101342,4,1.0,0.0,0.0,0.0
-0.9641644391104125,0.34304092050780505,-1.2251371051984103,2,0,0,1.17716338807911,4,1.0,0.0,0.0,1.0
-0.5736523995370473,1.7233208488334462,-1.2251371051984103,1,0,0,1.008582989893013,3,0.0,0.0,1.0,1.0
-0.5736523995370473,1.378250866752036,1.4785824459266856,1,0,1,0.3237349110639647,4,0.0,0.0,1.0,0.0
-0.18314035996368214,-1.0372390078178362,0.9185908233863233,2,1,0,0.8407079075180748,1,1.0,0.0,0.0,0.0
0.9883957587564134,1.7233208488334462,-1.2251371051984103,1,1,0,-0.30300144456355116,3,1.0,0.0,0.0,0.0
-0.476024389643706,-0.002029061573605259,0.3539638352631243,2,1,0,-1.473042238882118,2,0.0,0.0,1.0,0.0
0.20737167960968303,1.7233208488334462,-0.0038949326269983654,1,1,1,0.7099387364479375,4,1.0,0.0,0.0,0.0
-0.9641644391104125,1.378250866752036,1.0837063602465902,2,1,0,-1.188860527040277,0,0.0,1.0,0.0,1.0
-1.159420458897095,0.34304092050780505,-0.22759564664214577,2,0,0,-0.8092922042172358,0,1.0,0.0,0.0,0.0
-1.452304488577119,-0.34709904365501554,-1.2251371051984103,2,0,1,-1.149318117666879,2,1.0,0.0,0.0,0.0
-0.7689084193237299,0.6881109025892154,0.7685634271008722,1,1,0,-0.24885066219048355,1,0.0,1.0,0.0,1.0
-0.3783963797503647,0.6881109025892154,-0.031036015821118177,3,1,0,0.5059159142106445,2,1.0,0.0,0.0,1.0
1.9646758576898262,-0.34709904365501554,1.267380801265341,1,1,1,0.17220704096456338,1,0.0,0.0,1.0,1.0
-0.9641644391104125,-0.6921690257364259,0.1960421720050252,2,1,1,-0.6594008477837929,1,1.0,0.0,0.0,0.0
0.5002557092897069,-1.3823089898992464,-0.2100082042502104,1,1,0,-0.6265551971187548,3,1.0,0.0,0.0,1.0
-0.8665364292170712,-0.002029061573605259,0.34326303428891014,1,1,1,-1.52483239727829,2,1.0,0.0,0.0,1.0
-1.5499324984704603,-0.002029061573605259,1.7230894995328965,1,1,0,0.047328901436326405,2,0.0,1.0,0.0,1.0
-0.3783963797503647,0.6881109025892154,-1.2251371051984103,2,1,0,-1.5168019251781917,2,1.0,0.0,0.0,1.0
0.10974366971634174,1.7233208488334462,0.7167621606020383,1,1,0,0.660953135074372,0,0.0,0.0,1.0,1.0
0.6955117290763895,1.0331808846706256,-1.2251371051984103,1,0,0,1.083969294715669,4,1.0,0.0,0.0,0.0
-0.3783963797503647,1.378250866752036,0.5021531189950665,2,0,0,-0.9031985743176786,3,1.0,0.0,0.0,0.0
2.159931877476509,-0.002029061573605259,-0.23215036377656526,3,1,0,1.1472585545600769,2,1.0,0.0,0.0,0.0
-2.038072547937167,1.378250866752036,0.22371867128724823,1,0,1,-1.6637013016606748,3,0.0,1.0,0.0,1.0
-1.2570484687904364,0.6881109025892154,0.4774052465043748,1,0,0,0.05540374943868102,0,1.0,0.0,0.0,1.0
-1.159420458897095,-1.3823089898992464,-0.23154662053077527,1,1,1,0.09584342215338948,2,1.0,0.0,0.0,1.0
-0.18314035996368214,1.0331808846706256,0.5853424735877051,1,0,0,-1.688305912218829,0,1.0,0.0,0.0,0.0
-0.476024389643706,-0.002029061573605259,0.1518898667815701,2,1,1,0.06684176876263462,4,0.0,1.0,0.0,1.0
0.012115659823000443,0.34304092050780505,-1.2251371051984103,2,1,1,1.1074737309441565,1,0.0,0.0,1.0,0.0
-1.159420458897095,1.378250866752036,0.28969822304800036,2,0,1,-1.6690387655748191,1,0.0,1.0,0.0,1.0
1.183651778543096,-0.6921690257364259,1.2545304951173404,3,0,1,1.593229585334466,1,0.0,0.0,1.0,0.0
0.003935819113316791,-0.34709904365501554,1.6950339205397604,1,1,0,1.4870484926236034,0,0.0,1.0,0.0,0.0
-0.6712804094303886,-0.002029061573605259,-0.14510332506797016,2,0,1,-0.4004126408265213,4,0.0,1.0,0.0,0.0
0.3049996895030243,-0.6921690257364259,-1.2251371051984103,2,1,1,0.48847949106364497,2,0.0,0.0,1.0,0.0
-0.5736523995370473,1.7233208488334462,0.9884701436716307,1,1,1,-0.34623244854176205,4,0.0,1.0,0.0,0.0
0.012115659823000443,0.34304092050780505,-1.2251371051984103,2,1,0,-1.5333783259371472,3,0.0,0.0,1.0,1.0
0.7931397389697308,0.6881109025892154,0.6087151620194733,2,1,0,0.9190995920739405,2,0.0,1.0,0.0,0.0
1.9646758576898262,-0.002029061573605259,-1.2251371051984103,1,1,1,0.642048652666842,2,1.0,0.0,0.0,1.0
2.6480719269432154,0.6881109025892154,-1.2251371051984103,2,1,1,-0.4489576155941525,1,1.0,0.0,0.0,1.0
0.8907677488630721,-0.34709904365501554,0.7525615908108539,2,1,0,-0.3116836333458076,2,0.0,1.0,0.0,1.0
0.20737167960968303,-0.34709904365501554,0.5694971336916392,1,0,1,-1.1161381685381757,0,0.0,0.0,1.0,0.0
0.8907677488630721,1.0331808846706256,0.7075885596113435,1,1,0,-0.6341203313261721,1,0.0,1.0,0.0,0.0
-1.8428165281504842,-0.6921690257364259,1.7718882114958168,1,1,0,0.05354587833087872,1,0.0,0.0,1.0,1.0
-0.7689084193237299,1.7233208488334462,-1.2251371051984103,2,1,0,1.0547671666606024,3,1.0,0.0,0.0,0.0
0.3049996895030243,-0.6921690257364259,0.1799267238134667,2,1,1,-0.6224063112924981,4,0.0,1.0,0.0,1.0
-0.476024389643706,-1.7273789719806567,-1.2251371051984103,2,1,0,1.4822612898974388,2,1.0,0.0,0.0,0.0
0.003935819113316791,-0.002029061573605259,-1.2251371051984103,2,1,1,-0.9009632470059775,1,1.0,0.0,0.0,1.0
-0.2807683698570234,-1.3823089898992464,0.6608980684974246,2,1,0,-1.2662005897242385,3,0.0,1.0,0.0,1.0
-0.8665364292170712,-1.3823089898992464,1.0099282315373042,2,0,1,-1.4658583893878139,3,0.0,1.0,0.0,0.0
-1.3546764786837777,-0.6921690257364259,-1.2251371051984103,2,0,0,1.5082445118190262,1,1.0,0.0,0.0,1.0
-0.7689084193237299,-0.6921690257364259,0.3487882530893025,1,0,0,-1.3818434949119016,2,1.0,0.0,0.0,0.0
3.6243520258766284,0.6881109025892154,-1.2251371051984103,2,0,1,1.538241403582348,3,1.0,0.0,0.0,0.0
-0.18314035996368214,-1.7273789719806567,0.7072906083991355,1,1,1,0.2896362937469805,0,1.0,0.0,0.0,1.0
2.745699936836557,1.0331808846706256,0.4246606811892323,2,1,1,0.9331554415847307,0,1.0,0.0,0.0,1.0
-0.08551235007034085,1.378250866752036,0.950754992779381,4,1,1,-0.41411557139701355,1,1.0,0.0,0.0,0.0
0.7931397389697308,1.7233208488334462,0.3723929658270328,1,0,1,-0.19623685224380305,2,0.0,0.0,1.0,1.0
-0.18314035996368214,0.6881109025892154,-1.2251371051984103,2,1,0,-0.43734157059173495,2,1.0,0.0,0.0,1.0
-1.3546764786837777,1.0331808846706256,1.0043780501219253,1,0,0,-0.8006310722356579,0,0.0,1.0,0.0,1.0
0.003935819113316791,0.6881109025892154,-1.2251371051984103,2,1,1,1.278575550494148,4,1.0,0.0,0.0,1.0
-0.2807683698570234,0.6881109025892154,-1.2251371051984103,2,1,0,1.4702750976632584,4,1.0,0.0,0.0,0.0
-0.476024389643706,1.378250866752036,1.1888244120040983,1,0,1,-1.6034971241503921,3,1.0,0.0,0.0,1.0
-0.5736523995370473,0.6881109025892154,0.8814357311636376,2,0,0,-0.3585632066052271,1,0.0,1.0,0.0,0.0
0.5978837191830482,-1.0372390078178362,1.197859758511792,1,0,1,0.2602324728655799,2,0.0,1.0,0.0,1.0
1.2812797884364373,-1.7273789719806567,0.9558697685833643,1,1,0,0.7694219360639126,2,0.0,0.0,1.0,1.0
-0.9641644391104125,1.0331808846706256,0.05826309880617499,2,1,0,-0.5247895936939797,4,0.0,1.0,0.0,0.0
-1.6475605083638016,-1.0372390078178362,-1.2251371051984103,2,1,0,-1.2574136390080275,0,1.0,0.0,0.0,1.0
-1.745188518257143,-0.6921690257364259,-1.2251371051984103,2,1,1,-1.6837271892216965,1,1.0,0.0,0.0,0.0
-0.5736523995370473,1.7233208488334462,1.135009334546275,2,1,0,0.0011833578071719184,0,1.0,0.0,0.0,0.0
-1.452304488577119,0.34304092050780505,-1.2251371051984103,2,1,1,-1.51782344104582,4,1.0,0.0,0.0,0.0
-1.0617924490037538,0.34304092050780505,1.1686179752565191,2,1,0,0.03385898785846686,2,0.0,0.0,1.0,1.0
0.003935819113316791,-0.6921690257364259,0.7668080432136961,1,1,0,0.45026366013299474,3,0.0,0.0,1.0,1.0
-0.3783963797503647,-1.3823089898992464,-1.2251371051984103,2,1,0,-1.6824192312555815,0,1.0,0.0,0.0,0.0
-1.745188518257143,1.7233208488334462,0.7864688228003571,1,0,0,1.2998300414666617,2,1.0,0.0,0.0,0.0
0.012115659823000443,-1.0372390078178362,0.5594501612099503,1,1,0,1.7246638728690113,3,1.0,0.0,0.0,1.0
-0.5736523995370473,1.378250866752036,-1.2251371051984103,2,1,1,-0.2819996351991803,2,1.0,0.0,0.0,1.0
-0.08551235007034085,-1.0372390078178362,0.9440469300688692,2,1,1,-0.4963702217500875,0,0.0,1.0,0.0,1.0
0.7931397389697308,1.7233208488334462,-1.2251371051984103,2,1,0,1.219944890270935,2,1.0,0.0,0.0,1.0
-0.5736523995370473,-0.6921690257364259,-1.2251371051984103,1,1,1,-1.6991588657255823,0,0.0,0.0,1.0,1.0
-1.159420458897095,-1.3823089898992464,0.7815783904977248,1,1,1,0.18106916967989092,1,1.0,0.0,0.0,0.0
-0.3783963797503647,1.0331808846706256,-1.2251371051984103,2,0,1,-0.5733758119472376,0,1.0,0.0,0.0,1.0
-0.8665364292170712,-1.7273789719806567,-1.2251371051984103,2,1,1,0.5250963973278949,0,1.0,0.0,0.0,0.0
1.0860237686497547,1.378250866752036,0.8554549295160915,1,1,0,-0.6506674961965822,4,0.0,1.0,0.0,1.0
1.8670478477964851,-1.0372390078178362,0.4003016494319807,1,1,1,-0.4909366970592938,4,1.0,0.0,0.0,1.0
2.0623038675831675,1.378250866752036,-1.2251371051984103,3,1,1,-0.43737794142927056,3,1.0,0.0,0.0,1.0
-1.2570484687904364,-1.3823089898992464,-1.2251371051984103,2,1,1,0.07059092342229134,3,1.0,0.0,0.0,1.0
2.4528159071565327,-0.002029061573605259,-1.2251371051984103,1,1,0,0.6212645462582469,0,0.0,0.0,1.0,0.0
1.5741638181164612,0.34304092050780505,-1.2251371051984103,1,0,0,-0.14679879069036786,2,0.0,0.0,1.0,0.0
-1.3546764786837777,-0.002029061573605259,1.8162461382593835,1,0,0,-0.8533075305149357,3,1.0,0.0,0.0,0.0
1.47653580822312,-0.6921690257364259,1.0153283172292396,1,0,1,-0.2441294142366919,0,1.0,0.0,0.0,1.0
0.3049996895030243,-0.002029061573605259,-0.4329134749378143,3,1,1,-0.000966176093500236,2,0.0,1.0,0.0,0.0
-0.08551235007034085,-0.002029061573605259,0.6769239073018528,1,1,1,1.0952663552912787,3,0.0,0.0,1.0,1.0
0.5978837191830482,0.6881109025892154,0.6730865453147634,2,1,0,0.8136091972299629,4,1.0,0.0,0.0,1.0
-0.476024389643706,1.0331808846706256,0.5135079084785686,1,0,1,0.7717162572221434,0,0.0,0.0,1.0,1.0
-0.18314035996368214,-0.002029061573605259,1.3413688719673325,1,0,1,1.4472208593137412,2,1.0,0.0,0.0,0.0
0.8907677488630721,0.34304092050780505,0.6913799816638747,1,0,1,-0.5977152112307302,2,1.0,0.0,0.0,0.0
-0.5736523995370473,-1.0372390078178362,0.8894885747481536,2,1,0,-1.345400089724317,4,1.0,0.0,0.0,1.0
-1.2570484687904364,-0.34709904365501554,-0.17145296535361465,2,1,0,-1.2221701234128277,1,0.0,0.0,1.0,1.0
-0.6712804094303886,0.6881109025892154,1.5824210036493844,1,0,1,-0.4007685181603032,3,0.0,1.0,0.0,1.0
1.7694198379031438,-1.0372390078178362,0.6796280305752703,2,1,1,-1.2269978735320344,0,0.0,0.0,1.0,0.0
1.5741638181164612,1.0331808846706256,0.14853367520001737,2,1,1,0.4966427428242203,1,0.0,0.0,1.0,1.0
0.5002557092897069,-0.6921690257364259,-1.2251371051984103,2,0,1,-0.3818033016747831,4,0.0,0.0,1.0,1.0
-0.5736523995370473,-0.6921690257364259,0.20343622657737118,1,1,0,-1.6257334537132222,4,1.0,0.0,0.0,1.0
-1.9404445380438253,1.378250866752036,0.11092461542145929,1,1,1,0.742083073834178,1,0.0,1.0,0.0,0.0
0.5002557092897069,1.7233208488334462,-1.2251371051984103,2,1,0,1.2225989172721612,4,1.0,0.0,0.0,0.0
1.5741638181164612,-0.002029061573605259,-1.2251371051984103,1,0,0,-1.5722079365041048,0,1.0,0.0,0.0,0.0
2.5504439170498743,1.7233208488334462,0.7959808592442312,3,0,0,-1.6100247323607395,1,0.0,1.0,0.0,1.0
0.10974366971634174,-0.6921690257364259,-1.2251371051984103,2,0,0,0.4262644761001348,0,1.0,0.0,0.0,1.0
1.9646758576898262,1.378250866752036,0.40078954054155236,1,0,0,1.0632755063199015,4,0.0,1.0,0.0,0.0
-0.3783963797503647,0.6881109025892154,-1.2251371051984103,2,1,0,0.8771594917935265,1,1.0,0.0,0.0,1.0
-0.08551235007034085,0.6881109025892154,0.40680681088734727,2,0,0,-0.9845926802132703,4,0.0,1.0,0.0,1.0
0.5002557092897069,-1.0372390078178362,0.9155169013742308,2,0,1,-0.8790690469483871,3,0.0,1.0,0.0,0.0
-0.9641644391104125,0.6881109025892154,1.5727863943652571,1,1,1,-0.3689503001498609,0,1.0,0.0,0.0,1.0
1.47653580822312,-0.6921690257364259,-1.2251371051984103,1,1,0,0.5294829987717291,3,1.0,0.0,0.0,0.0
-0.08551235007034085,-0.002029061573605259,-1.2251371051984103,2,0,0,0.050910123759992966,4,1.0,0.0,0.0,1.0
-0.7689084193237299,-1.0372390078178362,-1.2251371051984103,2,1,1,0.12842525372893457,3,1.0,0.0,0.0,1.0
-1.0617924490037538,1.378250866752036,1.2201203304425687,1,1,0,1.1538263621171743,2,0.0,1.0,0.0,0.0
-0.7689084193237299,1.0331808846706256,1.1604872035085525,2,1,1,1.6827660602131003,4,0.0,1.0,0.0,1.0
-0.9641644391104125,1.7233208488334462,0.18906864148514055,1,1,0,-0.20585632969097367,3,1.0,0.0,0.0,0.0
-0.2807683698570234,1.0331808846706256,0.25198627249100514,2,1,1,-0.4777800251444208,4,0.0,1.0,0.0,1.0
0.6955117290763895,-1.3823089898992464,-1.2251371051984103,2,1,0,0.06773868405765264,1,0.0,0.0,1.0,0.0
0.5978837191830482,0.34304092050780505,0.2757628432319103,2,1,1,1.0779294733838505,0,0.0,1.0,0.0,1.0
-0.5736523995370473,0.6881109025892154,0.9943757223170383,2,1,0,-1.1005811953690952,2,1.0,0.0,0.0,1.0
0.003935819113316791,0.34304092050780505,-1.2251371051984103,2,1,1,-1.59036899203148,3,1.0,0.0,0.0,1.0
0.8907677488630721,1.378250866752036,-1.2251371051984103,1,1,0,0.8616453283183876,0,1.0,0.0,0.0,0.0
0.4026276993963656,1.7233208488334462,0.5790699765053517,1,1,1,-1.2537937835459259,0,1.0,0.0,0.0,1.0
0.5978837191830482,-1.0372390078178362,0.530730352634711,1,1,1,0.4090100811639595,4,1.0,0.0,0.0,0.0
-0.476024389643706,0.34304092050780505,0.4093369959396744,2,1,1,0.03914563701394904,1,0.0,1.0,0.0,0.0
-0.9641644391104125,1.378250866752036,-1.2251371051984103,2,1,0,-1.5182762492719817,1,0.0,0.0,1.0,1.0
0.20737167960968303,1.0331808846706256,0.49544425620074145,1,1,0,-1.4247121826999247,4,0.0,0.0,1.0,1.0
0.4026276993963656,-0.34709904365501554,-1.2251371051984103,2,1,1,-0.5912116182145453,3,0.0,0.0,1.0,0.0
0.20737167960968303,1.378250866752036,0.5192573107635494,1,1,0,1.6727179637570766,1,0.0,0.0,1.0,0.0
0.10974366971634174,-0.34709904365501554,-1.2251371051984103,2,1,1,-0.3214458097727832,4,0.0,0.0,1.0,1.0
0.8907677488630721,-0.6921690257364259,1.0479875784861916,2,0,1,-0.36970782290485,0,0.0,1.0,0.0,1.0
-1.745188518257143,0.34304092050780505,-0.0015343653431676282,1,1,1,1.272669378938537,3,1.0,0.0,0.0,1.0
0.10974366971634174,1.0331808846706256,1.18599083516963,2,0,1,1.6679570385259737,3,0.0,1.0,0.0,0.0
-1.9404445380438253,-0.6921690257364259,-1.2251371051984103,2,1,1,0.41622490677827023,4,1.0,0.0,0.0,0.0
-0.08551235007034085,1.0331808846706256,0.29725293445012996,1,1,1,-0.24022276862981135,0,1.0,0.0,0.0,0.0
-1.6475605083638016,-0.34709904365501554,1.572802236024768,1,1,1,-1.256977362980746,3,1.0,0.0,0.0,0.0
0.012115659823000443,-0.002029061573605259,0.2396324983577636,1,1,1,-0.11479488998303305,3,0.0,1.0,0.0,1.0
-0.8665364292170712,-1.3823089898992464,-1.2251371051984103,3,1,0,1.1184152622322763,3,0.0,0.0,1.0,1.0
0.8907677488630721,0.34304092050780505,0.7059856716990515,1,1,0,-1.2137072037946617,1,1.0,0.0,0.0,1.0
0.20737167960968303,-0.34709904365501554,-1.2251371051984103,2,0,1,0.8218622449339278,0,0.0,0.0,1.0,0.0
0.9883957587564134,-0.34709904365501554,0.10204592532448066,2,0,0,-0.6607053252869858,0,0.0,0.0,1.0,0.0
-0.08551235007034085,1.7233208488334462,-1.2251371051984103,1,0,0,-0.8360343410789812,0,1.0,0.0,0.0,0.0
0.003935819113316791,-1.0372390078178362,-0.12273730209055239,2,1,0,-1.6092698199529418,0,1.0,0.0,0.0,0.0
-0.476024389643706,1.0331808846706256,-1.2251371051984103,2,1,0,-0.8143500129355918,4,1.0,0.0,0.0,0.0
0.012115659823000443,-0.34709904365501554,-1.2251371051984103,2,1,0,-0.156848975424145,1,0.0,0.0,1.0,0.0
-0.08551235007034085,1.378250866752036,0.2007983502437251,1,0,0,0.9894968273209512,1,0.0,1.0,0.0,1.0
-0.7689084193237299,-1.7273789719806567,0.594071548011529,1,1,0,-1.1708298148493335,0,0.0,1.0,0.0,1.0
0.10974366971634174,1.378250866752036,0.7944767016745452,1,1,0,-0.5252533653783458,4,1.0,0.0,0.0,1.0
-0.476024389643706,-0.002029061573605259,-1.2251371051984103,2,1,0,1.0255519868695784,2,0.0,0.0,1.0,1.0
0.10974366971634174,1.378250866752036,-0.08357607971348853,1,1,0,-0.42091535180786677,0,0.0,1.0,0.0,0.0
-0.9641644391104125,0.34304092050780505,-1.2251371051984103,2,1,1,0.14452831153048815,1,1.0,0.0,0.0,1.0
-0.8665364292170712,1.378250866752036,-1.2251371051984103,2,1,1,1.6484408647598894,3,1.0,0.0,0.0,0.0
0.10974366971634174,0.6881109025892154,0.7645097224505684,1,0,0,1.6171979672704655,1,1.0,0.0,0.0,1.0
0.012115659823000443,1.7233208488334462,0.7682981193082616,2,1,0,0.838879968391402,0,0.0,1.0,0.0,1.0
-0.476024389643706,1.0331808846706256,-1.2251371051984103,2,1,1,0.5754590438565785,3,1.0,0.0,0.0,1.0
0.10974366971634174,0.34304092050780505,-1.2251371051984103,1,1,1,1.069694176040788,2,1.0,0.0,0.0,0.0
0.012115659823000443,-1.3823089898992464,0.5547787918554987,1,1,1,0.4109664493724565,0,0.0,0.0,1.0,1.0
-1.2570484687904364,1.7233208488334462,0.5321535417224544,2,1,0,0.9416716122856047,1,0.0,1.0,0.0,0.0
-1.0617924490037538,-0.6921690257364259,0.4721653375919344,2,1,1,1.4533330742743393,3,0.0,1.0,0.0,1.0
0.9883957587564134,-1.3823089898992464,-1.2251371051984103,1,1,0,-0.3660963205537613,2,1.0,0.0,0.0,0.0
-1.9404445380438253,-1.3823089898992464,-1.2251371051984103,2,0,1,-1.3622126398925352,2,1.0,0.0,0.0,0.0
-1.0617924490037538,0.6881109025892154,0.5049106878672367,1,1,1,-1.2698180088622946,3,1.0,0.0,0.0,1.0
-0.18314035996368214,-0.002029061573605259,-0.3678764219095568,1,1,0,-0.6534318538724383,0,1.0,0.0,0.0,0.0
-0.3783963797503647,1.0331808846706256,-1.2251371051984103,1,1,1,-0.5720405323471845,3,1.0,0.0,0.0,0.0
-0.2807683698570234,-1.3823089898992464,0.5848166585053659,1,1,0,-0.03422043310558951,0,0.0,0.0,1.0,1.0
1.9646758576898262,0.34304092050780505,-0.339789959681213,1,1,0,-0.2964797531401715,0,1.0,0.0,0.0,0.0
0.9883957587564134,-0.34709904365501554,0.7060829618907929,1,1,0,-1.315776999678826,2,0.0,1.0,0.0,1.0
-0.476024389643706,-0.6921690257364259,-1.2251371051984103,1,1,0,-0.7944696087247127,2,1.0,0.0,0.0,0.0
-0.6712804094303886,-0.6921690257364259,-0.20481438016543718,1,1,0,0.978246056902205,4,1.0,0.0,0.0,0.0
-0.5736523995370473,-1.0372390078178362,0.06239361150259054,1,0,0,0.8708608980434516,2,0.0,0.0,1.0,1.0
-0.08551235007034085,1.7233208488334462,-1.2251371051984103,2,1,1,-0.7683088831940995,3,1.0,0.0,0.0,0.0
0.003935819113316791,0.6881109025892154,0.04315559620306895,1,0,1,1.505843340449088,4,1.0,0.0,0.0,0.0
-0.6712804094303886,0.34304092050780505,0.7576750864807356,2,1,1,0.8049773011369307,2,0.0,0.0,1.0,1.0
0.20737167960968303,-0.34709904365501554,0.09655014960843106,1,0,1,-0.7780129358902765,0,1.0,0.0,0.0,0.0
-1.2570484687904364,-0.6921690257364259,0.9830654174935761,2,0,1,1.1939769823862043,2,1.0,0.0,0.0,1.0
-0.9641644391104125,-1.0372390078178362,-1.2251371051984103,1,1,0,0.4517151871946452,3,1.0,0.0,0.0,1.0
2.159931877476509,-1.0372390078178362,-1.2251371051984103,1,0,1,0.47726074090378207,4,1.0,0.0,0.0,1.0
-0.3783963797503647,-0.002029061573605259,-1.2251371051984103,2,0,0,-0.00024398003717015617,4,0.0,0.0,1.0,0.0
-0.7689084193237299,-0.34709904365501554,0.9881817934651868,1,0,0,-0.6706121149483735,0,1.0,0.0,0.0,0.0
0.4026276993963656,1.378250866752036,-1.2251371051984103,2,0,0,1.569590977260333,0,1.0,0.0,0.0,1.0
-1.452304488577119,-0.002029061573605259,0.6495376784272267,1,1,1,0.47620546454580964,0,0.0,1.0,0.0,1.0
-0.7689084193237299,0.34304092050780505,-0.08469939738787102,2,0,1,0.4443374759155817,4,1.0,0.0,0.0,1.0
-0.476024389643706,-0.002029061573605259,1.0806116360553426,1,1,0,-0.9722546131776686,1,1.0,0.0,0.0,1.0
-0.8665364292170712,-1.0372390078178362,-1.2251371051984103,1,0,1,0.029206827093678393,2,1.0,0.0,0.0,1.0
-0.7689084193237299,-0.002029061573605259,-1.2251371051984103,2,1,1,-1.0181634853281223,2,1.0,0.0,0.0,1.0
2.940955956623239,-0.6921690257364259,-0.7884764823330129,1,1,1,0.1762918862730539,4,0.0,1.0,0.0,1.0
-0.6712804094303886,-1.0372390078178362,0.9599719583127763,2,1,1,0.5042090951936603,0,1.0,0.0,0.0,0.0
0.7931397389697308,1.378250866752036,0.8278577985481839,1,0,0,0.8567966954216483,0,0.0,1.0,0.0,0.0
0.012115659823000443,0.34304092050780505,-1.2251371051984103,1,1,1,-0.7549059685274899,0,1.0,0.0,0.0,1.0
0.7931397389697308,-1.0372390078178362,0.6760620570177752,2,0,0,-1.2052514191254862,3,0.0,1.0,0.0,1.0
-0.8665364292170712,-1.7273789719806567,0.39031020276696,2,0,0,0.5881220121059556,0,0.0,1.0,0.0,0.0
0.003935819113316791,-0.002029061573605259,-0.30393756392393284,1,1,1,-0.6830624269132118,4,1.0,0.0,0.0,1.0
-0.6712804094303886,-0.002029061573605259,-1.2251371051984103,1,1,1,-1.6801750287634292,4,0.0,0.0,1.0,0.0
-0.8665364292170712,1.378250866752036,-1.2251371051984103,2,1,1,-1.7111019002195287,3,1.0,0.0,0.0,1.0
0.8907677488630721,-1.7273789719806567,-1.2251371051984103,1,1,0,-0.2662282655141002,0,1.0,0.0,0.0,0.0
-1.159420458897095,-0.34709904365501554,0.5601380732729374,1,0,1,-1.3635296470622476,2,0.0,1.0,0.0,0.0
0.003935819113316791,-1.7273789719806567,0.10464571766859652,2,1,1,-0.8047978824459634,3,0.0,0.0,1.0,0.0
2.25755988736985,-1.3823089898992464,-0.5247011702591241,3,1,0,1.5205569974521502,0,1.0,0.0,0.0,1.0
-0.3783963797503647,-1.0372390078178362,0.39514718947083965,1,1,1,0.3086145619684584,0,1.0,0.0,0.0,1.0
0.012115659823000443,1.378250866752036,0.5564397658526626,1,1,0,-1.454993950353418,4,0.0,1.0,0.0,1.0
3.6243520258766284,0.34304092050780505,0.31369417677061195,1,1,1,1.5838495637363343,1,0.0,1.0,0.0,1.0
0.10974366971634174,-1.0372390078178362,0.7214274493195059,2,1,1,-0.6183005832064752,2,0.0,1.0,0.0,1.0
-0.7689084193237299,-1.3823089898992464,-1.2251371051984103,2,0,1,1.4250990369810477,3,1.0,0.0,0.0,1.0
0.10974366971634174,1.7233208488334462,-1.2251371051984103,1,1,1,0.8129371198397108,1,1.0,0.0,0.0,0.0
-1.0617924490037538,0.34304092050780505,1.404985456192813,1,0,1,-1.6476608921917184,0,0.0,1.0,0.0,0.0
-1.6475605083638016,0.34304092050780505,-1.2251371051984103,2,1,1,-0.5914287991008825,0,1.0,0.0,0.0,0.0
1.47653580822312,0.6881109025892154,0.5060172037815323,2,0,0,-1.3275552342534123,4,0.0,0.0,1.0,1.0
-0.08551235007034085,-1.0372390078178362,0.3720132460490685,2,1,0,-1.3373335948329752,3,0.0,0.0,1.0,1.0
-0.8665364292170712,-1.3823089898992464,1.2546513077732038,1,0,1,0.9812977267922787,4,0.0,0.0,1.0,0.0
0.6955117290763895,1.7233208488334462,0.02517563269215064,2,1,1,-0.4682710523950261,4,0.0,1.0,0.0,1.0
-1.159420458897095,-0.002029061573605259,0.7956462641933574,1,1,0,1.3440615045118225,4,0.0,1.0,0.0,1.0
0.9883957587564134,-0.002029061573605259,1.5207708654211243,1,1,0,0.4497508139214273,0,0.0,1.0,0.0,0.0
0.003935819113316791,-1.7273789719806567,-1.2251371051984103,2,1,1,-1.20449198211589,3,0.0,0.0,1.0,0.0
-1.3546764786837777,0.6881109025892154,-1.2251371051984103,2,0,1,-1.3434440695621124,4,0.0,0.0,1.0,1.0
0.012115659823000443,-0.002029061573605259,-1.2251371051984103,1,0,1,-1.0471402534089844,4,1.0,0.0,0.0,1.0
-0.9641644391104125,-1.0372390078178362,0.8419115907686959,2,0,1,0.07375901479710804,1,0.0,1.0,0.0,0.0
-0.18314035996368214,-1.3823089898992464,-1.2251371051984103,2,0,0,0.5769991486995957,1,0.0,0.0,1.0,1.0
1.6717918280098025,1.378250866752036,-1.2251371051984103,2,1,1,1.2028319761525414,4,1.0,0.0,0.0,1.0
0.4026276993963656,-0.6921690257364259,1.1088830776614051,1,1,1,0.7375793548130163,2,1.0,0.0,0.0,0.0
0.6955117290763895,1.378250866752036,-1.2251371051984103,1,0,0,-1.4913734890463826,4,0.0,0.0,1.0,0.0
-1.452304488577119,-0.6921690257364259,0.5502394363303016,1,1,1,1.1857255008905543,3,1.0,0.0,0.0,0.0
-0.7689084193237299,-1.0372390078178362,0.40183685025363686,2,1,0,-0.9631446755022895,0,0.0,0.0,1.0,0.0
-1.2570484687904364,1.7233208488334462,-0.0596460528971229,2,1,0,-0.06242871497325821,1,0.0,1.0,0.0,0.0
-0.08551235007034085,-0.34709904365501554,0.5638192588995999,2,1,1,0.03141344058627252,3,0.0,1.0,0.0,1.0
-0.2807683698570234,-0.6921690257364259,0.7125453988705099,2,0,1,0.755328845599856,1,1.0,0.0,0.0,1.0
-0.476024389643706,1.0331808846706256,0.35251424340953014,1,0,1,1.5907588047060868,4,0.0,1.0,0.0,0.0
-0.2807683698570234,1.378250866752036,-1.2251371051984103,1,1,1,0.0946508415331413,1,1.0,0.0,0.0,1.0
-0.8665364292170712,-0.34709904365501554,0.5994972363855017,1,1,1,1.6242803612705914,3,0.0,1.0,0.0,1.0
-0.18314035996368214,-0.002029061573605259,-1.2251371051984103,1,0,0,-1.38645858874657,1,1.0,0.0,0.0,0.0
-0.2807683698570234,-1.0372390078178362,0.4228728138992215,2,0,1,-0.8908933976566907,3,0.0,0.0,1.0,1.0
0.012115659823000443,-1.3823089898992464,-0.25903622023412654,1,1,0,-1.0468499828012834,4,0.0,0.0,1.0,1.0
-0.8665364292170712,0.6881109025892154,1.0785339784080226,2,1,0,-1.0180273992278692,0,0.0,1.0,0.0,0.0
-1.159420458897095,0.6881109025892154,-1.2251371051984103,2,1,1,1.0907927422743924,2,0.0,0.0,1.0,0.0
0.4026276993963656,1.7233208488334462,-1.2251371051984103,2,1,0,0.8570570340482191,0,1.0,0.0,0.0,0.0
2.0623038675831675,0.6881109025892154,0.7662351832031136,1,1,1,0.7132354309277248,2,0.0,0.0,1.0,1.0
-0.2807683698570234,-1.0372390078178362,0.964142475199875,1,1,1,1.2122873497729367,4,0.0,1.0,0.0,1.0
-0.18314035996368214,-0.002029061573605259,1.0828763532982963,2,0,0,0.9497857895189786,1,1.0,0.0,0.0,1.0
-0.3783963797503647,1.0331808846706256,-1.2251371051984103,1,1,0,1.2435817581136068,0,1.0,0.0,0.0,0.0
0.6955117290763895,-1.0372390078178362,-0.3124376543602863,1,1,1,1.0119703504319206,2,1.0,0.0,0.0,1.0
2.25755988736985,-1.3823089898992464,0.8183782455071444,2,0,1,0.7308651937900457,4,1.0,0.0,0.0,1.0
0.6955117290763895,-0.002029061573605259,0.5894872277760038,2,1,1,0.6694588643864792,2,1.0,0.0,0.0,0.0
-0.7689084193237299,-1.0372390078178362,-1.2251371051984103,2,1,0,-0.7986287619165896,0,1.0,0.0,0.0,0.0
0.5978837191830482,-0.34709904365501554,-1.2251371051984103,2,1,1,1.6189811824485894,0,0.0,0.0,1.0,0.0
-0.18314035996368214,0.34304092050780505,1.4960698778419133,1,0,1,-0.8001753056160126,0,0.0,1.0,0.0,0.0
-1.3546764786837777,-0.6921690257364259,1.133297475218562,3,1,0,-0.9553433918856097,1,0.0,0.0,1.0,0.0
1.47653580822312,-0.002029061573605259,0.26105586258592384,1,1,0,-1.7012483616408487,0,0.0,1.0,0.0,1.0
-0.18314035996368214,-1.0372390078178362,1.3957692907432313,2,1,0,-0.42717461632692244,4,1.0,0.0,0.0,1.0
-0.3783963797503647,0.6881109025892154,0.8199072056750542,1,0,1,-0.28087457555962014,0,0.0,1.0,0.0,1.0
1.0860237686497547,-0.34709904365501554,-1.2251371051984103,2,1,1,-1.1927361965271512,0,1.0,0.0,0.0,1.0
0.20737167960968303,-1.7273789719806567,-1.2251371051984103,2,0,1,0.5253321986908654,2,1.0,0.0,0.0,1.0
-0.3783963797503647,1.7233208488334462,0.44045481572122375,2,0,0,0.33562921907700205,0,1.0,0.0,0.0,1.0
-0.3783963797503647,1.7233208488334462,-1.2251371051984103,1,1,0,-0.30880616062498395,2,0.0,0.0,1.0,0.0
-0.476024389643706,1.0331808846706256,1.1404435038086722,2,0,1,-1.7196610546374897,3,0.0,1.0,0.0,1.0
-0.08551235007034085,0.6881109025892154,0.3725102581141158,2,1,0,-0.17617180947490807,0,0.0,0.0,1.0,1.0
-0.2807683698570234,-0.6921690257364259,0.25283052093118225,2,1,0,-0.9652512256858741,0,0.0,0.0,1.0,0.0
-0.18314035996368214,0.34304092050780505,0.3164773483248192,2,1,1,0.6786504189173808,1,0.0,1.0,0.0,0.0
-0.9641644391104125,1.0331808846706256,0.45414440978975684,1,1,1,-0.04690045562328467,2,0.0,1.0,0.0,0.0
1.7694198379031438,-0.6921690257364259,0.6479624734148876,1,1,0,-0.12255754046127795,4,0.0,1.0,0.0,1.0
0.3049996895030243,-1.3823089898992464,-1.2251371051984103,1,0,0,0.3937687859819112,1,1.0,0.0,0.0,1.0
0.20737167960968303,-1.3823089898992464,0.20039318780048618,1,1,0,-1.3204799752022767,1,1.0,0.0,0.0,1.0
1.7694198379031438,-1.3823089898992464,-1.2251371051984103,2,1,0,-0.1936971584495666,0,1.0,0.0,0.0,0.0
3.233839986303263,1.0331808846706256,-1.2251371051984103,2,1,1,0.9262366293419427,2,1.0,0.0,0.0,0.0
-1.5499324984704603,1.0331808846706256,-1.2251371051984103,2,1,1,0.5396433401569901,1,0.0,0.0,1.0,0.0
-1.6475605083638016,1.378250866752036,1.1715459619809996,1,1,1,1.6993951899853255,3,1.0,0.0,0.0,0.0
-0.5736523995370473,-1.0372390078178362,1.0343739923799564,2,1,0,-0.4197798507795406,2,1.0,0.0,0.0,1.0
-0.3783963797503647,-1.0372390078178362,-1.2251371051984103,2,1,0,0.053967362390741735,1,1.0,0.0,0.0,1.0
3.233839986303263,-0.6921690257364259,-1.2251371051984103,1,1,1,-0.23747059257418246,3,1.0,0.0,0.0,0.0
-0.9641644391104125,-1.7273789719806567,0.3472429712115943,2,1,0,1.1196374267873623,2,1.0,0.0,0.0,0.0
-0.08551235007034085,-1.3823089898992464,-1.2251371051984103,2,1,1,-0.09094954241132866,0,1.0,0.0,0.0,1.0
-0.18314035996368214,1.0331808846706256,-0.02260569269331623,4,0,1,0.546208885413188,1,1.0,0.0,0.0,0.0
-1.2570484687904364,0.6881109025892154,0.4632748062545137,2,1,0,-0.875492001180227,1,0.0,1.0,0.0,0.0
-1.3546764786837777,0.34304092050780505,-1.2251371051984103,2,1,0,-0.18816931321358477,0,1.0,0.0,0.0,0.0
0.7931397389697308,-1.3823089898992464,-1.2251371051984103,1,1,0,-1.3759552477403392,0,1.0,0.0,0.0,1.0
-0.5736523995370473,0.34304092050780505,-1.2251371051984103,2,0,0,-0.4146593937285874,1,0.0,0.0,1.0,1.0
0.3049996895030243,-0.002029061573605259,1.0459344034035702,1,1,1,-0.9982063369098113,1,0.0,1.0,0.0,1.0
-0.2807683698570234,-0.002029061573605259,1.153797062675467,2,1,0,-0.7706966547817875,0,1.0,0.0,0.0,0.0
0.10974366971634174,0.6881109025892154,0.6047337849459246,1,1,0,-0.8067817463115448,0,1.0,0.0,0.0,0.0
0.5002557092897069,0.6881109025892154,0.1398742080679825,1,1,1,-0.7361702885716805,0,1.0,0.0,0.0,1.0
-0.6712804094303886,1.378250866752036,0.37923704278586706,2,1,1,1.0013591150751053,0,0.0,0.0,1.0,1.0
-0.8665364292170712,0.6881109025892154,0.26057997273355715,1,1,0,0.7965827726151835,3,0.0,1.0,0.0,1.0
1.183651778543096,-1.0372390078178362,0.3901794690718075,1,0,0,1.3788770971907534,4,1.0,0.0,0.0,0.0
0.5002557092897069,-1.3823089898992464,0.9169468111660092,1,0,1,0.6729424597251815,3,1.0,0.0,0.0,0.0
0.5978837191830482,1.378250866752036,0.39435654664617803,1,0,0,-0.21175849871422459,4,0.0,1.0,0.0,1.0
-0.3783963797503647,0.34304092050780505,0.7923131150256383,2,1,1,-0.8079075020436892,3,0.0,1.0,0.0,0.0
1.0860237686497547,-1.3823089898992464,-1.2251371051984103,1,1,0,-1.5361494705157013,2,1.0,0.0,0.0,0.0
0.3049996895030243,-1.3823089898992464,0.1484407054608698,1,1,0,1.7020020567139582,4,0.0,1.0,0.0,1.0
-1.3546764786837777,1.0331808846706256,0.8226623742957831,2,1,1,1.4423007029039536,0,1.0,0.0,0.0,0.0
-0.7689084193237299,-0.6921690257364259,0.7464627119160653,2,1,1,0.20496063338531267,2,0.0,1.0,0.0,1.0
0.20737167960968303,-1.0372390078178362,1.272197305823591,1,1,1,-1.5730935402946262,3,1.0,0.0,0.0,0.0
0.10974366971634174,1.7233208488334462,1.0019917201392945,1,1,1,-1.3994917042277095,2,1.0,0.0,0.0,0.0
0.6955117290763895,-0.6921690257364259,0.3277071647166274,1,1,1,0.5766601516109862,3,0.0,1.0,0.0,1.0
2.0623038675831675,1.0331808846706256,-1.2251371051984103,2,1,1,-0.8526895743231216,3,1.0,0.0,0.0,1.0
-0.18314035996368214,-0.34709904365501554,0.6386010127447446,2,1,0,1.3042201233734179,1,0.0,1.0,0.0,0.0
0.012115659823000443,1.378250866752036,-1.2251371051984103,2,1,1,-1.4192191420931635,3,0.0,0.0,1.0,1.0
-0.08551235007034085,1.7233208488334462,0.7313534491285693,1,0,0,0.7897239983578009,4,0.0,0.0,1.0,1.0
-0.476024389643706,-0.002029061573605259,-1.2251371051984103,2,1,0,1.1041961790104409,2,0.0,0.0,1.0,0.0
0.20737167960968303,-1.7273789719806567,-1.2251371051984103,1,0,0,-0.21613152635266267,2,0.0,0.0,1.0,0.0
-0.08551235007034085,1.0331808846706256,-0.31194656291546,2,1,0,1.5417629359669007,0,0.0,1.0,0.0,0.0
-1.2570484687904364,1.0331808846706256,1.1528785664573822,3,0,1,0.07174086837174419,1,0.0,0.0,1.0,0.0
-0.8665364292170712,0.34304092050780505,0.15819804760201295,1,1,1,1.5388814607137171,4,1.0,0.0,0.0,1.0
-0.6712804094303886,0.6881109025892154,-1.2251371051984103,2,1,0,-1.665725538896152,1,1.0,0.0,0.0,1.0
0.8907677488630721,-1.3823089898992464,0.38944003161122026,1,0,0,-1.1671525317490177,0,0.0,1.0,0.0,1.0
0.5978837191830482,1.378250866752036,0.5482885119590664,1,1,1,0.9223924580445135,2,0.0,1.0,0.0,0.0
-0.18314035996368214,1.378250866752036,-1.2251371051984103,2,1,0,-1.191320344210452,3,0.0,0.0,1.0,1.0
-1.745188518257143,-1.0372390078178362,0.7859982135011606,1,0,0,-0.741643664562932,1,1.0,0.0,0.0,0.0
0.003935819113316791,-0.002029061573605259,0.9044901462543307,1,1,0,-0.6196602260469828,3,1.0,0.0,0.0,1.0
0.012115659823000443,0.34304092050780505,0.289121682651875,2,1,1,0.8452128447012595,2,1.0,0.0,0.0,0.0
-0.5736523995370473,0.6881109025892154,0.8609673469754652,1,1,0,-1.4833285730251577,3,0.0,1.0,0.0,0.0
-0.08551235007034085,-1.0372390078178362,-1.2251371051984103,2,0,0,-0.7373108362712436,0,0.0,0.0,1.0,1.0
0.5978837191830482,-1.3823089898992464,1.1527265505327864,1,1,0,0.7486059834195808,1,1.0,0.0,0.0,1.0
0.003935819113316791,-1.0372390078178362,0.3080436648449998,3,1,1,-0.5644517309918973,4,1.0,0.0,0.0,0.0
-0.6712804094303886,1.0331808846706256,1.2667535355554296,1,1,0,-0.5671334276733542,0,0.0,1.0,0.0,1.0
-0.18314035996368214,-0.6921690257364259,-1.2251371051984103,1,1,0,0.3742252905818886,4,1.0,0.0,0.0,1.0
1.3789077983297786,1.7233208488334462,0.20782660649646448,1,0,1,-0.17929047827623115,0,1.0,0.0,0.0,0.0
0.012115659823000443,0.34304092050780505,0.6981590918170394,1,0,0,-0.004325866952176948,2,0.0,0.0,1.0,1.0
0.6955117290763895,-0.002029061573605259,0.38667174161594703,1,0,1,0.7044148937443162,0,0.0,1.0,0.0,0.0
0.003935819113316791,1.7233208488334462,1.0139803360199804,1,1,1,0.09293810572918937,0,1.0,0.0,0.0,1.0
-0.9641644391104125,-1.0372390078178362,0.3107788313703875,2,1,1,-0.4645161549715479,4,1.0,0.0,0.0,1.0
-0.18314035996368214,1.378250866752036,0.814765867088457,2,1,0,1.3792232292283537,0,0.0,1.0,0.0,0.0
0.5978837191830482,-1.3823089898992464,0.7990040559425375,2,1,1,1.1200472512964361,0,0.0,0.0,1.0,0.0
0.4026276993963656,1.0331808846706256,0.809203364382348,1,0,1,-1.6422609539681225,2,0.0,0.0,1.0,1.0
0.10974366971634174,1.0331808846706256,0.5225632570816041,1,1,0,-0.8275152119846239,2,1.0,0.0,0.0,1.0
-0.5736523995370473,-0.34709904365501554,-1.2251371051984103,1,1,0,0.9039373034002232,2,1.0,0.0,0.0,0.0
0.5978837191830482,-0.002029061573605259,-0.45889811698766597,1,1,1,-0.801190208604089,2,1.0,0.0,0.0,0.0
0.6955117290763895,-1.7273789719806567,-1.2251371051984103,2,1,1,0.4451945399101421,3,1.0,0.0,0.0,0.0
0.8907677488630721,1.378250866752036,0.9606414684480493,1,1,1,1.486372934770429,4,1.0,0.0,0.0,1.0
0.6955117290763895,1.378250866752036,0.5976088785684948,3,1,0,-0.1402480374015889,4,0.0,1.0,0.0,0.0
-0.6712804094303886,-1.3823089898992464,0.9262249031027684,1,0,1,0.1890211573410964,2,0.0,0.0,1.0,1.0
-0.2807683698570234,1.0331808846706256,-1.2251371051984103,2,1,0,1.4923694243388683,0,0.0,0.0,1.0,1.0
0.9883957587564134,1.7233208488334462,-1.2251371051984103,2,1,1,1.0346763684660842,2,0.0,0.0,1.0,0.0
2.745699936836557,-1.0372390078178362,0.2822816061121093,1,0,1,0.035005278321851414,3,1.0,0.0,0.0,1.0
0.20737167960968303,-0.002029061573605259,-1.2251371051984103,2,1,1,-0.48582528921193785,1,1.0,0.0,0.0,0.0
0.5002557092897069,-1.7273789719806567,-0.08105261536519616,2,0,0,0.8823716590424762,4,0.0,1.0,0.0,0.0
2.4528159071565327,1.378250866752036,-1.2251371051984103,2,1,1,0.05114383684521028,3,0.0,0.0,1.0,0.0
2.940955956623239,-1.0372390078178362,0.509831683371551,1,1,1,1.3580560978751846,3,1.0,0.0,0.0,1.0
1.9646758576898262,-1.3823089898992464,-1.2251371051984103,1,1,0,-0.5173688986978286,1,1.0,0.0,0.0,1.0
-0.5736523995370473,-0.6921690257364259,-1.2251371051984103,2,1,0,-0.47614107515441667,3,0.0,0.0,1.0,1.0
-0.476024389643706,0.34304092050780505,-1.2251371051984103,1,1,1,0.6941595357212831,0,1.0,0.0,0.0,0.0
1.0860237686497547,-0.002029061573605259,-1.2251371051984103,2,1,0,0.17142793933945732,3,0.0,0.0,1.0,0.0
0.10974366971634174,-0.002029061573605259,0.2739068088009753,2,1,1,1.376413973580803,2,1.0,0.0,0.0,1.0
0.20737167960968303,1.378250866752036,0.764660778274588,1,1,0,0.6135311316685473,0,1.0,0.0,0.0,0.0
0.012115659823000443,1.378250866752036,-1.2251371051984103,2,1,1,0.16818205961833255,3,0.0,0.0,1.0,0.0
-0.8665364292170712,-1.7273789719806567,0.8192381755900693,1,1,0,-0.32788884273412394,0,0.0,1.0,0.0,1.0
-0.2807683698570234,0.34304092050780505,-0.08673353047572721,2,1,0,0.38378298981219233,2,0.0,1.0,0.0,1.0
-0.5736523995370473,0.6881109025892154,0.663128862186679,1,1,0,1.4549081577697236,4,1.0,0.0,0.0,0.0
0.20737167960968303,-0.002029061573605259,-1.2251371051984103,1,1,1,0.8992611274412721,2,1.0,0.0,0.0,0.0
1.2812797884364373,1.0331808846706256,0.713651114700992,1,1,0,-0.8943267003061693,1,0.0,0.0,1.0,1.0
-0.5736523995370473,-0.6921690257364259,0.13865119995041747,1,1,1,-0.5619621558637388,3,1.0,0.0,0.0,0.0
-0.476024389643706,0.6881109025892154,-0.09332142059742651,1,1,1,-1.394544226183983,0,0.0,0.0,1.0,0.0
-0.18314035996368214,-1.0372390078178362,-1.2251371051984103,2,1,0,-0.285409618747081,3,0.0,0.0,1.0,1.0
0.5002557092897069,-0.6921690257364259,0.6195729394379282,1,0,0,-1.333245791131001,3,1.0,0.0,0.0,1.0
0.012115659823000443,-1.3823089898992464,0.857448738379739,1,1,0,1.1036353024105485,4,1.0,0.0,0.0,0.0
-1.3546764786837777,-0.34709904365501554,1.1438382594300438,2,1,1,0.24959948461550185,2,0.0,1.0,0.0,1.0
1.9646758576898262,-0.34709904365501554,-1.2251371051984103,2,1,1,-1.2693965248024315,1,0.0,0.0,1.0,1.0
-1.5499324984704603,1.378250866752036,0.7683090004481276,1,1,1,-1.6203691902345778,1,0.0,0.0,1.0,1.0
-0.2807683698570234,-0.6921690257364259,-1.2251371051984103,2,1,0,-1.1350309913949166,2,1.0,0.0,0.0,1.0
-0.6712804094303886,-0.34709904365501554,0.3127332761104029,1,1,1,-0.35790922762216965,4,0.0,1.0,0.0,1.0
-0.2807683698570234,-0.002029061573605259,1.1119232361365607,2,0,0,-0.24284860388136906,1,0.0,1.0,0.0,1.0
-0.2807683698570234,0.34304092050780505,0.288863255580062,2,1,1,-1.5618981092363413,3,0.0,1.0,0.0,1.0
0.9883957587564134,-0.34709904365501554,0.8311544638939998,1,1,0,0.4599971227408633,1,0.0,1.0,0.0,0.0
0.5978837191830482,1.7233208488334462,0.7781397902833649,1,1,1,0.48519967682902976,0,0.0,0.0,1.0,0.0
-0.3783963797503647,-0.6921690257364259,-1.2251371051984103,2,1,1,1.4698732782189052,4,1.0,0.0,0.0,1.0
0.3049996895030243,-0.6921690257364259,-1.2251371051984103,1,0,0,1.0591650796089336,4,0.0,0.0,1.0,0.0
0.012115659823000443,-1.0372390078178362,-1.2251371051984103,2,1,1,0.6486202887331536,0,1.0,0.0,0.0,1.0
-0.2807683698570234,0.6881109025892154,0.8540349407636028,1,0,0,-0.4300976831120252,3,0.0,0.0,1.0,1.0
-1.5499324984704603,-0.002029061573605259,1.015212625109784,1,0,1,-1.194937763348508,3,1.0,0.0,0.0,1.0
-0.2807683698570234,-0.002029061573605259,0.434247765494828,1,1,0,1.6304755852718806,1,0.0,1.0,0.0,0.0
-1.159420458897095,1.0331808846706256,0.7526619213210873,2,1,0,-1.7176538716703305,1,0.0,1.0,0.0,0.0
2.159931877476509,-0.34709904365501554,-1.2251371051984103,2,1,1,1.5824650355859338,3,1.0,0.0,0.0,1.0
2.0623038675831675,-0.002029061573605259,-1.2251371051984103,1,1,1,-1.0696336151586094,4,1.0,0.0,0.0,0.0
-1.3546764786837777,1.7233208488334462,0.006481834402682386,2,0,1,0.5415981421571721,3,0.0,1.0,0.0,0.0
-0.7689084193237299,-1.3823089898992464,0.41541683283969805,1,1,1,1.1557430530483594,1,1.0,0.0,0.0,0.0
-0.9641644391104125,-1.3823089898992464,1.6996771269439706,2,1,1,-0.6377361842559133,2,0.0,0.0,1.0,1.0
0.8907677488630721,-1.0372390078178362,0.5246348340919397,1,1,0,-0.20319795211109465,0,1.0,0.0,0.0,1.0
0.5002557092897069,1.0331808846706256,0.02504393889642181,2,0,1,0.15267938167083625,1,1.0,0.0,0.0,1.0
0.10974366971634174,-0.6921690257364259,1.2333461959327026,1,1,1,0.6608033011455765,3,0.0,0.0,1.0,1.0
-0.7689084193237299,-0.6921690257364259,-1.2251371051984103,2,1,1,1.6408362272983068,1,0.0,0.0,1.0,0.0
-0.3783963797503647,0.6881109025892154,-1.2251371051984103,2,1,1,-0.9978997081263767,4,0.0,0.0,1.0,1.0
-0.08551235007034085,0.34304092050780505,0.4820458926403816,1,1,0,1.2772771638010691,3,0.0,0.0,1.0,1.0
-1.2570484687904364,1.378250866752036,1.3819175996940505,1,1,0,-0.03500110093901042,2,1.0,0.0,0.0,1.0
-0.8665364292170712,-0.002029061573605259,-1.2251371051984103,2,0,1,1.6659058277028502,1,0.0,0.0,1.0,1.0
0.6955117290763895,-0.6921690257364259,-1.2251371051984103,2,1,1,-0.7652039622213186,0,0.0,0.0,1.0,0.0
0.4026276993963656,-1.3823089898992464,0.38176882800582157,1,1,1,0.013256213568111505,3,1.0,0.0,0.0,1.0
1.0860237686497547,-1.0372390078178362,0.3252395462185286,1,1,0,-0.403268708700374,4,0.0,1.0,0.0,1.0
0.20737167960968303,-0.002029061573605259,-1.2251371051984103,1,0,1,0.26755032018238395,3,0.0,0.0,1.0,1.0
-0.6712804094303886,0.6881109025892154,0.357075841264747,1,1,0,0.5672054740831755,1,1.0,0.0,0.0,0.0
-0.08551235007034085,1.0331808846706256,-1.2251371051984103,2,1,0,0.6306791984624535,0,1.0,0.0,0.0,0.0
-0.8665364292170712,-0.002029061573605259,-1.2251371051984103,2,1,0,1.1485007317769649,3,1.0,0.0,0.0,1.0
-0.9641644391104125,-0.002029061573605259,-1.2251371051984103,2,1,1,1.2955334099893632,1,1.0,0.0,0.0,0.0
-1.8428165281504842,0.6881109025892154,0.9254499419208542,1,0,0,-1.2590572876229762,2,1.0,0.0,0.0,0.0
0.003935819113316791,1.378250866752036,-1.2251371051984103,1,1,1,1.298075366084499,3,1.0,0.0,0.0,0.0
-0.18314035996368214,-1.3823089898992464,1.1713072169710024,1,1,0,-1.387836852063711,3,1.0,0.0,0.0,1.0
0.6955117290763895,1.0331808846706256,0.4195977508163743,1,1,1,-0.5230413571682228,0,0.0,1.0,0.0,0.0
-1.8428165281504842,1.378250866752036,0.9330793811511799,1,1,1,0.3210036177858682,0,0.0,1.0,0.0,1.0
-0.2807683698570234,1.378250866752036,0.2239823789122314,2,1,0,1.2858455414457737,3,0.0,1.0,0.0,1.0
0.5002557092897069,-1.7273789719806567,0.13092543062892695,2,0,1,-1.1434286523332935,2,0.0,1.0,0.0,0.0
1.183651778543096,-0.34709904365501554,0.2735310894420793,1,0,1,0.713859999999091,3,0.0,0.0,1.0,0.0
-0.18314035996368214,0.34304092050780505,-1.2251371051984103,1,1,1,-1.437032847420916,0,1.0,0.0,0.0,1.0
0.012115659823000443,0.34304092050780505,-0.03147366166719181,3,1,1,-0.254648243302926,0,0.0,1.0,0.0,0.0
-0.9641644391104125,0.34304092050780505,1.180858457521746,1,1,0,-0.6599918303879609,4,0.0,1.0,0.0,0.0
-0.6712804094303886,-1.0372390078178362,1.2657367890450268,1,1,0,-0.04734943534023209,2,1.0,0.0,0.0,0.0
-0.6712804094303886,-1.0372390078178362,-1.2251371051984103,1,1,1,0.24686610305965223,4,0.0,0.0,1.0,0.0
0.012115659823000443,1.378250866752036,0.9286778000586954,2,1,0,1.4394557725114512,2,0.0,1.0,0.0,1.0
0.6955117290763895,-1.0372390078178362,0.5303351112307617,1,1,0,-1.3939716900333023,3,1.0,0.0,0.0,0.0
-0.2807683698570234,-0.34709904365501554,0.6956714712235992,1,1,0,-1.115550840420076,0,1.0,0.0,0.0,1.0
0.003935819113316791,-1.0372390078178362,-1.2251371051984103,2,1,1,-0.8853029040881115,1,1.0,0.0,0.0,0.0
-0.6712804094303886,1.378250866752036,1.849150385180079,1,1,1,-0.8022828999384737,4,1.0,0.0,0.0,0.0
1.6717918280098025,-1.0372390078178362,-1.2251371051984103,2,1,1,-1.0538737310011723,4,1.0,0.0,0.0,0.0
-0.9641644391104125,0.34304092050780505,1.1626072655979964,1,1,1,-1.5791994904219646,3,1.0,0.0,0.0,0.0
0.10974366971634174,-1.3823089898992464,0.21492911052711175,2,0,1,0.3603103998194422,0,0.0,1.0,0.0,0.0
0.5002557092897069,1.0331808846706256,0.3009129978641117,2,1,1,-1.7157234329106026,3,0.0,1.0,0.0,1.0
1.183651778543096,1.0331808846706256,0.6600002144417323,2,1,1,-0.575466874070819,0,0.0,1.0,0.0,1.0
0.003935819113316791,0.6881109025892154,1.2318420383630166,1,1,1,1.4999951186011293,2,0.0,1.0,0.0,1.0
-1.2570484687904364,1.7233208488334462,-1.2251371051984103,2,1,1,-1.6393276198173998,0,1.0,0.0,0.0,1.0
0.003935819113316791,-1.3823089898992464,-1.2251371051984103,2,1,0,-0.6679697474979359,2,0.0,0.0,1.0,1.0
2.745699936836557,0.34304092050780505,-1.2251371051984103,2,1,1,0.6607869429698427,1,0.0,0.0,1.0,1.0
1.2812797884364373,-1.3823089898992464,0.3501181524043728,2,0,0,-0.14523188628285086,0,0.0,1.0,0.0,1.0
-0.9641644391104125,-0.34709904365501554,0.9100396876026584,2,1,0,-0.0416975116010783,2,0.0,0.0,1.0,1.0
-0.9641644391104125,1.0331808846706256,1.1642099934935253,1,1,0,0.7024722733643614,1,0.0,1.0,0.0,1.0
-0.8665364292170712,-0.6921690257364259,0.8871764925434306,1,1,0,0.7406574762212974,1,1.0,0.0,0.0,1.0
-0.6712804094303886,-0.6921690257364259,-1.2251371051984103,2,1,1,0.6788897007432733,0,1.0,0.0,0.0,0.0
2.159931877476509,-1.0372390078178362,1.4075146811445638,2,1,1,-1.1240637046811734,1,0.0,1.0,0.0,1.0
0.003935819113316791,-1.3823089898992464,0.295648126336685,1,0,1,0.2800312602209365,0,0.0,1.0,0.0,0.0
-0.5736523995370473,0.6881109025892154,-1.2251371051984103,2,0,0,-0.3025054785971558,4,1.0,0.0,0.0,0.0
-1.2570484687904364,-0.002029061573605259,0.2214587545471764,1,1,1,-1.689432015997266,2,0.0,1.0,0.0,1.0
0.20737167960968303,0.6881109025892154,0.4952274334872388,1,0,1,-0.9435997879170982,2,0.0,0.0,1.0,1.0
0.003935819113316791,-1.0372390078178362,0.7633694429993363,2,0,1,-0.27945506875685294,2,0.0,0.0,1.0,1.0
1.2812797884364373,0.34304092050780505,0.4945239997982664,1,1,0,0.44991335153988804,4,0.0,1.0,0.0,0.0
0.003935819113316791,-1.0372390078178362,-1.2251371051984103,2,1,1,-1.6134042618580722,2,1.0,0.0,0.0,0.0
-0.18314035996368214,-1.0372390078178362,0.9798007555003062,2,0,1,-0.43762488027359164,4,0.0,0.0,1.0,0.0
-1.2570484687904364,-0.34709904365501554,1.0084499966831806,1,1,0,-1.11497673806108,2,0.0,0.0,1.0,1.0
-0.476024389643706,0.6881109025892154,-1.2251371051984103,2,1,0,-0.06343265450312986,4,1.0,0.0,0.0,1.0
-0.2807683698570234,-1.3823089898992464,0.33077916652756695,1,1,0,1.5421504855132735,3,1.0,0.0,0.0,1.0
0.3049996895030243,0.6881109025892154,0.7820674017246355,2,0,0,1.109381024625452,2,1.0,0.0,0.0,0.0
-0.2807683698570234,1.0331808846706256,0.6494960740689163,1,0,0,0.02521351796003829,4,0.0,0.0,1.0,0.0
0.6955117290763895,1.378250866752036,0.9342921481959301,3,0,0,1.3609972630674816,0,1.0,0.0,0.0,1.0
0.012115659823000443,-0.002029061573605259,0.9848023994530378,1,0,0,-1.4058077002923948,2,1.0,0.0,0.0,0.0
3.6243520258766284,-1.0372390078178362,0.8296495062405004,2,1,1,1.4154903489689357,0,0.0,0.0,1.0,1.0
1.6717918280098025,-1.7273789719806567,-0.22130954813495995,1,0,1,0.4276624040327853,1,1.0,0.0,0.0,0.0
2.159931877476509,1.0331808846706256,-0.16501469090507015,1,1,1,-1.3664379218799314,0,1.0,0.0,0.0,1.0
1.6717918280098025,-1.0372390078178362,0.5657725835222763,3,1,0,1.6924547988724201,0,0.0,1.0,0.0,0.0
-1.159420458897095,1.378250866752036,0.8381228738774774,1,1,0,-0.9326354595968388,2,1.0,0.0,0.0,1.0
0.4026276993963656,-1.3823089898992464,0.7836714097542667,1,1,0,0.6635586096178356,4,0.0,1.0,0.0,0.0
0.7931397389697308,-1.3823089898992464,-1.2251371051984103,2,1,1,1.6981596256479896,2,0.0,0.0,1.0,1.0
-0.08551235007034085,-1.0372390078178362,-1.2251371051984103,3,1,0,-0.580362145170714,2,0.0,0.0,1.0,1.0
2.25755988736985,-1.3823089898992464,0.49881836965971993,1,0,1,-0.7308582320368672,0,1.0,0.0,0.0,0.0
-0.2807683698570234,-0.002029061573605259,-1.2251371051984103,2,1,0,0.4249003086578284,0,1.0,0.0,0.0,1.0
3.233839986303263,-1.3823089898992464,1.3437880053863231,2,1,1,0.7281895879187024,2,1.0,0.0,0.0,1.0
0.6955117290763895,1.0331808846706256,-1.2251371051984103,1,0,0,0.4547644207606731,0,1.0,0.0,0.0,1.0
0.7931397389697308,-1.3823089898992464,0.2969517829026672,1,0,0,0.4784865599449361,4,1.0,0.0,0.0,1.0
0.003935819113316791,-1.7273789719806567,-0.345351982337034,1,1,1,0.6357126439403549,0,0.0,0.0,1.0,1.0
0.8907677488630721,1.0331808846706256,-1.2251371051984103,2,1,0,1.2938580891618232,2,0.0,0.0,1.0,1.0
0.003935819113316791,-1.7273789719806567,-1.2251371051984103,2,1,0,-0.9782483183757701,4,1.0,0.0,0.0,1.0
0.8907677488630721,-1.0372390078178362,0.31969928584243934,2,0,1,1.696833395251534,4,1.0,0.0,0.0,1.0
0.3049996895030243,-0.002029061573605259,-1.2251371051984103,2,1,0,0.43376678795180856,0,1.0,0.0,0.0,0.0
-0.7689084193237299,0.6881109025892154,0.7586700707114067,1,1,0,0.030875535041666128,2,1.0,0.0,0.0,0.0
-0.18314035996368214,-0.34709904365501554,-1.2251371051984103,1,1,1,-0.3567150807936066,1,1.0,0.0,0.0,0.0
0.012115659823000443,-0.6921690257364259,-1.2251371051984103,2,0,1,-1.5299074342881103,0,0.0,0.0,1.0,1.0
-0.08551235007034085,1.378250866752036,0.8588114411311695,1,1,1,-0.322263544536324,2,0.0,0.0,1.0,1.0
1.9646758576898262,-1.0372390078178362,0.9363438831276869,1,1,0,1.5184655872822768,4,0.0,1.0,0.0,1.0
-0.7689084193237299,-0.6921690257364259,0.09867309199960385,2,1,0,-0.6989991185870904,3,0.0,1.0,0.0,0.0
0.3049996895030243,-1.7273789719806567,-1.2251371051984103,1,1,0,0.6264429530168524,3,0.0,0.0,1.0,1.0
0.012115659823000443,1.378250866752036,0.11031143118666803,2,0,0,-1.0701934476196249,1,1.0,0.0,0.0,0.0
-0.2807683698570234,-0.6921690257364259,-1.2251371051984103,2,1,1,-1.7077956344667056,3,1.0,0.0,0.0,0.0
-0.2807683698570234,-1.0372390078178362,0.8096485310162698,2,1,0,-0.38700624569698944,2,0.0,1.0,0.0,0.0
-0.6712804094303886,0.34304092050780505,-1.2251371051984103,2,0,0,1.6650966200734683,1,1.0,0.0,0.0,0.0
-1.159420458897095,-0.002029061573605259,-0.40068673899052837,1,0,1,1.5967013470992335,4,1.0,0.0,0.0,1.0
-0.476024389643706,-0.6921690257364259,-1.2251371051984103,2,1,0,1.6690373742169848,3,1.0,0.0,0.0,1.0
-0.8665364292170712,-0.34709904365501554,0.40387626389466325,1,0,0,-1.5955439183271638,4,0.0,1.0,0.0,1.0
0.012115659823000443,0.34304092050780505,-1.2251371051984103,1,1,0,-1.3261101460481675,2,1.0,0.0,0.0,0.0
0.20737167960968303,-1.0372390078178362,0.37910710917452806,2,1,1,-1.525710692096675,0,1.0,0.0,0.0,1.0
0.9883957587564134,1.378250866752036,0.5100509063364945,1,0,0,0.46365578536454594,0,0.0,1.0,0.0,1.0
-0.476024389643706,0.34304092050780505,0.5465265673846181,1,1,1,-1.5832813773369714,3,1.0,0.0,0.0,0.0
-1.3546764786837777,1.0331808846706256,-0.11485807669360142,2,1,0,-0.21831708304457814,4,0.0,1.0,0.0,0.0
-0.18314035996368214,0.6881109025892154,0.9856930527544073,2,1,1,0.23574532793104547,3,0.0,0.0,1.0,1.0
-1.2570484687904364,1.7233208488334462,-1.2251371051984103,2,1,1,0.6620461744550489,2,1.0,0.0,0.0,0.0
-0.2807683698570234,1.7233208488334462,-1.2251371051984103,2,0,1,0.9616854922495449,1,1.0,0.0,0.0,0.0
-0.08551235007034085,0.34304092050780505,0.6856809846591546,2,1,0,1.311731310405543,0,0.0,1.0,0.0,0.0
-1.452304488577119,-1.3823089898992464,-1.2251371051984103,3,1,1,-0.9130733437201832,4,1.0,0.0,0.0,1.0
0.012115659823000443,-0.002029061573605259,1.1651878559305842,2,1,0,-0.07489921362304446,3,1.0,0.0,0.0,0.0
-1.0617924490037538,-1.0372390078178362,-1.2251371051984103,3,1,1,-0.3771353048036991,1,1.0,0.0,0.0,1.0
0.5002557092897069,1.378250866752036,-1.2251371051984103,2,1,0,-0.22105081264672033,1,0.0,0.0,1.0,1.0
0.4026276993963656,-0.34709904365501554,1.0070383288023539,2,1,1,-0.4046264372862747,1,1.0,0.0,0.0,0.0
-0.2807683698570234,1.0331808846706256,-1.2251371051984103,2,1,1,-1.5363271481478733,2,1.0,0.0,0.0,0.0
0.3049996895030243,-0.34709904365501554,-1.2251371051984103,2,0,0,1.6586628103388705,0,0.0,0.0,1.0,1.0
0.10974366971634174,-0.002029061573605259,-1.2251371051984103,2,1,0,-0.19894273814256855,2,0.0,0.0,1.0,1.0
-0.6712804094303886,1.378250866752036,-1.2251371051984103,2,0,0,-0.6141302925332477,2,1.0,0.0,0.0,1.0
-1.0617924490037538,-0.6921690257364259,0.7538812490531094,1,1,1,1.149925459274115,2,0.0,1.0,0.0,1.0
0.10974366971634174,-0.002029061573605259,0.6756791369045564,1,1,0,1.6095030117960551,1,1.0,0.0,0.0,1.0
-0.2807683698570234,-1.3823089898992464,0.444748865549152,2,0,1,-0.8039081020999356,0,0.0,1.0,0.0,0.0
-0.6712804094303886,1.378250866752036,0.30105685293380835,1,0,1,1.5169895229570256,2,1.0,0.0,0.0,1.0
0.7931397389697308,1.0331808846706256,0.4677200719232242,1,0,1,-0.5664336806028716,0,1.0,0.0,0.0,1.0
-0.3783963797503647,1.7233208488334462,1.3302329854152481,2,1,1,-0.5082500858419982,3,0.0,0.0,1.0,1.0
-1.3546764786837777,-0.34709904365501554,0.5141162922104778,1,1,0,-0.6499513909503657,3,1.0,0.0,0.0,0.0
-0.2807683698570234,1.378250866752036,-1.2251371051984103,2,1,1,-1.4636192335668985,0,0.0,0.0,1.0,0.0
-0.3783963797503647,0.6881109025892154,0.49902799161889966,1,1,1,-1.6783168096093346,0,1.0,0.0,0.0,0.0
-0.2807683698570234,0.34304092050780505,1.0914782143957475,2,1,0,-0.8207319637726503,2,0.0,1.0,0.0,0.0
0.10974366971634174,-0.34709904365501554,0.4203706317803726,2,1,1,-1.0711197728263344,1,1.0,0.0,0.0,1.0
-1.745188518257143,0.6881109025892154,0.35891715415351066,1,1,1,1.1968809066252362,2,1.0,0.0,0.0,0.0
1.3789077983297786,1.0331808846706256,1.0863650387593915,1,1,0,1.5769878310854677,1,1.0,0.0,0.0,1.0
2.4528159071565327,1.378250866752036,-1.2251371051984103,2,1,1,-0.8196904352432202,1,1.0,0.0,0.0,1.0
0.012115659823000443,-1.0372390078178362,0.0753692107758108,1,1,1,-1.4210705743445602,4,0.0,0.0,1.0,1.0
-0.18314035996368214,-1.7273789719806567,-1.2251371051984103,2,0,0,-1.222777290169583,1,0.0,0.0,1.0,0.0
-1.0617924490037538,0.6881109025892154,-1.2251371051984103,2,1,1,0.5345707394712149,2,1.0,0.0,0.0,1.0
-1.0617924490037538,1.378250866752036,-1.2251371051984103,2,1,1,-0.7690700604351568,4,1.0,0.0,0.0,0.0
0.012115659823000443,-0.002029061573605259,-1.2251371051984103,2,0,1,-1.0526258110204632,1,1.0,0.0,0.0,1.0
0.012115659823000443,-0.34709904365501554,-0.17668807376317303,1,1,1,-1.7251882037808872,3,0.0,0.0,1.0,1.0
-0.8665364292170712,0.6881109025892154,0.2970841167654471,1,0,0,-1.402283209514358,2,1.0,0.0,0.0,1.0
0.003935819113316791,-0.6921690257364259,-1.2251371051984103,1,1,1,-1.5222438029799985,1,0.0,0.0,1.0,1.0
-0.5736523995370473,1.378250866752036,0.950489204936482,2,1,0,0.3718601420031943,3,0.0,1.0,0.0,1.0
-0.7689084193237299,-0.34709904365501554,0.8108721792008857,2,0,1,0.7472186708988426,0,0.0,1.0,0.0,1.0
2.159931877476509,-1.3823089898992464,1.2226189921926378,1,0,1,-0.302954110267811,2,0.0,0.0,1.0,1.0
-0.5736523995370473,-1.0372390078178362,-1.2251371051984103,2,1,1,1.4332280061818405,2,0.0,0.0,1.0,1.0
-1.452304488577119,-0.6921690257364259,-1.2251371051984103,2,1,1,1.7016251225794976,0,1.0,0.0,0.0,0.0
0.5978837191830482,-0.34709904365501554,-1.2251371051984103,1,0,0,1.258097376776403,0,1.0,0.0,0.0,0.0
-0.3783963797503647,1.378250866752036,2.0851101434049304,2,0,1,0.04536122172333249,1,0.0,1.0,0.0,0.0
0.20737167960968303,-1.3823089898992464,-1.2251371051984103,2,1,1,-0.15985557331937755,1,1.0,0.0,0.0,0.0
0.012115659823000443,-0.6921690257364259,1.4391607162598934,2,1,0,-0.11387883214194353,1,1.0,0.0,0.0,0.0
1.183651778543096,-0.6921690257364259,-1.2251371051984103,1,1,0,1.2189820202035433,2,1.0,0.0,0.0,1.0
-0.7689084193237299,0.34304092050780505,-1.2251371051984103,1,1,0,-1.5619207322453346,0,0.0,0.0,1.0,1.0
0.3049996895030243,-0.34709904365501554,0.34779854941180155,1,1,1,-1.7350711522712587,2,1.0,0.0,0.0,1.0
-0.18314035996368214,1.7233208488334462,0.4749237065479183,1,1,1,1.1537517061874956,2,1.0,0.0,0.0,1.0
-1.5499324984704603,-0.002029061573605259,-1.2251371051984103,2,1,0,0.30372016098429366,0,0.0,0.0,1.0,1.0
0.8907677488630721,-0.34709904365501554,-1.2251371051984103,1,1,0,0.23737679492576705,3,1.0,0.0,0.0,0.0
0.012115659823000443,-1.0372390078178362,-1.2251371051984103,1,0,1,-0.46480868788014806,0,1.0,0.0,0.0,0.0
0.20737167960968303,-0.002029061573605259,-1.2251371051984103,2,0,0,0.757048020260214,4,1.0,0.0,0.0,1.0
0.003935819113316791,-0.34709904365501554,0.6921410213874307,1,0,1,-0.9897119191022008,0,0.0,1.0,0.0,1.0
-0.3783963797503647,1.0331808846706256,-1.2251371051984103,2,1,0,1.1620540024418076,4,0.0,0.0,1.0,1.0
0.4026276993963656,-1.0372390078178362,0.33347704914723775,1,1,1,0.12243381083173269,3,0.0,0.0,1.0,1.0
0.4026276993963656,-0.34709904365501554,-1.2251371051984103,4,0,0,-1.4244946537672951,0,1.0,0.0,0.0,1.0
-1.0617924490037538,-0.6921690257364259,-0.018912345792686133,1,1,1,1.7288884587638234,4,1.0,0.0,0.0,1.0
-1.2570484687904364,1.0331808846706256,-1.2251371051984103,2,1,1,1.3795918102518012,0,0.0,0.0,1.0,1.0
0.5002557092897069,-0.34709904365501554,0.7482240164234625,1,1,0,0.6396527019912872,4,1.0,0.0,0.0,0.0
0.6955117290763895,1.378250866752036,1.0128499776080377,1,1,0,-1.0687151209934744,2,1.0,0.0,0.0,1.0
0.003935819113316791,0.6881109025892154,-1.2251371051984103,2,1,0,-1.61318238234679,0,0.0,0.0,1.0,1.0
0.9883957587564134,-1.3823089898992464,0.705574908669117,4,0,0,1.144807264524061,4,0.0,1.0,0.0,0.0
-1.0617924490037538,1.0331808846706256,0.9313584008679915,1,1,0,-0.3658603451676448,4,0.0,0.0,1.0,1.0
0.003935819113316791,0.34304092050780505,0.49725084545199194,2,0,1,1.2029576208640285,0,0.0,1.0,0.0,1.0
0.003935819113316791,-0.002029061573605259,-1.2251371051984103,2,0,1,0.08311571729366209,4,1.0,0.0,0.0,1.0
-1.3546764786837777,-0.002029061573605259,1.2329096702039681,2,1,0,-1.1321576952295995,2,0.0,1.0,0.0,1.0
0.4026276993963656,1.0331808846706256,-1.2251371051984103,2,0,0,1.1773725639007262,3,1.0,0.0,0.0,0.0
-0.9641644391104125,-0.34709904365501554,0.36058676905586207,1,1,1,-1.57635107956654,2,0.0,1.0,0.0,0.0
0.20737167960968303,-1.7273789719806567,1.1569231501522106,1,1,1,1.1056001977532048,3,0.0,0.0,1.0,1.0
0.7931397389697308,-1.7273789719806567,0.5269443560284587,1,0,0,1.5304375096184766,2,0.0,1.0,0.0,0.0
-0.9641644391104125,0.34304092050780505,0.6536573099837765,1,0,0,-1.2188683822618032,2,0.0,1.0,0.0,1.0
-0.8665364292170712,-0.002029061573605259,0.3859683079269746,1,1,1,1.3570587712248645,1,0.0,0.0,1.0,0.0
0.012115659823000443,0.34304092050780505,-1.2251371051984103,1,0,0,-1.0784003791898722,0,0.0,0.0,1.0,0.0
-0.18314035996368214,1.0331808846706256,1.5085905494586846,2,0,0,0.16468906702974037,4,0.0,1.0,0.0,0.0
0.4026276993963656,-0.6921690257364259,0.9348597276533425,1,1,0,-1.6406575046999237,0,0.0,1.0,0.0,0.0
-1.159420458897095,-1.7273789719806567,1.7394526536731654,2,1,1,-0.4063821568073142,2,0.0,1.0,0.0,1.0
-0.18314035996368214,1.7233208488334462,-1.2251371051984103,1,1,1,-0.41307613114533664,0,1.0,0.0,0.0,1.0
0.012115659823000443,1.7233208488334462,0.46261953761112395,1,0,0,-0.7226250229715581,2,0.0,0.0,1.0,1.0
0.10974366971634174,0.34304092050780505,-1.2251371051984103,2,0,0,0.10041048559973328,3,1.0,0.0,0.0,1.0
-0.3783963797503647,1.0331808846706256,-0.2867759261376289,1,0,1,1.7105526839977598,2,0.0,1.0,0.0,1.0
-0.8665364292170712,-0.6921690257364259,0.8765953841077402,2,1,0,-0.7935958385081264,1,0.0,1.0,0.0,0.0
-0.7689084193237299,-0.34709904365501554,-0.3333169615951557,2,1,1,0.05939410017883739,0,0.0,0.0,1.0,1.0
-0.476024389643706,-0.6921690257364259,0.02022215378500166,1,1,1,1.1862343445697616,2,0.0,0.0,1.0,0.0
0.003935819113316791,1.7233208488334462,0.7460695507300313,1,0,1,0.7958395197581751,1,0.0,1.0,0.0,1.0
0.20737167960968303,0.6881109025892154,0.7499288350136153,1,1,1,1.1232250879674344,2,0.0,0.0,1.0,1.0
0.5002557092897069,-0.6921690257364259,1.3945696450730252,1,1,0,-0.07406094412826328,0,0.0,1.0,0.0,1.0
-0.6712804094303886,-0.34709904365501554,0.9182933522244036,1,1,1,-0.8988965481228507,2,1.0,0.0,0.0,0.0
-0.5736523995370473,-0.002029061573605259,0.4320737777563435,2,1,0,0.36033563317562717,3,0.0,1.0,0.0,1.0
2.0623038675831675,-1.0372390078178362,-1.2251371051984103,2,1,1,-0.984239587249826,3,1.0,0.0,0.0,0.0
0.10974366971634174,0.6881109025892154,0.8604309707867859,2,0,1,0.2883836751413266,3,0.0,0.0,1.0,0.0
0.7931397389697308,1.378250866752036,-1.2251371051984103,1,1,0,1.523817495117548,2,1.0,0.0,0.0,0.0
-0.08551235007034085,0.34304092050780505,1.6533469935797256,2,0,0,0.9178511500237927,4,0.0,1.0,0.0,0.0
-0.08551235007034085,-0.34709904365501554,-1.2251371051984103,2,0,0,-0.21403280721065301,2,1.0,0.0,0.0,1.0
0.9883957587564134,-0.002029061573605259,0.29108572839765445,1,1,1,-1.282345587104003,0,0.0,1.0,0.0,1.0
0.003935819113316791,-1.0372390078178362,-0.6808620090601142,1,1,0,-1.4062619007037251,2,0.0,0.0,1.0,0.0
0.5978837191830482,0.34304092050780505,-1.2251371051984103,2,1,1,1.4065415567268482,0,1.0,0.0,0.0,0.0
-0.6712804094303886,0.6881109025892154,-1.2251371051984103,1,1,0,1.69979561724451,1,1.0,0.0,0.0,1.0
0.4026276993963656,1.378250866752036,-1.2251371051984103,1,1,0,0.4436069267482385,1,0.0,0.0,1.0,0.0
0.003935819113316791,-1.3823089898992464,-1.2251371051984103,2,0,1,-1.2227229949479987,3,0.0,0.0,1.0,1.0
0.012115659823000443,0.6881109025892154,0.2653988775432482,2,1,1,1.5725923544611824,3,0.0,1.0,0.0,0.0
0.5978837191830482,-0.6921690257364259,-1.2251371051984103,2,1,1,-1.2109560718779093,3,1.0,0.0,0.0,1.0
0.012115659823000443,-0.34709904365501554,0.05969844916788597,1,1,0,-0.055457173717200534,2,1.0,0.0,0.0,0.0
1.183651778543096,1.7233208488334462,1.040011542947787,1,1,0,0.5187629989485992,3,1.0,0.0,0.0,1.0
0.20737167960968303,-0.6921690257364259,0.9472018205629044,1,1,1,0.05789541284459298,3,1.0,0.0,0.0,0.0
-0.2807683698570234,-1.7273789719806567,0.2113701777071769,1,1,0,1.3400504450172797,3,0.0,0.0,1.0,1.0
-0.9641644391104125,1.0331808846706256,0.4148790165001539,1,0,1,1.406890647157932,0,1.0,0.0,0.0,1.0
-1.2570484687904364,-1.7273789719806567,-1.2251371051984103,2,0,1,0.2005872577005823,4,1.0,0.0,0.0,0.0
-0.5736523995370473,-0.34709904365501554,-1.2251371051984103,2,1,1,0.5473936349918613,2,1.0,0.0,0.0,1.0
1.47653580822312,1.378250866752036,0.7051998293772719,1,0,0,-1.6437382364553963,2,1.0,0.0,0.0,0.0
0.5978837191830482,-0.002029061573605259,-1.2251371051984103,2,1,1,0.36629557788338435,0,1.0,0.0,0.0,1.0
-1.159420458897095,-1.3823089898992464,-1.2251371051984103,2,1,0,-0.12836504089304818,3,1.0,0.0,0.0,1.0
0.9883957587564134,0.6881109025892154,0.6200121854516291,1,1,0,0.19216053489680612,0,0.0,0.0,1.0,0.0
-1.0617924490037538,-0.6921690257364259,0.4449178432505976,1,1,1,-1.225850016860335,1,1.0,0.0,0.0,1.0
-0.2807683698570234,-0.34709904365501554,-1.2251371051984103,2,1,1,0.7105533861999757,0,1.0,0.0,0.0,1.0
-0.5736523995370473,1.378250866752036,0.1273482558980406,2,0,1,1.6991188412293128,2,0.0,1.0,0.0,0.0
0.3049996895030243,-1.3823089898992464,-1.2251371051984103,2,1,0,-0.7572427513333695,2,1.0,0.0,0.0,0.0
-0.6712804094303886,1.378250866752036,-1.2251371051984103,2,1,0,0.9814073613743237,2,1.0,0.0,0.0,0.0
-1.5499324984704603,-0.6921690257364259,0.5383079464339113,1,1,0,-0.08346289264280438,4,1.0,0.0,0.0,1.0
4.112492075343335,-1.3823089898992464,-1.2251371051984103,2,1,1,-0.7102109078211093,4,1.0,0.0,0.0,0.0
0.3049996895030243,0.34304092050780505,-1.2251371051984103,2,1,0,1.0079953137286213,1,0.0,0.0,1.0,1.0
0.10974366971634174,-0.002029061573605259,1.4910296698493635,1,1,1,0.9250725885176553,3,1.0,0.0,0.0,1.0
-1.8428165281504842,-0.002029061573605259,-1.2251371051984103,2,1,1,-0.7321152012211736,2,0.0,0.0,1.0,1.0
0.10974366971634174,-1.0372390078178362,0.42251405631717515,1,1,0,0.4928782741277066,0,1.0,0.0,0.0,0.0
-1.452304488577119,0.34304092050780505,0.5633564904217774,2,1,0,-0.7747555706415087,0,0.0,1.0,0.0,1.0
0.003935819113316791,1.378250866752036,0.6718089714811067,1,0,1,-0.40437201544667095,3,1.0,0.0,0.0,1.0
-0.08551235007034085,1.0331808846706256,0.2505248393969689,1,1,0,-0.02214548906689676,1,0.0,1.0,0.0,1.0
0.10974366971634174,1.0331808846706256,0.7276809044070942,1,1,0,0.029685216722317373,3,1.0,0.0,0.0,0.0
-0.9641644391104125,1.0331808846706256,-1.2251371051984103,2,1,1,0.4012542175884129,4,1.0,0.0,0.0,1.0
1.6717918280098025,-1.3823089898992464,0.8769759039695182,1,1,0,0.11379617197487872,1,1.0,0.0,0.0,0.0
0.003935819113316791,0.6881109025892154,0.6598488385841872,1,1,1,1.4268648498445613,4,1.0,0.0,0.0,1.0
1.183651778543096,1.0331808846706256,0.6342200738146526,2,1,1,-0.23803112112778238,4,0.0,1.0,0.0,1.0
-0.476024389643706,-1.3823089898992464,-1.2251371051984103,1,1,1,-0.4328987596717091,1,1.0,0.0,0.0,0.0
1.7694198379031438,0.6881109025892154,-0.08130864218556826,2,1,1,-0.27770944257828745,1,1.0,0.0,0.0,0.0
0.20737167960968303,-1.0372390078178362,0.23627534667563477,1,1,0,0.2670428686883457,1,1.0,0.0,0.0,0.0
2.25755988736985,1.378250866752036,-1.2251371051984103,2,0,0,0.9656768871285781,2,1.0,0.0,0.0,1.0
-0.476024389643706,-1.3823089898992464,-1.2251371051984103,2,1,1,0.4561578240915248,3,1.0,0.0,0.0,1.0
-0.9641644391104125,0.34304092050780505,1.2802362279497492,1,1,0,1.3959985384433058,0,1.0,0.0,0.0,0.0
0.4026276993963656,-0.002029061573605259,0.3735406060493507,1,0,0,-1.312067348273335,0,0.0,1.0,0.0,1.0
0.4026276993963656,-1.0372390078178362,1.0220099771739002,1,1,0,-1.2865350203233017,1,1.0,0.0,0.0,1.0
0.20737167960968303,-0.002029061573605259,-1.2251371051984103,1,0,1,-0.2105667882097067,2,1.0,0.0,0.0,1.0
-0.8665364292170712,-0.6921690257364259,1.069447906586543,2,1,1,-1.7312000073861835,0,1.0,0.0,0.0,1.0
-0.9641644391104125,1.7233208488334462,0.8583816361064699,1,1,0,1.4665859809890076,2,1.0,0.0,0.0,1.0
-0.8665364292170712,1.0331808846706256,-1.2251371051984103,2,1,1,-1.3271983127807534,4,1.0,0.0,0.0,1.0
-0.18314035996368214,1.378250866752036,1.0986151220303821,1,1,0,1.0224434114107293,2,0.0,1.0,0.0,0.0
-0.476024389643706,-0.002029061573605259,-1.2251371051984103,2,1,0,1.6125122200384794,3,0.0,0.0,1.0,1.0
0.012115659823000443,-1.3823089898992464,0.6396598436637461,1,0,0,0.7883260704251507,3,1.0,0.0,0.0,1.0
-0.6712804094303886,-0.6921690257364259,-1.2251371051984103,1,1,1,-0.34032853928705004,0,1.0,0.0,0.0,0.0
1.183651778543096,1.7233208488334462,0.6195439764038737,2,0,0,-1.52706911677516,2,0.0,1.0,0.0,0.0
-0.3783963797503647,-1.0372390078178362,1.1840917562295201,2,0,0,-0.6205129394628905,2,0.0,1.0,0.0,0.0
0.003935819113316791,0.34304092050780505,1.1783183514301296,1,0,1,0.8864345774345577,2,0.0,0.0,1.0,0.0
-1.2570484687904364,-0.6921690257364259,-1.2251371051984103,2,1,0,-1.6600102707318167,3,1.0,0.0,0.0,1.0
-0.5736523995370473,-1.0372390078178362,0.8095422798858154,2,0,1,0.0870804866313412,4,0.0,1.0,0.0,1.0
-0.476024389643706,0.6881109025892154,-1.2251371051984103,2,1,1,-0.6118598125460335,4,1.0,0.0,0.0,1.0
1.2812797884364373,0.6881109025892154,-1.2251371051984103,1,0,1,1.631196563166188,0,0.0,0.0,1.0,0.0
0.6955117290763895,1.0331808846706256,-0.22662482494264727,1,1,1,0.5589425070598831,1,0.0,0.0,1.0,1.0
-1.0617924490037538,-0.002029061573605259,-1.2251371051984103,1,1,0,-0.7139795530731295,3,1.0,0.0,0.0,0.0
0.10974366971634174,-1.7273789719806567,-1.2251371051984103,2,1,0,-0.6638448768658415,1,1.0,0.0,0.0,1.0
-0.2807683698570234,-0.002029061573605259,0.6878226490115673,1,1,1,-1.003867831922001,4,1.0,0.0,0.0,1.0
-0.8665364292170712,-0.6921690257364259,0.22360361923484348,1,0,1,-0.6490480367989417,3,0.0,1.0,0.0,1.0
0.003935819113316791,1.7233208488334462,-0.08767426902383205,1,1,0,0.6539697602443791,0,1.0,0.0,0.0,1.0
-1.452304488577119,1.0331808846706256,1.0736085024343518,1,0,1,1.4018074310602449,0,0.0,0.0,1.0,1.0
-1.2570484687904364,-0.34709904365501554,0.45635216106517795,2,1,0,0.5642185408034529,1,0.0,1.0,0.0,0.0
-0.6712804094303886,1.378250866752036,-1.2251371051984103,2,1,0,0.6701565231792086,1,1.0,0.0,0.0,1.0
-0.5736523995370473,-0.002029061573605259,-1.2251371051984103,2,0,1,-0.3773072396720496,0,1.0,0.0,0.0,1.0
-0.7689084193237299,-1.3823089898992464,-1.2251371051984103,2,0,1,1.6059033430189014,0,1.0,0.0,0.0,1.0
1.7694198379031438,0.34304092050780505,0.956299093557776,2,1,1,-0.484310939794544,3,1.0,0.0,0.0,1.0
1.6717918280098025,-1.3823089898992464,-0.03894596443651401,2,1,1,-0.6644160208313536,1,0.0,1.0,0.0,0.0
1.183651778543096,-0.002029061573605259,-1.2251371051984103,2,0,1,1.464321417788761,4,1.0,0.0,0.0,0.0
-0.2807683698570234,-1.0372390078178362,0.5416796596414488,1,1,1,-0.8943846500138218,2,1.0,0.0,0.0,0.0
-0.476024389643706,-0.34709904365501554,0.13727425570710378,2,1,1,-1.2383862962593486,0,0.0,0.0,1.0,1.0
1.5741638181164612,1.0331808846706256,0.6843098010192993,1,0,1,0.33169037918809247,2,0.0,1.0,0.0,0.0
0.3049996895030243,-1.0372390078178362,0.5198783358197144,2,1,0,-1.6352951554758863,4,0.0,0.0,1.0,0.0
0.012115659823000443,0.34304092050780505,0.9065122780849819,1,0,1,-1.3853921749072469,4,0.0,0.0,1.0,1.0
0.6955117290763895,0.6881109025892154,-0.4328533086350268,1,1,0,0.5677994150808272,3,1.0,0.0,0.0,1.0
-0.18314035996368214,1.7233208488334462,-1.2251371051984103,2,1,1,-1.0957920783883233,2,1.0,0.0,0.0,0.0
-0.5736523995370473,-1.3823089898992464,-1.2251371051984103,3,0,1,-0.5248259645315153,3,1.0,0.0,0.0,0.0
-0.08551235007034085,-0.6921690257364259,0.23488544107453976,1,0,1,-0.3427765228832898,4,0.0,0.0,1.0,1.0
0.9883957587564134,-1.0372390078178362,-1.2251371051984103,2,0,0,1.1155473607844886,4,1.0,0.0,0.0,0.0
-0.2807683698570234,0.34304092050780505,0.7565343269792152,2,1,0,-0.06171783042142477,2,1.0,0.0,0.0,1.0
-0.9641644391104125,1.378250866752036,-1.2251371051984103,2,1,0,-1.2707229292220334,2,0.0,0.0,1.0,0.0
0.4026276993963656,-0.6921690257364259,-1.2251371051984103,2,1,1,0.6026315399586386,1,0.0,0.0,1.0,1.0
1.9646758576898262,-0.002029061573605259,0.6851489289230689,1,1,1,-0.6952242085018104,1,1.0,0.0,0.0,1.0
1.183651778543096,-0.6921690257364259,-1.2251371051984103,3,1,1,-0.4017319102971329,3,1.0,0.0,0.0,0.0
-0.7689084193237299,1.0331808846706256,-1.2251371051984103,2,1,0,0.3051861319670708,4,0.0,0.0,1.0,0.0
1.5741638181164612,0.34304092050780505,0.44392957972396135,1,0,1,1.3116242861706893,1,1.0,0.0,0.0,1.0
-0.5736523995370473,-0.002029061573605259,0.9610855149646321,2,1,1,1.1962039565868925,4,0.0,1.0,0.0,0.0
-0.7689084193237299,1.0331808846706256,1.109119262403198,1,1,0,0.6458294795390896,0,1.0,0.0,0.0,1.0
-0.7689084193237299,-1.0372390078178362,-0.3271822389455149,2,0,0,-1.7088653547458046,1,0.0,1.0,0.0,0.0
-0.8665364292170712,-0.6921690257364259,-1.2251371051984103,2,1,0,0.12635333415142475,3,1.0,0.0,0.0,1.0
1.47653580822312,1.0331808846706256,-1.2251371051984103,1,1,0,1.2796402241020106,4,0.0,0.0,1.0,0.0
-0.3783963797503647,0.6881109025892154,-1.2251371051984103,2,1,0,-0.5154363716603477,1,1.0,0.0,0.0,0.0
0.6955117290763895,1.0331808846706256,-1.2251371051984103,1,1,0,-0.6690897604662589,1,0.0,0.0,1.0,1.0
0.3049996895030243,1.378250866752036,1.0919371424712645,1,0,1,-1.529596280902877,0,1.0,0.0,0.0,0.0
0.8907677488630721,-0.6921690257364259,0.9175372730204922,2,1,1,-0.2519357445246087,1,0.0,1.0,0.0,0.0
0.003935819113316791,-1.3823089898992464,0.8930255852715936,2,0,0,1.4921447604572484,3,0.0,1.0,0.0,0.0
3.233839986303263,-1.0372390078178362,-1.2251371051984103,2,0,1,0.5303094346925753,4,0.0,0.0,1.0,0.0
-1.9404445380438253,0.34304092050780505,-1.2251371051984103,2,1,1,0.8910378376952913,3,1.0,0.0,0.0,1.0
-0.7689084193237299,-0.002029061573605259,1.0503043011770334,2,1,1,0.3801044885498539,0,1.0,0.0,0.0,1.0
-0.6712804094303886,0.6881109025892154,0.7837141342299163,1,0,0,-0.23655175036275525,0,1.0,0.0,0.0,1.0
-0.3783963797503647,0.6881109025892154,-1.2251371051984103,1,1,1,-0.8922392926686561,2,1.0,0.0,0.0,0.0
-0.18314035996368214,0.6881109025892154,-1.2251371051984103,2,1,1,-1.3164029609353607,4,0.0,0.0,1.0,1.0
-0.08551235007034085,-0.34709904365501554,0.5854596058580255,2,1,0,1.328371925705411,1,0.0,1.0,0.0,0.0
1.2812797884364373,1.0331808846706256,0.04660091712146358,3,1,1,-1.1826301503634746,3,1.0,0.0,0.0,1.0
0.003935819113316791,0.6881109025892154,-1.2251371051984103,2,0,0,1.5946384767253212,0,0.0,0.0,1.0,1.0
-0.18314035996368214,1.378250866752036,1.6352559784354708,1,1,0,1.7323941550420812,1,1.0,0.0,0.0,1.0
0.003935819113316791,0.6881109025892154,-1.2251371051984103,2,1,0,0.9255845646134924,2,1.0,0.0,0.0,1.0
-0.8665364292170712,0.34304092050780505,-1.2251371051984103,2,1,1,0.650466500290167,1,1.0,0.0,0.0,0.0
0.5978837191830482,-0.002029061573605259,-1.2251371051984103,1,1,0,0.7332286021372791,2,1.0,0.0,0.0,1.0
-0.9641644391104125,-0.34709904365501554,0.2046041889285562,2,0,0,1.396486151298688,0,1.0,0.0,0.0,0.0
-1.3546764786837777,0.6881109025892154,0.04769367159416411,1,0,1,-1.0720993491157518,0,1.0,0.0,0.0,0.0
-0.08551235007034085,-0.002029061573605259,1.6357632315733333,1,1,1,1.6598501702647357,3,0.0,1.0,0.0,1.0
0.012115659823000443,-1.0372390078178362,0.8041343533725058,1,1,1,-0.4442567283484552,3,0.0,0.0,1.0,0.0
-0.3783963797503647,0.34304092050780505,1.77566780743156,2,1,1,-1.085959596610322,3,1.0,0.0,0.0,0.0
-0.476024389643706,0.34304092050780505,-0.26699945443151224,1,1,0,-1.5026360930390639,2,0.0,0.0,1.0,0.0
2.0623038675831675,0.6881109025892154,0.8387762223197145,1,0,1,1.3320546035232559,0,0.0,1.0,0.0,0.0
2.6480719269432154,0.34304092050780505,-1.2251371051984103,2,1,1,1.049073825412676,0,1.0,0.0,0.0,0.0
0.10974366971634174,1.0331808846706256,0.40692378314090477,1,0,1,-0.09754710792640979,1,0.0,0.0,1.0,0.0
0.10974366971634174,-1.3823089898992464,0.9070145707031992,2,1,1,-0.7984827564970086,1,0.0,1.0,0.0,0.0
-0.18314035996368214,1.0331808846706256,-1.2251371051984103,2,0,0,0.7765758535770874,3,1.0,0.0,0.0,1.0
0.10974366971634174,-0.002029061573605259,2.034646777059303,1,1,0,1.3852094514311726,3,0.0,0.0,1.0,0.0
2.6480719269432154,0.6881109025892154,0.7552412315195732,1,0,1,-0.8217785389733175,4,1.0,0.0,0.0,1.0
-1.2570484687904364,0.34304092050780505,1.2799513981120854,1,0,1,-1.6700785538727885,3,1.0,0.0,0.0,1.0
-0.2807683698570234,0.6881109025892154,-1.2251371051984103,2,1,1,-0.8327508723582978,2,1.0,0.0,0.0,0.0
-0.5736523995370473,-0.6921690257364259,-1.2251371051984103,2,1,0,0.6653545284856248,3,0.0,0.0,1.0,1.0
0.6955117290763895,-1.0372390078178362,0.8176442486164903,2,1,0,0.8662400614449618,3,0.0,0.0,1.0,0.0
-0.08551235007034085,1.378250866752036,-1.2251371051984103,2,0,0,-1.3824184673866282,4,1.0,0.0,0.0,0.0
-0.18314035996368214,-0.002029061573605259,-1.2251371051984103,2,0,1,1.2154984248648408,0,1.0,0.0,0.0,1.0
-0.2807683698570234,-1.3823089898992464,0.09867341203312939,1,1,0,0.23372335299646732,2,0.0,0.0,1.0,1.0
1.7694198379031438,1.7233208488334462,-1.2251371051984103,2,1,1,-0.9141843074849088,0,1.0,0.0,0.0,1.0
0.10974366971634174,1.378250866752036,1.2440762799744973,1,1,1,0.4342683226588793,2,0.0,1.0,0.0,1.0
-1.2570484687904364,-0.6921690257364259,0.4431784610396947,1,1,1,-1.7393839679011451,4,1.0,0.0,0.0,0.0
-1.159420458897095,-0.6921690257364259,-1.2251371051984103,2,1,0,-1.2571867128255085,0,1.0,0.0,0.0,0.0
-0.2807683698570234,0.34304092050780505,-1.2251371051984103,2,1,0,1.3286449680216474,0,1.0,0.0,0.0,1.0
0.9883957587564134,0.6881109025892154,0.7342915169091017,2,1,1,-0.42759975487285345,0,1.0,0.0,0.0,1.0
0.8907677488630721,0.6881109025892154,1.0442049422319564,1,1,0,-0.11884040606050424,4,0.0,1.0,0.0,0.0
0.8907677488630721,1.378250866752036,-1.2251371051984103,1,1,0,0.6461286253272418,4,1.0,0.0,0.0,0.0
-0.2807683698570234,1.7233208488334462,0.24317846981991714,1,1,1,0.6161360841425726,3,0.0,0.0,1.0,0.0
-1.0617924490037538,1.378250866752036,-1.2251371051984103,2,0,0,-1.1795320162933918,2,1.0,0.0,0.0,1.0
0.7931397389697308,0.34304092050780505,-1.2251371051984103,1,1,0,-0.8729996416817307,3,0.0,0.0,1.0,0.0
0.5978837191830482,-0.002029061573605259,-1.2251371051984103,2,1,1,1.1225730232389846,1,1.0,0.0,0.0,1.0
2.0623038675831675,-1.0372390078178362,-1.2251371051984103,2,0,1,-0.6919804170584386,4,1.0,0.0,0.0,0.0
-0.9641644391104125,-0.6921690257364259,0.05044227952762129,1,1,0,-0.3154561071070422,0,1.0,0.0,0.0,0.0
-1.0617924490037538,-0.6921690257364259,-1.2251371051984103,2,1,0,1.5837538510059772,0,0.0,0.0,1.0,0.0
-0.2807683698570234,1.378250866752036,-1.2251371051984103,2,1,1,0.07784177182784541,1,0.0,0.0,1.0,1.0
0.012115659823000443,-0.34709904365501554,1.0172270761358237,2,0,0,0.5381651875539858,0,1.0,0.0,0.0,1.0
0.5002557092897069,-0.6921690257364259,0.4673713953972298,3,1,0,-0.6934051445555891,0,1.0,0.0,0.0,0.0
-0.18314035996368214,-1.3823089898992464,0.3057243818859543,2,1,0,-0.0007653533828965009,3,0.0,1.0,0.0,1.0
-0.8665364292170712,-0.6921690257364259,-1.2251371051984103,2,1,1,0.4796018742883142,0,1.0,0.0,0.0,0.0
-1.8428165281504842,0.34304092050780505,1.4581129416211744,1,1,0,-0.738721815939852,2,1.0,0.0,0.0,0.0
0.012115659823000443,-1.3823089898992464,1.3495838125324966,1,0,0,-0.3759799651367171,1,1.0,0.0,0.0,0.0
-0.476024389643706,-1.3823089898992464,0.40116189954843084,1,1,0,0.1749277188307475,1,0.0,1.0,0.0,0.0
0.9883957587564134,1.7233208488334462,-1.2251371051984103,1,1,1,-0.2204511288852471,0,1.0,0.0,0.0,0.0
0.012115659823000443,0.34304092050780505,1.4981080113488376,2,1,0,-0.18770606359865696,4,0.0,0.0,1.0,1.0
2.159931877476509,0.6881109025892154,0.23214243372777807,1,1,1,0.025411556300304308,1,0.0,0.0,1.0,1.0
1.183651778543096,-0.6921690257364259,-1.2251371051984103,2,1,1,-1.6502120715135977,1,1.0,0.0,0.0,1.0
-1.2570484687904364,-0.002029061573605259,1.297124557105306,1,1,1,-0.8836940601023834,3,1.0,0.0,0.0,0.0
2.0623038675831675,-0.34709904365501554,-1.2251371051984103,1,1,1,-1.5177928129721057,4,1.0,0.0,0.0,0.0
0.5002557092897069,-0.002029061573605259,0.8327635924600386,1,0,1,1.2306337399509124,4,0.0,1.0,0.0,0.0
-1.0617924490037538,-0.002029061573605259,-1.2251371051984103,2,1,0,-0.9048704146822962,0,0.0,0.0,1.0,1.0
1.8670478477964851,1.378250866752036,0.23557799362364626,2,1,1,-1.2810136139437258,3,1.0,0.0,0.0,1.0
-0.6712804094303886,1.378250866752036,0.5902052229903848,1,1,0,-0.31837934791529093,2,0.0,1.0,0.0,1.0
1.2812797884364373,-0.002029061573605259,0.33855230081082643,2,1,0,1.299803415925308,0,0.0,1.0,0.0,1.0
1.3789077983297786,-0.002029061573605259,1.0409650828369104,2,1,1,-0.42619799843098893,0,0.0,1.0,0.0,0.0
-0.6712804094303886,-0.6921690257364259,-1.2251371051984103,2,1,1,-0.7082677653717161,3,0.0,0.0,1.0,0.0
0.10974366971634174,1.378250866752036,-1.2251371051984103,2,1,1,-0.5181091931613534,4,1.0,0.0,0.0,0.0
0.3049996895030243,-1.0372390078178362,1.6174021081335859,1,0,1,-0.9260290189013065,3,0.0,1.0,0.0,1.0
0.20737167960968303,-0.002029061573605259,0.25449917573295733,1,1,0,-1.080841401860268,1,0.0,1.0,0.0,0.0
0.10974366971634174,-0.002029061573605259,-1.2251371051984103,2,1,1,0.3847488182730675,1,1.0,0.0,0.0,1.0
0.20737167960968303,-0.34709904365501554,0.2833073135612248,1,0,1,0.9126050482613527,3,1.0,0.0,0.0,1.0
1.0860237686497547,0.6881109025892154,0.8240535600309801,2,1,1,-0.6613650470338648,0,0.0,0.0,1.0,1.0
0.6955117290763895,0.6881109025892154,0.1766633419542991,3,0,1,-0.06004303166332331,0,0.0,0.0,1.0,0.0
0.3049996895030243,1.7233208488334462,-1.2251371051984103,2,1,0,1.3497059452556934,1,0.0,0.0,1.0,1.0
-0.6712804094303886,-0.6921690257364259,-1.2251371051984103,2,1,1,1.2249647619434403,3,1.0,0.0,0.0,1.0
-0.6712804094303886,-1.0372390078178362,0.5142284639611535,2,1,1,1.0561499545795423,4,1.0,0.0,0.0,0.0
-0.6712804094303886,-1.7273789719806567,-1.2251371051984103,1,0,1,0.29486099066244986,2,1.0,0.0,0.0,1.0
-0.3783963797503647,-0.34709904365501554,1.0750201703151785,2,1,0,0.0643360094818883,1,1.0,0.0,0.0,1.0
-0.3783963797503647,1.0331808846706256,-1.2251371051984103,1,1,0,-0.4131177226772554,0,1.0,0.0,0.0,1.0
-0.2807683698570234,-0.34709904365501554,0.6324184450830469,1,1,0,-0.7270325071929248,3,1.0,0.0,0.0,0.0
2.25755988736985,1.7233208488334462,0.6122176089221635,1,0,1,-1.5998823153595274,0,0.0,1.0,0.0,0.0
-0.476024389643706,-0.34709904365501554,0.36608894544242115,2,0,1,-1.663265547702831,1,0.0,1.0,0.0,1.0
-0.476024389643706,1.7233208488334462,1.0533193370204401,2,0,1,-0.5566285204588084,4,1.0,0.0,0.0,0.0
-0.7689084193237299,-1.7273789719806567,0.543482888540682,1,1,1,-0.23177725132625593,0,1.0,0.0,0.0,1.0
2.3551878972631917,-0.6921690257364259,1.1566093572804916,1,1,0,-0.5388696324220785,1,0.0,1.0,0.0,1.0
-0.08551235007034085,0.6881109025892154,-1.2251371051984103,1,1,1,0.14077898284768542,1,1.0,0.0,0.0,1.0
0.8907677488630721,-0.002029061573605259,0.9277721051816294,1,1,1,-0.7339575842689728,0,0.0,1.0,0.0,1.0
-0.3783963797503647,0.34304092050780505,1.352916161616402,1,0,0,-1.5041319960029704,0,1.0,0.0,0.0,1.0
2.159931877476509,-1.3823089898992464,0.4433208759585266,1,1,0,-0.6531765619171044,1,1.0,0.0,0.0,0.0
1.183651778543096,1.378250866752036,0.6933013029340044,1,0,0,-0.7589473080494546,0,1.0,0.0,0.0,1.0
3.1362119764099217,-0.34709904365501554,-1.2251371051984103,2,1,1,0.1193335884838963,4,1.0,0.0,0.0,0.0
1.2812797884364373,0.6881109025892154,-1.2251371051984103,1,1,1,0.3898635325601995,4,1.0,0.0,0.0,0.0
-0.18314035996368214,-0.6921690257364259,-1.2251371051984103,2,1,1,1.3857960834566883,0,1.0,0.0,0.0,1.0
0.6955117290763895,0.6881109025892154,-0.39279263203464315,2,1,1,-0.47657769922799087,3,1.0,0.0,0.0,0.0
0.5002557092897069,1.0331808846706256,0.7568887641086678,1,1,0,0.7677102443988376,4,1.0,0.0,0.0,1.0
-0.9641644391104125,-1.3823089898992464,0.8571783100507211,2,0,1,1.6722722904799054,2,1.0,0.0,0.0,1.0
-0.476024389643706,-0.34709904365501554,1.4209530488956066,2,1,1,-1.298828711456647,0,1.0,0.0,0.0,1.0
-0.08551235007034085,1.378250866752036,0.4135427165145742,1,0,1,-0.744451354002168,1,0.0,0.0,1.0,0.0
0.8907677488630721,-1.3823089898992464,-1.2251371051984103,2,1,1,-1.591816342537624,1,0.0,0.0,1.0,1.0
0.5978837191830482,-1.7273789719806567,-1.2251371051984103,1,1,0,1.6733054658983226,1,1.0,0.0,0.0,1.0
0.5978837191830482,-1.3823089898992464,0.33480470822762975,2,1,0,-0.8660942292211923,3,0.0,1.0,0.0,0.0
-1.159420458897095,-0.002029061573605259,0.16860649795071492,2,1,0,0.855696521091981,3,0.0,0.0,1.0,0.0
0.003935819113316791,-1.3823089898992464,-1.2251371051984103,2,0,1,-1.1265343112864068,2,1.0,0.0,0.0,1.0
-0.08551235007034085,-0.6921690257364259,-1.2251371051984103,2,1,0,-0.5885102569175784,3,1.0,0.0,0.0,1.0
1.2812797884364373,-0.6921690257364259,0.5731797594691663,1,1,0,-0.25865338601050125,4,0.0,1.0,0.0,0.0
0.7931397389697308,0.34304092050780505,-1.2251371051984103,1,1,0,-1.1885579007892029,3,0.0,0.0,1.0,0.0
-0.8665364292170712,1.0331808846706256,-0.05614472611177187,2,1,1,-1.2767648388316055,1,1.0,0.0,0.0,1.0
-0.18314035996368214,1.378250866752036,0.39410179995990785,1,1,1,-1.1455626981739624,3,0.0,1.0,0.0,1.0
0.4026276993963656,-1.0372390078178362,0.9334254974089705,1,1,1,-0.04407101329078575,3,0.0,1.0,0.0,1.0
0.6955117290763895,1.0331808846706256,0.24797817261808014,1,1,0,0.8151839326790551,0,0.0,1.0,0.0,0.0
0.3049996895030243,-1.0372390078178362,0.5265950394354135,1,0,1,1.3013715384948477,3,1.0,0.0,0.0,0.0
0.6955117290763895,-1.0372390078178362,0.45125306690394223,1,1,1,-0.6614828607037768,3,0.0,1.0,0.0,1.0
0.3049996895030243,1.378250866752036,-1.2251371051984103,1,0,0,0.9132113449023778,0,0.0,0.0,1.0,0.0
0.012115659823000443,1.378250866752036,0.13052458863828184,1,0,0,1.578108540146375,1,1.0,0.0,0.0,1.0
-0.2807683698570234,-1.0372390078178362,0.15094608791497355,1,1,0,-1.470353755297963,2,0.0,0.0,1.0,1.0
2.159931877476509,0.6881109025892154,0.06361485943576528,1,1,0,0.5381811976834271,3,1.0,0.0,0.0,0.0
-0.476024389643706,0.34304092050780505,1.2787831157273748,1,0,1,1.4064068628117643,4,0.0,0.0,1.0,1.0
-0.08551235007034085,1.378250866752036,0.724810843750723,1,1,0,0.5286094025782889,2,1.0,0.0,0.0,0.0
-0.6712804094303886,0.6881109025892154,0.047366277297613425,1,0,1,0.9966060208855767,4,0.0,1.0,0.0,0.0
-0.18314035996368214,-1.0372390078178362,1.0033464220525885,2,1,1,1.7118032143256607,4,0.0,1.0,0.0,1.0
1.183651778543096,-0.34709904365501554,-1.2251371051984103,2,1,1,1.366957207775239,4,1.0,0.0,0.0,0.0
-1.452304488577119,0.6881109025892154,0.7979794686107607,1,1,0,-0.7239087917203646,1,1.0,0.0,0.0,1.0
-1.2570484687904364,1.0331808846706256,-1.2251371051984103,2,1,0,1.1424889281716684,1,1.0,0.0,0.0,1.0
0.8907677488630721,1.378250866752036,0.39420069031927646,1,1,1,-0.8813685888010004,3,0.0,0.0,1.0,0.0
-1.5499324984704603,-1.3823089898992464,-1.2251371051984103,2,0,0,-0.5967375491959199,2,1.0,0.0,0.0,1.0
-0.5736523995370473,-1.0372390078178362,-1.2251371051984103,2,1,1,1.3319987420933568,4,0.0,0.0,1.0,1.0
0.012115659823000443,-0.6921690257364259,-0.026670278483485813,1,0,0,-1.1476716846815924,4,1.0,0.0,0.0,1.0
-0.7689084193237299,1.378250866752036,0.6106080003058367,2,1,1,-0.03830179795115801,3,1.0,0.0,0.0,0.0
0.003935819113316791,-0.34709904365501554,-0.2648155456537384,1,1,1,-1.085199289484995,1,1.0,0.0,0.0,1.0
0.012115659823000443,-0.6921690257364259,-1.2251371051984103,2,1,0,-1.6297789697906935,0,1.0,0.0,0.0,1.0
-1.3546764786837777,0.6881109025892154,-1.2251371051984103,2,1,0,-1.2181517549461487,3,1.0,0.0,0.0,0.0
-0.08551235007034085,-1.0372390078178362,-0.45086399536438976,1,1,0,1.469056587594241,4,0.0,0.0,1.0,0.0
-1.0617924490037538,-0.6921690257364259,0.8935731626336645,3,1,0,0.07847869654258456,4,0.0,1.0,0.0,1.0
2.0623038675831675,-0.6921690257364259,-1.2251371051984103,2,1,1,-0.3860731335875819,4,0.0,0.0,1.0,1.0
1.47653580822312,-0.002029061573605259,-1.2251371051984103,1,0,1,0.8780764197503466,2,0.0,0.0,1.0,0.0
1.7694198379031438,-0.34709904365501554,-1.2251371051984103,2,1,1,-0.8822179957771324,2,0.0,0.0,1.0,0.0
0.003935819113316791,0.34304092050780505,-1.2251371051984103,1,1,1,-1.3173898461969142,0,1.0,0.0,0.0,0.0
-0.18314035996368214,-0.6921690257364259,0.5346347616453854,1,1,1,-1.1147689544246322,3,0.0,1.0,0.0,0.0
-0.2807683698570234,-0.6921690257364259,-1.2251371051984103,2,1,0,-1.0282058390203246,1,1.0,0.0,0.0,0.0
-0.9641644391104125,-0.6921690257364259,-1.2251371051984103,2,1,0,1.003479761133524,2,1.0,0.0,0.0,0.0
0.012115659823000443,-0.002029061573605259,1.4997624246587298,1,1,1,-0.7096381976472822,1,0.0,0.0,1.0,1.0
-0.476024389643706,-1.3823089898992464,-0.23803642037691955,2,1,0,0.0972044571790661,1,1.0,0.0,0.0,1.0
-0.7689084193237299,-0.6921690257364259,-1.2251371051984103,2,1,0,0.3739294512335124,4,1.0,0.0,0.0,1.0
-0.2807683698570234,0.34304092050780505,0.5427357702754837,1,0,0,-0.33216145901726046,3,1.0,0.0,0.0,0.0
0.4026276993963656,1.7233208488334462,0.8266997572362882,1,0,0,1.5332728687379429,3,0.0,0.0,1.0,1.0
-0.5736523995370473,-1.0372390078178362,0.05503428056775748,1,1,1,0.06439013068032655,1,0.0,1.0,0.0,1.0
0.10974366971634174,-0.34709904365501554,-1.2251371051984103,2,1,0,0.5566815983457044,4,0.0,0.0,1.0,0.0
-0.2807683698570234,-1.0372390078178362,-1.2251371051984103,2,0,1,-0.010602011716404396,0,1.0,0.0,0.0,0.0
-0.476024389643706,-0.34709904365501554,1.3149918688152604,2,1,1,0.44920612147412287,2,1.0,0.0,0.0,1.0
-0.2807683698570234,0.34304092050780505,0.7771571273434242,1,0,0,0.44518514266025233,2,1.0,0.0,0.0,0.0
0.20737167960968303,-0.002029061573605259,0.8371062873838375,3,1,1,0.11415587781787491,3,1.0,0.0,0.0,1.0
-0.18314035996368214,1.0331808846706256,1.259982586257164,1,1,0,0.31910798365536147,2,0.0,1.0,0.0,0.0
0.3049996895030243,-1.3823089898992464,-0.42193952534961565,1,1,1,-1.3396293081763744,0,1.0,0.0,0.0,1.0
0.3049996895030243,0.34304092050780505,-1.2251371051984103,2,1,1,0.4936368410215723,3,0.0,0.0,1.0,1.0
1.6717918280098025,-0.002029061573605259,0.36750493377584137,1,0,1,0.9893308092395683,4,0.0,0.0,1.0,1.0
-0.3783963797503647,-1.0372390078178362,0.9128108578996608,1,1,1,0.35164491725921176,3,0.0,1.0,0.0,0.0
0.10974366971634174,1.0331808846706256,-1.2251371051984103,2,1,0,0.1481244998447199,4,0.0,0.0,1.0,0.0
0.9883957587564134,1.7233208488334462,-1.2251371051984103,2,1,0,1.507543720609667,3,1.0,0.0,0.0,1.0
0.10974366971634174,-0.002029061573605259,0.339257334667426,1,1,0,-0.03026923757330671,4,1.0,0.0,0.0,0.0
-0.2807683698570234,0.6881109025892154,1.352167123150051,2,0,1,-0.2799111834227904,2,1.0,0.0,0.0,1.0
-1.0617924490037538,1.378250866752036,-1.2251371051984103,2,0,1,-0.6720384086538389,3,0.0,0.0,1.0,0.0
-0.7689084193237299,0.6881109025892154,0.41623547859783766,1,1,1,-1.5546530035946085,2,1.0,0.0,0.0,0.0
0.7931397389697308,1.378250866752036,0.5354111629781638,1,0,1,0.6138798740533391,4,0.0,1.0,0.0,1.0
-1.6475605083638016,-0.6921690257364259,-1.2251371051984103,1,1,1,1.2801327096054835,2,1.0,0.0,0.0,1.0
2.0623038675831675,-1.0372390078178362,-1.2251371051984103,2,0,1,-1.710546766383458,2,1.0,0.0,0.0,1.0
-0.7689084193237299,-0.34709904365501554,0.7777808726845556,1,1,1,0.10889254776397056,3,1.0,0.0,0.0,0.0
-1.452304488577119,-1.3823089898992464,1.4175258098714008,2,1,0,-1.3664514956853275,1,0.0,0.0,1.0,1.0
-1.9404445380438253,-1.7273789719806567,-0.010798695838331816,1,0,0,-0.9530513330282788,3,0.0,1.0,0.0,1.0
0.012115659823000443,-0.34709904365501554,0.29761041189807447,1,1,0,-1.4090612370319482,4,0.0,0.0,1.0,1.0
-0.18314035996368214,1.378250866752036,0.3983241622781317,1,1,0,-1.2977939698299148,3,1.0,0.0,0.0,0.0
-0.3783963797503647,1.378250866752036,-1.2251371051984103,2,1,1,1.6567134030562178,2,1.0,0.0,0.0,1.0
0.5002557092897069,1.378250866752036,-1.2251371051984103,2,0,0,-1.078006912856532,1,1.0,0.0,0.0,1.0
0.003935819113316791,1.378250866752036,0.45392486679128774,1,1,0,0.9665642311505603,2,1.0,0.0,0.0,0.0
0.20737167960968303,1.0331808846706256,-1.2251371051984103,1,1,0,1.5890965356145046,4,0.0,0.0,1.0,0.0
0.4026276993963656,-1.3823089898992464,0.423330781874162,1,1,0,-1.1819154373024272,2,0.0,1.0,0.0,1.0
4.112492075343335,-0.002029061573605259,-1.2251371051984103,2,1,1,-0.9667344249601153,4,1.0,0.0,0.0,1.0
1.5741638181164612,-1.0372390078178362,1.0293624273879354,3,1,1,1.3826995155949202,2,0.0,1.0,0.0,0.0
2.25755988736985,1.0331808846706256,0.5031181800911065,1,1,1,-1.3398522318265331,1,0.0,0.0,1.0,0.0
0.5002557092897069,1.0331808846706256,1.2456775677191616,1,1,0,-0.8884838731757398,1,1.0,0.0,0.0,1.0
-0.18314035996368214,-0.6921690257364259,0.061202606737571996,1,0,1,-0.4021137170796843,3,1.0,0.0,0.0,1.0
-0.9641644391104125,1.0331808846706256,0.8556602310226774,2,0,1,-0.5312923165944342,2,0.0,1.0,0.0,0.0
1.6717918280098025,0.34304092050780505,0.42695372139918986,2,1,0,0.7425600712776482,2,0.0,1.0,0.0,0.0
-0.8665364292170712,-0.002029061573605259,-1.2251371051984103,2,1,0,-1.504329338250652,2,1.0,0.0,0.0,0.0
-1.3546764786837777,-1.0372390078178362,0.9495439859190207,1,1,0,-0.4650446632662646,4,1.0,0.0,0.0,1.0
-0.476024389643706,1.378250866752036,-1.2251371051984103,2,0,1,-0.1977922711236774,0,0.0,0.0,1.0,1.0
-0.08551235007034085,0.34304092050780505,0.8965469141522863,1,1,1,-1.6182713412082983,3,0.0,1.0,0.0,0.0
-1.745188518257143,0.6881109025892154,0.6326546298248402,1,1,1,0.8302311920531977,1,0.0,0.0,1.0,1.0
-0.18314035996368214,-0.002029061573605259,-1.2251371051984103,2,1,0,-1.3652241104358587,4,0.0,0.0,1.0,1.0
2.843327946729898,-0.34709904365501554,0.9595075896673262,1,0,0,1.3055148555804295,3,0.0,1.0,0.0,1.0
2.4528159071565327,-1.3823089898992464,0.23447179774287602,1,1,1,-1.0194162779569222,2,0.0,0.0,1.0,0.0
-0.2807683698570234,-0.34709904365501554,-1.2251371051984103,2,1,0,-0.6257703527298275,0,1.0,0.0,0.0,0.0
-1.2570484687904364,0.6881109025892154,-1.2251371051984103,2,1,0,1.330650584780492,4,1.0,0.0,0.0,0.0
-0.18314035996368214,0.34304092050780505,0.7147683517383906,1,1,1,0.8002724113588726,3,0.0,0.0,1.0,0.0
0.5002557092897069,1.0331808846706256,-1.2251371051984103,2,1,1,1.3040483625282138,2,1.0,0.0,0.0,1.0
-0.9641644391104125,0.34304092050780505,1.2963505560239688,2,1,1,0.012579437552914484,2,0.0,0.0,1.0,0.0
-0.5736523995370473,-0.6921690257364259,1.3639576382784737,1,0,1,0.9207467211518113,4,0.0,0.0,1.0,0.0
-0.3783963797503647,0.6881109025892154,-1.2251371051984103,1,1,1,-1.7437352426463202,4,1.0,0.0,0.0,0.0
-1.452304488577119,-0.6921690257364259,-1.2251371051984103,1,1,1,1.7131969657028046,1,1.0,0.0,0.0,0.0
1.8670478477964851,-0.002029061573605259,0.8305772834308237,1,0,1,0.6417106997171085,1,0.0,0.0,1.0,1.0
-0.5736523995370473,1.0331808846706256,-1.2251371051984103,1,0,0,-0.4666446320715414,3,1.0,0.0,0.0,1.0
0.003935819113316791,1.378250866752036,-1.2251371051984103,3,0,1,-0.47331058868304116,1,0.0,0.0,1.0,1.0
1.9646758576898262,-1.0372390078178362,1.4466352592638936,1,1,0,1.0285504056769443,0,1.0,0.0,0.0,0.0
-1.159420458897095,0.34304092050780505,0.7819110653474457,2,0,0,-1.2655848958333238,3,0.0,0.0,1.0,1.0
-1.5499324984704603,-0.34709904365501554,0.8751598737292666,1,1,0,-1.3953215875776281,4,1.0,0.0,0.0,1.0
0.012115659823000443,1.0331808846706256,1.0419040612006254,1,0,1,1.3101283832067825,1,1.0,0.0,0.0,0.0
-1.2570484687904364,-1.3823089898992464,0.5086230767626321,1,0,0,-0.6986644720771332,2,0.0,1.0,0.0,0.0
-0.5736523995370473,-0.6921690257364259,-1.2251371051984103,2,1,1,-0.7255710608119466,0,0.0,0.0,1.0,0.0
-0.8665364292170712,-1.0372390078178362,-1.2251371051984103,2,0,1,-1.6871396090936426,4,1.0,0.0,0.0,1.0
1.9646758576898262,-1.0372390078178362,-1.2251371051984103,2,1,1,0.4486440267122083,1,1.0,0.0,0.0,0.0
-0.476024389643706,-1.0372390078178362,0.22069627467275563,2,0,0,1.6222160987115102,2,0.0,1.0,0.0,1.0
-0.18314035996368214,-1.3823089898992464,0.8379974207354949,1,1,1,1.3979799659848415,3,0.0,0.0,1.0,0.0
-0.7689084193237299,0.6881109025892154,0.6479042273132529,1,1,0,0.31547890496651615,0,0.0,1.0,0.0,0.0
0.20737167960968303,-1.0372390078178362,0.9948544924711343,1,1,0,-0.18026692214901865,1,0.0,0.0,1.0,0.0
-0.18314035996368214,-0.002029061573605259,0.2934394149606876,1,1,1,-0.9074572687491268,2,0.0,0.0,1.0,1.0
-0.7689084193237299,-1.0372390078178362,0.9712601808229818,2,1,0,-0.7829692891144541,3,0.0,1.0,0.0,1.0
-0.08551235007034085,-0.6921690257364259,0.7935198014334045,1,0,0,-1.4792103152726153,3,0.0,0.0,1.0,1.0
0.9883957587564134,1.0331808846706256,0.6410220663648882,1,0,1,-0.8591216438262581,3,0.0,0.0,1.0,1.0
1.2812797884364373,-0.6921690257364259,-1.2251371051984103,1,1,0,0.2742166248401757,2,1.0,0.0,0.0,1.0
-1.452304488577119,0.6881109025892154,-0.5814744776095843,1,1,1,1.356715771603894,2,0.0,1.0,0.0,0.0
-1.159420458897095,0.34304092050780505,0.6519785741259492,2,1,1,-1.3288240370116535,0,1.0,0.0,0.0,0.0
2.745699936836557,-1.7273789719806567,0.836577591999769,1,1,1,0.5957325663545061,0,1.0,0.0,0.0,0.0
2.159931877476509,1.7233208488334462,-0.04600238363949422,1,1,1,1.248821421019641,3,1.0,0.0,0.0,1.0
0.5002557092897069,-1.3823089898992464,-1.2251371051984103,2,0,1,1.4290114253517496,4,1.0,0.0,0.0,0.0
3.1362119764099217,1.0331808846706256,-1.2251371051984103,2,0,1,0.8286360958960117,4,1.0,0.0,0.0,0.0
1.6717918280098025,1.0331808846706256,0.034309389508925,1,1,1,-0.01707462861258299,3,0.0,0.0,1.0,1.0
-0.9641644391104125,-1.3823089898992464,1.0363087550581558,1,1,1,-0.11381513967046954,0,1.0,0.0,0.0,1.0
0.012115659823000443,-0.002029061573605259,0.5861487980551144,2,1,1,-0.8390226665438728,1,0.0,1.0,0.0,0.0
-0.18314035996368214,0.6881109025892154,-1.2251371051984103,2,1,1,-1.2475480928322666,1,1.0,0.0,0.0,0.0
-1.0617924490037538,-0.34709904365501554,-1.2251371051984103,2,1,0,-1.7154811926912263,0,0.0,0.0,1.0,0.0
-1.2570484687904364,-0.34709904365501554,-1.2251371051984103,2,1,0,0.6093436127038555,4,1.0,0.0,0.0,1.0
-1.159420458897095,0.6881109025892154,1.3157157846498628,2,0,1,-0.9188470836616096,4,1.0,0.0,0.0,0.0
0.012115659823000443,-0.002029061573605259,-1.2251371051984103,1,1,0,-0.3945762525524975,4,1.0,0.0,0.0,0.0
-0.6712804094303886,-0.6921690257364259,0.7173771050212194,1,1,0,1.1085603314684276,1,1.0,0.0,0.0,1.0
-1.3546764786837777,-0.6921690257364259,0.9004887670854405,1,1,0,0.5441317451412947,0,0.0,1.0,0.0,0.0
0.6955117290763895,-0.34709904365501554,-1.2251371051984103,2,1,0,-1.7136384615971352,0,1.0,0.0,0.0,0.0
-0.3783963797503647,-0.6921690257364259,0.3745146280841037,1,1,1,1.331321444008721,3,0.0,1.0,0.0,1.0
0.20737167960968303,-1.3823089898992464,0.4320056106154195,1,1,0,-1.7427213837971205,1,0.0,1.0,0.0,0.0
0.5978837191830482,1.378250866752036,-0.02517812217100472,1,1,1,1.2292152772870215,3,1.0,0.0,0.0,1.0
-1.2570484687904364,-1.3823089898992464,0.3323250884723262,1,1,0,-0.6380043539240591,3,0.0,1.0,0.0,0.0
0.012115659823000443,-1.0372390078178362,-1.2251371051984103,2,1,0,1.3760339070297127,4,1.0,0.0,0.0,0.0
-1.452304488577119,1.378250866752036,0.9370938816946144,1,0,0,-0.18407524467835076,1,1.0,0.0,0.0,1.0
-0.3783963797503647,-0.002029061573605259,-1.2251371051984103,1,1,0,0.9573881646796617,2,1.0,0.0,0.0,1.0
0.6955117290763895,0.34304092050780505,-1.2251371051984103,2,0,0,0.11141066268809008,2,1.0,0.0,0.0,0.0
1.7694198379031438,-0.6921690257364259,0.5892347213244119,2,1,1,-0.6135690678870634,4,0.0,1.0,0.0,0.0
0.3049996895030243,1.378250866752036,0.7119718987928765,2,1,0,-1.066012715557631,4,0.0,0.0,1.0,0.0
-0.18314035996368214,-0.34709904365501554,2.1783069463388633,1,0,0,1.3228454726545977,1,1.0,0.0,0.0,1.0
-0.08551235007034085,-0.34709904365501554,-1.2251371051984103,2,1,0,-1.1318564611636943,1,1.0,0.0,0.0,0.0
-0.18314035996368214,-1.3823089898992464,-1.2251371051984103,1,1,0,-1.2167346844674265,0,1.0,0.0,0.0,1.0
-0.18314035996368214,0.6881109025892154,-1.2251371051984103,2,1,0,-1.5103399236939257,2,0.0,0.0,1.0,0.0
0.003935819113316791,1.0331808846706256,0.7361993967711619,1,0,0,1.7163267719854787,3,0.0,0.0,1.0,0.0
1.0860237686497547,0.34304092050780505,0.2828408646978595,2,1,1,-0.8651640755052684,3,1.0,0.0,0.0,0.0
-0.476024389643706,1.378250866752036,0.5802081757386683,1,0,0,0.8704985818532637,4,0.0,0.0,1.0,0.0
0.10974366971634174,-0.6921690257364259,0.5239867662028728,2,1,0,0.3442036875318203,3,0.0,1.0,0.0,0.0
-1.0617924490037538,-1.0372390078178362,0.5212397584370431,1,1,1,-0.7233292946438394,3,1.0,0.0,0.0,1.0
-1.159420458897095,1.7233208488334462,-1.2251371051984103,2,0,0,-1.5204687668897414,4,1.0,0.0,0.0,1.0
-0.2807683698570234,-0.6921690257364259,1.036459010798362,1,0,1,0.4436018800770016,4,1.0,0.0,0.0,0.0
-0.08551235007034085,-1.3823089898992464,0.6393826946306932,1,1,1,-0.879617915951198,3,0.0,1.0,0.0,0.0
-1.5499324984704603,-0.002029061573605259,-1.2251371051984103,2,1,1,-0.4741747876265919,3,0.0,0.0,1.0,0.0
-0.08551235007034085,-1.3823089898992464,-1.2251371051984103,2,0,1,-1.0292696425124561,0,0.0,0.0,1.0,0.0
2.0623038675831675,-1.3823089898992464,-0.05783754344471948,2,1,1,-1.444812726190625,4,0.0,1.0,0.0,0.0
3.0385839665165806,0.6881109025892154,0.32818433470309577,1,0,1,0.535951091066109,4,1.0,0.0,0.0,0.0
0.003935819113316791,0.34304092050780505,-0.034130740012365726,2,1,1,-0.07532470021526778,1,0.0,1.0,0.0,0.0
0.5978837191830482,1.7233208488334462,0.9498612991595197,1,1,0,-1.4208413858611417,2,0.0,0.0,1.0,0.0
-1.159420458897095,1.0331808846706256,-1.2251371051984103,2,1,1,-0.8925676743453538,0,1.0,0.0,0.0,1.0
-1.159420458897095,-0.002029061573605259,-1.2251371051984103,2,1,1,0.27325810535143685,3,1.0,0.0,0.0,1.0
0.003935819113316791,-0.002029061573605259,1.0011671537609337,1,0,1,-1.1789022265276425,0,0.0,0.0,1.0,0.0
0.8907677488630721,-0.002029061573605259,1.0925103225153727,1,1,1,-0.12577975303453265,0,0.0,0.0,1.0,0.0
-0.7689084193237299,-1.3823089898992464,0.1279652805351373,1,1,1,0.6509287057662182,2,0.0,0.0,1.0,1.0
1.7694198379031438,-0.6921690257364259,0.3984779383871177,1,1,0,-0.9886467234249005,0,0.0,1.0,0.0,0.0
-0.5736523995370473,1.0331808846706256,-1.2251371051984103,2,1,1,0.9556418424085121,2,1.0,0.0,0.0,1.0
-1.452304488577119,0.6881109025892154,0.49373527717475774,1,0,1,1.0453688726321297,4,0.0,1.0,0.0,1.0
0.10974366971634174,-1.3823089898992464,-1.2251371051984103,2,1,0,0.39725377350578245,1,1.0,0.0,0.0,0.0
-0.08551235007034085,-1.0372390078178362,1.4661901077536255,2,1,0,-0.562572455037124,4,1.0,0.0,0.0,0.0
0.6955117290763895,-1.3823089898992464,0.8657411270580656,1,1,1,1.057123440058846,2,1.0,0.0,0.0,1.0
-0.08551235007034085,0.6881109025892154,-1.2251371051984103,1,1,1,-1.2728096407669622,1,0.0,0.0,1.0,1.0
-1.3546764786837777,-0.34709904365501554,0.713833533810507,1,1,1,-0.7676256683224967,3,1.0,0.0,0.0,0.0
-0.6712804094303886,-0.34709904365501554,-1.2251371051984103,1,1,1,0.2535846146612751,0,1.0,0.0,0.0,0.0
1.9646758576898262,-0.002029061573605259,0.9954499148452621,1,0,1,0.4088233543281904,0,1.0,0.0,0.0,1.0
-0.9641644391104125,-1.0372390078178362,0.24630679753133863,1,1,0,-1.1018078845259798,2,1.0,0.0,0.0,1.0
-0.3783963797503647,1.0331808846706256,-1.2251371051984103,2,1,1,-0.7611173766813669,2,1.0,0.0,0.0,1.0
-0.08551235007034085,1.0331808846706256,0.48580884683280046,2,0,1,-0.2803415426631049,2,0.0,1.0,0.0,1.0
0.3049996895030243,-1.7273789719806567,0.5007488118853257,2,1,0,0.4724608344879515,1,0.0,1.0,0.0,1.0
0.10974366971634174,-0.002029061573605259,-1.2251371051984103,2,1,0,0.8265841889803037,2,1.0,0.0,0.0,1.0
-0.2807683698570234,-1.0372390078178362,-0.0059617091344521195,2,1,1,0.8472597049457308,2,0.0,1.0,0.0,1.0
-0.2807683698570234,0.6881109025892154,-1.2251371051984103,2,1,1,-0.6882491867828308,3,1.0,0.0,0.0,1.0
1.5741638181164612,1.0331808846706256,0.6754253503188625,4,0,0,0.6173312751100123,1,0.0,1.0,0.0,0.0
-1.3546764786837777,0.6881109025892154,0.22974730282319727,1,0,1,0.2066879871335375,2,1.0,0.0,0.0,1.0
0.5002557092897069,-0.6921690257364259,0.5526648104030388,1,1,1,-1.2570642005306514,4,0.0,1.0,0.0,1.0
-0.7689084193237299,-1.3823089898992464,0.7752919719570136,1,1,1,1.5188489602731432,4,0.0,1.0,0.0,1.0
-0.08551235007034085,-0.6921690257364259,0.919195846766215,1,1,0,-0.18796605417893558,0,1.0,0.0,0.0,1.0
-1.0617924490037538,-0.6921690257364259,1.0326902960024844,1,1,1,-1.475233538337855,0,1.0,0.0,0.0,1.0
-1.0617924490037538,1.378250866752036,-1.2251371051984103,2,1,1,-0.0024246640809947495,3,1.0,0.0,0.0,1.0
-0.08551235007034085,-0.6921690257364259,1.0954018254179496,2,1,1,0.458079039624509,4,1.0,0.0,0.0,1.0
-1.2570484687904364,-1.3823089898992464,0.7098419156641435,1,0,1,-0.37458412548181974,0,1.0,0.0,0.0,0.0
-0.18314035996368214,1.378250866752036,0.6063120302767558,1,0,1,1.312854629813642,2,0.0,1.0,0.0,1.0
-0.3783963797503647,0.6881109025892154,0.6499991667709475,1,1,1,0.1627847317419282,0,1.0,0.0,0.0,0.0
-0.7689084193237299,0.34304092050780505,-1.2251371051984103,2,1,0,-0.11307641141525966,2,1.0,0.0,0.0,1.0
0.012115659823000443,1.378250866752036,0.0033064617630175,1,0,0,-0.9076144116500583,1,1.0,0.0,0.0,0.0
-0.2807683698570234,1.0331808846706256,1.5601220276955516,1,1,1,-0.09491065726293973,2,1.0,0.0,0.0,1.0
0.4026276993963656,-1.3823089898992464,1.3427253340650163,1,1,1,-0.07685540780839546,2,1.0,0.0,0.0,0.0
-0.476024389643706,1.0331808846706256,-1.2251371051984103,2,1,1,1.2845892683540514,1,1.0,0.0,0.0,1.0
-0.18314035996368214,0.34304092050780505,0.7646454166653658,2,0,1,1.3331010047007772,3,1.0,0.0,0.0,1.0
-0.08551235007034085,-1.0372390078178362,1.4961386850498886,2,0,0,0.6007593989528555,2,1.0,0.0,0.0,0.0
-0.8665364292170712,-1.3823089898992464,0.637729081404615,1,0,1,-0.2535745204914666,4,0.0,1.0,0.0,1.0
-1.0617924490037538,-1.0372390078178362,-1.2251371051984103,2,1,0,1.1751781320283592,4,1.0,0.0,0.0,1.0
-0.7689084193237299,-1.0372390078178362,0.5783830245429408,1,0,1,1.4964384335410632,0,0.0,1.0,0.0,1.0
-0.8665364292170712,1.0331808846706256,1.253046979710047,1,1,1,-0.8037807171569877,4,0.0,1.0,0.0,0.0
0.5978837191830482,0.6881109025892154,1.04825336632909,1,1,0,-1.1027192437421245,2,1.0,0.0,0.0,1.0
-0.3783963797503647,-1.0372390078178362,1.141517696336896,1,1,0,0.6894929310353679,1,1.0,0.0,0.0,0.0
-0.08551235007034085,-0.002029061573605259,1.623114386529613,1,0,1,-1.412130309236632,4,0.0,0.0,1.0,1.0
1.5741638181164612,1.0331808846706256,0.5244728971280543,2,1,0,-0.06915070703780309,0,0.0,1.0,0.0,1.0
-0.9641644391104125,1.378250866752036,1.498575900363068,2,1,0,-0.8891804878295926,0,0.0,1.0,0.0,0.0
0.3049996895030243,1.378250866752036,0.1713517455321546,2,1,0,1.2563272133342374,0,0.0,1.0,0.0,0.0
-1.3546764786837777,-1.7273789719806567,0.33573504568615686,1,0,1,-0.7046611356687182,3,1.0,0.0,0.0,1.0
-0.7689084193237299,-0.34709904365501554,-1.2251371051984103,2,1,1,0.7248001391020421,4,1.0,0.0,0.0,0.0
-1.452304488577119,-1.0372390078178362,0.6972330748111062,2,1,1,0.4362749835566003,4,0.0,1.0,0.0,1.0
0.5002557092897069,-0.6921690257364259,0.4721749385976985,1,0,1,0.021542325669835924,3,0.0,0.0,1.0,1.0
-1.2570484687904364,-0.6921690257364259,-1.2251371051984103,1,1,0,-1.145718274866579,3,0.0,0.0,1.0,1.0
-0.18314035996368214,-0.6921690257364259,0.6385066028547325,1,0,1,-1.321597203800262,0,1.0,0.0,0.0,0.0
0.003935819113316791,-0.002029061573605259,0.5693888023432693,1,1,0,-0.42552452885556763,2,0.0,1.0,0.0,1.0
2.25755988736985,-0.002029061573605259,-1.2251371051984103,2,1,1,1.3898189765251656,4,0.0,0.0,1.0,1.0
3.233839986303263,-1.0372390078178362,-1.2251371051984103,2,1,1,-0.5150375106094782,2,1.0,0.0,0.0,1.0
0.10974366971634174,-1.3823089898992464,1.0037429435906398,1,1,0,1.4352713859633897,4,1.0,0.0,0.0,1.0
1.183651778543096,-0.6921690257364259,0.7490265004885663,1,1,1,0.2619011808135679,4,1.0,0.0,0.0,1.0
-1.0617924490037538,1.0331808846706256,0.7332155641964879,3,1,1,-0.19772770853647284,0,0.0,1.0,0.0,1.0
-0.08551235007034085,0.6881109025892154,0.7517773486567018,1,1,1,0.9968827176878814,3,1.0,0.0,0.0,0.0
-0.6712804094303886,-0.002029061573605259,1.1039560015201069,1,1,1,-1.1989284621349567,2,0.0,0.0,1.0,0.0
-0.6712804094303886,1.7233208488334462,0.49039828760473286,1,1,1,0.20814334270440202,2,1.0,0.0,0.0,1.0
0.6955117290763895,-1.0372390078178362,0.8769290190580377,2,1,1,1.3906389735896059,4,0.0,0.0,1.0,1.0
0.9883957587564134,0.6881109025892154,0.31577279451850776,1,1,0,1.5675716126729462,3,0.0,0.0,1.0,0.0
-0.2807683698570234,-0.002029061573605259,0.6948091408892335,1,1,0,1.5863180820638139,4,0.0,1.0,0.0,1.0
-0.476024389643706,-0.34709904365501554,0.5315859622650421,2,1,0,0.5856712441393783,2,0.0,0.0,1.0,0.0
-0.2807683698570234,0.34304092050780505,-1.2251371051984103,2,1,0,-1.1752515689686807,0,1.0,0.0,0.0,1.0
-0.5736523995370473,-0.002029061573605259,0.7361571523458005,2,1,1,-0.30556167308902776,4,1.0,0.0,0.0,1.0
-0.2807683698570234,-1.7273789719806567,1.4127478693529694,1,1,1,-0.6553205270771011,4,1.0,0.0,0.0,0.0
0.8907677488630721,0.34304092050780505,1.170731156625165,1,0,0,-0.21007482477567194,0,0.0,1.0,0.0,1.0
-0.7689084193237299,-0.6921690257364259,0.714868522231861,1,1,1,-1.2069718119478667,4,0.0,0.0,1.0,0.0
-0.7689084193237299,-0.6921690257364259,0.959994840709847,1,1,0,-0.31718676729504275,2,0.0,0.0,1.0,1.0
-1.0617924490037538,-0.6921690257364259,-1.2251371051984103,1,1,0,-0.8499732470355901,2,1.0,0.0,0.0,0.0
-1.159420458897095,1.378250866752036,0.9452822594771647,1,1,0,0.9171171203935277,0,1.0,0.0,0.0,0.0
-0.2807683698570234,-1.3823089898992464,-1.2251371051984103,2,1,1,0.852563756415823,4,1.0,0.0,0.0,1.0
0.5978837191830482,-1.3823089898992464,-1.2251371051984103,2,1,1,1.727665772139299,1,1.0,0.0,0.0,0.0
-0.18314035996368214,-1.0372390078178362,-1.2251371051984103,2,1,0,-1.1572929023602239,0,1.0,0.0,0.0,1.0
-0.3783963797503647,-1.0372390078178362,-1.2251371051984103,2,0,1,-1.2875904707044206,1,1.0,0.0,0.0,0.0
-0.7689084193237299,-1.7273789719806567,0.9293956352563139,1,1,1,-0.5220353293605975,1,0.0,1.0,0.0,1.0
1.0860237686497547,-0.6921690257364259,-1.2251371051984103,1,1,0,1.4447330244170438,2,1.0,0.0,0.0,0.0
-0.8665364292170712,-0.6921690257364259,0.14628575971715047,1,0,1,-1.2615541717232714,0,1.0,0.0,0.0,1.0
-1.2570484687904364,0.34304092050780505,0.9545165068209349,1,0,0,1.0330501221657455,0,1.0,0.0,0.0,0.0
-1.2570484687904364,-1.0372390078178362,1.4303089089790535,2,0,1,1.1912728367189003,1,1.0,0.0,0.0,0.0
-0.5736523995370473,-1.3823089898992464,0.5803856343285388,1,0,1,1.3016762530236752,0,1.0,0.0,0.0,1.0
-1.0617924490037538,-0.34709904365501554,-1.2251371051984103,2,1,1,0.41052251632674625,2,1.0,0.0,0.0,1.0
-0.8665364292170712,-0.34709904365501554,0.03344353880577913,1,1,0,-1.7156776648231775,4,0.0,0.0,1.0,1.0
-0.08551235007034085,1.0331808846706256,-0.08164659758845934,2,1,1,-1.5715243735862097,0,0.0,0.0,1.0,1.0
0.10974366971634174,1.378250866752036,0.48313800704603127,2,1,0,0.8838358897937924,1,0.0,1.0,0.0,0.0
-0.08551235007034085,1.7233208488334462,-1.2251371051984103,2,1,1,-1.7430725625059575,0,1.0,0.0,0.0,0.0
-1.452304488577119,-1.7273789719806567,-1.2251371051984103,2,1,0,0.15620665681921084,4,1.0,0.0,0.0,0.0
-0.476024389643706,-0.002029061573605259,1.0001209641661881,2,0,0,-0.5643607168864849,4,1.0,0.0,0.0,1.0
0.5978837191830482,1.378250866752036,-1.2251371051984103,1,0,0,0.8376997434145276,1,1.0,0.0,0.0,1.0
1.6717918280098025,-1.3823089898992464,1.4910487118441282,1,0,0,0.9653215318642342,4,0.0,1.0,0.0,1.0
0.8907677488630721,-0.6921690257364259,-1.2251371051984103,1,0,1,-1.2120465009113948,0,0.0,0.0,1.0,0.0
-0.476024389643706,-1.3823089898992464,0.41860868720592437,2,1,0,1.4002821181846465,0,1.0,0.0,0.0,0.0
-0.476024389643706,1.0331808846706256,-1.2251371051984103,2,0,1,0.7220740665183283,0,1.0,0.0,0.0,0.0
-0.5736523995370473,-1.0372390078178362,0.7333720605904404,1,1,1,-1.3620025939551883,1,0.0,1.0,0.0,1.0
-0.18314035996368214,1.0331808846706256,-1.2251371051984103,2,1,1,-1.7418244685021023,0,1.0,0.0,0.0,1.0
0.003935819113316791,-0.6921690257364259,-1.2251371051984103,2,0,1,0.871619290914171,3,0.0,0.0,1.0,1.0
-0.7689084193237299,-0.6921690257364259,-1.2251371051984103,2,1,1,0.25821658874111547,0,1.0,0.0,0.0,0.0
0.003935819113316791,-1.0372390078178362,1.4237208588405916,2,1,1,0.41029959267658755,0,1.0,0.0,0.0,1.0
0.7931397389697308,-0.34709904365501554,0.677583816431362,1,0,1,-0.9154031656002186,1,0.0,1.0,0.0,0.0
0.5978837191830482,0.34304092050780505,1.2212146850828969,1,0,0,1.0806590264304856,3,0.0,1.0,0.0,1.0
0.012115659823000443,1.7233208488334462,0.6198771313038828,1,1,0,-0.9893586521156104,3,0.0,1.0,0.0,0.0
-0.2807683698570234,-0.6921690257364259,1.111966280645736,1,1,1,0.6606818329895965,4,1.0,0.0,0.0,0.0
0.9883957587564134,-1.7273789719806567,-1.2251371051984103,1,0,0,1.3631311348850048,4,1.0,0.0,0.0,0.0
-0.8665364292170712,-1.3823089898992464,-1.2251371051984103,2,1,0,-1.6054355679748404,1,0.0,0.0,1.0,0.0
-0.5736523995370473,-1.7273789719806567,-1.2251371051984103,2,0,0,1.3529112775837764,4,1.0,0.0,0.0,1.0
1.183651778543096,1.7233208488334462,0.35003958417387104,1,0,0,-0.5151241741362378,3,0.0,1.0,0.0,0.0
-0.2807683698570234,-1.3823089898992464,-1.2251371051984103,1,1,0,1.0496587172067307,0,1.0,0.0,0.0,1.0
3.429096006089946,-1.0372390078178362,0.6438626839369166,1,1,1,-1.1528876804397568,2,0.0,1.0,0.0,1.0
2.4528159071565327,1.378250866752036,-1.2251371051984103,1,0,1,-1.5174498133511356,1,1.0,0.0,0.0,0.0
-0.18314035996368214,-0.6921690257364259,0.18881949538556586,1,0,1,0.3057024586415602,2,1.0,0.0,0.0,1.0
-0.9641644391104125,1.378250866752036,-1.2251371051984103,2,1,1,0.7248680081290224,3,0.0,0.0,1.0,0.0
0.4026276993963656,-0.6921690257364259,1.0366907150707982,1,1,1,-0.0033429842229836955,1,0.0,1.0,0.0,0.0
-0.6712804094303886,1.378250866752036,-1.2251371051984103,2,0,0,-1.5771456692516495,4,1.0,0.0,0.0,1.0
-0.9641644391104125,-1.3823089898992464,0.3184205918914434,2,0,1,-0.8943632451668511,4,0.0,1.0,0.0,1.0
0.003935819113316791,-0.34709904365501554,-1.2251371051984103,1,0,1,1.1903271949429732,0,1.0,0.0,0.0,1.0
-0.18314035996368214,0.6881109025892154,0.4183753827658603,1,1,0,-1.5886872323475347,4,0.0,1.0,0.0,1.0
2.4528159071565327,-1.0372390078178362,0.9634228798178667,1,0,1,-0.9867368193964131,0,1.0,0.0,0.0,1.0
0.4026276993963656,1.0331808846706256,1.1050009109807504,1,0,1,-1.5667093271566683,0,1.0,0.0,0.0,0.0
-0.2807683698570234,0.6881109025892154,1.2530757827273387,2,1,1,-1.1891852542309065,0,1.0,0.0,0.0,1.0
-0.7689084193237299,-1.3823089898992464,-1.2251371051984103,2,1,0,1.0157835456093434,0,0.0,0.0,1.0,0.0
1.2812797884364373,-1.3823089898992464,-0.007380577769601669,2,0,1,1.3375213666349557,2,0.0,1.0,0.0,1.0
-0.18314035996368214,1.0331808846706256,-1.2251371051984103,2,0,1,0.007929539089025443,1,0.0,0.0,1.0,0.0
0.10974366971634174,-1.0372390078178362,-1.2251371051984103,2,0,0,-1.11389187776827,2,1.0,0.0,0.0,0.0
0.003935819113316791,-1.3823089898992464,1.0400521872055213,1,1,1,-1.202890273079152,3,0.0,1.0,0.0,1.0
2.3551878972631917,1.0331808846706256,-1.2251371051984103,2,0,1,-0.7546531128962013,2,1.0,0.0,0.0,1.0
0.10974366971634174,-1.0372390078178362,0.5867067765067631,2,1,1,-0.9391061622384103,4,0.0,1.0,0.0,1.0
0.6955117290763895,0.34304092050780505,-1.2251371051984103,2,1,0,1.245109681336397,4,0.0,0.0,1.0,0.0
3.6243520258766284,-1.0372390078178362,0.8604388116081596,2,1,1,-0.847622368354876,1,0.0,1.0,0.0,1.0
0.003935819113316791,1.0331808846706256,-1.2251371051984103,2,0,0,0.5727695161335471,0,1.0,0.0,0.0,1.0
0.003935819113316791,-0.34709904365501554,0.7743513934256716,1,0,1,0.5373846937437109,4,0.0,1.0,0.0,0.0
-0.5736523995370473,1.7233208488334462,-1.2251371051984103,1,1,0,-1.6622309800992452,4,1.0,0.0,0.0,1.0
-0.08551235007034085,1.0331808846706256,1.2240577029063664,1,1,0,-0.01744164342771549,0,0.0,1.0,0.0,0.0
-1.3546764786837777,0.6881109025892154,-1.2251371051984103,2,0,1,-0.313005861209903,0,1.0,0.0,0.0,0.0
0.012115659823000443,-0.002029061573605259,0.340696845464968,2,1,0,-0.11908664881224078,2,0.0,0.0,1.0,0.0
-0.18314035996368214,-1.0372390078178362,0.4261590781554599,2,1,0,1.3554459247067756,4,0.0,0.0,1.0,1.0
1.8670478477964851,-0.6921690257364259,0.4125842161058063,1,1,1,0.248733197394198,3,1.0,0.0,0.0,0.0
-0.476024389643706,-1.3823089898992464,-1.2251371051984103,2,0,1,-0.3341989220118418,1,0.0,0.0,1.0,1.0
0.6955117290763895,-1.0372390078178362,-1.2251371051984103,2,1,1,0.09751491447171493,3,0.0,0.0,1.0,1.0
0.6955117290763895,-0.002029061573605259,0.7533479131829217,1,1,1,-0.8815032827160847,2,0.0,1.0,0.0,0.0
-0.8665364292170712,-1.3823089898992464,-1.2251371051984103,2,1,0,0.7218669789744651,4,1.0,0.0,0.0,1.0
1.9646758576898262,-1.7273789719806567,1.6240903287655186,2,0,1,-1.380278852805284,2,1.0,0.0,0.0,1.0
0.5002557092897069,-1.0372390078178362,-1.2251371051984103,2,1,0,0.8576925665777894,2,1.0,0.0,0.0,0.0
-0.9641644391104125,-0.002029061573605259,-1.2251371051984103,2,0,0,-1.5291239820843516,0,1.0,0.0,0.0,1.0
-0.6712804094303886,0.6881109025892154,-1.2251371051984103,2,0,0,0.9544729289361338,4,1.0,0.0,0.0,0.0
-0.08551235007034085,-1.0372390078178362,-1.2251371051984103,2,1,0,-0.22990319606586584,1,1.0,0.0,0.0,0.0
0.4026276993963656,1.0331808846706256,-0.0851728869887966,1,0,1,0.47603387772375144,2,1.0,0.0,0.0,1.0
-0.08551235007034085,-1.7273789719806567,-1.2251371051984103,1,1,0,0.4611080865055888,3,0.0,0.0,1.0,1.0
1.8670478477964851,1.378250866752036,0.7878902517037105,2,1,0,-0.6871779002954167,0,0.0,1.0,0.0,0.0
-0.476024389643706,-1.0372390078178362,0.8000177621344482,1,1,0,-0.47064733845507123,3,1.0,0.0,0.0,0.0
-0.8665364292170712,1.0331808846706256,-1.2251371051984103,2,1,0,-1.1697863720652961,3,1.0,0.0,0.0,1.0
-1.159420458897095,-0.002029061573605259,0.3082473661839585,2,1,0,0.967872015093529,2,0.0,1.0,0.0,1.0
-0.08551235007034085,-0.002029061573605259,0.7553977279135259,1,0,0,-0.9285852448944227,2,0.0,1.0,0.0,0.0
-0.2807683698570234,-1.0372390078178362,1.1295029977238848,1,1,1,-0.21861953527250635,2,1.0,0.0,0.0,0.0
-0.6712804094303886,-0.34709904365501554,-0.022282458832596514,1,1,1,-1.0873145408258849,4,1.0,0.0,0.0,0.0
0.9883957587564134,-1.0372390078178362,1.195107630209555,2,1,1,1.1634910855823317,0,0.0,1.0,0.0,0.0
0.10974366971634174,1.7233208488334462,1.3963114275353692,1,0,0,-0.18899018039375556,1,1.0,0.0,0.0,1.0
0.3049996895030243,-1.0372390078178362,0.2568843855982488,2,1,0,-1.5977473994031282,2,0.0,1.0,0.0,1.0
0.3049996895030243,1.0331808846706256,1.212312792555322,2,1,0,1.241719362404006,4,0.0,1.0,0.0,0.0
-0.3783963797503647,0.34304092050780505,0.6583750841994203,2,0,0,-0.08879322160795872,0,1.0,0.0,0.0,0.0
0.20737167960968303,-0.002029061573605259,-1.2251371051984103,1,1,0,-1.2549266742270606,4,0.0,0.0,1.0,0.0
-0.6712804094303886,-1.0372390078178362,-1.2251371051984103,1,1,1,-0.35237929410843466,0,1.0,0.0,0.0,0.0
0.5002557092897069,-1.3823089898992464,-1.2251371051984103,2,1,1,-0.3091458538061783,0,0.0,0.0,1.0,0.0
1.8670478477964851,-0.34709904365501554,-1.2251371051984103,1,0,0,1.3230565627308215,1,1.0,0.0,0.0,1.0
-0.18314035996368214,0.6881109025892154,1.0303138870591435,2,1,0,1.6524272129676854,4,0.0,1.0,0.0,1.0
-0.18314035996368214,-0.6921690257364259,-1.2251371051984103,1,1,0,1.0035979228497285,2,1.0,0.0,0.0,1.0
1.8670478477964851,-1.0372390078178362,-1.2251371051984103,2,1,1,-1.1677339430801499,1,0.0,0.0,1.0,0.0
-0.8665364292170712,-1.0372390078178362,0.18690345466860614,2,1,1,-0.06475871087643975,2,0.0,0.0,1.0,0.0
1.5741638181164612,-0.6921690257364259,-0.5207290741578139,1,1,0,-0.6006431506639239,3,1.0,0.0,0.0,0.0
0.003935819113316791,0.34304092050780505,0.2540076042378429,1,1,0,0.4464454182843348,0,1.0,0.0,0.0,0.0
-0.08551235007034085,1.0331808846706256,-1.2251371051984103,2,0,1,-0.935277304977838,3,0.0,0.0,1.0,1.0
-0.8665364292170712,0.6881109025892154,-1.2251371051984103,2,1,1,1.5012743627481373,0,1.0,0.0,0.0,0.0
-1.6475605083638016,0.6881109025892154,1.0006456591311883,1,1,0,0.513566841829091,0,1.0,0.0,0.0,0.0
-0.08551235007034085,1.7233208488334462,0.7544579494659974,2,1,0,1.2348882578268536,3,1.0,0.0,0.0,0.0
-0.476024389643706,-1.3823089898992464,0.3642300307097568,2,0,1,1.4909018871477762,1,1.0,0.0,0.0,0.0
-0.5736523995370473,-0.002029061573605259,0.6386466175221235,2,1,1,-1.1767789701220324,4,0.0,0.0,1.0,1.0
0.003935819113316791,-0.002029061573605259,-1.2251371051984103,2,0,1,0.9298209840822392,1,0.0,0.0,1.0,0.0
0.012115659823000443,-0.002029061573605259,-1.2251371051984103,2,1,0,0.7058716415003496,0,0.0,0.0,1.0,0.0
-0.18314035996368214,-0.6921690257364259,1.5837136190587382,2,1,1,-1.5860123225687757,0,0.0,0.0,1.0,1.0
-0.2807683698570234,1.7233208488334462,-1.2251371051984103,2,0,1,1.4931340820428478,1,0.0,0.0,1.0,0.0
-0.18314035996368214,-0.34709904365501554,1.0184880082261565,1,1,1,-0.11393643380330379,1,1.0,0.0,0.0,0.0
-0.3783963797503647,-1.3823089898992464,1.3943497820410309,3,1,1,-1.2320151348573485,2,0.0,1.0,0.0,0.0
0.8907677488630721,-1.3823089898992464,0.8992422365037535,1,1,0,-0.37380711213446716,2,0.0,0.0,1.0,1.0
-1.5499324984704603,1.378250866752036,0.7522782011240545,1,0,1,-0.09103585789179616,0,0.0,1.0,0.0,0.0
-0.3783963797503647,0.34304092050780505,0.38733213079574436,1,1,0,-1.4127185074704622,2,1.0,0.0,0.0,0.0
-0.5736523995370473,-1.0372390078178362,-1.2251371051984103,2,0,0,1.7024418132041619,2,1.0,0.0,0.0,0.0
-1.159420458897095,-1.0372390078178362,1.134085397758257,1,0,0,1.5162380910121502,2,0.0,1.0,0.0,0.0
0.012115659823000443,1.0331808846706256,1.114308125968327,1,1,0,1.3498124474211093,0,1.0,0.0,0.0,1.0
-0.7689084193237299,1.0331808846706256,-1.2251371051984103,2,0,0,-0.23879543078546953,4,0.0,0.0,1.0,0.0
-0.9641644391104125,-0.6921690257364259,-1.2251371051984103,2,1,0,-1.699089604513433,2,1.0,0.0,0.0,0.0
1.3789077983297786,-0.6921690257364259,-1.2251371051984103,2,1,1,-1.0696480590797361,4,0.0,0.0,1.0,1.0
-0.08551235007034085,-0.6921690257364259,-1.2251371051984103,2,1,0,0.2799451187636153,2,1.0,0.0,0.0,0.0
0.012115659823000443,0.6881109025892154,1.2981989096502926,2,1,0,0.5781285589178087,4,0.0,0.0,1.0,1.0
-1.0617924490037538,-1.3823089898992464,0.6844435750329437,2,0,1,-0.720502462658532,1,0.0,1.0,0.0,1.0
0.10974366971634174,0.34304092050780505,0.9723194917922711,1,1,0,1.5069894568893267,3,0.0,1.0,0.0,0.0
-0.5736523995370473,0.6881109025892154,0.8252535257347116,1,1,0,1.010347062525066,2,0.0,1.0,0.0,1.0
-0.7689084193237299,1.378250866752036,1.2890600322971104,2,1,0,0.7121201165843466,4,1.0,0.0,0.0,1.0
-1.2570484687904364,-1.0372390078178362,0.599620289276043,1,0,0,-0.06080960362190987,3,0.0,1.0,0.0,0.0
2.3551878972631917,1.378250866752036,0.6353893162999396,1,1,1,1.4594228402490899,4,1.0,0.0,0.0,0.0
1.183651778543096,0.34304092050780505,1.0943588361584589,1,1,1,1.1251577890280617,0,1.0,0.0,0.0,1.0
-1.5499324984704603,0.34304092050780505,-1.2251371051984103,2,1,0,0.9197064107844038,1,0.0,0.0,1.0,0.0
-1.159420458897095,0.6881109025892154,-1.2251371051984103,2,1,0,0.9705366575066678,0,1.0,0.0,0.0,0.0
-0.5736523995370473,0.34304092050780505,1.104396687684672,1,1,1,0.943536618342397,4,0.0,0.0,1.0,0.0
-0.5736523995370473,-1.3823089898992464,-1.2251371051984103,2,1,1,1.2886671527366982,4,1.0,0.0,0.0,0.0
1.47653580822312,-0.002029061573605259,-1.2251371051984103,2,1,1,-0.20287078859641977,3,1.0,0.0,0.0,1.0
-0.08551235007034085,-1.3823089898992464,1.5247250396450087,1,0,0,-1.4517372811972347,3,0.0,0.0,1.0,0.0
1.9646758576898262,1.0331808846706256,1.2169508784231253,2,1,1,1.5384128163812596,2,0.0,1.0,0.0,0.0
-0.08551235007034085,1.0331808846706256,0.5830670352216483,1,1,1,0.9134972649314264,0,1.0,0.0,0.0,1.0
-0.476024389643706,0.6881109025892154,0.26692991792907317,1,0,1,1.7302442730951166,0,0.0,1.0,0.0,0.0
-0.6712804094303886,-0.002029061573605259,-1.2251371051984103,2,0,1,-0.4368005326304988,0,1.0,0.0,0.0,0.0
0.10974366971634174,-1.7273789719806567,-1.2251371051984103,1,1,0,0.3250682764094109,1,1.0,0.0,0.0,0.0
-1.2570484687904364,-1.7273789719806567,-1.2251371051984103,1,0,0,-0.920701648329636,2,1.0,0.0,0.0,1.0
3.233839986303263,-0.002029061573605259,0.28247762664645665,1,1,1,-0.3773491792502606,0,0.0,1.0,0.0,1.0
-1.159420458897095,0.34304092050780505,-1.2251371051984103,2,1,1,1.2469052521578943,1,0.0,0.0,1.0,0.0
0.10974366971634174,0.34304092050780505,-1.2251371051984103,2,1,1,1.4136086366901168,2,0.0,0.0,1.0,0.0
2.159931877476509,-0.34709904365501554,0.8527720884721174,2,1,0,1.2152956878996302,4,0.0,0.0,1.0,0.0
-1.6475605083638016,0.34304092050780505,-1.2251371051984103,2,0,1,0.5472613774008225,2,1.0,0.0,0.0,1.0
1.0860237686497547,1.7233208488334462,-1.2251371051984103,2,1,1,-1.1596500458741978,4,0.0,0.0,1.0,0.0
-0.9641644391104125,-1.0372390078178362,0.7551906662225499,2,1,0,-0.2698554299483381,4,1.0,0.0,0.0,1.0
2.6480719269432154,-1.7273789719806567,0.8090059036971359,1,0,1,0.32281485069051485,4,0.0,1.0,0.0,0.0
-0.7689084193237299,-0.002029061573605259,-1.2251371051984103,2,1,0,-1.1991110124152193,1,1.0,0.0,0.0,1.0
-0.3783963797503647,-0.002029061573605259,-1.2251371051984103,2,1,0,-0.09344921088196123,4,0.0,0.0,1.0,1.0
-0.8665364292170712,0.6881109025892154,0.6459051378964349,1,1,0,-1.37793510907356,3,0.0,1.0,0.0,1.0
0.10974366971634174,-0.6921690257364259,1.1520197564917964,1,0,1,0.7948813483157285,3,1.0,0.0,0.0,1.0
1.7694198379031438,-0.6921690257364259,-1.2251371051984103,3,1,0,-1.6327645108852473,0,1.0,0.0,0.0,0.0
0.8907677488630721,-0.34709904365501554,-1.2251371051984103,2,1,1,1.2271123815895053,3,1.0,0.0,0.0,1.0
-0.3783963797503647,1.378250866752036,-1.2251371051984103,2,1,1,-0.9470945207371514,2,0.0,0.0,1.0,1.0
-0.476024389643706,-1.3823089898992464,0.9754617409620502,1,0,0,-1.3159311841862738,2,0.0,0.0,1.0,1.0
-1.8428165281504842,-1.3823089898992464,1.00601742185612,1,1,1,-0.2570791726308477,4,1.0,0.0,0.0,1.0
1.6717918280098025,-1.0372390078178362,0.46261953761112395,1,1,1,-0.9455518055469427,3,0.0,0.0,1.0,0.0
-0.6712804094303886,-0.6921690257364259,0.6077009757772744,1,1,0,-0.1359374840726017,0,0.0,1.0,0.0,1.0
-0.6712804094303886,-1.3823089898992464,-1.2251371051984103,3,1,0,-0.25195836753360223,2,1.0,0.0,0.0,1.0
-0.6712804094303886,-0.002029061573605259,-1.2251371051984103,2,1,1,-1.0135847623309895,1,1.0,0.0,0.0,0.0
0.4026276993963656,0.34304092050780505,0.13821883465751428,2,1,1,1.0475246713660615,0,0.0,1.0,0.0,1.0
2.940955956623239,1.378250866752036,-1.2251371051984103,1,0,1,0.593480532820779,2,0.0,0.0,1.0,0.0
0.003935819113316791,1.7233208488334462,0.6124222703616984,1,0,1,-1.0914216610970766,3,1.0,0.0,0.0,1.0
-0.08551235007034085,-0.6921690257364259,-1.2251371051984103,2,0,0,1.2370313528711199,2,1.0,0.0,0.0,1.0
-2.038072547937167,-1.0372390078178362,1.3508132213205706,1,0,0,0.7927928965393386,4,1.0,0.0,0.0,1.0
0.003935819113316791,-1.0372390078178362,1.5703725414994365,1,1,0,-0.17732627902615952,2,1.0,0.0,0.0,1.0
-0.2807683698570234,-1.0372390078178362,0.09140641077039308,2,1,1,-0.12408320138316849,3,1.0,0.0,0.0,1.0
-0.08551235007034085,1.378250866752036,-0.2413145237782587,1,1,1,1.1687243096319602,0,0.0,1.0,0.0,0.0
3.1362119764099217,1.378250866752036,1.0559058479732493,2,1,1,0.38506536637583005,4,0.0,1.0,0.0,1.0
-0.7689084193237299,-0.002029061573605259,1.5728113569802435,1,1,0,-0.2808890194807468,0,0.0,0.0,1.0,0.0
0.003935819113316791,0.34304092050780505,-1.2251371051984103,1,1,0,1.5142013241101533,4,1.0,0.0,0.0,1.0
-1.452304488577119,1.7233208488334462,1.322389123722861,1,1,1,0.03721136974500725,1,0.0,0.0,1.0,0.0
-0.3783963797503647,0.34304092050780505,-1.2251371051984103,2,1,1,-0.9601372074913266,1,1.0,0.0,0.0,1.0
0.8907677488630721,0.6881109025892154,1.4677302690949263,1,1,0,-1.4571612346149927,0,0.0,1.0,0.0,0.0
-0.2807683698570234,0.6881109025892154,0.8363468478279087,1,1,0,1.569846443238813,1,1.0,0.0,0.0,1.0
1.0860237686497547,1.378250866752036,-1.2251371051984103,2,1,1,0.18517298351130693,0,1.0,0.0,0.0,0.0
0.5978837191830482,-0.002029061573605259,-1.2251371051984103,2,1,1,0.7960455631631618,4,1.0,0.0,0.0,0.0
0.20737167960968303,0.6881109025892154,-1.2251371051984103,2,1,1,-0.4542778512168328,4,1.0,0.0,0.0,0.0
-0.9641644391104125,-0.34709904365501554,0.03802161838755743,1,1,0,0.3785878768315606,3,0.0,1.0,0.0,0.0
-0.476024389643706,-0.34709904365501554,1.1471040415406526,1,0,1,-1.159712172137357,0,0.0,1.0,0.0,0.0
0.3049996895030243,-0.002029061573605259,-1.2251371051984103,2,0,0,0.026552626069305703,0,1.0,0.0,0.0,0.0
2.3551878972631917,-0.002029061573605259,-1.2251371051984103,1,1,0,-1.257956939270163,2,1.0,0.0,0.0,0.0
1.9646758576898262,-0.002029061573605259,1.236898408048603,1,1,1,-1.4388242416869068,1,1.0,0.0,0.0,1.0
0.20737167960968303,0.34304092050780505,1.0946987117625027,1,1,1,-1.4101897771344305,0,0.0,0.0,1.0,1.0
-0.476024389643706,-0.6921690257364259,-1.2251371051984103,2,1,1,0.44549629604548574,0,1.0,0.0,0.0,1.0
0.012115659823000443,1.378250866752036,-1.2251371051984103,2,1,0,0.7547947685644639,4,0.0,0.0,1.0,1.0
3.1362119764099217,-0.34709904365501554,-1.2251371051984103,2,1,1,1.6912013101510357,1,1.0,0.0,0.0,1.0
0.20737167960968303,-1.3823089898992464,0.1495132978214661,3,1,0,1.5449851485401558,2,0.0,1.0,0.0,0.0
0.003935819113316791,-0.34709904365501554,0.9828794780152805,2,0,1,-0.8539488058083275,3,0.0,1.0,0.0,1.0
0.012115659823000443,1.0331808846706256,-1.2251371051984103,1,0,1,-1.3811091172353445,4,1.0,0.0,0.0,0.0
0.8907677488630721,1.0331808846706256,1.0067795816970153,1,1,1,1.0998635247418986,3,0.0,1.0,0.0,0.0
0.4026276993963656,-0.002029061573605259,-1.2251371051984103,2,1,1,-0.9071765694144617,2,1.0,0.0,0.0,1.0
0.3049996895030243,-0.34709904365501554,-1.2251371051984103,2,1,0,0.366514847047475,2,1.0,0.0,0.0,0.0
-0.9641644391104125,-0.34709904365501554,-1.2251371051984103,2,1,1,-0.4530417648100587,2,0.0,0.0,1.0,0.0
-0.7689084193237299,-0.002029061573605259,-1.2251371051984103,2,0,1,-1.7452687346097853,1,1.0,0.0,0.0,1.0
-0.3783963797503647,-0.34709904365501554,0.22162437189660444,1,1,1,-1.389127929784654,1,1.0,0.0,0.0,0.0
0.4026276993963656,1.0331808846706256,-1.2251371051984103,2,1,0,0.004152888772284313,1,1.0,0.0,0.0,1.0
0.8907677488630721,-0.34709904365501554,1.4103658598229323,1,1,1,-1.3737394110210015,4,1.0,0.0,0.0,1.0
0.5978837191830482,-1.3823089898992464,0.8527656878016082,1,0,0,-1.3253755943484642,3,1.0,0.0,0.0,1.0
0.7931397389697308,-1.0372390078178362,-1.2251371051984103,2,1,1,-0.05781483930061249,0,1.0,0.0,0.0,1.0
1.3789077983297786,-0.34709904365501554,1.9702294689531088,1,1,1,-1.3255633653231098,0,1.0,0.0,0.0,1.0
-0.2807683698570234,-0.002029061573605259,0.029092362993555484,1,0,1,0.9301897391288328,4,0.0,0.0,1.0,1.0
0.3049996895030243,-1.3823089898992464,-1.2251371051984103,2,0,0,-0.4969471084794212,3,1.0,0.0,0.0,1.0
-0.476024389643706,-1.7273789719806567,-1.2251371051984103,1,1,0,1.437594943010165,0,0.0,0.0,1.0,1.0
1.8670478477964851,-0.002029061573605259,-1.2251371051984103,2,0,1,-0.8793506163987828,3,1.0,0.0,0.0,0.0
1.3789077983297786,0.6881109025892154,1.7768122473186232,1,1,0,1.4968332920595724,2,0.0,0.0,1.0,0.0
0.6955117290763895,1.378250866752036,1.8260308432669536,1,1,1,-1.4905808136158805,4,0.0,0.0,1.0,1.0
-0.9641644391104125,-0.34709904365501554,-1.2251371051984103,2,1,0,0.37358036080242857,1,1.0,0.0,0.0,0.0
-1.452304488577119,0.6881109025892154,-1.2251371051984103,2,1,1,1.1473570516607716,2,1.0,0.0,0.0,1.0
-1.3546764786837777,1.7233208488334462,-0.2617529848318,2,1,0,-1.50193147332049,4,0.0,1.0,0.0,1.0
1.9646758576898262,0.6881109025892154,0.24189817570129404,2,1,0,1.0921979791791794,0,0.0,1.0,0.0,0.0
0.10974366971634174,-0.6921690257364259,0.5022350475775855,1,1,0,-0.8340913726527341,2,0.0,1.0,0.0,1.0
-1.2570484687904364,-0.002029061573605259,1.257419277734951,1,0,1,0.6030779093283943,4,0.0,1.0,0.0,0.0
-0.2807683698570234,-0.002029061573605259,0.6206663339776798,1,1,1,0.38156976344004645,3,1.0,0.0,0.0,1.0
0.10974366971634174,-0.34709904365501554,0.8656732799506671,1,1,1,0.026789645594299024,3,1.0,0.0,0.0,1.0
0.5002557092897069,1.0331808846706256,-1.2251371051984103,2,1,1,-1.269462479574805,1,1.0,0.0,0.0,0.0
-0.18314035996368214,1.0331808846706256,0.4998251951308334,1,1,0,-1.4515757877176505,3,1.0,0.0,0.0,1.0
-1.8428165281504842,-0.34709904365501554,0.45055747403634383,2,1,0,-1.0735172897102043,3,1.0,0.0,0.0,1.0
-0.18314035996368214,-1.7273789719806567,1.635045876426003,1,1,1,1.6378021337459898,2,0.0,0.0,1.0,1.0
-0.8665364292170712,-1.7273789719806567,0.10811104068233272,1,0,0,-0.7415183678977374,3,0.0,0.0,1.0,0.0
-0.08551235007034085,-1.7273789719806567,1.1107042284380644,2,1,1,0.6493621494049935,4,1.0,0.0,0.0,1.0
1.7694198379031438,0.34304092050780505,-0.006359030756317085,1,1,1,0.5770259482640958,0,1.0,0.0,0.0,1.0
-1.0617924490037538,1.0331808846706256,-1.2251371051984103,1,1,1,0.051688529292514704,0,1.0,0.0,0.0,0.0
2.25755988736985,-1.0372390078178362,-1.2251371051984103,2,1,1,1.0878112037121992,3,0.0,0.0,1.0,0.0
0.3049996895030243,-0.6921690257364259,1.1824922286692456,1,1,0,0.1350367410957038,2,1.0,0.0,0.0,1.0
-0.9641644391104125,-0.34709904365501554,0.8569112420737204,1,1,0,1.1074547624212312,0,1.0,0.0,0.0,0.0
-0.7689084193237299,-0.34709904365501554,0.3574272380757078,1,1,1,-0.9144343787458598,4,0.0,1.0,0.0,1.0
-0.18314035996368214,1.0331808846706256,0.4704273955318961,2,0,1,-0.45630139235972583,3,1.0,0.0,0.0,1.0
0.6955117290763895,0.6881109025892154,0.6580251275393242,2,1,1,-0.12214997825310303,4,1.0,0.0,0.0,1.0
-0.08551235007034085,0.6881109025892154,-1.2251371051984103,1,1,1,-0.6469750730825552,1,1.0,0.0,0.0,1.0
-0.9641644391104125,-1.3823089898992464,1.0885766304371178,1,1,1,1.66912960648442,0,1.0,0.0,0.0,1.0
-0.6712804094303886,-1.3823089898992464,0.44310597344617686,1,1,1,-1.4503986951574055,2,0.0,0.0,1.0,0.0
1.183651778543096,-1.7273789719806567,-1.2251371051984103,1,1,1,1.3026756679517482,1,0.0,0.0,1.0,1.0
0.10974366971634174,0.34304092050780505,-1.2251371051984103,1,0,0,1.4529775449868498,2,1.0,0.0,0.0,1.0
1.5741638181164612,0.34304092050780505,-1.2251371051984103,1,1,0,-1.7304012411455676,4,1.0,0.0,0.0,1.0
0.6955117290763895,-0.34709904365501554,-1.2251371051984103,1,1,0,-1.6502688030592274,1,0.0,0.0,1.0,1.0
-1.745188518257143,-0.6921690257364259,1.5993360556043175,1,1,1,0.9317319322496032,0,1.0,0.0,0.0,0.0
-0.3783963797503647,-1.0372390078178362,-1.2251371051984103,1,1,0,-0.9752951455863913,4,0.0,0.0,1.0,0.0
-0.2807683698570234,1.7233208488334462,0.7320981671423265,1,1,0,-1.5870540251213519,2,0.0,1.0,0.0,0.0
0.10974366971634174,1.0331808846706256,-1.2251371051984103,2,0,1,-0.5446762627381185,4,1.0,0.0,0.0,0.0
1.183651778543096,-0.6921690257364259,0.1962522740144931,1,0,0,-0.2632754407710136,2,0.0,0.0,1.0,1.0
0.012115659823000443,-0.6921690257364259,-1.2251371051984103,1,1,0,0.6003565353696256,0,0.0,0.0,1.0,1.0
-0.8665364292170712,-1.3823089898992464,0.025124267311313384,1,0,1,1.2850974159406743,2,1.0,0.0,0.0,1.0
3.1362119764099217,1.378250866752036,0.6870131242089031,1,1,0,0.4432256420351256,0,0.0,1.0,0.0,1.0
-0.9641644391104125,-0.6921690257364259,0.6897863747238211,1,1,0,1.5251894936014292,3,0.0,0.0,1.0,0.0
-1.5499324984704603,-1.3823089898992464,0.47123580021722106,2,0,1,1.5842442482316972,1,1.0,0.0,0.0,1.0
1.5741638181164612,-0.6921690257364259,0.1747802646904623,1,1,1,-1.689425751164006,2,1.0,0.0,0.0,1.0
-0.7689084193237299,-0.34709904365501554,1.3187900266954806,1,1,0,-1.5286299303725635,1,1.0,0.0,0.0,0.0
0.8907677488630721,-0.002029061573605259,0.632018723209741,1,1,0,0.9786861614387012,4,0.0,0.0,1.0,1.0
0.003935819113316791,0.6881109025892154,0.6200968343191144,1,1,0,-1.4820333187487085,3,0.0,1.0,0.0,1.0
3.1362119764099217,1.7233208488334462,-1.2251371051984103,2,1,1,0.5151897816896533,1,0.0,0.0,1.0,0.0
0.9883957587564134,-0.6921690257364259,0.9689352972772404,1,1,0,0.8028963323558231,0,0.0,1.0,0.0,1.0
-0.2807683698570234,-0.6921690257364259,-1.2251371051984103,2,0,0,0.1765651026124368,2,0.0,0.0,1.0,0.0
-0.476024389643706,1.378250866752036,-0.3722483999009357,2,1,1,-1.0010430882144468,3,0.0,0.0,1.0,0.0
0.7931397389697308,-0.34709904365501554,1.2154780841389348,1,0,1,1.1078059411300683,1,0.0,1.0,0.0,0.0
-0.3783963797503647,-0.34709904365501554,1.0859669170537127,1,1,0,0.5873824137350152,3,1.0,0.0,0.0,1.0
-0.18314035996368214,-0.6921690257364259,-1.2251371051984103,2,1,1,-1.388290704428749,0,1.0,0.0,0.0,1.0
-1.452304488577119,-1.3823089898992464,-1.2251371051984103,2,0,1,1.0827305979617032,2,1.0,0.0,0.0,1.0
0.5978837191830482,0.34304092050780505,0.6058202987648788,2,1,1,0.07481690150227192,3,0.0,1.0,0.0,1.0
2.0623038675831675,0.34304092050780505,0.7227547883663725,1,1,1,0.7410559892258746,0,1.0,0.0,0.0,0.0
-0.8665364292170712,-1.0372390078178362,1.312485846294106,3,1,0,0.7302536764546373,1,1.0,0.0,0.0,0.0
-0.08551235007034085,-0.6921690257364259,0.9948066474590774,1,1,1,1.6316206575732424,0,1.0,0.0,0.0,0.0
-0.18314035996368214,-1.0372390078178362,-1.2251371051984103,1,0,1,0.36190427781460527,1,1.0,0.0,0.0,1.0
1.3789077983297786,0.6881109025892154,-1.2251371051984103,2,1,1,-0.3438760011203727,0,1.0,0.0,0.0,0.0
-0.08551235007034085,-0.34709904365501554,-1.2251371051984103,2,0,0,1.5053786986489917,1,1.0,0.0,0.0,1.0
-0.6712804094303886,1.0331808846706256,-1.2251371051984103,2,1,0,-0.5745393307020866,0,1.0,0.0,0.0,1.0
0.8907677488630721,1.0331808846706256,0.3079545355081579,1,0,0,0.6494975394126621,0,0.0,0.0,1.0,0.0
-0.8665364292170712,-1.0372390078178362,-1.2251371051984103,2,0,1,0.0020414659406088956,3,1.0,0.0,0.0,0.0
3.526724015983287,-1.3823089898992464,0.47596765590798557,2,0,1,0.2270869803198054,2,0.0,1.0,0.0,0.0
-0.08551235007034085,-0.34709904365501554,-1.2251371051984103,1,1,0,-0.08520260203440241,1,1.0,0.0,0.0,1.0
1.0860237686497547,-1.3823089898992464,0.5983660778897452,2,1,0,1.6731806913025662,1,0.0,1.0,0.0,1.0
2.0623038675831675,-0.6921690257364259,-1.2251371051984103,2,1,1,-0.23315760292115006,2,1.0,0.0,0.0,0.0
-0.08551235007034085,-1.0372390078178362,-0.21554318407312956,1,1,1,-0.9273660387328208,0,1.0,0.0,0.0,0.0
-0.9641644391104125,0.6881109025892154,0.47473568685170753,1,1,1,-0.5303459787259228,3,0.0,1.0,0.0,0.0
-0.5736523995370473,-1.0372390078178362,-1.2251371051984103,2,1,1,-1.66503379689039,1,0.0,0.0,1.0,0.0
-0.7689084193237299,-1.0372390078178362,0.09960854999453825,2,0,0,-0.15585234486640942,3,1.0,0.0,0.0,0.0
0.6955117290763895,-1.3823089898992464,1.7075912359951977,1,1,1,-1.5125963078063052,4,0.0,0.0,1.0,1.0
1.3789077983297786,0.34304092050780505,0.554271858751162,1,1,1,0.36828100795728064,2,0.0,0.0,1.0,0.0
-1.5499324984704603,-0.34709904365501554,0.9825263210199301,1,0,1,1.291095471717428,2,0.0,1.0,0.0,0.0
-0.8665364292170712,1.378250866752036,0.8659957137275731,2,1,1,-0.7398881190650386,1,0.0,1.0,0.0,1.0
-1.2570484687904364,0.6881109025892154,-1.2251371051984103,2,0,0,-1.6399904739809084,0,0.0,0.0,1.0,1.0
-0.5736523995370473,1.0331808846706256,1.2094201695354057,1,1,1,-1.1869335687434717,2,0.0,1.0,0.0,1.0
0.20737167960968303,1.7233208488334462,-1.2251371051984103,1,1,0,0.5691761121896534,3,1.0,0.0,0.0,0.0
-0.08551235007034085,-0.34709904365501554,-0.09921883838793492,2,1,1,0.06630160091712906,0,0.0,1.0,0.0,1.0
-0.8665364292170712,-1.3823089898992464,1.0112912543222599,2,1,1,-1.341051077280041,2,0.0,1.0,0.0,1.0
-0.3783963797503647,1.378250866752036,-0.0757472595967982,1,1,1,-0.5610090310925291,2,0.0,0.0,1.0,1.0
-0.9641644391104125,-0.34709904365501554,0.05919903685139779,1,1,1,-1.3881253824399504,2,1.0,0.0,0.0,1.0
-0.7689084193237299,-1.0372390078178362,-1.2251371051984103,2,1,1,-0.7235229824054529,3,1.0,0.0,0.0,1.0
-0.7689084193237299,-1.3823089898992464,-1.2251371051984103,2,1,0,-1.7228999734327703,0,1.0,0.0,0.0,1.0
-0.3783963797503647,0.34304092050780505,-1.2251371051984103,2,1,0,-0.03064095101338408,2,0.0,0.0,1.0,0.0
0.012115659823000443,0.34304092050780505,1.0166111716160664,1,1,0,1.2541936895630066,3,0.0,0.0,1.0,0.0
0.7931397389697308,-1.3823089898992464,0.2769714498408293,3,1,0,0.9832114593299803,3,1.0,0.0,0.0,1.0
-0.9641644391104125,-1.0372390078178362,0.6536547497155727,2,1,0,-1.6617578111649893,4,0.0,0.0,1.0,1.0
0.012115659823000443,0.6881109025892154,-1.2251371051984103,2,0,0,-1.4872442678356357,3,1.0,0.0,0.0,1.0
0.10974366971634174,1.0331808846706256,-0.7666948405730947,1,1,1,-0.09116915962171161,1,0.0,0.0,1.0,1.0
-0.5736523995370473,1.0331808846706256,0.6216099528275137,1,0,1,-1.7200503444153235,2,0.0,0.0,1.0,0.0
0.3049996895030243,0.6881109025892154,-1.2251371051984103,2,1,0,-0.7328346129071661,3,0.0,0.0,1.0,0.0
-1.3546764786837777,0.34304092050780505,0.43925789033598417,1,1,0,0.25050318681321815,0,0.0,1.0,0.0,1.0
0.5978837191830482,-1.0372390078178362,1.644520788980923,2,1,1,1.1994392208961053,1,0.0,1.0,0.0,1.0
0.6955117290763895,-0.34709904365501554,-1.2251371051984103,1,1,0,-0.45245948336319586,1,1.0,0.0,0.0,1.0
-0.3783963797503647,-1.3823089898992464,-1.2251371051984103,2,0,0,-0.14353411646946385,0,1.0,0.0,0.0,0.0
1.0860237686497547,1.378250866752036,-1.2251371051984103,2,0,0,-1.0999667196402034,2,1.0,0.0,0.0,1.0
-1.9404445380438253,-0.002029061573605259,0.33415408007035935,2,1,0,0.39057424308888666,1,1.0,0.0,0.0,0.0
-0.18314035996368214,0.34304092050780505,0.27904622718641964,2,1,0,0.7020706279431538,4,0.0,1.0,0.0,1.0
-0.08551235007034085,0.6881109025892154,-1.2251371051984103,2,1,1,1.0128237599404126,3,1.0,0.0,0.0,1.0
0.6955117290763895,-1.3823089898992464,-1.2251371051984103,1,1,0,0.9012355940569643,3,1.0,0.0,0.0,1.0
0.6955117290763895,-1.7273789719806567,-1.2251371051984103,3,0,1,0.542504802748372,1,1.0,0.0,0.0,0.0
-0.8665364292170712,0.6881109025892154,-1.2251371051984103,2,1,0,-0.4904487361576191,2,1.0,0.0,0.0,0.0
-0.6712804094303886,-1.7273789719806567,-0.1348089666710966,1,1,1,1.2169379443294102,0,0.0,0.0,1.0,0.0
-0.18314035996368214,1.378250866752036,0.673252482697717,1,1,1,-0.46687086216147616,0,1.0,0.0,0.0,1.0
-0.6712804094303886,1.378250866752036,1.4943063330998378,2,1,1,-1.2599340162330466,3,0.0,1.0,0.0,1.0
-0.8665364292170712,-1.7273789719806567,0.5374233737695258,1,1,0,-1.6460610974095877,1,0.0,1.0,0.0,0.0
-1.159420458897095,-0.34709904365501554,1.228321509566138,1,1,1,1.7328145949630671,1,0.0,0.0,1.0,1.0
-1.8428165281504842,-1.7273789719806567,0.11036055633282703,1,1,1,0.8069999721640935,0,1.0,0.0,0.0,1.0
-0.18314035996368214,1.378250866752036,-1.2251371051984103,2,1,0,-1.4556329633459106,3,1.0,0.0,0.0,0.0
0.003935819113316791,1.378250866752036,0.6273171106871329,1,0,0,-0.49115735840855307,1,0.0,1.0,0.0,1.0
-0.18314035996368214,0.34304092050780505,-1.2251371051984103,2,1,0,-0.9583505118502805,2,1.0,0.0,0.0,1.0
0.003935819113316791,-1.0372390078178362,-1.2251371051984103,1,0,0,1.1532651374709901,4,1.0,0.0,0.0,1.0
2.843327946729898,1.378250866752036,-1.2251371051984103,2,1,0,0.1750841656390948,0,0.0,0.0,1.0,1.0
-0.476024389643706,1.7233208488334462,-1.2251371051984103,2,1,0,-1.3002532649306513,1,1.0,0.0,0.0,1.0
1.183651778543096,1.0331808846706256,1.7643851855080503,1,1,0,-0.11554823618251557,1,1.0,0.0,0.0,1.0
-0.5736523995370473,1.378250866752036,-1.2251371051984103,2,0,0,-0.1542699523988892,2,0.0,0.0,1.0,1.0
0.3049996895030243,1.7233208488334462,-1.2251371051984103,1,1,1,1.4912323571022272,4,0.0,0.0,1.0,1.0
-0.5736523995370473,-0.6921690257364259,-1.2251371051984103,1,1,1,0.766300308869106,4,1.0,0.0,0.0,0.0
1.0860237686497547,-0.34709904365501554,-1.2251371051984103,1,1,1,-1.5981008404128647,4,1.0,0.0,0.0,0.0
0.5002557092897069,1.378250866752036,-1.2251371051984103,2,1,0,1.342577957191289,4,0.0,0.0,1.0,0.0
-0.6712804094303886,1.7233208488334462,1.8435947631947673,1,1,0,1.3796259187884372,4,1.0,0.0,0.0,1.0
1.8670478477964851,-0.6921690257364259,0.6794584128067738,2,1,0,-1.1342879125610543,1,0.0,1.0,0.0,0.0
-0.476024389643706,0.6881109025892154,-1.2251371051984103,2,1,0,-0.7896429027443823,0,1.0,0.0,0.0,1.0
0.6955117290763895,-0.34709904365501554,0.9362185900024671,2,1,1,-0.9768796263316649,0,0.0,1.0,0.0,0.0
0.6955117290763895,1.0331808846706256,-0.14401089062879494,1,1,0,-0.9723271808295939,1,0.0,0.0,1.0,0.0
-0.3783963797503647,-0.002029061573605259,-1.2251371051984103,2,1,0,-0.763292143938224,0,0.0,0.0,1.0,0.0
-1.452304488577119,-1.0372390078178362,0.1736204631941768,1,1,0,-0.6445622421618283,2,1.0,0.0,0.0,0.0
0.5002557092897069,0.6881109025892154,-1.2251371051984103,3,1,0,0.9653758270858185,3,0.0,0.0,1.0,0.0
0.6955117290763895,-1.0372390078178362,0.7305908092373858,1,1,1,0.30705635871824655,4,1.0,0.0,0.0,1.0
-0.18314035996368214,-0.002029061573605259,1.058119199835366,2,1,1,0.18400859464072747,0,0.0,1.0,0.0,0.0
-0.476024389643706,0.34304092050780505,1.0927911519339681,1,0,0,1.6736813558939065,1,0.0,0.0,1.0,0.0
-0.5736523995370473,-0.002029061573605259,1.5699340955695493,2,1,0,-1.167329339265459,0,0.0,1.0,0.0,1.0
0.5002557092897069,-0.002029061573605259,1.0287975682154897,2,1,0,1.0155219888207496,4,0.0,0.0,1.0,1.0
0.8907677488630721,-1.0372390078178362,-1.2251371051984103,1,1,1,0.24936820785433025,0,0.0,0.0,1.0,1.0
-0.5736523995370473,-1.7273789719806567,0.21700820832529574,1,1,0,0.6455767979309469,1,1.0,0.0,0.0,0.0
-0.5736523995370473,-1.3823089898992464,0.6774157988304927,2,1,1,-1.2880693824024978,4,0.0,1.0,0.0,0.0
0.003935819113316791,-1.3823089898992464,-1.2251371051984103,2,1,0,0.9870168234658282,2,1.0,0.0,0.0,1.0
-0.18314035996368214,-1.0372390078178362,-1.2251371051984103,2,1,0,0.7450717473453617,4,1.0,0.0,0.0,1.0
2.745699936836557,-0.002029061573605259,-1.2251371051984103,2,1,1,-1.271226204160565,2,1.0,0.0,0.0,1.0
1.2812797884364373,1.378250866752036,0.9490108100655962,2,0,0,-0.8064390947368667,3,0.0,1.0,0.0,1.0
-0.6712804094303886,-1.3823089898992464,0.6376108290169556,1,0,1,0.91207949836012,1,1.0,0.0,0.0,0.0
0.003935819113316791,1.378250866752036,0.7882291672071782,1,1,0,0.19696757626162673,0,0.0,0.0,1.0,1.0
0.20737167960968303,-1.7273789719806567,1.043095385999169,1,0,1,-1.5867082411300442,1,0.0,1.0,0.0,1.0
1.7694198379031438,-1.0372390078178362,1.110552852580519,1,1,1,-0.6252855242447828,0,0.0,0.0,1.0,0.0
0.4026276993963656,1.0331808846706256,-0.1866643188357342,1,1,0,0.25436615261042655,1,1.0,0.0,0.0,0.0
-0.7689084193237299,-1.3823089898992464,-1.2251371051984103,2,1,0,0.6091279980258333,2,0.0,0.0,1.0,1.0
-0.6712804094303886,1.378250866752036,-1.2251371051984103,2,1,0,0.2709789242069178,4,1.0,0.0,0.0,1.0
0.10974366971634174,0.6881109025892154,0.7848129693396008,1,1,0,0.3775249434551596,2,1.0,0.0,0.0,1.0
0.6955117290763895,-1.3823089898992464,0.45420233585786596,1,1,0,0.26816479591127584,0,1.0,0.0,0.0,0.0
0.5978837191830482,0.6881109025892154,1.1100398388391983,1,1,1,1.7230485900268777,2,1.0,0.0,0.0,0.0
0.7931397389697308,1.378250866752036,1.4577812268720296,1,0,0,0.4361120978918473,4,1.0,0.0,0.0,0.0
0.5002557092897069,1.0331808846706256,-1.2251371051984103,1,0,1,1.0213390605255557,3,0.0,0.0,1.0,0.0
0.5978837191830482,-0.34709904365501554,0.41481404969448454,2,1,1,1.0093293751666517,2,0.0,0.0,1.0,1.0
-1.452304488577119,-0.34709904365501554,-1.2251371051984103,1,0,0,-1.3898151471886169,0,1.0,0.0,0.0,0.0
0.20737167960968303,-0.6921690257364259,-0.6880576428466718,2,1,0,1.3680760025815395,0,1.0,0.0,0.0,0.0
-1.452304488577119,-0.6921690257364259,0.5429724350675653,1,1,0,1.0134391057850352,3,1.0,0.0,0.0,0.0
-1.2570484687904364,-0.002029061573605259,0.11260687164806674,1,0,1,-0.7167052776105507,3,0.0,0.0,1.0,1.0
-0.3783963797503647,-0.6921690257364259,-1.2251371051984103,1,1,1,-1.4744772337448886,4,0.0,0.0,1.0,1.0
-0.5736523995370473,-1.0372390078178362,-1.2251371051984103,2,1,0,-0.7621456794516933,4,1.0,0.0,0.0,0.0
0.5978837191830482,-0.6921690257364259,1.0651733788036681,2,0,1,-0.6273929445440978,1,0.0,1.0,0.0,1.0
1.2812797884364373,-1.0372390078178362,-1.2251371051984103,1,1,0,1.0222866165560902,4,0.0,0.0,1.0,1.0
-0.5736523995370473,1.378250866752036,-1.2251371051984103,2,0,1,-0.39781534537092456,1,1.0,0.0,0.0,0.0
-1.452304488577119,1.378250866752036,0.40426670479573085,1,1,0,1.1638114621943085,4,1.0,0.0,0.0,1.0
0.20737167960968303,0.34304092050780505,0.45211715742269803,1,1,0,0.44609180325145237,4,1.0,0.0,0.0,1.0
0.6955117290763895,-1.7273789719806567,0.4928476641918802,1,1,0,-1.7383560131771107,4,0.0,1.0,0.0,0.0
-0.2807683698570234,-1.0372390078178362,-1.2251371051984103,2,0,1,0.43816278664553243,1,0.0,0.0,1.0,1.0
-1.159420458897095,-0.6921690257364259,1.003923282482239,1,1,0,-0.009319809175912944,1,1.0,0.0,0.0,1.0
-0.08551235007034085,-0.34709904365501554,1.525772989424144,1,1,0,-0.8450330779640001,0,1.0,0.0,0.0,0.0
0.4026276993963656,-1.0372390078178362,1.4294769818296071,2,1,0,0.5293086275793334,3,1.0,0.0,0.0,1.0
0.012115659823000443,1.378250866752036,0.8807999845653011,4,0,1,-1.6253431197965118,2,0.0,1.0,0.0,1.0
-1.745188518257143,-1.3823089898992464,-1.2251371051984103,2,0,0,-1.2469360534274199,2,0.0,0.0,1.0,0.0
-0.6712804094303886,1.0331808846706256,1.5800738777736234,1,1,0,1.5082881916286983,3,1.0,0.0,0.0,1.0
-0.18314035996368214,0.6881109025892154,0.8334092600976644,1,1,0,-0.14321913457501617,2,1.0,0.0,0.0,0.0
0.4026276993963656,-0.002029061573605259,1.4642603055950714,1,1,1,0.8111690446752978,2,1.0,0.0,0.0,0.0
0.003935819113316791,-1.3823089898992464,-1.2251371051984103,2,1,1,-0.34085391516513697,0,1.0,0.0,0.0,1.0
1.183651778543096,-0.34709904365501554,0.401102053279169,1,0,0,0.5248811306961648,2,1.0,0.0,0.0,0.0
-1.2570484687904364,0.34304092050780505,0.05391544336273148,1,0,0,0.867730047621901,3,0.0,0.0,1.0,1.0
-0.08551235007034085,1.378250866752036,-1.2251371051984103,1,0,1,-0.22565215865284632,2,0.0,0.0,1.0,1.0
-0.18314035996368214,-0.34709904365501554,0.2503541015111331,1,0,1,1.693597956919175,2,1.0,0.0,0.0,0.0
-0.2807683698570234,-1.3823089898992464,-1.2251371051984103,2,1,1,-0.08713147458581504,2,1.0,0.0,0.0,1.0
-0.476024389643706,1.378250866752036,-1.2251371051984103,2,1,1,-0.6112033972389306,3,1.0,0.0,0.0,1.0
0.3049996895030243,-1.3823089898992464,1.1233764359291436,2,0,1,1.1133578015602126,2,1.0,0.0,0.0,1.0
-0.8665364292170712,-0.34709904365501554,-1.2251371051984103,2,1,0,0.5006564126659545,2,0.0,0.0,1.0,1.0
1.3789077983297786,-1.3823089898992464,0.8863652075563767,1,1,1,-0.6589365540299885,0,0.0,0.0,1.0,0.0
0.003935819113316791,1.0331808846706256,-1.2251371051984103,2,1,1,0.8533900183135233,4,0.0,0.0,1.0,1.0
-0.3783963797503647,-0.6921690257364259,-1.2251371051984103,2,1,1,1.3238055583516517,3,0.0,0.0,1.0,1.0
-0.3783963797503647,1.0331808846706256,-1.2251371051984103,3,0,1,-0.20396904867147983,1,0.0,0.0,1.0,0.0
1.2812797884364373,1.0331808846706256,0.7814129331650594,1,1,0,-1.5725568529120426,0,0.0,1.0,0.0,0.0
-1.159420458897095,-0.6921690257364259,0.4874826221709831,1,1,0,1.2711720837894613,2,0.0,1.0,0.0,1.0
2.25755988736985,-1.0372390078178362,-1.2251371051984103,2,1,1,1.4985206204841934,3,0.0,0.0,1.0,1.0
0.9883957587564134,-1.3823089898992464,0.40743903711690377,1,1,0,0.5685703376180666,0,0.0,1.0,0.0,0.0
0.10974366971634174,-0.34709904365501554,-1.2251371051984103,2,0,1,-0.3264153887560645,4,0.0,0.0,1.0,1.0
0.3049996895030243,-1.0372390078178362,1.0413870470402364,2,1,0,1.2489681225318068,4,1.0,0.0,0.0,1.0
-0.18314035996368214,-0.34709904365501554,0.09500566781453636,1,1,1,0.25896715057026054,2,1.0,0.0,0.0,1.0
0.20737167960968303,1.378250866752036,0.43140042721876487,2,1,1,-1.1492718275100156,0,0.0,1.0,0.0,1.0
0.3049996895030243,-0.34709904365501554,0.42202296487234886,1,0,0,-1.7261642996073825,3,1.0,0.0,0.0,1.0
0.4026276993963656,-1.3823089898992464,-0.0024674230866611273,2,1,0,-0.39228123530168274,4,1.0,0.0,0.0,1.0
-1.0617924490037538,-0.34709904365501554,-1.2251371051984103,2,0,0,-1.6259407152802317,1,0.0,0.0,1.0,1.0
-0.6712804094303886,-1.0372390078178362,0.6513028233369297,1,1,1,1.7043426680290519,4,1.0,0.0,0.0,1.0
0.012115659823000443,1.7233208488334462,-1.2251371051984103,2,1,0,-1.5631841402860471,1,1.0,0.0,0.0,0.0
3.429096006089946,1.7233208488334462,-1.2251371051984103,2,1,1,-0.8079816359039292,1,1.0,0.0,0.0,1.0
-0.6712804094303886,1.378250866752036,0.9040560207770372,1,1,1,0.4313753618780524,0,0.0,1.0,0.0,1.0
-0.7689084193237299,-0.6921690257364259,1.0615906034860862,1,1,1,-0.7351531232827048,3,1.0,0.0,0.0,0.0
0.003935819113316791,-0.002029061573605259,1.2700220379510045,1,1,1,1.0086183165916724,2,0.0,0.0,1.0,0.0
2.6480719269432154,-0.002029061573605259,0.7176568143224759,1,0,0,-1.5715878920345379,3,0.0,1.0,0.0,1.0
0.4026276993963656,-0.002029061573605259,1.2281386104063348,1,0,0,1.2213675294903321,1,1.0,0.0,0.0,0.0
0.20737167960968303,0.34304092050780505,1.2269418450378577,1,1,0,-1.543871399577758,0,1.0,0.0,0.0,1.0
-0.2807683698570234,0.6881109025892154,0.30219601226770143,2,1,0,1.5436817151758397,3,0.0,1.0,0.0,1.0
-0.2807683698570234,-0.002029061573605259,0.8733632055173055,2,1,0,1.2971499109935196,0,0.0,1.0,0.0,1.0
-0.8665364292170712,0.34304092050780505,-1.2251371051984103,2,1,0,1.3960020189062274,0,1.0,0.0,0.0,1.0
1.0860237686497547,1.378250866752036,0.7998398234942896,1,1,1,-0.3619610085329006,4,1.0,0.0,0.0,0.0
-1.6475605083638016,1.0331808846706256,1.5621305581013711,2,0,1,1.605438701218805,4,1.0,0.0,0.0,0.0
2.159931877476509,-1.3823089898992464,0.08991425445791199,1,1,0,0.11219950960937788,0,0.0,0.0,1.0,1.0
-0.18314035996368214,0.6881109025892154,1.1328950330602898,1,1,1,0.5682278600665343,2,0.0,1.0,0.0,0.0
-0.7689084193237299,-1.0372390078178362,0.04842718843453009,1,0,0,-1.6763468675954412,2,1.0,0.0,0.0,0.0
-0.6712804094303886,1.378250866752036,-1.2251371051984103,2,1,1,-0.12571049182238347,2,1.0,0.0,0.0,0.0
-0.476024389643706,-0.002029061573605259,-1.2251371051984103,1,0,0,-0.9891291155858998,0,1.0,0.0,0.0,1.0
3.819608045663311,-1.0372390078178362,-1.2251371051984103,2,0,1,1.5323756053966326,2,0.0,0.0,1.0,0.0
-0.08551235007034085,-0.6921690257364259,0.8089607789700454,2,1,1,1.2954841614390156,4,0.0,0.0,1.0,1.0
-0.476024389643706,-0.002029061573605259,0.8699466876162028,4,1,1,-1.2554252505406476,2,0.0,0.0,1.0,0.0
-0.18314035996368214,0.34304092050780505,1.4935944185224408,1,1,1,0.4851182339966531,1,0.0,0.0,1.0,1.0
-0.9641644391104125,-1.7273789719806567,1.5382490163641134,1,0,0,0.7207943003018825,3,0.0,1.0,0.0,1.0
-1.159420458897095,-1.0372390078178362,0.8821449254560679,1,1,0,-0.8857581486383185,2,1.0,0.0,0.0,1.0
3.0385839665165806,1.378250866752036,0.6447341352267582,2,0,1,0.1174005393769771,2,0.0,1.0,0.0,1.0
-0.6712804094303886,1.7233208488334462,-1.2251371051984103,1,1,1,0.895109457244678,0,1.0,0.0,0.0,0.0
-0.2807683698570234,-1.3823089898992464,0.4007773792675845,2,1,1,-1.739044622766243,3,0.0,1.0,0.0,0.0
-0.5736523995370473,1.7233208488334462,1.7154664609730803,1,1,0,1.1092204012615987,3,1.0,0.0,0.0,1.0
-1.2570484687904364,-0.34709904365501554,0.6792155073609458,1,1,0,0.723012225298973,3,1.0,0.0,0.0,1.0
0.3049996895030243,0.34304092050780505,0.3757878814651668,1,1,0,-0.12093877715622188,1,0.0,1.0,0.0,1.0
0.8907677488630721,-0.002029061573605259,-1.2251371051984103,1,1,0,0.0017240477221160298,1,1.0,0.0,0.0,0.0
0.4026276993963656,0.34304092050780505,-1.2251371051984103,1,1,1,-0.3328843511661751,0,0.0,0.0,1.0,0.0
-0.5736523995370473,0.34304092050780505,-1.2251371051984103,2,1,1,-0.08489806152872106,0,0.0,0.0,1.0,0.0
-0.9641644391104125,-0.002029061573605259,-1.2251371051984103,2,1,0,1.3643412918430091,4,1.0,0.0,0.0,0.0
0.003935819113316791,0.6881109025892154,0.5556603242013922,1,1,1,0.8490714599198155,3,0.0,1.0,0.0,0.0
-1.5499324984704603,0.34304092050780505,1.432268954305765,2,0,0,-0.17201857306999868,2,0.0,1.0,0.0,0.0
1.5741638181164612,1.7233208488334462,0.3508372677360929,1,1,0,0.9658291573814187,4,1.0,0.0,0.0,0.0
0.5978837191830482,-0.6921690257364259,-0.03661468022026337,3,1,0,-0.6172957735608727,3,0.0,0.0,1.0,1.0
-0.2807683698570234,1.0331808846706256,-1.2251371051984103,1,0,1,1.0143367171726376,2,1.0,0.0,0.0,0.0
0.012115659823000443,0.6881109025892154,0.3517338416576834,1,1,1,-0.836215325150929,1,0.0,0.0,1.0,0.0
-0.18314035996368214,0.34304092050780505,-1.2251371051984103,2,1,1,0.8583816982363599,4,0.0,0.0,1.0,0.0
-0.08551235007034085,-1.3823089898992464,1.1415797828408363,1,1,1,-0.5396367264501034,2,0.0,0.0,1.0,1.0
1.0860237686497547,-0.34709904365501554,-1.2251371051984103,2,1,1,-0.34243944004928717,1,0.0,0.0,1.0,0.0
1.183651778543096,-1.0372390078178362,0.6519665728687443,4,1,1,-1.2784925406261225,2,0.0,1.0,0.0,0.0
-0.5736523995370473,1.7233208488334462,-1.2251371051984103,1,1,1,-0.027137865082317886,4,0.0,0.0,1.0,0.0
-0.3783963797503647,-1.3823089898992464,-1.2251371051984103,2,1,1,-1.6886668362238482,1,1.0,0.0,0.0,0.0
-0.3783963797503647,-1.3823089898992464,0.547082945668639,2,1,1,-0.9128960141343035,3,1.0,0.0,0.0,0.0
-1.745188518257143,-1.3823089898992464,1.634653515323783,2,1,0,-1.357233141589926,4,1.0,0.0,0.0,0.0
-0.08551235007034085,1.378250866752036,1.6484648821487553,1,1,0,-1.3362069689851004,4,0.0,0.0,1.0,1.0
-0.8665364292170712,0.34304092050780505,0.17676463256510863,2,0,0,0.6490196718534611,3,0.0,0.0,1.0,1.0
1.7694198379031438,-0.6921690257364259,0.9822363706458588,1,1,1,-0.4857253999260743,1,0.0,1.0,0.0,1.0
-1.159420458897095,0.6881109025892154,1.2841135941275217,1,1,1,0.8531147136963873,2,1.0,0.0,0.0,1.0
-0.08551235007034085,1.0331808846706256,0.6841149006022912,1,1,0,0.8716614045155283,2,1.0,0.0,0.0,1.0
0.9883957587564134,1.378250866752036,0.9020439700024382,1,1,0,1.2299454784080723,4,0.0,1.0,0.0,0.0
-0.6712804094303886,1.7233208488334462,0.4550425838789745,1,1,0,1.5599448742718083,0,1.0,0.0,0.0,1.0
-0.08551235007034085,1.0331808846706256,0.6835109973397384,2,0,1,-1.409740623394337,1,1.0,0.0,0.0,0.0
-0.08551235007034085,-0.34709904365501554,-1.2251371051984103,2,1,0,0.6243971369112581,2,0.0,0.0,1.0,1.0
-0.3783963797503647,1.0331808846706256,-1.2251371051984103,2,0,0,-0.2751375545020217,1,1.0,0.0,0.0,0.0
-1.0617924490037538,-0.002029061573605259,-1.2251371051984103,2,1,0,0.44443144841447757,0,1.0,0.0,0.0,0.0
-0.08551235007034085,-0.34709904365501554,-1.2251371051984103,2,1,0,-0.7655434813793668,0,1.0,0.0,0.0,0.0
-1.2570484687904364,1.378250866752036,-1.2251371051984103,2,0,1,1.0187053942324233,0,0.0,0.0,1.0,0.0
1.183651778543096,-0.002029061573605259,0.9431953208576066,3,1,1,0.9066625058682062,4,0.0,0.0,1.0,1.0
-0.3783963797503647,-1.3823089898992464,0.74374114681551,1,1,0,-0.5940121727047909,1,0.0,1.0,0.0,0.0
0.4026276993963656,-1.3823089898992464,1.0430963460997453,2,0,1,-0.16487422682986022,3,0.0,1.0,0.0,1.0
0.9883957587564134,-0.002029061573605259,0.7348517355954283,1,0,1,-0.7070793613069744,4,1.0,0.0,0.0,1.0
-0.8665364292170712,0.6881109025892154,0.5820261261800729,1,1,1,-0.023705258525423708,0,1.0,0.0,0.0,1.0
0.10974366971634174,0.6881109025892154,0.8308688339725224,2,1,0,-1.5709079836027107,1,0.0,1.0,0.0,0.0
0.012115659823000443,-0.6921690257364259,0.980174234624524,1,0,0,-0.2850801929315069,4,1.0,0.0,0.0,1.0
-0.5736523995370473,-0.34709904365501554,-1.2251371051984103,2,1,1,-1.0582129981492663,4,1.0,0.0,0.0,1.0
0.4026276993963656,-0.6921690257364259,-1.2251371051984103,2,0,1,1.7149429399276621,1,1.0,0.0,0.0,1.0
-0.6712804094303886,-1.7273789719806567,0.6097573511951504,1,1,0,-0.27451333347694806,2,1.0,0.0,0.0,0.0
-0.18314035996368214,1.0331808846706256,1.394474595115962,2,0,0,-0.4197490486826804,2,0.0,0.0,1.0,1.0
0.003935819113316791,-1.0372390078178362,-1.2251371051984103,2,0,1,0.03716943016679622,2,1.0,0.0,0.0,1.0
-0.9641644391104125,0.6881109025892154,1.0683921159860335,2,1,1,0.4527469704278935,1,0.0,0.0,1.0,0.0
-1.159420458897095,1.378250866752036,1.3281212441974666,1,0,1,0.052240704735101465,1,1.0,0.0,0.0,0.0
2.25755988736985,-0.002029061573605259,0.35669804168793545,1,0,0,-0.23421009490878478,4,0.0,1.0,0.0,1.0
0.8907677488630721,0.6881109025892154,-1.2251371051984103,2,1,0,-0.6144844296355686,3,1.0,0.0,0.0,0.0
-0.3783963797503647,1.0331808846706256,0.8917667333991769,1,1,0,-0.6038011486962666,1,1.0,0.0,0.0,0.0
1.9646758576898262,1.0331808846706256,0.2376682925952215,1,0,0,-1.2601804330079294,1,0.0,1.0,0.0,1.0
0.4026276993963656,-1.3823089898992464,0.9068815967733684,1,1,0,0.18539138255966678,3,1.0,0.0,0.0,1.0
-0.6712804094303886,0.34304092050780505,0.2868047999442704,1,1,1,0.8104294463043573,3,1.0,0.0,0.0,1.0
-0.18314035996368214,-0.34709904365501554,-1.2251371051984103,1,0,0,-1.6678404421907496,3,0.0,0.0,1.0,0.0
0.20737167960968303,-1.0372390078178362,-1.2251371051984103,1,1,0,-0.9140174192877955,3,1.0,0.0,0.0,0.0
-0.6712804094303886,1.7233208488334462,-1.2251371051984103,2,1,0,1.5865015024598073,2,0.0,0.0,1.0,1.0
-0.8665364292170712,-0.6921690257364259,1.0075484622419455,1,1,1,-1.1685508077279605,1,0.0,0.0,1.0,0.0
0.003935819113316791,0.6881109025892154,-1.2251371051984103,1,1,0,-0.18643534658580815,4,0.0,0.0,1.0,1.0
-1.0617924490037538,-0.6921690257364259,-1.2251371051984103,1,0,0,1.4490364427970408,1,1.0,0.0,0.0,0.0
-0.5736523995370473,1.378250866752036,-1.2251371051984103,2,1,1,-1.0718974822662717,3,1.0,0.0,0.0,0.0
-0.2807683698570234,1.0331808846706256,1.3087446543814187,2,1,0,0.9558221303878752,0,1.0,0.0,0.0,1.0
-0.9641644391104125,-0.34709904365501554,-1.2251371051984103,2,1,1,1.3867392889085697,4,1.0,0.0,0.0,0.0
0.6955117290763895,-1.0372390078178362,1.3953748494230955,1,1,1,1.126678403278715,0,0.0,0.0,1.0,0.0
1.3789077983297786,0.34304092050780505,0.930768579080559,2,1,1,0.5624969298190498,3,0.0,1.0,0.0,1.0
1.7694198379031438,-0.002029061573605259,1.3743142431960502,1,0,0,-1.5863558442591843,3,0.0,1.0,0.0,0.0
-1.3546764786837777,-1.0372390078178362,0.5218481421689523,2,1,0,0.24688559365201576,2,0.0,1.0,0.0,0.0
2.745699936836557,-1.3823089898992464,1.166101071595499,2,0,1,0.10272951804471046,4,1.0,0.0,0.0,1.0
-0.5736523995370473,1.378250866752036,-1.2251371051984103,1,0,1,1.4440210957263337,0,0.0,0.0,1.0,0.0
-0.08551235007034085,1.378250866752036,0.8451328882192652,1,1,1,-1.5110462836439602,4,0.0,0.0,1.0,1.0
-0.8665364292170712,-0.34709904365501554,-1.2251371051984103,2,1,0,-0.19426621413732567,0,1.0,0.0,0.0,0.0
-0.3783963797503647,-1.0372390078178362,0.8116167371978803,1,1,1,-1.202102818343033,1,0.0,0.0,1.0,1.0
0.20737167960968303,1.7233208488334462,0.5865758827948477,2,1,1,0.23829650725292484,1,0.0,1.0,0.0,1.0
-0.3783963797503647,-1.0372390078178362,0.9056773106170436,1,0,1,0.3806813752791874,2,1.0,0.0,0.0,1.0
-0.08551235007034085,-1.0372390078178362,0.8507379553842612,1,1,0,-0.19299149459211654,4,0.0,1.0,0.0,1.0
1.0860237686497547,1.0331808846706256,1.3373647725134756,2,1,1,-0.3665872398489195,3,1.0,0.0,0.0,1.0
0.3049996895030243,1.7233208488334462,1.1109260116712114,2,1,1,-0.3631716875603437,4,1.0,0.0,0.0,0.0
-1.2570484687904364,-1.0372390078178362,-1.2251371051984103,2,1,1,-0.3781171433940158,1,1.0,0.0,0.0,0.0
0.8907677488630721,1.0331808846706256,0.907842177400052,1,1,0,-0.3935561288700381,2,1.0,0.0,0.0,0.0
1.3789077983297786,1.7233208488334462,1.459511488127457,1,1,1,0.635312042658024,1,0.0,1.0,0.0,1.0
-0.08551235007034085,0.6881109025892154,-1.2251371051984103,2,1,0,-1.7202384634362617,2,1.0,0.0,0.0,1.0
-1.2570484687904364,1.0331808846706256,-1.2251371051984103,1,1,0,-1.3681450889432083,2,1.0,0.0,0.0,1.0
-0.2807683698570234,0.34304092050780505,-1.2251371051984103,2,0,1,-1.412155194546525,3,1.0,0.0,0.0,1.0
0.5978837191830482,-1.0372390078178362,-1.2251371051984103,2,1,0,0.4399087608703902,0,1.0,0.0,0.0,1.0
1.47653580822312,-1.0372390078178362,0.8385371572761919,1,0,0,-1.422571872025996,4,0.0,1.0,0.0,1.0
-0.7689084193237299,1.0331808846706256,-1.2251371051984103,2,1,1,-0.9951170780201797,1,1.0,0.0,0.0,1.0
0.10974366971634174,0.34304092050780505,-1.2251371051984103,2,0,0,-1.0290115661867842,4,0.0,0.0,1.0,1.0
-0.5736523995370473,1.0331808846706256,-0.05606455771364271,1,1,1,1.4948844068463578,4,1.0,0.0,0.0,1.0
2.3551878972631917,0.34304092050780505,0.6346940434658667,1,1,1,0.3310807761072915,0,0.0,1.0,0.0,1.0
1.3789077983297786,0.34304092050780505,0.5296622407434712,1,1,1,-0.8399937156991312,3,0.0,0.0,1.0,0.0
-0.5736523995370473,1.7233208488334462,0.9966620418229611,1,1,1,0.4677249685898872,0,0.0,1.0,0.0,0.0
-0.8665364292170712,1.7233208488334462,-1.2251371051984103,2,1,1,-0.8024899874823369,3,1.0,0.0,0.0,1.0
-0.8665364292170712,-1.3823089898992464,0.8100818564097496,1,1,1,0.2292561788359871,4,1.0,0.0,0.0,1.0
-1.3546764786837777,1.0331808846706256,1.060897730903454,1,1,1,0.5265849913196653,4,0.0,0.0,1.0,1.0
1.3789077983297786,-1.0372390078178362,1.0778875106865833,1,1,0,-1.7116873140830213,0,0.0,0.0,1.0,1.0
1.6717918280098025,-0.34709904365501554,0.3488730619735508,1,1,1,-0.97676059449973,1,0.0,0.0,1.0,0.0
-0.6712804094303886,1.0331808846706256,0.679434890342652,1,1,0,0.007600635342889423,0,1.0,0.0,0.0,0.0
0.9883957587564134,0.6881109025892154,0.7143484677529802,4,1,1,1.1781541018498778,1,0.0,1.0,0.0,1.0
0.5978837191830482,-0.002029061573605259,-0.1310181695619622,1,1,0,1.6145992796297002,0,1.0,0.0,0.0,1.0
-0.08551235007034085,-0.002029061573605259,-1.2251371051984103,2,1,0,0.975574279540076,2,1.0,0.0,0.0,0.0
0.10974366971634174,-0.34709904365501554,0.2958718297709853,1,1,1,0.28604201968735593,3,0.0,0.0,1.0,1.0
-0.2807683698570234,-1.3823089898992464,-1.2251371051984103,1,0,1,-0.10108952308849531,1,1.0,0.0,0.0,1.0
1.47653580822312,0.34304092050780505,0.9135975003052541,3,1,0,0.7777407645171046,3,0.0,1.0,0.0,0.0
-0.3783963797503647,-0.002029061573605259,-1.2251371051984103,2,1,0,-0.85735513487016,1,1.0,0.0,0.0,0.0
-0.476024389643706,1.7233208488334462,-1.2251371051984103,1,1,0,-1.342486768235396,2,0.0,0.0,1.0,0.0
-0.7689084193237299,0.6881109025892154,0.5361850040427385,1,0,0,-0.9825028362517116,1,0.0,0.0,1.0,1.0
-0.6712804094303886,-1.0372390078178362,0.13350842121295586,1,1,0,1.09350837346934,2,1.0,0.0,0.0,1.0
0.3049996895030243,-1.3823089898992464,1.8242900209051864,1,0,1,0.4659516727310913,0,0.0,0.0,1.0,1.0
0.5002557092897069,1.0331808846706256,-1.2251371051984103,2,1,1,-1.4748813154901415,1,0.0,0.0,1.0,1.0
0.10974366971634174,0.6881109025892154,0.5631542292336834,1,1,0,-1.6053845791930321,0,0.0,1.0,0.0,1.0
0.9883957587564134,1.7233208488334462,-1.2251371051984103,1,1,0,1.4634509540119507,3,1.0,0.0,0.0,0.0
1.47653580822312,-1.3823089898992464,0.8717220735987204,2,1,1,1.727736077490325,1,0.0,1.0,0.0,0.0
0.003935819113316791,-0.34709904365501554,1.3613378438390162,1,1,1,-1.39864264529787,1,0.0,0.0,1.0,1.0
0.003935819113316791,-1.7273789719806567,0.4984445705019769,2,1,1,-0.1301929800197209,0,0.0,1.0,0.0,0.0
0.5978837191830482,1.7233208488334462,0.4323653282980422,1,1,0,0.5524914690338212,1,0.0,1.0,0.0,1.0
-1.3546764786837777,0.34304092050780505,-1.2251371051984103,2,0,1,0.16721118448622022,0,1.0,0.0,0.0,1.0
-1.6475605083638016,-0.34709904365501554,-1.2251371051984103,2,1,0,-0.5285406626082436,0,0.0,0.0,1.0,1.0
0.4026276993963656,1.7233208488334462,-1.2251371051984103,2,1,1,0.27377286581761145,4,1.0,0.0,0.0,0.0
0.012115659823000443,1.0331808846706256,0.4958964635722236,1,1,0,0.2983431938159837,2,0.0,0.0,1.0,0.0
0.003935819113316791,0.34304092050780505,-1.2251371051984103,1,1,1,-1.3928767363980181,1,1.0,0.0,0.0,1.0
-0.2807683698570234,-1.7273789719806567,0.851947202060231,1,1,0,-0.8241497783621258,0,1.0,0.0,0.0,1.0
0.10974366971634174,0.34304092050780505,0.3794450645774194,1,1,0,0.6645065136946622,3,0.0,1.0,0.0,1.0
0.20737167960968303,-0.34709904365501554,1.2156353806167006,1,0,0,-1.559244604304553,0,0.0,1.0,0.0,1.0
-0.3783963797503647,-0.34709904365501554,0.982270294199558,1,1,0,0.23075660640169263,3,0.0,0.0,1.0,1.0
-0.3783963797503647,0.34304092050780505,0.6674424340596606,1,0,1,-1.6931171301391563,3,1.0,0.0,0.0,0.0
1.2812797884364373,1.378250866752036,1.450252918235751,1,1,1,-0.6538154008864507,4,0.0,1.0,0.0,0.0
-0.476024389643706,-1.3823089898992464,-1.2251371051984103,1,1,1,1.4060786551582125,1,1.0,0.0,0.0,1.0
-0.9641644391104125,-0.002029061573605259,0.47199107933731865,1,0,0,1.524396644147781,4,0.0,1.0,0.0,0.0
0.10974366971634174,-0.34709904365501554,-1.2251371051984103,2,1,1,0.702468444855147,3,1.0,0.0,0.0,1.0
0.7931397389697308,-0.002029061573605259,-1.2251371051984103,2,0,0,0.7902422392868975,4,1.0,0.0,0.0,1.0
-1.0617924490037538,-1.0372390078178362,-1.2251371051984103,2,1,1,0.29673678615430105,4,0.0,0.0,1.0,0.0
0.012115659823000443,0.6881109025892154,-0.2608244075576629,1,1,0,1.2260938241153607,2,0.0,1.0,0.0,1.0
-0.8665364292170712,-0.34709904365501554,0.5078487556477692,2,0,1,-0.9744419101010452,3,0.0,1.0,0.0,1.0
-1.0617924490037538,0.6881109025892154,-1.2251371051984103,2,1,0,0.8864189153514085,2,1.0,0.0,0.0,0.0
-0.7689084193237299,0.34304092050780505,-1.2251371051984103,1,1,1,1.6708957673942255,1,0.0,0.0,1.0,1.0
2.940955956623239,-0.002029061573605259,-1.2251371051984103,2,1,1,1.4197690560621856,2,1.0,0.0,0.0,1.0
-1.159420458897095,0.6881109025892154,0.6563135882451369,2,0,1,-0.21703331429577183,4,0.0,1.0,0.0,1.0
1.7694198379031438,-1.3823089898992464,-1.2251371051984103,1,1,1,1.6629900698898834,3,0.0,0.0,1.0,1.0
1.5741638181164612,-0.34709904365501554,0.6759156416798751,2,1,1,0.4828301776716826,0,1.0,0.0,0.0,1.0
-0.476024389643706,-0.002029061573605259,-0.13995590584438916,1,1,1,-1.2310040603784862,2,1.0,0.0,0.0,0.0
-0.08551235007034085,0.6881109025892154,-1.2251371051984103,1,0,1,-0.8152067288838599,3,0.0,0.0,1.0,1.0
-0.18314035996368214,1.378250866752036,-1.2251371051984103,1,0,0,-0.004846022135880698,4,1.0,0.0,0.0,0.0
0.5002557092897069,-0.6921690257364259,0.6465418445953477,1,1,0,-1.6585164560456631,1,1.0,0.0,0.0,1.0
-0.7689084193237299,-0.6921690257364259,0.3156364602366596,1,1,0,-0.7584764014160981,0,1.0,0.0,0.0,1.0
-0.18314035996368214,0.34304092050780505,-1.2251371051984103,2,0,0,0.6286991631060859,0,0.0,0.0,1.0,1.0
-0.3783963797503647,-0.002029061573605259,0.46292020910829834,1,1,1,0.8645064428634774,4,0.0,0.0,1.0,1.0
2.3551878972631917,-1.7273789719806567,-1.2251371051984103,2,0,1,-1.2740718306456518,4,0.0,0.0,1.0,1.0
-0.08551235007034085,-0.002029061573605259,0.6033459595627452,2,1,1,-0.18889690398744402,2,0.0,1.0,0.0,0.0
-0.18314035996368214,-0.002029061573605259,0.9578944606822193,1,1,0,-0.3354595456822166,2,1.0,0.0,0.0,0.0
-0.7689084193237299,0.34304092050780505,1.2219448415712455,1,1,1,-0.8610599136275603,3,0.0,0.0,1.0,0.0
0.9883957587564134,0.34304092050780505,0.5436950707680653,2,0,1,0.12344262300969547,3,0.0,1.0,0.0,1.0
-0.08551235007034085,1.378250866752036,-1.2251371051984103,2,1,1,0.841760921575148,1,0.0,0.0,1.0,0.0
1.6717918280098025,-0.6921690257364259,0.816452443767658,3,1,1,-0.3443228925595667,3,0.0,1.0,0.0,0.0
-1.3546764786837777,-1.3823089898992464,-1.2251371051984103,2,0,1,0.7761247855823865,3,1.0,0.0,0.0,0.0
-0.3783963797503647,-1.7273789719806567,1.0797059411782761,1,1,0,0.7821607784049912,4,0.0,1.0,0.0,1.0
0.012115659823000443,-0.002029061573605259,-1.2251371051984103,2,1,1,0.507980350792872,1,0.0,0.0,1.0,1.0
0.3049996895030243,-0.6921690257364259,1.57771491065742,2,0,0,-0.5787148420696973,2,1.0,0.0,0.0,0.0
-0.08551235007034085,-0.002029061573605259,0.8169417750280943,1,1,0,0.40837211231034376,3,1.0,0.0,0.0,0.0
-0.18314035996368214,-1.7273789719806567,0.7907190280352966,1,0,0,1.0403606605104136,3,0.0,1.0,0.0,0.0
0.20737167960968303,1.7233208488334462,-1.2251371051984103,2,1,1,1.145852969608998,1,0.0,0.0,1.0,0.0
0.012115659823000443,-0.6921690257364259,0.25720953966012144,2,1,1,0.440135164983471,3,0.0,0.0,1.0,0.0
3.1362119764099217,-1.3823089898992464,0.44397806480306934,1,1,1,-1.300466095238336,0,1.0,0.0,0.0,0.0
0.6955117290763895,1.7233208488334462,-1.2251371051984103,2,0,0,0.39283062720126644,0,1.0,0.0,0.0,0.0
-0.5736523995370473,-1.3823089898992464,-1.2251371051984103,2,1,1,-0.7929009640857345,1,0.0,0.0,1.0,1.0
-0.8665364292170712,-0.34709904365501554,0.13434290863060627,2,0,1,1.635194396901627,3,0.0,1.0,0.0,0.0
0.012115659823000443,0.6881109025892154,-1.2251371051984103,2,1,0,-0.9049400239407377,2,1.0,0.0,0.0,1.0
-0.476024389643706,-0.6921690257364259,0.7586148649282638,2,1,0,0.8251324878955075,3,1.0,0.0,0.0,0.0
1.3789077983297786,-1.0372390078178362,0.7173028572433116,1,1,1,-0.9080160570712655,1,1.0,0.0,0.0,0.0
-1.452304488577119,1.378250866752036,0.4880873255173493,1,1,1,-0.8426150263488901,2,1.0,0.0,0.0,1.0
0.3049996895030243,1.378250866752036,0.6091547280666996,1,0,1,-0.15574706086301665,0,1.0,0.0,0.0,1.0
0.4026276993963656,-1.0372390078178362,1.229410903686821,2,1,1,1.626224373835715,3,0.0,1.0,0.0,0.0
0.5002557092897069,-1.0372390078178362,-1.2251371051984103,1,1,0,1.0230154254919723,0,1.0,0.0,0.0,1.0
-0.5736523995370473,-0.6921690257364259,-1.2251371051984103,2,0,1,-0.5623505755258419,2,0.0,0.0,1.0,1.0
-0.2807683698570234,-0.002029061573605259,-1.2251371051984103,2,0,0,0.9894698537333049,2,0.0,0.0,1.0,0.0
-0.6712804094303886,1.378250866752036,0.5467027458403866,1,1,1,-1.4934650732394024,0,1.0,0.0,0.0,0.0
-0.9641644391104125,1.378250866752036,-1.2251371051984103,2,1,1,-1.0182663330074693,4,1.0,0.0,0.0,0.0
0.5002557092897069,0.34304092050780505,1.1508092296817247,1,1,0,0.5246728249902788,2,1.0,0.0,0.0,0.0
0.003935819113316791,1.378250866752036,1.4856481461019044,4,1,1,0.8167243855683642,2,1.0,0.0,0.0,0.0
0.8907677488630721,-0.002029061573605259,0.3058919194365351,1,0,0,-0.09399738379218768,0,0.0,0.0,1.0,0.0
0.012115659823000443,0.6881109025892154,-1.2251371051984103,1,0,0,-0.3327371275845713,0,0.0,0.0,1.0,0.0
-0.5736523995370473,-0.002029061573605259,-1.2251371051984103,2,1,0,0.6885685200832655,2,1.0,0.0,0.0,1.0
-1.0617924490037538,1.7233208488334462,0.9019999653926867,2,1,1,-0.9353580517176301,4,0.0,1.0,0.0,0.0
-0.8665364292170712,0.34304092050780505,0.5730186225890948,1,1,1,0.30714319626815206,2,0.0,1.0,0.0,1.0
-0.9641644391104125,-1.0372390078178362,-1.2251371051984103,2,1,1,1.2188859594268944,4,1.0,0.0,0.0,1.0
0.003935819113316791,-1.0372390078178362,-1.2251371051984103,2,1,0,-1.6782733038228086,2,1.0,0.0,0.0,0.0
-0.5736523995370473,1.7233208488334462,0.4249770343291546,2,1,1,-0.8824282157376255,3,0.0,0.0,1.0,0.0
-0.3783963797503647,0.34304092050780505,-1.2251371051984103,2,1,1,-0.550759241810171,4,1.0,0.0,0.0,1.0
0.7931397389697308,0.34304092050780505,1.291862885913134,2,0,0,0.8161494130936378,0,0.0,0.0,1.0,0.0
0.20737167960968303,0.34304092050780505,-1.2251371051984103,2,1,1,1.1976965531110237,4,1.0,0.0,0.0,0.0
-1.452304488577119,-1.3823089898992464,0.4265474388386119,1,1,0,-0.6953870941665634,1,1.0,0.0,0.0,0.0
-1.2570484687904364,1.0331808846706256,-1.2251371051984103,2,1,0,1.3572743859028866,3,1.0,0.0,0.0,1.0
0.5002557092897069,1.7233208488334462,0.5923649692369861,1,1,0,-1.7122854316361793,1,0.0,1.0,0.0,0.0
-0.5736523995370473,-0.6921690257364259,1.4721128081926458,2,0,0,-0.17592643683890186,2,0.0,1.0,0.0,0.0
0.5002557092897069,-0.002029061573605259,0.7934397930520383,1,0,1,0.5576599564730991,1,0.0,1.0,0.0,0.0
-0.476024389643706,-0.6921690257364259,0.1041861495260286,1,1,0,0.5619849537232127,0,1.0,0.0,0.0,1.0
0.012115659823000443,1.378250866752036,-1.2251371051984103,2,1,0,0.27780289383507945,0,1.0,0.0,0.0,0.0
-0.3783963797503647,1.378250866752036,-0.24628192414376546,1,0,0,-0.3032946735647359,3,0.0,0.0,1.0,1.0
0.5978837191830482,0.6881109025892154,0.4182929741330529,1,0,1,0.8252771011299196,4,0.0,1.0,0.0,1.0
0.5978837191830482,1.0331808846706256,0.14022080437606105,1,0,0,-1.3542618703933522,2,1.0,0.0,0.0,0.0
0.7931397389697308,1.7233208488334462,1.0805511497190297,1,1,0,0.7058277876675317,3,0.0,1.0,0.0,0.0
-0.6712804094303886,1.0331808846706256,0.6367859426050693,1,1,0,0.14650712872483268,4,1.0,0.0,0.0,1.0
1.6717918280098025,0.34304092050780505,1.2039539969204616,1,1,0,-0.9325628919449136,4,0.0,1.0,0.0,1.0
-0.9641644391104125,1.378250866752036,0.42972009119331034,1,1,1,-1.4799473032963641,2,1.0,0.0,0.0,0.0
0.3049996895030243,0.34304092050780505,-0.1930619490265445,3,0,1,1.427986603044345,4,0.0,1.0,0.0,0.0
0.012115659823000443,-0.6921690257364259,0.9400394702629951,1,1,0,-1.194680557138567,0,0.0,1.0,0.0,1.0
0.9883957587564134,-0.34709904365501554,0.9743891486014539,1,1,0,1.458292385892001,4,0.0,1.0,0.0,0.0
-1.0617924490037538,1.7233208488334462,-1.2251371051984103,2,0,1,0.4556914420599672,2,1.0,0.0,0.0,1.0
-0.3783963797503647,1.378250866752036,-1.2251371051984103,2,0,1,0.0030880411412761385,3,0.0,0.0,1.0,0.0
-0.18314035996368214,-1.3823089898992464,0.6172520563112551,1,1,0,-0.8334929070532837,2,0.0,0.0,1.0,1.0
-0.3783963797503647,1.0331808846706256,-1.2251371051984103,2,1,0,-0.09673389776466733,3,1.0,0.0,0.0,1.0
0.9883957587564134,1.378250866752036,0.23906411881653775,1,1,0,0.2932876473985268,4,0.0,1.0,0.0,0.0
1.9646758576898262,1.0331808846706256,0.721785726851264,2,0,0,-1.74523949872124,2,0.0,1.0,0.0,0.0
1.47653580822312,-0.002029061573605259,-1.2251371051984103,2,1,1,-1.6686454732646252,3,1.0,0.0,0.0,1.0
-0.8665364292170712,-0.6921690257364259,0.3932845943526326,1,1,1,-0.8609426220270865,0,1.0,0.0,0.0,1.0
-0.7689084193237299,-0.002029061573605259,0.4724679292902617,1,0,0,-0.014650138141067295,3,1.0,0.0,0.0,0.0
-0.5736523995370473,0.6881109025892154,-1.2251371051984103,2,1,1,-0.2604868938778492,0,1.0,0.0,0.0,1.0
-0.5736523995370473,-1.7273789719806567,-0.06048038029801044,1,0,0,1.4038875297256215,2,1.0,0.0,0.0,1.0
-0.5736523995370473,-1.0372390078178362,1.7013787451988687,1,1,0,-1.6935676760644187,3,1.0,0.0,0.0,1.0
-1.6475605083638016,0.6881109025892154,0.7793226341934839,1,1,1,1.059340668963352,1,0.0,0.0,1.0,1.0
-0.18314035996368214,1.0331808846706256,1.0397601566135344,1,0,0,-0.5980524680878789,4,0.0,0.0,1.0,1.0
-0.2807683698570234,-0.34709904365501554,-1.2251371051984103,1,1,0,0.28991264250299315,3,0.0,0.0,1.0,0.0
0.003935819113316791,-0.34709904365501554,-1.2251371051984103,1,0,0,-0.27837281881123443,2,1.0,0.0,0.0,0.0
-0.18314035996368214,-0.34709904365501554,-1.2251371051984103,3,1,0,-1.6195860860771114,1,1.0,0.0,0.0,0.0
-1.2570484687904364,-1.0372390078178362,-1.2251371051984103,2,1,1,-0.7919791634808236,0,0.0,0.0,1.0,0.0
0.10974366971634174,0.6881109025892154,1.103697254414768,1,0,1,0.6082928609476816,3,1.0,0.0,0.0,1.0
-1.9404445380438253,1.0331808846706256,0.5144302450989593,2,1,0,-1.314262476238286,4,0.0,1.0,0.0,0.0
0.4026276993963656,1.0331808846706256,0.725652691939459,1,1,0,1.617245823635644,4,1.0,0.0,0.0,1.0
1.183651778543096,-1.3823089898992464,0.6909319347282236,2,0,0,-0.790500488808381,2,0.0,1.0,0.0,0.0
-0.5736523995370473,0.6881109025892154,0.3316045329897415,2,1,0,0.7492357731853294,2,0.0,1.0,0.0,1.0
-0.18314035996368214,-0.002029061573605259,0.34943760111247124,2,0,0,-1.3114775838311896,3,1.0,0.0,0.0,1.0
-1.159420458897095,-0.002029061573605259,1.1271787542451945,1,1,0,-0.6264520013931154,3,0.0,1.0,0.0,1.0
0.012115659823000443,-1.3823089898992464,0.2859883944208088,2,0,1,1.5496992615449567,4,1.0,0.0,0.0,0.0
4.014864065449993,-0.34709904365501554,-1.2251371051984103,2,1,1,1.5352937995336444,2,1.0,0.0,0.0,0.0
-0.9641644391104125,-1.3823089898992464,1.2493686743851138,1,1,1,1.1078310004631073,4,0.0,1.0,0.0,1.0
0.10974366971634174,-0.6921690257364259,0.6967511043217556,1,1,0,-0.14451786931438768,0,0.0,1.0,0.0,1.0
0.4026276993963656,-0.34709904365501554,1.4979145510826941,1,0,1,-0.0024974057560659467,1,0.0,0.0,1.0,0.0
1.3789077983297786,1.0331808846706256,0.7565962534663926,2,0,1,1.2194741576607244,4,1.0,0.0,0.0,0.0
1.0860237686497547,-0.6921690257364259,0.6503601645876721,1,1,0,-1.0013178707621444,0,0.0,1.0,0.0,1.0
-0.8665364292170712,1.0331808846706256,-1.2251371051984103,2,0,0,-1.691441983334763,1,1.0,0.0,0.0,1.0
-0.7689084193237299,1.378250866752036,0.9968170980660491,1,1,0,-0.9003741786564167,2,1.0,0.0,0.0,0.0
0.5978837191830482,0.34304092050780505,-1.2251371051984103,1,1,0,0.5156361510594093,0,1.0,0.0,0.0,1.0
0.9883957587564134,0.6881109025892154,1.2614270575743511,2,1,0,-1.5152426777891033,1,0.0,1.0,0.0,0.0
0.10974366971634174,-1.3823089898992464,0.5299525111510681,1,1,1,1.617401922397699,4,0.0,0.0,1.0,1.0
-0.5736523995370473,-1.3823089898992464,1.4519180526687465,1,0,1,0.7831410507869927,2,1.0,0.0,0.0,0.0
-1.0617924490037538,-0.34709904365501554,1.451446963319262,1,1,1,1.2023219143113117,2,1.0,0.0,0.0,1.0
-0.9641644391104125,0.34304092050780505,-1.2251371051984103,2,1,0,0.2839577444664729,1,0.0,0.0,1.0,0.0
-1.0617924490037538,0.6881109025892154,0.00149379187478312,2,1,1,1.4810015363427942,1,0.0,1.0,0.0,1.0
0.003935819113316791,1.7233208488334462,0.2222145137175622,2,0,0,0.05220311573554302,3,0.0,1.0,0.0,0.0
0.10974366971634174,-0.6921690257364259,1.4199098996193529,1,0,1,1.7312382933056607,0,1.0,0.0,0.0,0.0
-0.2807683698570234,1.0331808846706256,0.2584896737619819,1,1,1,-1.1604864011143718,4,0.0,0.0,1.0,0.0
0.012115659823000443,-1.0372390078178362,1.0061966406303806,2,1,0,-1.586142143835769,1,0.0,0.0,1.0,1.0
0.5002557092897069,-0.002029061573605259,-1.2251371051984103,3,1,1,1.2847378841208241,2,0.0,0.0,1.0,0.0
-0.5736523995370473,0.6881109025892154,-1.2251371051984103,2,1,0,-1.3985011644800878,3,0.0,0.0,1.0,0.0
-0.2807683698570234,-0.6921690257364259,1.2618941465047675,1,1,1,1.7308653617035605,3,1.0,0.0,0.0,1.0
-0.476024389643706,-0.34709904365501554,-1.2251371051984103,2,1,1,-0.6907178791334568,0,0.0,0.0,1.0,0.0
1.7694198379031438,1.378250866752036,0.9903914649417606,2,1,1,0.055143062765817846,1,0.0,1.0,0.0,1.0
-0.7689084193237299,-1.0372390078178362,-1.2251371051984103,2,0,1,-0.40117120772038695,3,1.0,0.0,0.0,1.0
-1.0617924490037538,0.34304092050780505,-1.2251371051984103,2,1,0,0.8091437633009436,3,0.0,0.0,1.0,1.0
0.20737167960968303,1.0331808846706256,0.6173707887492026,1,1,0,1.5405555633792336,2,0.0,0.0,1.0,1.0
-0.3783963797503647,0.34304092050780505,0.8246821058749935,1,0,0,-0.5381716255830569,1,0.0,1.0,0.0,0.0
0.20737167960968303,-1.7273789719806567,0.7038536083524028,2,1,0,1.3111387615930603,3,1.0,0.0,0.0,0.0
1.183651778543096,1.0331808846706256,0.3390278706296676,3,1,1,1.6120587157197332,1,0.0,1.0,0.0,1.0
3.6243520258766284,1.378250866752036,0.9909296013148302,1,1,1,-0.556515405413841,3,1.0,0.0,0.0,0.0
-0.6712804094303886,1.0331808846706256,0.7662772676117123,2,1,1,1.1382257091384218,0,0.0,1.0,0.0,1.0
-0.5736523995370473,1.378250866752036,-0.1339232738893718,1,1,0,-1.398819278791165,1,1.0,0.0,0.0,1.0
0.012115659823000443,-1.3823089898992464,-1.2251371051984103,1,0,1,0.13991252160323553,0,0.0,0.0,1.0,1.0
0.4026276993963656,-1.3823089898992464,1.1297855873268705,1,0,0,0.7187190742845967,2,0.0,0.0,1.0,1.0
-1.0617924490037538,0.6881109025892154,-1.2251371051984103,2,1,0,-1.7324973499403857,2,1.0,0.0,0.0,1.0
0.20737167960968303,-0.002029061573605259,1.4222608658974198,2,1,0,-0.2539384028899694,0,0.0,0.0,1.0,1.0
0.9883957587564134,-1.0372390078178362,0.0334561801300349,1,1,0,-1.6128627018273973,4,1.0,0.0,0.0,1.0
0.012115659823000443,1.378250866752036,-1.2251371051984103,2,1,0,-1.2531608613635472,0,0.0,0.0,1.0,0.0
1.8670478477964851,1.0331808846706256,0.674631667175709,1,0,0,-1.6387763144905436,1,0.0,1.0,0.0,0.0
-0.08551235007034085,1.378250866752036,-1.2251371051984103,2,1,1,-1.1255550830432817,2,0.0,0.0,1.0,0.0
1.2812797884364373,0.6881109025892154,0.25519236834911463,2,0,1,-0.594914134671046,4,1.0,0.0,0.0,0.0
2.745699936836557,-1.3823089898992464,0.8655222241266476,1,0,1,-1.3507206733932895,4,1.0,0.0,0.0,0.0
-0.08551235007034085,-0.34709904365501554,0.9775584406041349,2,1,1,1.2573196673364664,0,1.0,0.0,0.0,0.0
0.20737167960968303,0.6881109025892154,-1.2251371051984103,2,1,0,1.2355511119903624,4,1.0,0.0,0.0,0.0
2.25755988736985,-0.6921690257364259,1.0699247565394858,2,1,1,0.7435098896090816,2,0.0,1.0,0.0,1.0
-0.8665364292170712,-0.002029061573605259,0.7464383893681299,2,1,1,0.031337044425133034,4,0.0,1.0,0.0,1.0
-0.08551235007034085,-1.3823089898992464,-1.2251371051984103,2,1,1,-1.5865745913538367,1,1.0,0.0,0.0,0.0
-0.3783963797503647,-0.34709904365501554,1.0368497717329546,2,1,0,-1.0591048667730474,0,1.0,0.0,0.0,1.0
-0.3783963797503647,-1.3823089898992464,-1.2251371051984103,2,1,0,-1.1106501746026516,4,1.0,0.0,0.0,0.0
0.3049996895030243,1.0331808846706256,0.3012119091768962,1,1,1,-0.42891972043604965,3,0.0,0.0,1.0,0.0
-1.0617924490037538,-0.002029061573605259,1.5122598938449054,2,1,1,-0.20343531968238002,3,1.0,0.0,0.0,1.0
0.5978837191830482,1.0331808846706256,-1.2251371051984103,1,1,0,0.5220198421279286,4,1.0,0.0,0.0,1.0
-0.9641644391104125,1.378250866752036,0.6476333189339466,1,1,1,-1.366383452635201,4,1.0,0.0,0.0,1.0
-0.3783963797503647,-0.6921690257364259,0.4304766504475099,2,1,1,1.2920788765160598,2,1.0,0.0,0.0,0.0
-0.18314035996368214,0.34304092050780505,0.30942428947385625,1,1,1,-1.0821331756737953,3,0.0,1.0,0.0,0.0
-1.0617924490037538,1.0331808846706256,1.4671962931576878,1,1,1,0.04210681486804853,4,0.0,0.0,1.0,0.0
0.003935819113316791,1.7233208488334462,0.9555938996844134,2,1,1,-1.3152679819764728,1,0.0,1.0,0.0,1.0
0.003935819113316791,-1.3823089898992464,-1.2251371051984103,3,0,0,1.2945687996905109,3,0.0,0.0,1.0,1.0
-0.7689084193237299,-1.0372390078178362,0.22823546444890017,2,1,0,-0.6979835195064296,2,0.0,0.0,1.0,1.0
-1.2570484687904364,1.0331808846706256,0.15534238845428763,2,1,1,-0.1775424157736202,1,1.0,0.0,0.0,1.0
-0.6712804094303886,1.0331808846706256,1.100393388314629,1,1,1,0.5509419669409142,1,0.0,1.0,0.0,0.0
0.7931397389697308,0.34304092050780505,-1.2251371051984103,1,1,0,-0.44452263571570155,1,1.0,0.0,0.0,1.0
1.2812797884364373,1.7233208488334462,0.00563822602955633,1,0,0,0.8001632988462658,4,0.0,1.0,0.0,1.0
-0.9641644391104125,-1.3823089898992464,0.9436740910117025,1,1,0,-0.5839207444853873,4,1.0,0.0,0.0,1.0
-0.6712804094303886,-0.34709904365501554,-1.2251371051984103,2,1,1,-1.6384957891790244,1,1.0,0.0,0.0,1.0
-2.038072547937167,-1.0372390078178362,0.2760873572267319,2,1,0,0.44885059218663326,3,0.0,1.0,0.0,0.0
-0.5736523995370473,-0.002029061573605259,-1.2251371051984103,2,1,0,1.4194370198994195,0,1.0,0.0,0.0,1.0
1.0860237686497547,-0.002029061573605259,0.3949202857012848,2,1,0,-1.529418429247559,1,0.0,1.0,0.0,0.0
0.012115659823000443,0.34304092050780505,1.1999679793607934,1,1,1,-0.9646666819381119,3,1.0,0.0,0.0,0.0
-0.08551235007034085,-0.6921690257364259,-1.2251371051984103,2,0,0,-0.38713276052420686,3,1.0,0.0,0.0,0.0
2.0623038675831675,-0.34709904365501554,-1.2251371051984103,1,1,1,-0.8482211820006187,4,0.0,0.0,1.0,1.0
0.3049996895030243,-1.0372390078178362,-1.2251371051984103,2,1,1,-0.7815161958444887,2,1.0,0.0,0.0,1.0
-0.3783963797503647,1.0331808846706256,-1.2251371051984103,1,0,0,1.1150437377996647,2,1.0,0.0,0.0,0.0
0.3049996895030243,-1.0372390078178362,-1.2251371051984103,1,1,1,1.1818736725746966,3,0.0,0.0,1.0,1.0
-1.0617924490037538,-0.6921690257364259,0.777565970172206,2,1,1,0.09822719120871723,4,0.0,1.0,0.0,1.0
0.012115659823000443,-1.0372390078178362,-1.2251371051984103,2,1,0,-0.22635260181591343,2,1.0,0.0,0.0,1.0
0.012115659823000443,-0.6921690257364259,1.3473149348537115,1,1,1,-1.3264653272893652,4,0.0,1.0,0.0,0.0
-0.08551235007034085,0.34304092050780505,-1.2251371051984103,2,1,1,0.299959520796994,1,0.0,0.0,1.0,0.0
-0.6712804094303886,1.0331808846706256,-0.5823032044237761,1,1,1,0.6449264734339577,1,0.0,1.0,0.0,1.0
0.20737167960968303,0.34304092050780505,-1.2251371051984103,1,1,1,0.002232369331884602,0,1.0,0.0,0.0,0.0
-0.476024389643706,-0.002029061573605259,-1.2251371051984103,2,0,1,0.19659568879840333,4,0.0,0.0,1.0,0.0
-0.8665364292170712,-0.6921690257364259,0.9165947742879975,1,1,1,-1.2002828842810813,1,1.0,0.0,0.0,1.0
-0.8665364292170712,0.6881109025892154,0.22665961936950976,1,1,0,0.3809230934291253,0,1.0,0.0,0.0,1.0
-1.452304488577119,-0.002029061573605259,1.6199582159014756,2,0,0,-0.3566338119843762,3,0.0,0.0,1.0,0.0
0.20737167960968303,1.378250866752036,-1.2251371051984103,1,1,0,0.36404963515977085,0,1.0,0.0,0.0,0.0
0.5002557092897069,1.378250866752036,-1.2251371051984103,2,1,0,0.7292982893825285,3,0.0,0.0,1.0,1.0
-1.159420458897095,0.6881109025892154,-1.2251371051984103,2,1,1,0.9935776700970814,1,1.0,0.0,0.0,1.0
0.10974366971634174,1.7233208488334462,0.7836254849433623,1,1,0,0.36761780574747965,1,0.0,1.0,0.0,0.0
-0.9641644391104125,-1.3823089898992464,0.49078424803644394,2,1,0,-1.3130848616086028,3,0.0,1.0,0.0,1.0
-1.6475605083638016,-0.6921690257364259,0.6739509558670448,1,1,1,-0.8796823045152562,1,0.0,0.0,1.0,1.0
2.843327946729898,1.378250866752036,0.8577894140675968,2,0,1,-0.12646836262366484,4,0.0,1.0,0.0,0.0
-0.7689084193237299,-1.3823089898992464,0.8565139204518555,2,1,1,-1.6691137695507898,4,0.0,1.0,0.0,0.0
-0.7689084193237299,-0.34709904365501554,-1.2251371051984103,2,0,1,-0.36735433387694433,2,0.0,0.0,1.0,0.0
-0.8665364292170712,1.378250866752036,-1.2251371051984103,2,1,0,-1.1520193049406995,4,1.0,0.0,0.0,0.0
-0.476024389643706,0.34304092050780505,0.5027298194079546,1,1,1,0.3305606209235877,3,0.0,0.0,1.0,0.0
-0.8665364292170712,1.0331808846706256,-1.2251371051984103,2,1,0,0.6627875130574504,2,0.0,0.0,1.0,0.0
0.5002557092897069,-0.6921690257364259,0.19744727919857996,1,1,0,-0.4637405338093639,2,0.0,1.0,0.0,1.0
0.20737167960968303,1.378250866752036,0.9813556383837787,1,1,0,0.7244571394810714,1,1.0,0.0,0.0,0.0
-0.8665364292170712,-0.34709904365501554,0.6370976552588723,1,1,1,0.5923361566120012,3,0.0,1.0,0.0,0.0
0.9883957587564134,-1.0372390078178362,0.06806156525534028,1,1,1,-1.3984628793879446,1,0.0,0.0,1.0,0.0
0.8907677488630721,-1.3823089898992464,0.881637032251155,2,0,1,-1.500555994373687,2,0.0,0.0,1.0,1.0
-0.7689084193237299,-0.002029061573605259,-1.2251371051984103,2,1,0,-1.280154287648266,0,1.0,0.0,0.0,0.0
-1.5499324984704603,-1.7273789719806567,1.7809566814733964,2,1,1,0.06509579453777684,3,0.0,1.0,0.0,1.0
-0.476024389643706,-1.3823089898992464,1.1638681976883287,2,1,1,1.4959066188065704,4,0.0,1.0,0.0,0.0
-1.159420458897095,-0.6921690257364259,0.47290477505252165,2,1,0,-1.6828877015648924,2,0.0,1.0,0.0,0.0
-0.2807683698570234,-0.6921690257364259,-1.2251371051984103,3,1,0,-0.6149913590601684,3,0.0,0.0,1.0,0.0
-0.18314035996368214,0.34304092050780505,0.5205403251671392,2,1,0,-1.7159380034497485,2,1.0,0.0,0.0,1.0
0.012115659823000443,-0.002029061573605259,-1.2251371051984103,2,0,0,1.411013255489127,2,1.0,0.0,0.0,1.0
0.003935819113316791,0.34304092050780505,1.117863858453007,1,1,0,-0.5783930732725515,3,0.0,1.0,0.0,1.0
-0.2807683698570234,-1.0372390078178362,0.38702377849395864,3,0,0,-0.5154767450302439,3,1.0,0.0,0.0,1.0
-0.476024389643706,1.0331808846706256,-1.2251371051984103,2,1,1,1.469846130608113,2,1.0,0.0,0.0,1.0
0.012115659823000443,0.34304092050780505,-1.2251371051984103,1,0,0,-1.5612825893685727,4,1.0,0.0,0.0,0.0
0.012115659823000443,-0.002029061573605259,-1.2251371051984103,1,1,0,-1.635166900417208,3,1.0,0.0,0.0,1.0
2.159931877476509,-1.7273789719806567,0.8265011764337373,2,1,1,1.537486665197696,3,1.0,0.0,0.0,1.0
0.4026276993963656,-0.6921690257364259,0.708940381222908,1,1,0,-1.4203353265522722,1,0.0,0.0,1.0,0.0
0.8907677488630721,-1.7273789719806567,-0.31145803173883757,1,1,0,-0.2564312844579039,4,1.0,0.0,0.0,0.0
-0.6712804094303886,0.6881109025892154,-1.2251371051984103,2,1,0,-0.564763406446569,0,0.0,0.0,1.0,1.0
-0.6712804094303886,-1.0372390078178362,0.7023032059382871,2,0,0,-0.3615621474820311,4,1.0,0.0,0.0,1.0
-0.9641644391104125,-0.34709904365501554,0.1453554222586234,1,0,0,-0.6464352532833418,0,1.0,0.0,0.0,0.0
0.003935819113316791,0.6881109025892154,1.0030358295161246,2,1,0,0.11172216411961573,0,0.0,1.0,0.0,0.0
0.10974366971634174,-0.6921690257364259,1.3713110485930857,2,1,0,0.6377770805225823,1,0.0,1.0,0.0,0.0
-0.7689084193237299,0.34304092050780505,0.6606966073931442,2,1,0,0.822939970277748,4,1.0,0.0,0.0,0.0
-0.9641644391104125,1.0331808846706256,0.31018788946561604,1,1,0,-1.665107234658046,0,1.0,0.0,0.0,0.0
0.8907677488630721,0.6881109025892154,-0.012182200768917368,1,1,0,0.44173026114065694,1,0.0,0.0,1.0,1.0
0.6955117290763895,0.6881109025892154,0.23811617951411,1,1,0,-1.5561384651697494,0,1.0,0.0,0.0,1.0
-0.08551235007034085,-1.3823089898992464,0.652098266664473,1,1,0,0.37661741274822924,4,0.0,1.0,0.0,0.0
0.5002557092897069,-0.002029061573605259,-1.2251371051984103,2,1,0,-0.5902297796242286,1,0.0,0.0,1.0,1.0
-0.476024389643706,-1.0372390078178362,1.2198854258348772,1,1,0,1.3109140977114404,2,0.0,1.0,0.0,1.0
-0.7689084193237299,-0.6921690257364259,0.7777450289297038,1,0,0,-0.027132644387934723,2,0.0,0.0,1.0,1.0
3.1362119764099217,1.0331808846706256,-1.2251371051984103,1,1,1,1.7065994001877238,3,0.0,0.0,1.0,1.0
-0.8665364292170712,-1.0372390078178362,-1.2251371051984103,3,1,1,1.2563931681066103,3,0.0,0.0,1.0,0.0
-0.7689084193237299,-1.3823089898992464,0.5090885655254209,2,1,1,-1.5744726737274974,0,0.0,1.0,0.0,0.0
0.5002557092897069,1.0331808846706256,0.3177139578672164,1,0,0,0.543473415579585,2,1.0,0.0,0.0,0.0
-0.3783963797503647,-1.0372390078178362,-1.2251371051984103,2,1,0,-0.030601795805510763,1,1.0,0.0,0.0,0.0
-0.476024389643706,-0.6921690257364259,-1.2251371051984103,2,1,0,-1.0753208655964224,1,0.0,0.0,1.0,0.0
-0.6712804094303886,0.6881109025892154,-1.2251371051984103,2,1,1,-1.1435711772899524,1,1.0,0.0,0.0,1.0
-0.3783963797503647,1.0331808846706256,-0.08015588142684278,1,1,0,1.34006384479953,1,0.0,1.0,0.0,1.0
0.10974366971634174,0.34304092050780505,0.6871845021617898,2,1,0,-0.15346927190366622,0,0.0,1.0,0.0,0.0
-0.2807683698570234,-0.6921690257364259,-0.3594755418660976,2,0,1,-0.7987838165397679,2,0.0,0.0,1.0,1.0
1.0860237686497547,-1.0372390078178362,-1.2251371051984103,1,0,1,-0.12263219639095631,0,1.0,0.0,0.0,0.0
0.20737167960968303,-0.6921690257364259,1.1426974999285233,2,1,0,1.2205861655643264,1,0.0,1.0,0.0,1.0
-1.0617924490037538,-1.0372390078178362,0.7136917589587259,1,1,1,-0.703762132095947,0,1.0,0.0,0.0,0.0
-0.6712804094303886,1.0331808846706256,-1.2251371051984103,2,1,0,0.7521135939524457,4,1.0,0.0,0.0,1.0
-0.08551235007034085,0.6881109025892154,-1.2251371051984103,2,0,0,-0.32650448860686976,3,1.0,0.0,0.0,1.0
-0.6712804094303886,-0.34709904365501554,-1.2251371051984103,2,1,1,0.9163613378699997,0,1.0,0.0,0.0,1.0
-0.9641644391104125,-1.3823089898992464,0.8893940048413785,1,1,0,1.0042318891709838,1,1.0,0.0,0.0,0.0
-0.2807683698570234,0.6881109025892154,-1.2251371051984103,2,0,1,0.6676281408894688,0,1.0,0.0,0.0,1.0
-1.159420458897095,-1.0372390078178362,-1.2251371051984103,2,1,0,-1.4936888670052915,1,1.0,0.0,0.0,0.0
0.20737167960968303,0.34304092050780505,-1.2251371051984103,3,1,1,0.6668779271066162,2,1.0,0.0,0.0,0.0
-1.159420458897095,0.6881109025892154,-1.2251371051984103,2,1,0,0.7608283250630234,3,1.0,0.0,0.0,0.0
0.10974366971634174,-0.34709904365501554,-1.2251371051984103,3,1,0,-1.1957191272745136,1,0.0,0.0,1.0,0.0
0.10974366971634174,-0.34709904365501554,0.37182634647019674,2,1,0,1.6878957404907975,1,1.0,0.0,0.0,1.0
-0.3783963797503647,1.0331808846706256,1.0417504451084019,1,0,1,1.6079235777220189,0,0.0,1.0,0.0,0.0
0.003935819113316791,1.0331808846706256,-1.2251371051984103,2,0,0,-1.2547538692429796,3,1.0,0.0,0.0,0.0
-1.6475605083638016,-0.34709904365501554,-1.2251371051984103,3,1,1,1.4940536203468593,0,1.0,0.0,0.0,1.0
0.4026276993963656,-1.7273789719806567,-1.2251371051984103,1,0,1,-1.4735281115060392,4,1.0,0.0,0.0,0.0
-0.476024389643706,-0.6921690257364259,1.3602895740263552,1,0,1,1.5783323339122646,1,0.0,0.0,1.0,1.0
0.5978837191830482,0.34304092050780505,0.35570689785956994,1,1,0,-0.32869195955339237,3,0.0,1.0,0.0,0.0
0.4026276993963656,-0.002029061573605259,0.7887047370260191,1,1,1,1.6173502375233062,3,1.0,0.0,0.0,0.0
-0.476024389643706,1.7233208488334462,-1.2251371051984103,1,1,1,0.23848480029700886,2,1.0,0.0,0.0,1.0
0.012115659823000443,0.34304092050780505,-1.2251371051984103,2,0,0,0.5927588588338871,2,1.0,0.0,0.0,1.0
2.745699936836557,1.7233208488334462,0.8459816171287986,1,0,1,-1.3754056826449437,0,1.0,0.0,0.0,1.0
0.003935819113316791,-1.3823089898992464,0.9989755641785487,2,0,0,0.382744593699392,0,0.0,1.0,0.0,1.0
0.7931397389697308,-1.3823089898992464,0.621683400521608,3,0,0,1.5897908879674585,3,1.0,0.0,0.0,0.0
-0.18314035996368214,-1.0372390078178362,1.4659961674371937,2,0,1,0.015552448980948902,1,1.0,0.0,0.0,1.0
0.10974366971634174,-0.002029061573605259,0.06482090577648049,1,1,1,0.7388867907096929,4,1.0,0.0,0.0,1.0
-0.5736523995370473,1.0331808846706256,-1.2251371051984103,2,1,0,1.3450078423803338,0,1.0,0.0,0.0,1.0
0.10974366971634174,1.0331808846706256,-1.2251371051984103,1,1,1,-1.2649700720581396,0,1.0,0.0,0.0,0.0
-0.5736523995370473,-0.002029061573605259,0.6433098260216755,1,0,0,1.5710746986040127,3,0.0,1.0,0.0,0.0
-0.6712804094303886,-0.34709904365501554,-1.2251371051984103,1,1,0,-0.09815479675260365,0,0.0,0.0,1.0,0.0
0.3049996895030243,0.34304092050780505,0.8492281972278795,2,1,1,1.3452596538727457,0,0.0,0.0,1.0,0.0
1.183651778543096,-0.002029061573605259,-1.2251371051984103,1,1,0,-0.1523645729722004,3,1.0,0.0,0.0,0.0
-1.3546764786837777,-0.002029061573605259,0.5848624232995074,1,1,0,0.5012169412195544,4,0.0,1.0,0.0,0.0
-0.08551235007034085,-1.7273789719806567,0.8289411120318833,1,1,0,-1.524148660337249,4,0.0,0.0,1.0,1.0
0.10974366971634174,1.0331808846706256,0.10325341181606064,1,1,0,0.012359646319385515,3,0.0,0.0,1.0,1.0
0.6955117290763895,1.7233208488334462,-1.2251371051984103,1,1,0,-0.4679548523385558,1,1.0,0.0,0.0,1.0
-0.5736523995370473,1.378250866752036,0.8255228339463905,1,0,0,0.8256228851212274,1,1.0,0.0,0.0,1.0
1.2812797884364373,-0.002029061573605259,0.8822031715577029,1,0,1,-0.13062229512115853,3,0.0,1.0,0.0,1.0
0.003935819113316791,1.7233208488334462,-0.1945609860598231,2,0,0,-1.2939866914394595,2,0.0,1.0,0.0,0.0
-0.2807683698570234,1.0331808846706256,-1.2251371051984103,2,1,1,0.7928226544973223,1,1.0,0.0,0.0,1.0
0.20737167960968303,1.378250866752036,-1.2251371051984103,1,1,0,-1.182462740096923,4,0.0,0.0,1.0,1.0
-0.18314035996368214,1.0331808846706256,0.012974514550555863,2,0,1,1.2963603679796474,3,0.0,1.0,0.0,0.0
-0.2807683698570234,-1.0372390078178362,1.2359917530709603,1,1,1,-0.22912235420929894,4,0.0,0.0,1.0,1.0
0.012115659823000443,1.7233208488334462,-1.2251371051984103,2,1,1,0.7422184638418466,4,0.0,0.0,1.0,0.0
0.6955117290763895,1.378250866752036,0.30208320044997494,1,1,0,0.14585784836672006,2,1.0,0.0,0.0,0.0
-0.6712804094303886,-1.0372390078178362,-1.2251371051984103,2,1,0,0.550318616031571,0,1.0,0.0,0.0,0.0
-0.08551235007034085,-0.002029061573605259,0.8013972666459657,1,1,1,1.1820351660542807,0,1.0,0.0,0.0,0.0
0.003935819113316791,1.378250866752036,0.8793951974052718,2,1,1,-0.846228442954586,2,0.0,1.0,0.0,1.0
0.10974366971634174,-1.3823089898992464,-1.2251371051984103,1,1,1,-0.883782463860604,0,1.0,0.0,0.0,0.0
0.012115659823000443,-0.34709904365501554,-1.2251371051984103,2,0,0,1.4947921745789232,2,1.0,0.0,0.0,0.0
-1.159420458897095,-1.0372390078178362,0.5970252974348091,1,1,1,-0.2653811208388676,0,0.0,0.0,1.0,1.0
0.20737167960968303,1.7233208488334462,-1.2251371051984103,2,1,1,0.7983875666634243,3,1.0,0.0,0.0,1.0
0.8907677488630721,-1.0372390078178362,0.8218653308006123,2,1,0,-1.1864362105919073,1,0.0,1.0,0.0,0.0
0.20737167960968303,-0.34709904365501554,-1.2251371051984103,2,0,0,0.9745633790843601,3,1.0,0.0,0.0,1.0
-0.6712804094303886,-0.6921690257364259,1.1898957242305925,2,0,1,1.2925217654228938,2,0.0,1.0,0.0,0.0
0.003935819113316791,0.6881109025892154,-1.2251371051984103,2,0,1,0.804091349300117,2,1.0,0.0,0.0,1.0
-0.5736523995370473,0.34304092050780505,-1.2251371051984103,2,0,1,-0.47697307981593834,1,0.0,0.0,1.0,0.0
-0.18314035996368214,0.6881109025892154,-1.2251371051984103,2,1,1,0.18306834758232954,3,0.0,0.0,1.0,0.0
-0.8665364292170712,1.0331808846706256,0.9557587169500278,1,1,0,-0.8051380976965961,4,1.0,0.0,0.0,1.0
-0.5736523995370473,-1.7273789719806567,0.7715787829778046,1,0,1,-1.1603691095138982,4,1.0,0.0,0.0,1.0
-0.3783963797503647,-1.3823089898992464,0.7495927998118769,1,1,0,0.9077457999527013,1,0.0,1.0,0.0,1.0
-1.0617924490037538,-0.6921690257364259,1.3006006012421454,1,1,0,-0.23437506885129095,0,1.0,0.0,0.0,1.0
0.003935819113316791,-0.34709904365501554,-1.2251371051984103,2,0,0,-0.3111305877874903,3,1.0,0.0,0.0,0.0
2.4528159071565327,0.6881109025892154,1.0475547331429997,1,1,0,-1.1851748908289483,2,1.0,0.0,0.0,0.0
-0.6712804094303886,-1.0372390078178362,0.04489785871570086,2,1,1,0.7847123057731625,1,1.0,0.0,0.0,0.0
3.3314679961966043,1.378250866752036,-1.2251371051984103,1,1,1,0.24195830229323748,4,1.0,0.0,0.0,1.0
1.5741638181164612,-1.3823089898992464,0.913913373394888,1,0,1,-1.4493350656884199,2,0.0,0.0,1.0,0.0
-0.08551235007034085,-0.34709904365501554,-1.2251371051984103,2,1,1,-1.1223556675021662,3,0.0,0.0,1.0,1.0
0.3049996895030243,1.7233208488334462,-0.0170503907415301,1,0,0,0.857990668227065,1,1.0,0.0,0.0,0.0
-0.3783963797503647,0.6881109025892154,1.2846824537190362,2,1,0,-1.1930198542552999,2,0.0,1.0,0.0,0.0
2.3551878972631917,0.34304092050780505,1.3508589861147124,1,1,1,1.176894870364672,0,1.0,0.0,0.0,1.0
-0.6712804094303886,-1.3823089898992464,0.6072284462769252,1,1,1,0.4483480133406859,2,0.0,1.0,0.0,0.0
0.003935819113316791,-0.002029061573605259,-1.2251371051984103,2,1,1,1.3828540481486598,3,1.0,0.0,0.0,0.0
-1.159420458897095,1.0331808846706256,0.3578511224801862,1,1,1,0.11468908473753643,4,0.0,0.0,1.0,0.0
-0.08551235007034085,1.0331808846706256,0.4620114739127402,1,0,0,-0.3446370043382838,0,0.0,1.0,0.0,0.0
-0.6712804094303886,-1.3823089898992464,-1.2251371051984103,2,1,0,-1.574511654912225,1,1.0,0.0,0.0,0.0
1.2812797884364373,1.378250866752036,1.4988056844343518,2,0,0,0.8370172246355091,1,1.0,0.0,0.0,0.0
-0.18314035996368214,-0.34709904365501554,0.8844400458839414,2,1,0,-1.591099367175677,0,1.0,0.0,0.0,0.0
2.25755988736985,-0.34709904365501554,0.5521039516496612,2,0,1,0.43995592114298443,1,1.0,0.0,0.0,0.0
2.3551878972631917,1.0331808846706256,1.4924687005966173,1,0,0,1.4570562994852267,4,1.0,0.0,0.0,1.0
-0.9641644391104125,0.34304092050780505,-1.2251371051984103,1,1,0,-1.1559602331073624,4,1.0,0.0,0.0,1.0
-0.7689084193237299,1.378250866752036,-1.2251371051984103,2,1,0,-1.1178202762684135,3,1.0,0.0,0.0,1.0
1.0860237686497547,-1.0372390078178362,0.168876286212682,1,1,1,0.06965415682681546,1,0.0,0.0,1.0,0.0
0.003935819113316791,0.34304092050780505,1.2170761715483447,1,1,0,-0.018807203055190725,1,0.0,1.0,0.0,0.0
-0.476024389643706,-0.6921690257364259,0.6679823306171204,2,1,1,0.621971950347158,3,1.0,0.0,0.0,0.0
0.6955117290763895,-0.002029061573605259,-1.2251371051984103,1,1,0,-0.3950741327735,1,1.0,0.0,0.0,0.0
-1.2570484687904364,0.34304092050780505,-1.2251371051984103,1,1,0,-0.003117276202487262,0,1.0,0.0,0.0,0.0
0.5002557092897069,-0.002029061573605259,1.0379638084350986,2,0,0,-0.5563657455081917,1,0.0,1.0,0.0,0.0
-0.3783963797503647,-0.34709904365501554,0.3473530627443541,1,1,0,0.5784163932014638,4,0.0,1.0,0.0,1.0
-1.452304488577119,0.6881109025892154,0.377742966272233,1,1,0,0.36595362240129076,3,1.0,0.0,0.0,0.0
-0.9641644391104125,-0.34709904365501554,0.8473198373155311,1,1,1,0.04439208682268157,4,0.0,1.0,0.0,1.0
0.9883957587564134,-1.7273789719806567,1.8441240986458869,1,0,0,-0.04767068206793951,1,1.0,0.0,0.0,1.0
-0.476024389643706,0.6881109025892154,-1.2251371051984103,2,0,0,0.26908450823843366,0,1.0,0.0,0.0,1.0
0.5002557092897069,-0.6921690257364259,-1.2251371051984103,2,1,0,-1.214201603552742,1,1.0,0.0,0.0,1.0
-1.5499324984704603,1.7233208488334462,0.6240759711579852,1,1,1,-0.15220064316857082,3,0.0,1.0,0.0,1.0
2.940955956623239,-0.6921690257364259,-1.2251371051984103,2,1,1,-0.7319321288714726,3,1.0,0.0,0.0,1.0
-1.159420458897095,0.6881109025892154,0.9485768446050655,1,1,1,0.018072652182821846,2,0.0,1.0,0.0,0.0
1.7694198379031438,1.0331808846706256,0.489835828683728,1,1,1,0.45228650518330343,2,0.0,1.0,0.0,1.0
-0.9641644391104125,1.0331808846706256,-1.2251371051984103,2,1,0,-1.4015375203333038,0,1.0,0.0,0.0,0.0
-0.2807683698570234,-1.0372390078178362,-1.2251371051984103,2,1,1,-1.4906427658558934,0,0.0,0.0,1.0,0.0
-0.2807683698570234,1.378250866752036,1.1904232994973218,1,0,0,-0.4877757406334674,2,0.0,1.0,0.0,1.0
-0.5736523995370473,-1.3823089898992464,0.12395734067897518,2,0,0,0.06151492026040229,2,1.0,0.0,0.0,1.0
1.183651778543096,-1.3823089898992464,0.7410647064420454,1,1,1,0.8573932467664914,1,0.0,0.0,1.0,1.0
-0.18314035996368214,1.378250866752036,0.7165421375532811,1,1,1,1.3897820836181918,2,0.0,1.0,0.0,1.0
0.4026276993963656,-0.002029061573605259,0.17681199752687757,4,1,1,0.11791582191258997,1,0.0,1.0,0.0,1.0
0.003935819113316791,-0.002029061573605259,-0.2268080441359761,3,1,0,0.8395555262445765,1,0.0,1.0,0.0,1.0
2.745699936836557,-0.002029061573605259,0.6916312079813648,2,1,1,0.12450990696474909,2,0.0,0.0,1.0,1.0
0.012115659823000443,-1.3823089898992464,0.35919958373973354,1,1,0,1.6456719824822341,3,1.0,0.0,0.0,0.0
0.6955117290763895,-0.002029061573605259,1.0528714501015517,2,1,0,-0.9041917244124921,1,0.0,1.0,0.0,1.0
-0.18314035996368214,-0.002029061573605259,-1.2251371051984103,2,1,1,0.47272134713766867,0,1.0,0.0,0.0,1.0
0.5002557092897069,-1.7273789719806567,1.6448640249369846,2,1,0,-1.696035150253022,0,0.0,0.0,1.0,0.0
0.6955117290763895,1.7233208488334462,-1.2251371051984103,2,0,1,1.183180586401935,1,0.0,0.0,1.0,0.0
-0.476024389643706,1.0331808846706256,-1.2251371051984103,2,1,1,1.3959351940181237,2,0.0,0.0,1.0,1.0
2.6480719269432154,0.6881109025892154,1.075473017753712,1,1,1,0.5298717664801248,4,1.0,0.0,0.0,0.0
-0.3783963797503647,-1.0372390078178362,1.5734685458247861,1,1,1,-1.358511341598057,0,0.0,0.0,1.0,1.0
-0.2807683698570234,0.34304092050780505,-1.2251371051984103,3,1,1,0.32333692012882576,0,0.0,0.0,1.0,1.0
-0.18314035996368214,-1.0372390078178362,-1.2251371051984103,1,0,0,0.35722253311497926,3,1.0,0.0,0.0,1.0
0.5002557092897069,-0.6921690257364259,0.9694716734659198,1,1,0,-0.13919276104361647,2,1.0,0.0,0.0,1.0
-1.452304488577119,0.6881109025892154,0.3941562056592368,1,0,0,0.5692608614618058,2,0.0,1.0,0.0,1.0
2.6480719269432154,1.0331808846706256,0.42769603916150617,2,1,1,0.5270336229903204,0,0.0,1.0,0.0,1.0
1.9646758576898262,0.6881109025892154,-1.2251371051984103,2,0,1,-1.266574217418923,3,0.0,0.0,1.0,1.0
0.7931397389697308,1.7233208488334462,-1.2251371051984103,2,1,0,1.172900169045863,2,1.0,0.0,0.0,0.0
0.10974366971634174,1.378250866752036,0.38271980762674107,1,1,0,0.4127160780833826,4,1.0,0.0,0.0,0.0
0.8907677488630721,1.378250866752036,-1.2251371051984103,2,1,1,-0.263452248287455,2,1.0,0.0,0.0,0.0
-0.476024389643706,0.34304092050780505,-1.2251371051984103,1,1,0,-1.7366977466178894,1,0.0,0.0,1.0,0.0
-0.8665364292170712,-1.7273789719806567,0.913231221935359,1,1,1,1.073277138595916,4,1.0,0.0,0.0,1.0
-1.159420458897095,1.7233208488334462,0.35247215900093143,1,1,0,-1.2088803237911852,4,1.0,0.0,0.0,0.0
0.20737167960968303,-0.002029061573605259,-1.2251371051984103,2,0,1,-1.4948630011720525,1,0.0,0.0,1.0,1.0
0.6955117290763895,-0.34709904365501554,-1.2251371051984103,2,1,0,-0.7258917854702154,1,0.0,0.0,1.0,0.0
-0.5736523995370473,1.378250866752036,0.5976703250053841,1,0,1,-0.6101778788389419,2,1.0,0.0,0.0,0.0
1.5741638181164612,-1.7273789719806567,0.907822015287948,1,1,0,-1.3494941582595512,4,0.0,0.0,1.0,0.0
-1.159420458897095,-1.0372390078178362,-1.2251371051984103,2,1,1,1.7254013829621986,4,1.0,0.0,0.0,1.0
1.8670478477964851,0.6881109025892154,0.6458148884422538,1,1,0,0.3486741681320765,1,0.0,1.0,0.0,0.0
-0.476024389643706,0.6881109025892154,-1.2251371051984103,2,1,0,-0.02487974073847697,3,0.0,0.0,1.0,0.0
-0.2807683698570234,1.0331808846706256,1.624950578881969,1,0,0,-0.7249786860226097,3,1.0,0.0,0.0,1.0
-0.5736523995370473,1.0331808846706256,0.6092091337660288,2,1,0,0.16940892279836317,0,0.0,0.0,1.0,0.0
-0.08551235007034085,-0.6921690257364259,0.3725451417683914,1,0,0,1.523331970539919,0,1.0,0.0,0.0,1.0
-0.3783963797503647,-0.34709904365501554,0.5079474859903752,1,1,1,1.6028699455591688,2,1.0,0.0,0.0,0.0
-0.18314035996368214,-0.6921690257364259,0.3214413883383086,1,1,1,-1.6905776103680659,1,1.0,0.0,0.0,1.0
0.5002557092897069,-0.6921690257364259,-1.2251371051984103,2,0,1,0.9137140977714714,3,1.0,0.0,0.0,1.0
-0.08551235007034085,0.6881109025892154,0.5448958365556106,1,1,1,1.6205627048003792,1,1.0,0.0,0.0,0.0
0.4026276993963656,0.34304092050780505,-1.2251371051984103,2,1,0,-0.9962926043721098,2,1.0,0.0,0.0,1.0
0.8907677488630721,-0.002029061573605259,-1.2251371051984103,1,1,0,1.0467523566436536,0,1.0,0.0,0.0,0.0
0.6955117290763895,-1.3823089898992464,-1.2251371051984103,1,1,1,0.0711672880821865,0,1.0,0.0,0.0,0.0
2.5504439170498743,-0.002029061573605259,0.6522682044664949,1,1,0,0.9644420188838263,2,0.0,1.0,0.0,0.0
0.10974366971634174,1.7233208488334462,0.4227225581590156,1,1,0,-1.7244600909375896,2,0.0,1.0,0.0,1.0
-0.18314035996368214,-0.34709904365501554,-1.2251371051984103,2,0,0,-1.5298240772011265,0,1.0,0.0,0.0,1.0
-0.5736523995370473,-1.0372390078178362,0.6272411027248349,1,0,1,0.20831753987365192,0,0.0,1.0,0.0,0.0
-0.18314035996368214,0.34304092050780505,0.8087394757871862,1,1,1,-1.0243540107044666,4,1.0,0.0,0.0,0.0
-0.476024389643706,1.0331808846706256,1.3952503563816896,1,1,1,0.06300560252992608,0,1.0,0.0,0.0,1.0
1.3789077983297786,0.6881109025892154,0.4752270983300593,1,1,0,-0.1174633609053861,1,0.0,1.0,0.0,1.0
0.10974366971634174,-0.6921690257364259,0.2479029647395959,1,0,1,1.1184900921851006,1,1.0,0.0,0.0,0.0
1.2812797884364373,1.378250866752036,-1.2251371051984103,1,1,1,0.3062445407416729,3,0.0,0.0,1.0,1.0
-0.6712804094303886,-0.002029061573605259,0.18858587091197623,2,1,1,0.06616795114092133,3,0.0,1.0,0.0,1.0
-0.6712804094303886,1.7233208488334462,-1.2251371051984103,2,1,1,0.27275326420459034,1,1.0,0.0,0.0,1.0
-0.7689084193237299,1.378250866752036,-1.2251371051984103,1,0,1,0.6729208808550649,1,1.0,0.0,0.0,1.0
-0.2807683698570234,-1.0372390078178362,0.6421828279617503,1,0,0,1.6153233899406372,2,0.0,1.0,0.0,1.0
-1.159420458897095,-0.002029061573605259,1.8171884769751154,2,0,0,-1.367577251417472,4,0.0,1.0,0.0,1.0
-0.9641644391104125,1.378250866752036,-1.2251371051984103,2,1,1,-0.8967350066250975,3,1.0,0.0,0.0,0.0
0.10974366971634174,-0.6921690257364259,2.319759044309476,1,1,0,1.2440488362377489,0,0.0,0.0,1.0,1.0
0.7931397389697308,1.0331808846706256,0.5475810778510256,1,1,1,-0.5039600672442514,2,0.0,0.0,1.0,0.0
0.003935819113316791,0.34304092050780505,0.44625174298473613,1,1,1,-1.1001612775175473,0,1.0,0.0,0.0,0.0
0.20737167960968303,0.6881109025892154,1.253565113987775,1,1,1,-0.8825105286857325,2,0.0,1.0,0.0,1.0
-1.0617924490037538,0.34304092050780505,0.12094054465117808,1,0,1,-0.34249477940974826,0,0.0,0.0,1.0,0.0
-0.8665364292170712,-1.0372390078178362,0.49210022589315633,1,1,0,-0.6278704640570062,0,1.0,0.0,0.0,1.0
-0.5736523995370473,-1.3823089898992464,-1.2251371051984103,2,0,0,0.30376401481711185,2,0.0,0.0,1.0,0.0
-1.3546764786837777,-0.34709904365501554,0.8889424375369472,2,1,0,0.5143074843389079,4,1.0,0.0,0.0,0.0
-0.9641644391104125,-0.6921690257364259,0.17302184048479421,2,0,0,1.1453333364947325,3,1.0,0.0,0.0,0.0
-0.7689084193237299,-0.002029061573605259,1.1846127708089773,2,1,1,0.0842084086280467,2,0.0,1.0,0.0,1.0
-0.6712804094303886,-0.002029061573605259,-1.2251371051984103,2,1,0,-0.17567740971682758,3,1.0,0.0,0.0,0.0
-0.6712804094303886,-1.0372390078178362,1.5343322860627082,1,1,0,1.5262567775564826,0,1.0,0.0,0.0,0.0
-1.0617924490037538,-0.002029061573605259,1.0967963715051643,2,1,0,1.481103687929557,1,1.0,0.0,0.0,1.0
-0.2807683698570234,-0.6921690257364259,0.1242485711871484,2,1,0,-1.4392439855153085,0,1.0,0.0,0.0,0.0
-0.3783963797503647,1.378250866752036,0.26036074976861356,1,1,0,-0.016178409410149273,0,0.0,1.0,0.0,1.0
0.10974366971634174,1.0331808846706256,-1.2251371051984103,2,1,0,-0.6751807446030322,0,1.0,0.0,0.0,1.0
0.5978837191830482,0.34304092050780505,1.144253342912572,1,1,0,1.447793917533861,3,1.0,0.0,0.0,1.0
-0.6712804094303886,1.378250866752036,1.1350123748647671,1,1,0,-1.1611377697502376,0,1.0,0.0,0.0,1.0
0.003935819113316791,-1.0372390078178362,0.9228810328119461,1,1,1,1.149320728841405,0,0.0,1.0,0.0,1.0
-0.3783963797503647,-0.6921690257364259,0.7115601756623655,1,1,0,-1.5726619628922893,0,1.0,0.0,0.0,1.0
-0.08551235007034085,-0.002029061573605259,1.4557832575725511,1,0,1,1.0237400578723475,0,1.0,0.0,0.0,0.0
0.4026276993963656,-1.7273789719806567,-1.2251371051984103,2,1,1,-1.0287524457222361,2,1.0,0.0,0.0,0.0
0.003935819113316791,0.6881109025892154,0.6166798363677236,1,0,0,-0.74025339364871,4,0.0,1.0,0.0,1.0
-0.8665364292170712,-0.6921690257364259,0.8354128299838388,2,1,1,-1.0472803420415977,2,0.0,1.0,0.0,1.0
0.20737167960968303,-1.7273789719806567,-1.2251371051984103,2,0,1,1.303136829288923,0,1.0,0.0,0.0,0.0
-0.2807683698570234,-1.7273789719806567,0.8178831536432499,2,1,0,-0.45453749375081937,4,0.0,1.0,0.0,0.0
1.183651778543096,-0.6921690257364259,0.5318397488507359,2,1,1,-1.5300423022263407,4,0.0,0.0,1.0,1.0
-1.452304488577119,-1.0372390078178362,-1.2251371051984103,2,1,1,-0.27295600034246653,2,1.0,0.0,0.0,0.0
1.183651778543096,0.34304092050780505,0.7793613582500653,2,1,0,1.1259770899999175,1,1.0,0.0,0.0,1.0
-0.2807683698570234,0.34304092050780505,0.011048392777544155,1,0,0,-1.123520578442184,2,0.0,1.0,0.0,0.0
0.5978837191830482,0.34304092050780505,1.2118674659046371,4,0,1,0.13332487540748245,3,0.0,1.0,0.0,1.0
-0.7689084193237299,1.378250866752036,0.9354125855685833,2,1,1,-1.340610798720399,0,0.0,1.0,0.0,0.0
-0.476024389643706,-1.7273789719806567,-1.2251371051984103,2,1,0,-0.9955930313247731,4,1.0,0.0,0.0,1.0
-0.6712804094303886,1.7233208488334462,0.5756366568441621,2,1,1,-1.1490572569708695,2,1.0,0.0,0.0,0.0
-0.5736523995370473,1.0331808846706256,0.379303449742401,1,1,0,0.045711356293293176,1,1.0,0.0,0.0,1.0
1.3789077983297786,-0.002029061573605259,0.34732906022994425,1,0,1,-0.9630656689939585,1,0.0,1.0,0.0,0.0
-0.18314035996368214,1.7233208488334462,1.076471522353163,1,0,1,-1.1668742687383982,3,1.0,0.0,0.0,1.0
0.10974366971634174,-1.3823089898992464,-1.2251371051984103,1,1,1,1.4572559040338078,0,0.0,0.0,1.0,0.0
0.003935819113316791,1.0331808846706256,-1.2251371051984103,2,1,0,0.9701127371227596,1,0.0,0.0,1.0,1.0
-0.08551235007034085,1.7233208488334462,-1.2251371051984103,2,1,0,-0.7317085091287293,1,0.0,0.0,1.0,0.0
2.5504439170498743,0.6881109025892154,0.24883506238251302,1,1,1,0.7338347247551579,0,1.0,0.0,0.0,1.0
0.5002557092897069,-0.6921690257364259,1.1526407815479613,1,1,0,-0.44447060279501643,0,1.0,0.0,0.0,1.0
0.012115659823000443,-1.0372390078178362,-1.2251371051984103,2,1,0,-0.31991736448055497,0,0.0,0.0,1.0,1.0
2.159931877476509,-0.6921690257364259,0.5967969535143898,1,1,1,-1.0832994787989818,1,0.0,0.0,1.0,1.0
-0.18314035996368214,-0.002029061573605259,-1.2251371051984103,1,1,0,-0.6796414799071065,1,1.0,0.0,0.0,1.0
0.10974366971634174,1.0331808846706256,1.1574648068940598,1,0,0,0.08132745544430099,1,0.0,1.0,0.0,0.0
-1.0617924490037538,1.0331808846706256,0.3748221803020757,1,1,0,1.6741552209207464,4,1.0,0.0,0.0,1.0
0.003935819113316791,1.378250866752036,0.5520098617931746,2,1,0,0.17388932271794716,0,1.0,0.0,0.0,1.0
-0.2807683698570234,-0.34709904365501554,-1.2251371051984103,2,1,0,0.5291977748352652,3,1.0,0.0,0.0,0.0
0.5978837191830482,-0.34709904365501554,0.9962986437547957,1,0,0,-1.5583903246803303,1,1.0,0.0,0.0,1.0
-1.0617924490037538,1.378250866752036,0.3335546572771631,1,1,1,1.3134242075708396,4,0.0,0.0,1.0,1.0
-0.18314035996368214,0.6881109025892154,-1.2251371051984103,1,0,0,-1.1749397194908633,4,1.0,0.0,0.0,1.0
-0.3783963797503647,-0.34709904365501554,-1.2251371051984103,2,1,0,-0.9666780414607777,4,1.0,0.0,0.0,0.0
0.10974366971634174,-1.3823089898992464,1.5500744151468118,1,0,1,0.28517625453549034,2,0.0,0.0,1.0,0.0
-1.159420458897095,-1.0372390078178362,0.9836086744030529,1,1,0,1.1474769536084368,2,0.0,1.0,0.0,1.0
-0.2807683698570234,1.0331808846706256,0.5820933332204208,1,0,1,-1.5753222547267756,4,0.0,0.0,1.0,0.0
0.20737167960968303,-0.34709904365501554,0.22713726940626655,2,0,1,1.1973511171660078,4,0.0,1.0,0.0,0.0
-0.2807683698570234,0.34304092050780505,0.3872340405201892,1,1,0,1.4231148250691736,2,0.0,1.0,0.0,0.0
-0.7689084193237299,1.0331808846706256,-1.2251371051984103,2,0,0,1.5782956150284364,3,1.0,0.0,0.0,0.0
0.9883957587564134,0.34304092050780505,-0.27252243299722645,1,1,0,0.0674170892836532,0,0.0,1.0,0.0,1.0
0.012115659823000443,-0.34709904365501554,-1.2251371051984103,2,0,1,1.4218025165244066,4,0.0,0.0,1.0,0.0
0.5978837191830482,-1.3823089898992464,-1.2251371051984103,1,0,1,1.5711568375289737,0,1.0,0.0,0.0,0.0
0.003935819113316791,-1.0372390078178362,-1.2251371051984103,2,1,0,-0.01368256944873099,3,1.0,0.0,0.0,1.0
1.183651778543096,-1.7273789719806567,-0.2948463715660454,1,0,1,0.7336603535627622,4,1.0,0.0,0.0,1.0
0.9883957587564134,-1.3823089898992464,0.6968011895684909,1,0,1,1.4451270128198228,3,1.0,0.0,0.0,0.0
-1.452304488577119,-1.0372390078178362,-1.2251371051984103,2,0,1,1.696499792880453,0,0.0,0.0,1.0,0.0
0.012115659823000443,-1.3823089898992464,0.3382269867321911,1,1,1,-1.212427959647654,0,1.0,0.0,0.0,1.0
-1.159420458897095,-0.002029061573605259,0.044381644639125716,1,1,1,-1.2914161955483627,2,1.0,0.0,0.0,0.0
-0.2807683698570234,-0.6921690257364259,-1.2251371051984103,2,1,1,-1.602706362974497,3,1.0,0.0,0.0,0.0
0.6955117290763895,-0.34709904365501554,0.6233456546528738,1,0,0,-0.41477772946793795,3,0.0,1.0,0.0,0.0
0.5002557092897069,-1.7273789719806567,1.7280061745846171,1,1,0,-0.5485075563227362,3,0.0,0.0,1.0,1.0
-0.2807683698570234,1.0331808846706256,-0.14940249543230574,1,1,0,0.5292056058768401,4,1.0,0.0,0.0,1.0
-0.476024389643706,-0.6921690257364259,0.9728845109814797,1,0,0,1.4496573573823384,4,1.0,0.0,0.0,1.0
-0.9641644391104125,-1.3823089898992464,0.6720304346807285,1,1,1,1.109533816947731,0,1.0,0.0,0.0,0.0
0.6955117290763895,-0.34709904365501554,0.31379482731437064,2,1,1,0.27841580335565647,0,1.0,0.0,0.0,0.0
-1.0617924490037538,-1.3823089898992464,0.4235768876552447,1,1,1,-1.0451422936685684,3,0.0,1.0,0.0,1.0
-1.0617924490037538,1.378250866752036,1.3488626169828608,2,1,0,-1.274376023105041,2,0.0,1.0,0.0,1.0
-0.08551235007034085,0.6881109025892154,0.1531146350835252,2,0,0,-0.12008588971716781,4,0.0,0.0,1.0,1.0
0.3049996895030243,-1.0372390078178362,0.3557582632404072,2,1,0,-0.195872447775862,2,0.0,0.0,1.0,1.0
1.47653580822312,1.0331808846706256,1.0975286082114282,1,0,1,0.433868243445987,3,0.0,1.0,0.0,0.0
0.10974366971634174,-0.6921690257364259,-0.010720127607830074,2,1,0,0.5600534708246087,4,1.0,0.0,0.0,0.0
0.20737167960968303,-1.0372390078178362,0.7661033293906221,2,0,1,-0.9273070448862916,4,0.0,1.0,0.0,1.0
0.003935819113316791,1.0331808846706256,0.6662835926639515,1,1,0,-1.3410909285804988,1,0.0,0.0,1.0,1.0
2.25755988736985,1.378250866752036,0.6687715332909172,2,1,0,1.177358816072184,0,0.0,1.0,0.0,1.0
-0.2807683698570234,1.7233208488334462,-1.2251371051984103,2,1,1,0.006447557976806837,4,1.0,0.0,0.0,0.0
-0.8665364292170712,-0.002029061573605259,-1.2251371051984103,2,1,0,1.081451701860988,0,1.0,0.0,0.0,1.0
0.4026276993963656,1.0331808846706256,-1.2251371051984103,1,0,0,0.04223663613504195,1,0.0,0.0,1.0,0.0
-0.18314035996368214,-1.3823089898992464,-1.2251371051984103,2,0,1,1.3951823698880799,4,0.0,0.0,1.0,1.0
-0.7689084193237299,-1.0372390078178362,-1.2251371051984103,2,1,1,-1.15955972786137,1,1.0,0.0,0.0,1.0
-0.8665364292170712,-1.3823089898992464,0.5777184749273125,1,0,0,-1.5430480960735418,4,0.0,0.0,1.0,1.0
0.5978837191830482,1.7233208488334462,-1.2251371051984103,2,0,1,-0.16361743166869977,0,0.0,0.0,1.0,1.0
-0.3783963797503647,-0.002029061573605259,-1.2251371051984103,1,1,1,-0.33737397431250254,4,1.0,0.0,0.0,0.0
0.20737167960968303,1.0331808846706256,1.097510686334002,1,1,0,-0.6179598458864042,0,1.0,0.0,0.0,0.0
0.3049996895030243,-0.34709904365501554,0.8034365202702294,1,0,1,0.44770708609358617,0,0.0,1.0,0.0,1.0
0.003935819113316791,0.34304092050780505,0.8337009706561258,1,1,0,-0.6022981107833694,4,1.0,0.0,0.0,1.0
0.9883957587564134,0.6881109025892154,0.21851652633081273,1,1,0,-0.15717370261477442,1,1.0,0.0,0.0,1.0
-0.6712804094303886,-1.0372390078178362,-1.2251371051984103,1,1,1,-0.5104450397838034,2,1.0,0.0,0.0,0.0
-0.5736523995370473,0.6881109025892154,-1.2251371051984103,1,1,0,1.5275196635277566,4,1.0,0.0,0.0,0.0
-1.159420458897095,1.0331808846706256,-1.2251371051984103,2,1,1,1.0015592416931245,4,1.0,0.0,0.0,1.0
-0.8665364292170712,0.34304092050780505,0.6582069065817884,1,1,0,0.00807972106411296,1,1.0,0.0,0.0,1.0
-0.3783963797503647,-0.002029061573605259,0.3073909564698138,1,1,1,0.21582298414195542,0,0.0,0.0,1.0,1.0
-0.9641644391104125,0.6881109025892154,0.11722799573902012,1,1,0,0.9167555002959243,2,0.0,0.0,1.0,1.0
0.012115659823000443,-0.002029061573605259,-1.2251371051984103,2,1,1,-0.30064360495699294,1,0.0,0.0,1.0,0.0
-1.8428165281504842,1.0331808846706256,-1.2251371051984103,2,1,1,0.22779838694107687,2,0.0,0.0,1.0,1.0
-0.3783963797503647,-0.6921690257364259,-1.2251371051984103,1,1,1,0.8985307522970751,3,1.0,0.0,0.0,0.0
0.5002557092897069,-1.3823089898992464,0.38281021709768487,2,1,1,-0.6560846627116422,1,1.0,0.0,0.0,1.0
0.6955117290763895,-0.34709904365501554,0.7013525463508932,1,1,0,1.345901103189284,0,0.0,1.0,0.0,0.0
3.1362119764099217,0.34304092050780505,0.5881264452257263,1,1,0,0.13710744251119103,1,0.0,1.0,0.0,0.0
0.6955117290763895,0.34304092050780505,0.7522183548547927,3,0,1,-0.7546576374980001,4,0.0,1.0,0.0,1.0
-0.3783963797503647,1.0331808846706256,0.5723444719677024,1,1,1,-0.16320778118277166,2,0.0,1.0,0.0,1.0
-0.3783963797503647,-1.3823089898992464,0.2546027065784453,1,1,0,1.361670906666049,0,1.0,0.0,0.0,1.0
-1.452304488577119,0.6881109025892154,0.9131363319950587,2,1,1,-0.031489835920077584,0,1.0,0.0,0.0,1.0
-1.2570484687904364,1.378250866752036,0.9610629526010868,1,1,0,0.9196857020300174,3,1.0,0.0,0.0,1.0
-0.6712804094303886,1.378250866752036,0.6244564910197632,2,0,1,0.022586986615896268,4,0.0,1.0,0.0,1.0
0.10974366971634174,0.6881109025892154,-1.2251371051984103,1,1,0,-0.47902985937973697,3,1.0,0.0,0.0,0.0
-0.18314035996368214,-1.7273789719806567,-1.2251371051984103,2,1,1,-0.4903229174229862,3,1.0,0.0,0.0,1.0
0.10974366971634174,0.6881109025892154,0.30002746509914974,1,1,1,-0.6514518185160713,2,0.0,0.0,1.0,1.0
0.4026276993963656,-0.002029061573605259,-1.2251371051984103,1,0,0,-0.6359926463551011,2,1.0,0.0,0.0,1.0
-0.476024389643706,1.0331808846706256,-1.2251371051984103,2,1,1,-1.4641312096627355,2,1.0,0.0,0.0,0.0
-0.2807683698570234,0.6881109025892154,0.6954957728181187,2,0,1,0.0038667947200898994,3,1.0,0.0,0.0,1.0
-0.08551235007034085,0.6881109025892154,-1.2251371051984103,2,1,0,1.4869966337260645,2,1.0,0.0,0.0,1.0
0.4026276993963656,-1.3823089898992464,-1.2251371051984103,1,1,0,-0.9713860636554654,3,0.0,0.0,1.0,1.0
1.2812797884364373,-0.002029061573605259,1.4147876030275213,1,1,1,-0.5671595311452696,1,1.0,0.0,0.0,1.0
0.4026276993963656,-1.0372390078178362,-1.2251371051984103,2,1,0,-1.1572586198004415,0,1.0,0.0,0.0,1.0
-1.8428165281504842,-0.34709904365501554,0.30831041278847493,1,1,0,1.346233487398342,1,1.0,0.0,0.0,1.0
-0.6712804094303886,-1.0372390078178362,0.12506673689499978,1,1,1,-0.434763765728502,4,1.0,0.0,0.0,0.0
0.9883957587564134,-0.34709904365501554,-1.2251371051984103,2,1,1,1.6698556310499644,2,1.0,0.0,0.0,0.0
-0.5736523995370473,-1.3823089898992464,0.8279872521092345,1,1,1,0.22973248018687265,3,1.0,0.0,0.0,0.0
-0.2807683698570234,-0.002029061573605259,0.6877056767580096,1,0,1,-0.3441401682561579,0,1.0,0.0,0.0,0.0
-0.5736523995370473,0.6881109025892154,-1.2251371051984103,2,1,1,1.181301658493454,1,0.0,0.0,1.0,0.0
-0.08551235007034085,1.378250866752036,-1.2251371051984103,2,1,1,0.5643509724176375,2,1.0,0.0,0.0,0.0
-0.8665364292170712,-0.6921690257364259,0.9102280273323945,1,0,0,-1.6919327286067751,2,0.0,0.0,1.0,1.0
0.6955117290763895,-1.0372390078178362,-1.2251371051984103,2,1,0,1.2894942847501287,1,0.0,0.0,1.0,1.0
0.7931397389697308,-1.0372390078178362,-1.2251371051984103,2,1,1,1.4920224221855376,1,1.0,0.0,0.0,1.0
-1.159420458897095,0.6881109025892154,1.793004183522768,1,1,0,1.234947599719675,4,0.0,1.0,0.0,1.0
1.7694198379031438,0.34304092050780505,-1.2251371051984103,2,1,1,-1.0629690507322787,0,0.0,0.0,1.0,1.0
0.10974366971634174,-1.7273789719806567,-1.2251371051984103,1,0,0,-0.6954446958279237,4,1.0,0.0,0.0,1.0
-0.2807683698570234,-0.6921690257364259,0.8384424273526543,2,1,1,-1.045203897862289,1,0.0,1.0,0.0,1.0
-0.2807683698570234,-0.34709904365501554,0.8461246721146816,2,1,0,0.03930869670184832,1,1.0,0.0,0.0,1.0
0.10974366971634174,-1.0372390078178362,0.7317906149243545,2,1,1,-1.2106214253679521,4,0.0,1.0,0.0,0.0
-0.3783963797503647,1.0331808846706256,-1.2251371051984103,1,1,1,-1.3552964379969383,1,1.0,0.0,0.0,1.0
-0.18314035996368214,-1.3823089898992464,0.9062815339131214,2,1,1,-1.270591019677287,4,0.0,1.0,0.0,0.0
-0.5736523995370473,-0.6921690257364259,-1.2251371051984103,2,1,0,1.578937934460705,2,1.0,0.0,0.0,0.0
0.20737167960968303,-1.3823089898992464,0.05029650425677192,2,1,0,1.1362924860083565,4,0.0,1.0,0.0,1.0
-0.3783963797503647,-1.0372390078178362,0.3340665509011446,2,1,1,0.6862875987072851,1,1.0,0.0,0.0,0.0
0.5978837191830482,-1.3823089898992464,-1.2251371051984103,1,1,1,-1.5570059705530759,2,1.0,0.0,0.0,1.0
-0.2807683698570234,1.378250866752036,0.47408969918055627,1,0,1,-1.3466817701953702,2,0.0,0.0,1.0,1.0
0.5978837191830482,1.378250866752036,-1.2251371051984103,2,1,0,-1.2812796953341183,0,0.0,0.0,1.0,1.0
1.0860237686497547,1.7233208488334462,-1.2251371051984103,4,1,0,1.372840930345003,2,1.0,0.0,0.0,0.0
-0.2807683698570234,0.34304092050780505,-1.2251371051984103,1,1,0,1.1114506819020629,2,1.0,0.0,0.0,0.0
-0.7689084193237299,1.378250866752036,0.7781087470313948,2,1,1,0.6873026757185073,2,0.0,1.0,0.0,1.0
0.3049996895030243,0.34304092050780505,-0.020165277044881864,2,0,0,-0.7543064587891629,0,0.0,0.0,1.0,0.0
-1.3546764786837777,-0.002029061573605259,-1.2251371051984103,1,0,1,-0.16564497534395312,3,1.0,0.0,0.0,1.0
0.8907677488630721,-0.6921690257364259,-0.0520641386453288,1,0,0,-1.3774139097509799,3,1.0,0.0,0.0,0.0
2.5504439170498743,-1.0372390078178362,0.8860522147684718,1,1,1,-0.06925877541153357,4,0.0,1.0,0.0,1.0
-0.3783963797503647,1.378250866752036,0.5982311837587617,1,1,0,1.5403211542014321,2,0.0,1.0,0.0,1.0
-0.476024389643706,1.0331808846706256,1.0144503052521257,2,1,1,1.5574427694771302,0,0.0,1.0,0.0,1.0
0.5002557092897069,1.0331808846706256,-1.2251371051984103,2,1,1,-0.5117220216299118,3,0.0,0.0,1.0,1.0
1.5741638181164612,1.378250866752036,0.6889581279599174,1,1,1,-1.227183382205781,2,0.0,0.0,1.0,1.0
0.012115659823000443,-0.002029061573605259,0.07167746404280788,1,0,1,0.16402795309769258,4,1.0,0.0,0.0,0.0
0.4026276993963656,1.0331808846706256,0.4295827968108858,1,1,0,-0.5827382572076132,3,0.0,1.0,0.0,1.0
0.20737167960968303,-1.0372390078178362,0.24096351779017314,1,1,1,-0.508847507302572,4,1.0,0.0,0.0,0.0
-0.2807683698570234,-1.0372390078178362,0.7526950447909728,2,1,0,0.05531012498607744,3,0.0,1.0,0.0,1.0
1.0860237686497547,0.6881109025892154,0.5200421929847526,1,1,1,0.6918563393826014,2,0.0,1.0,0.0,0.0
-1.0617924490037538,-0.6921690257364259,-1.2251371051984103,1,1,0,-1.6875168912743954,4,0.0,0.0,1.0,0.0
1.3789077983297786,0.6881109025892154,-1.2251371051984103,2,0,1,0.30557838013838823,3,0.0,0.0,1.0,1.0
-0.18314035996368214,-0.34709904365501554,0.9499237056969853,1,0,0,1.401075489707733,1,0.0,1.0,0.0,0.0
2.25755988736985,1.0331808846706256,1.0947299150312357,1,0,0,1.3131177528105509,1,1.0,0.0,0.0,0.0
-0.2807683698570234,1.0331808846706256,0.43766380334564253,1,1,1,0.16804284110144962,4,0.0,1.0,0.0,0.0
1.8670478477964851,-1.7273789719806567,1.1609898161602954,1,1,1,1.082771667424184,0,1.0,0.0,0.0,1.0
-0.5736523995370473,1.7233208488334462,-1.2251371051984103,2,1,0,1.07272983580142,4,0.0,0.0,1.0,1.0
0.10974366971634174,0.34304092050780505,0.8920161995322768,1,0,0,0.29136643186554284,4,1.0,0.0,0.0,1.0
-0.8665364292170712,-1.0372390078178362,1.0685502125476132,1,1,0,0.7903602269799558,0,0.0,1.0,0.0,0.0
1.47653580822312,0.6881109025892154,0.8377185115180522,1,0,0,1.5899920587243543,3,1.0,0.0,0.0,1.0
0.10974366971634174,1.378250866752036,-1.2251371051984103,1,1,0,-1.7449798561872536,2,1.0,0.0,0.0,1.0
-1.0617924490037538,1.0331808846706256,-1.2251371051984103,2,0,0,-0.39537188637648335,1,0.0,0.0,1.0,1.0
-0.2807683698570234,-1.3823089898992464,-1.2251371051984103,1,1,1,-0.7565508353044615,1,1.0,0.0,0.0,0.0
-1.159420458897095,-0.6921690257364259,-1.2251371051984103,3,1,1,0.5003262907577959,3,0.0,0.0,1.0,1.0
-0.18314035996368214,0.6881109025892154,0.5335760907431468,2,1,0,0.25508556429641893,2,0.0,1.0,0.0,1.0
-1.5499324984704603,-1.0372390078178362,0.4939786626708738,1,1,0,1.2784380722087263,4,1.0,0.0,0.0,1.0
0.6955117290763895,-0.34709904365501554,0.21090212867618416,1,1,0,0.9753308211586772,2,0.0,0.0,1.0,0.0
-0.08551235007034085,-1.3823089898992464,1.1166118873013875,1,0,1,0.061301045813841035,4,0.0,0.0,1.0,1.0
-0.2807683698570234,1.0331808846706256,-0.13145165497220487,2,0,1,-0.8697539359837518,1,1.0,0.0,0.0,0.0
2.159931877476509,-0.6921690257364259,-0.22677300046493765,1,1,1,1.6019627628985307,1,1.0,0.0,0.0,1.0
-1.452304488577119,-1.3823089898992464,0.25464799132229865,1,0,0,-0.29814324039377604,4,0.0,0.0,1.0,0.0
-0.8665364292170712,-0.34709904365501554,-1.2251371051984103,2,0,1,0.26507971357715066,4,1.0,0.0,0.0,0.0
-1.745188518257143,1.0331808846706256,-1.2251371051984103,2,1,0,-0.5518778625933252,3,1.0,0.0,0.0,1.0
1.6717918280098025,0.6881109025892154,1.2192629606278478,2,1,0,0.5705797828861248,0,1.0,0.0,0.0,1.0
0.3049996895030243,-1.7273789719806567,0.35976380284512843,2,1,0,-0.9261428300388583,4,1.0,0.0,0.0,0.0
1.3789077983297786,0.6881109025892154,-1.2251371051984103,2,1,1,0.5177689787380554,2,1.0,0.0,0.0,1.0
-0.08551235007034085,1.7233208488334462,0.09815799804036772,1,1,0,-0.4443308622086953,2,1.0,0.0,0.0,1.0
-1.0617924490037538,1.7233208488334462,-1.2251371051984103,2,1,0,-1.4016730843641185,1,1.0,0.0,0.0,1.0
0.3049996895030243,1.0331808846706256,-1.2251371051984103,2,0,1,-1.0190153286282995,3,0.0,0.0,1.0,1.0
0.10974366971634174,-0.34709904365501554,-1.2251371051984103,2,1,1,0.8237611855042106,2,1.0,0.0,0.0,1.0
-0.18314035996368214,0.6881109025892154,0.13734930356882538,2,1,0,-0.24170840422809822,1,1.0,0.0,0.0,1.0
-0.9641644391104125,1.0331808846706256,-1.2251371051984103,2,1,1,0.2717369690313452,4,1.0,0.0,0.0,1.0
1.2812797884364373,-1.3823089898992464,1.514930733631674,2,0,0,-1.3668670629582231,4,1.0,0.0,0.0,1.0
0.5002557092897069,0.34304092050780505,1.2569613097600107,1,0,0,0.5828435420383401,3,1.0,0.0,0.0,0.0
-1.6475605083638016,0.34304092050780505,0.3919962993958728,1,0,1,-0.27286777060739215,3,0.0,0.0,1.0,0.0
-0.08551235007034085,-1.0372390078178362,0.839432131030155,2,1,1,-1.496680324886813,3,1.0,0.0,0.0,0.0
1.47653580822312,-0.6921690257364259,1.4604543068934774,2,1,0,0.8662945306896923,0,1.0,0.0,0.0,1.0
-1.2570484687904364,0.34304092050780505,-1.2251371051984103,2,0,0,0.9068640246713939,0,1.0,0.0,0.0,1.0
0.003935819113316791,-1.0372390078178362,0.30313691083256866,1,1,1,-0.6467782529043121,2,1.0,0.0,0.0,0.0
-0.5736523995370473,0.6881109025892154,-1.2251371051984103,1,1,1,-0.7367532661111277,2,1.0,0.0,0.0,1.0
0.4026276993963656,-1.7273789719806567,-1.2251371051984103,2,1,0,-1.2619627780703226,2,1.0,0.0,0.0,1.0
0.3049996895030243,1.0331808846706256,0.877335141601853,2,1,0,-0.5081726455419822,1,0.0,1.0,0.0,1.0
-0.2807683698570234,-1.0372390078178362,0.5342319994535876,2,0,1,-0.4993940479367844,4,0.0,1.0,0.0,1.0
1.6717918280098025,-1.3823089898992464,-1.2251371051984103,1,1,0,-1.5166221592682667,4,1.0,0.0,0.0,0.0
-0.7689084193237299,-0.6921690257364259,0.9031343242236975,1,0,1,0.7998058553041688,2,0.0,1.0,0.0,0.0
1.8670478477964851,-0.6921690257364259,0.9721877979965424,1,1,1,0.448378119344962,0,0.0,1.0,0.0,1.0
0.012115659823000443,1.378250866752036,-1.2251371051984103,1,1,0,-1.6817353202913945,2,1.0,0.0,0.0,0.0
-0.2807683698570234,-0.002029061573605259,-1.2251371051984103,1,0,1,1.4350594257714349,0,0.0,0.0,1.0,1.0
-0.08551235007034085,-0.002029061573605259,0.8050854930101882,1,1,0,0.48157007607074614,3,1.0,0.0,0.0,0.0
0.003935819113316791,0.6881109025892154,1.2337327964314646,1,1,0,0.1999299722777488,0,0.0,1.0,0.0,1.0
0.012115659823000443,-0.6921690257364259,-1.2251371051984103,2,1,0,-0.8669673033451943,1,1.0,0.0,0.0,0.0
0.012115659823000443,-1.7273789719806567,0.8171827602727695,1,0,1,-1.3605430618288168,0,0.0,1.0,0.0,1.0
-0.08551235007034085,-1.0372390078178362,-1.2251371051984103,2,0,0,-0.43159236791390926,4,1.0,0.0,0.0,0.0
-0.2807683698570234,0.34304092050780505,1.0734102416653264,1,1,0,-1.362205852989837,4,0.0,1.0,0.0,0.0
-0.6712804094303886,1.7233208488334462,0.06664861724041177,1,1,0,-0.24489894458876219,4,1.0,0.0,0.0,1.0
2.4528159071565327,-0.002029061573605259,-1.2251371051984103,3,0,1,0.21127349703336826,3,0.0,0.0,1.0,0.0
0.012115659823000443,-1.0372390078178362,-1.2251371051984103,2,0,0,1.5806087306864463,2,0.0,0.0,1.0,0.0
-0.6712804094303886,0.34304092050780505,0.8861067804845637,2,1,1,-1.7155828222085512,0,0.0,1.0,0.0,0.0
-1.3546764786837777,0.6881109025892154,1.2907842129155538,2,1,0,0.4177141968626249,2,0.0,0.0,1.0,1.0
1.9646758576898262,-1.0372390078178362,-1.2251371051984103,1,1,0,1.3798918261556836,3,1.0,0.0,0.0,0.0
-0.18314035996368214,-1.7273789719806567,0.495826216213384,1,1,0,-0.5082100605183943,1,1.0,0.0,0.0,1.0
0.012115659823000443,0.6881109025892154,1.0733049506354482,2,0,1,1.2851283920606806,4,0.0,0.0,1.0,1.0
-0.5736523995370473,0.6881109025892154,0.7152292000150604,2,1,0,-0.4030906830219101,2,0.0,0.0,1.0,1.0
-0.9641644391104125,-0.34709904365501554,-1.2251371051984103,2,0,0,0.9629067866889006,4,0.0,0.0,1.0,1.0
-0.476024389643706,-1.3823089898992464,0.632896415153329,1,1,1,-0.8855581960434454,2,0.0,0.0,1.0,1.0
0.5002557092897069,1.378250866752036,0.7927539612069665,2,0,1,0.1799136559897629,1,0.0,1.0,0.0,0.0
-0.7689084193237299,1.0331808846706256,-1.2251371051984103,2,1,0,0.895592893544554,1,0.0,0.0,1.0,0.0
2.745699936836557,-0.002029061573605259,-1.2251371051984103,2,1,1,-0.2521485748322934,0,0.0,0.0,1.0,1.0
2.159931877476509,-0.6921690257364259,1.0436448835623924,1,1,1,-0.1448878425230039,4,0.0,1.0,0.0,1.0
1.5741638181164612,0.6881109025892154,0.6944476630222205,1,1,0,-0.6129565064127785,1,0.0,1.0,0.0,1.0
-0.08551235007034085,0.34304092050780505,-1.2251371051984103,2,1,1,0.7886849061524163,2,1.0,0.0,0.0,1.0
2.159931877476509,1.378250866752036,0.2928967981182614,2,1,1,0.9945086939287359,3,0.0,1.0,0.0,0.0
0.10974366971634174,-1.3823089898992464,0.2913915204312364,1,1,0,0.24189391372917918,4,1.0,0.0,0.0,1.0
0.003935819113316791,-0.002029061573605259,0.46469127463822235,2,1,1,0.9916077280831881,2,0.0,0.0,1.0,1.0
-1.159420458897095,-1.3823089898992464,-1.2251371051984103,1,0,1,0.2076378054649709,0,0.0,0.0,1.0,0.0
-1.2570484687904364,0.6881109025892154,-1.2251371051984103,2,0,1,0.9783355047993025,0,1.0,0.0,0.0,1.0
0.003935819113316791,-1.7273789719806567,-1.2251371051984103,1,1,0,0.371913741132194,3,0.0,0.0,1.0,0.0
0.003935819113316791,0.34304092050780505,-1.2251371051984103,2,1,0,1.108446694354022,3,1.0,0.0,0.0,0.0
1.47653580822312,-0.002029061573605259,0.42294018095633173,1,1,0,1.327807568642597,0,0.0,1.0,0.0,1.0
0.20737167960968303,1.0331808846706256,0.784064890973826,1,0,0,1.1078558857729999,2,0.0,1.0,0.0,1.0
-0.9641644391104125,-0.6921690257364259,-1.2251371051984103,1,0,1,0.5931189127231756,3,1.0,0.0,0.0,0.0
-0.2807683698570234,-1.0372390078178362,1.216827825532584,1,1,1,-0.4992155001888819,2,1.0,0.0,0.0,1.0
-0.3783963797503647,-0.34709904365501554,1.1458703122999845,1,1,1,-1.674169664014539,0,1.0,0.0,0.0,1.0
-0.476024389643706,1.378250866752036,0.2314247585469227,2,0,1,1.1033671327424028,3,0.0,1.0,0.0,0.0
-0.6712804094303886,-0.002029061573605259,0.9143788621576769,1,0,0,0.5930066677939385,2,0.0,0.0,1.0,1.0
-0.8665364292170712,-0.6921690257364259,-1.2251371051984103,1,1,0,1.0398239731278296,3,0.0,0.0,1.0,0.0
-0.5736523995370473,-1.0372390078178362,0.7994607437833762,1,1,0,0.6350066320366122,4,0.0,1.0,0.0,1.0
0.4026276993963656,-0.34709904365501554,0.9773126548565779,1,1,0,0.5231579535034466,1,1.0,0.0,0.0,1.0
-0.9641644391104125,1.378250866752036,-1.2251371051984103,2,0,1,0.7012689033090548,0,0.0,0.0,1.0,0.0
0.3049996895030243,1.378250866752036,0.3917303515362114,1,1,1,1.5974626983634368,3,0.0,0.0,1.0,1.0
-0.7689084193237299,-1.0372390078178362,0.008314506386258335,2,0,0,-1.5122132828617312,2,0.0,1.0,0.0,1.0
-1.3546764786837777,0.6881109025892154,0.8314653764639893,2,1,0,-1.3869134852504852,0,0.0,1.0,0.0,0.0
-0.18314035996368214,-0.002029061573605259,0.26537103462653266,2,1,0,-0.5945570391752414,2,1.0,0.0,0.0,1.0
-1.0617924490037538,-1.3823089898992464,-1.2251371051984103,1,1,1,1.0797878665610907,0,1.0,0.0,0.0,0.0
-1.8428165281504842,1.0331808846706256,-1.2251371051984103,2,0,0,0.2121775472773766,2,1.0,0.0,0.0,1.0
1.8670478477964851,1.0331808846706256,0.7886823346792367,2,1,1,-0.23269261307476113,3,0.0,1.0,0.0,1.0
-0.6712804094303886,-1.0372390078178362,-1.2251371051984103,1,0,0,0.5381180272813914,2,0.0,0.0,1.0,0.0
-0.08551235007034085,-0.6921690257364259,-1.2251371051984103,2,1,1,-0.3558968239606272,2,1.0,0.0,0.0,1.0
2.159931877476509,1.0331808846706256,-1.2251371051984103,2,1,1,1.0364695029635362,3,0.0,0.0,1.0,0.0
1.47653580822312,1.0331808846706256,-1.2251371051984103,1,1,1,-1.2467334904853555,1,1.0,0.0,0.0,1.0
-0.6712804094303886,-0.34709904365501554,-1.2251371051984103,2,0,1,-0.047881598121017034,2,1.0,0.0,0.0,1.0
0.012115659823000443,0.6881109025892154,0.8785783118315222,1,1,0,1.1241249616559366,0,0.0,0.0,1.0,1.0
-0.18314035996368214,1.0331808846706256,0.6108513858019529,1,1,1,0.10922301771842144,2,0.0,1.0,0.0,0.0
-0.3783963797503647,-0.6921690257364259,-1.2251371051984103,2,1,1,-1.4465118881891808,4,0.0,0.0,1.0,0.0
-0.8665364292170712,-1.3823089898992464,-1.2251371051984103,2,0,0,0.6163203746542963,0,1.0,0.0,0.0,0.0
-1.3546764786837777,0.34304092050780505,1.54015609614236,2,1,1,0.13276434685388253,2,0.0,1.0,0.0,1.0
0.9883957587564134,-1.0372390078178362,0.877396107988454,1,0,0,1.6355779439156395,4,1.0,0.0,0.0,0.0
0.5002557092897069,1.0331808846706256,0.9102061050359002,1,0,1,-1.6475004428510107,2,1.0,0.0,0.0,0.0
-1.3546764786837777,1.7233208488334462,-1.2251371051984103,2,1,1,1.3996483258865375,2,0.0,0.0,1.0,1.0
1.8670478477964851,-0.002029061573605259,0.48565699092496717,1,1,0,-1.2964468566559266,3,0.0,1.0,0.0,1.0
-0.7689084193237299,-0.6921690257364259,0.5159320024172042,2,0,1,0.4080198894626299,3,0.0,1.0,0.0,1.0
-0.3783963797503647,0.34304092050780505,-0.03506859825874124,1,0,0,-0.013640977916812232,4,0.0,0.0,1.0,1.0
0.7931397389697308,-0.002029061573605259,1.3130990305288974,1,0,0,-0.2937448053760067,3,1.0,0.0,0.0,1.0
0.4026276993963656,-1.0372390078178362,1.3640490078499938,2,0,1,-0.12443820860121979,4,0.0,0.0,1.0,1.0
-0.08551235007034085,-1.3823089898992464,0.6205210387571186,1,0,1,1.2747785394693134,1,1.0,0.0,0.0,1.0
0.7931397389697308,-1.0372390078178362,0.1831928259576009,1,1,1,-0.1692129719085159,3,1.0,0.0,0.0,0.0
-0.7689084193237299,1.0331808846706256,0.003774350777247579,1,0,0,1.6643956548409629,2,0.0,1.0,0.0,0.0
-0.3783963797503647,1.378250866752036,-1.2251371051984103,2,1,0,-1.0592426931047616,4,1.0,0.0,0.0,0.0
0.8907677488630721,-1.3823089898992464,1.3953105226844773,1,0,0,0.9919599509309022,3,0.0,0.0,1.0,0.0
1.8670478477964851,-0.6921690257364259,0.5172572612461553,3,0,1,0.6177122117768333,0,0.0,1.0,0.0,0.0
-0.8665364292170712,1.0331808846706256,1.098972439461564,1,1,1,-0.3428725836599391,0,0.0,0.0,1.0,1.0
3.7219800357699695,0.34304092050780505,0.9370183537826046,1,1,0,-1.088391048007682,4,0.0,1.0,0.0,0.0
-1.159420458897095,-1.3823089898992464,0.293753367849169,1,1,1,-1.0448285299361435,3,1.0,0.0,0.0,0.0
0.8907677488630721,-0.34709904365501554,0.893541799348169,1,0,0,-1.1187533883778211,1,0.0,1.0,0.0,1.0
0.8907677488630721,-0.6921690257364259,0.7332821311697847,2,0,0,-1.2244171102753176,1,0.0,1.0,0.0,0.0
-0.6712804094303886,-1.7273789719806567,-1.2251371051984103,2,0,1,0.4576128316160972,1,0.0,0.0,1.0,0.0
0.4026276993963656,-1.0372390078178362,0.5750421945706106,2,1,0,-1.2182377223803238,3,1.0,0.0,0.0,1.0
0.10974366971634174,0.34304092050780505,-1.2251371051984103,1,1,0,0.9532243128628403,1,1.0,0.0,0.0,0.0
-0.476024389643706,-0.002029061573605259,0.11915523762937107,1,1,1,0.6373000830791122,4,1.0,0.0,0.0,1.0
0.003935819113316791,0.6881109025892154,-1.2251371051984103,2,1,1,1.6339273343748464,4,1.0,0.0,0.0,0.0
0.9883957587564134,-1.3823089898992464,-1.2251371051984103,1,1,0,0.2761780397199099,2,1.0,0.0,0.0,0.0
-0.476024389643706,-0.002029061573605259,1.464648826294986,1,0,0,-1.39776991922016,1,0.0,0.0,1.0,1.0
0.003935819113316791,0.6881109025892154,0.5769054297558684,1,1,1,-1.668668966389349,3,0.0,0.0,1.0,1.0
-0.2807683698570234,-0.002029061573605259,-1.2251371051984103,1,1,0,1.446125209585873,0,1.0,0.0,0.0,0.0
0.5978837191830482,0.6881109025892154,-1.2251371051984103,2,0,0,1.1725143597309513,1,1.0,0.0,0.0,1.0
0.012115659823000443,-0.6921690257364259,1.1733139871924314,2,1,0,-0.6357617176402215,3,0.0,1.0,0.0,1.0
0.3049996895030243,1.0331808846706256,1.3297033299306034,3,1,0,0.23583686410589616,0,1.0,0.0,0.0,0.0
-0.3783963797503647,-1.0372390078178362,0.584498865214579,1,1,0,1.6579230379447842,0,1.0,0.0,0.0,0.0
-0.7689084193237299,0.34304092050780505,0.17937034552944575,1,1,0,1.533786411042095,4,1.0,0.0,0.0,0.0
0.012115659823000443,-1.0372390078178362,0.12650320737405002,2,1,1,0.37529640304615647,1,0.0,1.0,0.0,1.0
0.3049996895030243,-0.6921690257364259,1.097592134866233,1,1,0,-0.49091198577254713,1,1.0,0.0,0.0,1.0
-0.7689084193237299,0.34304092050780505,0.901110432208656,1,1,1,0.5304674477092375,2,0.0,0.0,1.0,1.0
-1.2570484687904364,-0.34709904365501554,0.9386026797504198,1,0,1,-0.7070891066031562,3,0.0,0.0,1.0,0.0
-0.5736523995370473,0.6881109025892154,-1.2251371051984103,2,1,0,0.7495364851817965,1,1.0,0.0,0.0,1.0
0.4026276993963656,-0.6921690257364259,-1.2251371051984103,2,1,1,1.0224152196610605,0,1.0,0.0,0.0,1.0
2.843327946729898,0.34304092050780505,0.5765852362136407,1,1,0,-1.1226944905676302,4,0.0,1.0,0.0,1.0
0.5002557092897069,-0.6921690257364259,-1.2251371051984103,2,1,1,0.6038164635604581,3,0.0,0.0,1.0,1.0
-1.5499324984704603,0.6881109025892154,-1.2251371051984103,2,1,0,1.6777635908552053,1,0.0,0.0,1.0,0.0
2.159931877476509,-1.0372390078178362,1.7191345252251988,2,1,1,1.0587159258688401,2,0.0,1.0,0.0,0.0
-1.3546764786837777,1.7233208488334462,-1.2251371051984103,2,0,0,1.523506863801753,4,1.0,0.0,0.0,0.0
0.10974366971634174,-0.6921690257364259,1.8688647703822552,2,1,0,0.8493874859531397,2,1.0,0.0,0.0,1.0
0.003935819113316791,-0.002029061573605259,1.1277064895286866,1,0,0,0.7201726896240003,2,0.0,1.0,0.0,1.0
-0.9641644391104125,1.7233208488334462,-1.2251371051984103,1,1,1,-0.84352168694009,1,0.0,0.0,1.0,1.0
-0.6712804094303886,1.378250866752036,1.0999627832061156,1,1,0,0.0553645942308077,0,1.0,0.0,0.0,1.0
1.0860237686497547,-0.34709904365501554,0.008046478308681304,2,0,1,0.7792709500407943,3,1.0,0.0,0.0,0.0
0.012115659823000443,1.0331808846706256,0.34013662677864137,1,0,1,0.35068761593249553,0,1.0,0.0,0.0,0.0
2.3551878972631917,1.378250866752036,0.5539265425771852,1,1,1,-0.12683694364711223,4,0.0,0.0,1.0,1.0
0.012115659823000443,-0.6921690257364259,0.25061044836503066,1,1,1,-0.7981098248949086,3,1.0,0.0,0.0,0.0
0.3049996895030243,-0.002029061573605259,0.6988057195552417,1,1,0,1.6447066760907973,1,0.0,0.0,1.0,1.0
0.5978837191830482,-0.002029061573605259,-1.2251371051984103,2,1,1,0.959099682321591,1,1.0,0.0,0.0,1.0
0.10974366971634174,0.6881109025892154,0.4462347812078865,1,1,1,-1.7338213180359423,4,0.0,1.0,0.0,0.0
-0.9641644391104125,-1.0372390078178362,-1.2251371051984103,2,1,0,0.4195758964796418,4,1.0,0.0,0.0,1.0
0.6955117290763895,-0.6921690257364259,-1.2251371051984103,2,1,1,-0.653535223621224,1,0.0,0.0,1.0,1.0
0.3049996895030243,-0.002029061573605259,-1.2251371051984103,3,0,0,-0.6907523357163853,4,1.0,0.0,0.0,1.0
1.8670478477964851,-0.002029061573605259,2.232983234013713,1,0,1,-0.4559897169050542,2,0.0,0.0,1.0,0.0
-1.5499324984704603,0.6881109025892154,-1.2251371051984103,2,1,1,1.178248770441358,1,0.0,0.0,1.0,1.0
-0.476024389643706,1.7233208488334462,-1.2251371051984103,2,1,1,-0.3505764143148009,3,1.0,0.0,0.0,1.0
0.003935819113316791,0.6881109025892154,0.6811019449768,2,1,0,-0.7756143748675302,1,0.0,1.0,0.0,0.0
-0.2807683698570234,-0.34709904365501554,-1.2251371051984103,2,0,1,0.8114316456027681,4,1.0,0.0,0.0,0.0
-0.5736523995370473,-1.7273789719806567,0.6274926490758506,1,1,1,-0.3284065615937823,3,0.0,1.0,0.0,0.0
0.7931397389697308,-1.7273789719806567,-0.20544980673024815,2,1,1,1.4191364819260988,2,0.0,1.0,0.0,1.0
-0.18314035996368214,1.378250866752036,1.1505826459456954,2,0,1,0.8858026993910554,3,1.0,0.0,0.0,1.0
-0.18314035996368214,-0.34709904365501554,0.9907175791042097,2,1,1,-0.8355241052146053,3,0.0,1.0,0.0,1.0
2.4528159071565327,-1.3823089898992464,1.4849456725135086,1,1,0,-0.2718104059716663,3,0.0,1.0,0.0,0.0
-0.5736523995370473,-0.6921690257364259,-1.2251371051984103,1,1,0,-1.012960889352208,1,1.0,0.0,0.0,1.0
0.8907677488630721,-0.34709904365501554,0.4224374082878261,1,1,0,0.35628315617231193,3,0.0,1.0,0.0,0.0
-1.3546764786837777,-1.3823089898992464,1.2935910669506456,2,1,0,-0.12714983726380674,2,0.0,1.0,0.0,1.0
0.003935819113316791,0.34304092050780505,0.3912365398064187,1,0,0,-1.1796966421896058,3,0.0,1.0,0.0,0.0
0.012115659823000443,-1.0372390078178362,-1.2251371051984103,1,1,1,-0.8395057547974565,3,0.0,0.0,1.0,0.0
0.012115659823000443,-0.002029061573605259,-1.2251371051984103,2,1,1,-1.6177812920288706,0,0.0,0.0,1.0,1.0
1.0860237686497547,-1.0372390078178362,1.0763711918429297,2,1,0,1.4068850784172566,1,0.0,1.0,0.0,1.0
0.5002557092897069,-0.34709904365501554,-1.2251371051984103,1,1,0,-1.5590773680611474,0,0.0,0.0,1.0,1.0
-0.08551235007034085,-0.002029061573605259,-0.02380901874906501,1,1,1,-1.596272727263046,3,0.0,0.0,1.0,1.0
-0.5736523995370473,1.378250866752036,1.135275602439462,1,1,0,1.570252439238673,3,1.0,0.0,0.0,1.0
-1.452304488577119,0.6881109025892154,-1.2251371051984103,2,0,0,-1.4628380436640394,0,0.0,0.0,1.0,1.0
-0.6712804094303886,1.378250866752036,0.7580882497621111,2,1,0,1.7143871099990076,1,0.0,1.0,0.0,1.0
1.183651778543096,-1.0372390078178362,0.991952268445454,1,1,1,-0.1387540486922891,1,1.0,0.0,0.0,1.0
0.012115659823000443,-0.6921690257364259,0.3865173254399102,3,1,1,-0.4694011587058231,4,0.0,1.0,0.0,0.0
0.3049996895030243,-0.6921690257364259,-1.2251371051984103,2,1,1,1.3313447631102995,4,1.0,0.0,0.0,0.0
0.003935819113316791,-1.7273789719806567,0.30985633473323415,1,1,0,1.7245436228750537,1,1.0,0.0,0.0,0.0
-0.6712804094303886,-1.0372390078178362,-1.2251371051984103,2,0,1,-0.39005704547133224,2,1.0,0.0,0.0,1.0
-0.3783963797503647,1.0331808846706256,0.712081670292111,1,0,0,-0.26030469164387865,0,1.0,0.0,0.0,1.0
0.4026276993963656,1.0331808846706256,-1.2251371051984103,1,0,1,0.07848043677404569,0,1.0,0.0,0.0,0.0
-0.2807683698570234,-0.002029061573605259,0.020543787478093958,1,0,0,-0.009980923107960487,4,0.0,1.0,0.0,0.0
3.7219800357699695,0.34304092050780505,0.06981486892460102,2,1,1,-0.7752779881261118,2,1.0,0.0,0.0,1.0
-0.7689084193237299,-0.34709904365501554,-1.2251371051984103,2,1,1,-1.3701620172065492,0,0.0,0.0,1.0,1.0
-1.159420458897095,-0.6921690257364259,-1.2251371051984103,2,1,1,-1.404956379061656,1,1.0,0.0,0.0,1.0
0.10974366971634174,-1.3823089898992464,-1.2251371051984103,2,0,0,0.25436789284188743,0,1.0,0.0,0.0,1.0
-0.2807683698570234,-0.34709904365501554,0.8963478532994473,2,1,0,-0.2794566349651678,2,0.0,1.0,0.0,1.0
-1.159420458897095,-1.3823089898992464,0.9714987658162156,1,0,1,0.26718870008478063,4,0.0,0.0,1.0,1.0
-0.3783963797503647,0.34304092050780505,0.9490346525632432,1,1,1,-0.2290165481364679,3,1.0,0.0,0.0,1.0
-0.08551235007034085,-0.002029061573605259,0.9061165566307442,1,0,0,0.4700109366371046,3,1.0,0.0,0.0,0.0
0.012115659823000443,-0.34709904365501554,-1.2251371051984103,2,1,0,0.9509390409082072,3,1.0,0.0,0.0,1.0
-0.08551235007034085,-1.0372390078178362,0.5799147049958169,1,1,0,1.3791738066548604,4,0.0,0.0,1.0,0.0
1.183651778543096,-0.6921690257364259,-1.2251371051984103,3,1,0,-0.4401840646601916,1,0.0,0.0,1.0,0.0
-0.6712804094303886,-0.34709904365501554,-1.2251371051984103,2,0,0,0.2526746476302993,4,1.0,0.0,0.0,0.0
-0.476024389643706,1.0331808846706256,1.9628630972807157,1,0,0,-0.5616290755620964,4,0.0,0.0,1.0,1.0
1.8670478477964851,1.378250866752036,0.5242885578173864,1,1,1,-1.68020043614276,3,0.0,0.0,1.0,1.0
0.5002557092897069,-0.6921690257364259,0.6222732223090401,2,0,0,-0.5768031978097486,0,1.0,0.0,0.0,1.0
-0.08551235007034085,0.6881109025892154,-1.2251371051984103,2,1,0,-1.0801823762059735,3,1.0,0.0,0.0,1.0
-0.9641644391104125,-0.002029061573605259,-1.2251371051984103,2,1,1,-1.6290148341561523,3,1.0,0.0,0.0,1.0
0.4026276993963656,1.378250866752036,-1.2251371051984103,1,1,0,0.058248679831183404,0,1.0,0.0,0.0,0.0
0.012115659823000443,0.6881109025892154,0.19965055000464432,2,1,1,0.8067591241298856,0,0.0,0.0,1.0,1.0
1.5741638181164612,0.34304092050780505,-0.5117492534667883,3,0,1,-0.5714864426499904,1,1.0,0.0,0.0,0.0
-0.7689084193237299,-1.3823089898992464,0.6769968749456589,1,1,0,0.02305215048543121,4,1.0,0.0,0.0,1.0
-0.8665364292170712,1.0331808846706256,1.0436975290773316,2,1,1,0.1619473323628776,2,0.0,1.0,0.0,1.0
0.6955117290763895,-1.0372390078178362,-1.2251371051984103,3,1,0,-0.19718684459838273,2,1.0,0.0,0.0,0.0
0.10974366971634174,0.34304092050780505,1.1557620685218226,1,0,1,-0.366315763740998,0,1.0,0.0,0.0,1.0
2.159931877476509,0.34304092050780505,-1.2251371051984103,2,1,1,0.5793766529216635,2,1.0,0.0,0.0,0.0
0.5978837191830482,1.378250866752036,0.8767678821779659,3,1,0,1.6534948449690308,0,0.0,0.0,1.0,0.0
0.012115659823000443,-0.002029061573605259,-1.2251371051984103,2,0,0,1.185831829032824,1,1.0,0.0,0.0,1.0
-0.476024389643706,0.6881109025892154,-1.2251371051984103,2,1,1,1.5261659374742165,1,1.0,0.0,0.0,1.0
-0.476024389643706,1.378250866752036,-1.2251371051984103,2,1,0,0.6566620723377483,2,1.0,0.0,0.0,0.0
-1.3546764786837777,-0.002029061573605259,0.1019115112437854,2,1,1,0.4871664864262931,3,0.0,0.0,1.0,0.0
-0.8665364292170712,-0.002029061573605259,-1.2251371051984103,2,0,0,1.3693368002750599,2,0.0,0.0,1.0,0.0
0.012115659823000443,1.378250866752036,-1.2251371051984103,2,1,1,0.07571729726021222,1,1.0,0.0,0.0,1.0
-0.9641644391104125,1.378250866752036,1.0998117273820962,2,1,0,0.8197290692089897,0,0.0,1.0,0.0,1.0
-0.18314035996368214,0.34304092050780505,0.6638734201836736,1,0,1,-0.8366750943029347,4,0.0,1.0,0.0,1.0
-1.2570484687904364,-0.34709904365501554,0.3313155427162466,2,1,0,-1.0619440544017282,3,0.0,1.0,0.0,1.0
0.10974366971634174,-0.34709904365501554,0.4515862218039513,1,1,0,0.6053261143529072,4,0.0,0.0,1.0,1.0
0.20737167960968303,0.34304092050780505,-1.2251371051984103,1,0,1,0.21240673576079502,1,1.0,0.0,0.0,1.0
0.8907677488630721,0.6881109025892154,0.0005125690857072053,2,0,0,0.46491345064143696,1,0.0,1.0,0.0,0.0
-1.0617924490037538,1.378250866752036,0.0949714242273116,2,0,0,-1.0431271056366884,3,0.0,1.0,0.0,0.0
-0.5736523995370473,-1.3823089898992464,0.9856994534249165,1,1,0,-0.2604602683364953,1,1.0,0.0,0.0,0.0
0.20737167960968303,-1.3823089898992464,-1.2251371051984103,2,1,0,-0.07499892888576176,1,1.0,0.0,0.0,0.0
-1.0617924490037538,-0.002029061573605259,0.7276178578025775,3,0,1,0.8054469896082642,2,0.0,1.0,0.0,0.0
0.5002557092897069,-1.0372390078178362,-1.2251371051984103,1,0,1,1.2658041658247488,1,1.0,0.0,0.0,0.0
-0.9641644391104125,1.0331808846706256,0.9878457582634484,2,1,0,0.7082042477507229,2,0.0,0.0,1.0,0.0
-0.7689084193237299,-0.002029061573605259,-1.2251371051984103,1,1,0,-1.1274324447434476,3,0.0,0.0,1.0,1.0
-0.5736523995370473,1.378250866752036,0.8833352901540357,1,1,0,0.32024661710031743,1,1.0,0.0,0.0,1.0
0.20737167960968303,0.6881109025892154,-1.2251371051984103,1,1,1,0.661546205956293,3,0.0,0.0,1.0,0.0
-0.18314035996368214,-0.6921690257364259,-1.2251371051984103,2,1,0,-0.16171622879751757,2,0.0,0.0,1.0,0.0
-0.7689084193237299,-0.34709904365501554,1.5827914424551104,1,1,1,1.26085633973473,4,1.0,0.0,0.0,1.0
-0.9641644391104125,-1.7273789719806567,0.9923326282904692,1,1,0,1.6181274248938051,2,0.0,1.0,0.0,0.0
1.7694198379031438,-0.002029061573605259,0.16010800768198874,1,0,1,0.05709316614105513,1,0.0,1.0,0.0,0.0
0.003935819113316791,-1.0372390078178362,1.3993215028591315,1,1,0,1.7235405534609125,4,0.0,1.0,0.0,0.0
-1.0617924490037538,1.378250866752036,1.2467304780179422,2,0,1,0.016034667118802182,3,0.0,1.0,0.0,1.0
-0.6712804094303886,1.7233208488334462,-1.2251371051984103,2,1,0,-0.6869048579791801,3,1.0,0.0,0.0,0.0
-0.18314035996368214,1.378250866752036,0.9475122530826054,3,1,0,-0.2594525002974091,4,0.0,1.0,0.0,1.0
0.5978837191830482,-0.34709904365501554,-1.2251371051984103,2,0,0,-1.1082150687192234,1,0.0,0.0,1.0,1.0
-1.2570484687904364,1.0331808846706256,0.7203716587189964,2,1,1,0.4642852270840027,4,0.0,1.0,0.0,1.0
-0.6712804094303886,-0.002029061573605259,-1.2251371051984103,2,1,0,-0.269867089499127,0,1.0,0.0,0.0,1.0
1.6717918280098025,-1.0372390078178362,2.13149148213325,2,1,1,0.8755955457794933,2,0.0,0.0,1.0,0.0
0.003935819113316791,-0.6921690257364259,-1.2251371051984103,2,1,1,1.5244545938554332,4,1.0,0.0,0.0,0.0
-1.159420458897095,1.378250866752036,0.47767439469929107,2,0,0,-0.39814268290874544,1,1.0,0.0,0.0,0.0
-0.7689084193237299,1.378250866752036,-1.2251371051984103,2,0,1,0.6924177380519313,4,1.0,0.0,0.0,1.0
0.10974366971634174,1.0331808846706256,-0.1345334178056711,1,1,0,-0.09576284860940926,4,1.0,0.0,0.0,1.0
0.7931397389697308,-1.3823089898992464,0.8736563562266316,1,1,0,1.6891584524389254,4,0.0,1.0,0.0,0.0
-1.5499324984704603,1.378250866752036,-1.2251371051984103,1,1,0,-1.4023794443141533,4,1.0,0.0,0.0,1.0
-0.08551235007034085,1.378250866752036,-1.2251371051984103,2,1,1,1.0119083981919077,3,0.0,0.0,1.0,0.0
0.4026276993963656,1.378250866752036,-1.2251371051984103,2,1,0,0.1293296520192352,3,0.0,0.0,1.0,1.0
0.10974366971634174,0.34304092050780505,0.8740375161554607,1,1,1,-0.8799290693364312,4,1.0,0.0,0.0,0.0
-0.7689084193237299,1.378250866752036,0.4364409552448404,1,1,1,0.8673066493074306,1,0.0,1.0,0.0,1.0
-0.5736523995370473,0.6881109025892154,1.0304110172341219,1,0,0,-1.6857509043877357,4,1.0,0.0,0.0,1.0
0.5978837191830482,0.6881109025892154,-1.2251371051984103,2,1,1,-0.5490049144743003,3,1.0,0.0,0.0,0.0
3.3314679961966043,-1.7273789719806567,1.1163838634144936,1,0,1,-0.9878225498049537,2,1.0,0.0,0.0,1.0
0.20737167960968303,-0.6921690257364259,0.19253028411333376,1,1,0,1.3681414352844745,1,0.0,1.0,0.0,0.0
-0.7689084193237299,-0.34709904365501554,-1.2251371051984103,2,1,0,-0.8154637610706551,0,1.0,0.0,0.0,1.0
-1.0617924490037538,-1.3823089898992464,0.7672477692776851,1,0,0,0.2415206340807867,2,0.0,1.0,0.0,0.0
-0.8665364292170712,1.0331808846706256,-1.2251371051984103,2,1,0,0.49590210031440324,1,1.0,0.0,0.0,0.0
-0.18314035996368214,1.378250866752036,-0.07642637073783522,2,1,1,-0.5680940354398464,2,1.0,0.0,0.0,0.0
2.4528159071565327,-1.0372390078178362,1.587235427989719,2,1,1,-0.6901432547050226,0,0.0,1.0,0.0,0.0
-0.6712804094303886,0.6881109025892154,-1.2251371051984103,1,1,0,-1.2456961385114316,2,0.0,0.0,1.0,0.0
-0.6712804094303886,-1.3823089898992464,0.5104951128698401,2,1,0,-0.6930835497815896,4,0.0,1.0,0.0,0.0
0.3049996895030243,1.378250866752036,0.5880305951848495,1,1,1,1.702193830220964,4,1.0,0.0,0.0,0.0
-1.159420458897095,-0.002029061573605259,0.41116406733655486,2,1,0,1.6410742909621765,1,1.0,0.0,0.0,0.0
-1.6475605083638016,-0.6921690257364259,0.7219759867821532,1,1,0,0.4918558881443477,4,0.0,0.0,1.0,1.0
-0.5736523995370473,-0.34709904365501554,1.0151351769966213,1,1,0,0.40433025071894063,0,0.0,1.0,0.0,0.0
-0.08551235007034085,1.7233208488334462,0.1312416237520864,1,1,1,1.076757253471696,0,1.0,0.0,0.0,0.0
-0.2807683698570234,-1.3823089898992464,-1.2251371051984103,2,0,1,0.1391887593385906,3,0.0,0.0,1.0,1.0
0.6955117290763895,1.378250866752036,1.3583340091690008,1,1,1,-0.05949033415129826,1,0.0,1.0,0.0,1.0
0.7931397389697308,0.34304092050780505,0.42564942476615686,1,1,0,-1.4638807903554922,0,0.0,1.0,0.0,0.0
-1.0617924490037538,0.6881109025892154,-1.2251371051984103,2,0,1,0.8130568477642302,0,1.0,0.0,0.0,0.0
1.3789077983297786,1.7233208488334462,-1.2251371051984103,1,1,1,0.9443084109953668,1,0.0,0.0,1.0,1.0
-0.476024389643706,-0.002029061573605259,-0.20640750705520247,1,0,1,1.1729986661465575,0,0.0,1.0,0.0,0.0
-0.7689084193237299,0.34304092050780505,-1.2251371051984103,2,1,1,-1.4710717747987867,2,1.0,0.0,0.0,0.0
1.47653580822312,-0.34709904365501554,0.6728953252832981,2,1,1,1.2568315324116452,1,0.0,1.0,0.0,1.0
-0.5736523995370473,-1.3823089898992464,1.0574288875209377,1,0,0,-0.5437678619154576,4,1.0,0.0,0.0,1.0
0.3049996895030243,1.378250866752036,1.2275900729436875,1,1,1,0.8867772290092357,0,0.0,1.0,0.0,1.0
-0.8665364292170712,0.34304092050780505,0.37159464219776006,2,0,0,1.6855620901015476,4,0.0,1.0,0.0,1.0
-1.2570484687904364,1.0331808846706256,0.5826133876993016,1,1,0,0.7767016723117199,0,1.0,0.0,0.0,1.0
-0.6712804094303886,-0.6921690257364259,0.7511103987896324,1,1,1,-0.53168821925182,0,1.0,0.0,0.0,0.0
-1.0617924490037538,1.378250866752036,-1.2251371051984103,2,1,0,1.486886477074581,4,1.0,0.0,0.0,0.0
0.003935819113316791,-1.0372390078178362,-1.2251371051984103,1,0,0,1.5902851137023928,0,0.0,0.0,1.0,0.0
-0.5736523995370473,0.6881109025892154,-1.2251371051984103,2,1,0,0.38713450158300217,0,1.0,0.0,0.0,0.0
-1.3546764786837777,1.0331808846706256,0.7981562871335803,1,1,0,0.37458325619342386,3,1.0,0.0,0.0,0.0
-0.9641644391104125,-0.002029061573605259,0.1100904480373344,1,0,1,1.33367615119865,0,1.0,0.0,0.0,1.0
0.003935819113316791,-0.002029061573605259,-1.2251371051984103,2,0,1,-0.09084704277827363,1,0.0,0.0,1.0,1.0
-0.6712804094303886,0.6881109025892154,1.5825946218369495,3,1,0,0.2795314657453269,3,1.0,0.0,0.0,1.0
0.4026276993963656,-0.002029061573605259,-1.2251371051984103,2,0,0,0.08301373973004535,1,0.0,0.0,1.0,0.0
1.183651778543096,-1.3823089898992464,0.17948731778300323,1,0,1,-1.1083955307217328,4,0.0,1.0,0.0,0.0
1.0860237686497547,-0.34709904365501554,0.5774659684757205,1,0,0,1.148669186182393,2,0.0,1.0,0.0,0.0
-1.452304488577119,-1.3823089898992464,0.6324066038426048,1,1,0,-0.18524468022016713,0,1.0,0.0,0.0,1.0
-0.6712804094303886,-0.002029061573605259,1.3336075789245154,1,1,0,0.8428221147200882,4,0.0,1.0,0.0,1.0
0.012115659823000443,-0.002029061573605259,-1.2251371051984103,2,1,1,1.3024691024773234,0,0.0,0.0,1.0,0.0
-0.476024389643706,0.6881109025892154,-1.2251371051984103,2,1,1,1.7156985484280445,2,1.0,0.0,0.0,0.0
-0.476024389643706,1.0331808846706256,-1.2251371051984103,1,1,1,-0.4153770651831187,3,0.0,0.0,1.0,1.0
-0.3783963797503647,-0.6921690257364259,1.5717982908553836,1,1,1,-1.7363885074872631,4,1.0,0.0,0.0,1.0
0.4026276993963656,0.6881109025892154,-1.2251371051984103,2,1,0,0.5345026964210884,3,1.0,0.0,0.0,0.0
2.159931877476509,-1.7273789719806567,0.7781761140885053,1,1,1,0.15622057867089917,0,0.0,1.0,0.0,0.0
-0.3783963797503647,-0.34709904365501554,0.5055320329569273,1,1,0,0.08750336287637284,1,1.0,0.0,0.0,0.0
-0.7689084193237299,0.6881109025892154,0.7046551323169303,2,1,1,-0.9434854547101081,1,0.0,1.0,0.0,0.0
1.0860237686497547,-0.002029061573605259,0.8639538998351056,3,1,0,1.4683836400882584,1,0.0,0.0,1.0,0.0
-0.18314035996368214,1.0331808846706256,1.1591272210420887,2,1,1,-1.3731663528008824,3,0.0,1.0,0.0,0.0
-0.7689084193237299,-1.0372390078178362,-0.6400044489813224,1,1,0,0.05682638865807822,2,0.0,0.0,1.0,0.0
-0.6712804094303886,-1.3823089898992464,0.43905930953343325,1,0,1,-1.1091692376293096,2,1.0,0.0,0.0,0.0
0.5978837191830482,-0.34709904365501554,-1.2251371051984103,2,1,1,-1.2841162726156075,3,0.0,0.0,1.0,0.0
0.012115659823000443,1.378250866752036,0.9047327316666333,1,1,0,-1.2761651550701325,4,1.0,0.0,0.0,0.0
-0.2807683698570234,-1.3823089898992464,-1.2251371051984103,2,1,0,0.028572164679838422,2,0.0,0.0,1.0,0.0
0.5002557092897069,0.6881109025892154,-1.2251371051984103,1,0,1,-1.6263580227845882,3,0.0,0.0,1.0,1.0
-0.7689084193237299,-1.0372390078178362,0.6774534027697348,2,0,0,-1.0262174505529444,0,0.0,0.0,1.0,1.0
-0.7689084193237299,-1.7273789719806567,-1.2251371051984103,2,0,0,1.3760728882144397,0,0.0,0.0,1.0,0.0
-0.476024389643706,1.0331808846706256,0.8460133004478196,2,0,0,-1.0832551028967254,4,1.0,0.0,0.0,1.0
0.012115659823000443,-1.0372390078178362,0.7223360244983015,2,1,0,-0.7800279498990104,1,0.0,1.0,0.0,1.0
0.3049996895030243,0.34304092050780505,-1.2251371051984103,2,0,0,0.36125882596570696,2,1.0,0.0,0.0,0.0
0.5002557092897069,0.34304092050780505,0.6745156550227278,1,1,0,0.5779583642809188,1,0.0,1.0,0.0,0.0
-1.0617924490037538,1.0331808846706256,-1.2251371051984103,2,1,1,1.7320487190970653,1,1.0,0.0,0.0,1.0
-0.18314035996368214,0.6881109025892154,-1.2251371051984103,2,1,0,-0.5497321572018676,2,0.0,0.0,1.0,1.0
1.7694198379031438,1.378250866752036,0.2997488759152323,1,1,0,-1.2520110904372403,4,0.0,1.0,0.0,1.0
0.20737167960968303,0.6881109025892154,0.5271853412731339,1,0,0,-0.23672629557829716,4,0.0,0.0,1.0,0.0
-0.8665364292170712,-1.0372390078178362,0.82937075703982,1,1,1,1.395907872384186,3,0.0,0.0,1.0,1.0
-0.476024389643706,-0.34709904365501554,1.1852802007263346,1,1,1,-0.48908665699306614,1,0.0,1.0,0.0,0.0
0.012115659823000443,0.6881109025892154,0.7723275014106303,2,1,1,0.4182045940883451,4,0.0,1.0,0.0,1.0
-1.159420458897095,-0.34709904365501554,0.9671514304062977,1,1,0,-1.3769663222192012,1,1.0,0.0,0.0,1.0
0.4026276993963656,-1.7273789719806567,0.7561242040163316,1,1,1,-0.3813811215223355,0,1.0,0.0,0.0,0.0
-0.6712804094303886,-0.34709904365501554,0.43128265488139367,2,1,1,1.3442043775147734,4,0.0,0.0,1.0,0.0
0.012115659823000443,-1.3823089898992464,-1.2251371051984103,3,1,0,1.2300039501851634,0,1.0,0.0,0.0,1.0
0.10974366971634174,-1.0372390078178362,0.4586050370676895,2,1,0,-0.11457109621714376,1,0.0,1.0,0.0,0.0
-0.5736523995370473,-1.3823089898992464,-0.3276880519325125,2,0,0,1.3646651489179082,0,0.0,0.0,1.0,1.0
0.4026276993963656,1.378250866752036,1.799604234918435,2,1,1,-0.7705687477694013,2,1.0,0.0,0.0,1.0
0.3049996895030243,-1.7273789719806567,1.0852860457282858,1,1,1,-1.355334549065935,1,0.0,1.0,0.0,1.0
-1.159420458897095,-0.34709904365501554,-1.2251371051984103,2,0,0,1.5642884919985551,1,1.0,0.0,0.0,0.0
-0.08551235007034085,-0.6921690257364259,-1.2251371051984103,2,1,0,-0.9766854165006132,3,0.0,0.0,1.0,0.0
-0.18314035996368214,-1.0372390078178362,-1.2251371051984103,2,1,1,0.458429870287054,0,1.0,0.0,0.0,1.0
-1.452304488577119,1.0331808846706256,1.2763310188552612,1,1,1,0.43508379512152096,0,1.0,0.0,0.0,1.0
-0.7689084193237299,-1.3823089898992464,0.594141475336843,1,0,0,-0.3059890739358585,0,0.0,0.0,1.0,0.0
0.003935819113316791,1.378250866752036,-1.2251371051984103,1,1,0,-1.4056606507339373,4,1.0,0.0,0.0,0.0
0.3049996895030243,0.34304092050780505,-1.2251371051984103,2,1,1,0.10124510060844642,4,1.0,0.0,0.0,1.0
0.7931397389697308,-0.6921690257364259,0.6395086278229637,1,0,0,0.7887539933414195,0,0.0,0.0,1.0,1.0
1.3789077983297786,-1.0372390078178362,-0.49750440123157347,1,1,1,-1.0323717791148994,0,1.0,0.0,0.0,0.0
-0.7689084193237299,-1.0372390078178362,-1.2251371051984103,2,1,0,1.2679498712162065,4,1.0,0.0,0.0,1.0
-1.5499324984704603,1.7233208488334462,-1.2251371051984103,2,1,1,-0.3592760054116677,3,1.0,0.0,0.0,0.0
0.012115659823000443,-1.3823089898992464,0.4470718288937405,1,1,0,-1.3874315521564353,2,0.0,1.0,0.0,0.0
0.8907677488630721,-1.3823089898992464,0.5606390857570532,1,0,1,0.6198017076920993,2,0.0,1.0,0.0,1.0
-1.0617924490037538,-0.34709904365501554,0.9618841586274304,2,0,0,-1.654973170767847,4,1.0,0.0,0.0,0.0
-0.3783963797503647,-0.6921690257364259,-0.31825042328330905,1,1,0,-1.433813767264291,3,0.0,0.0,1.0,0.0
-0.6712804094303886,-1.3823089898992464,0.757570115484383,3,1,1,0.4709812896997786,3,0.0,1.0,0.0,1.0
-0.08551235007034085,0.34304092050780505,0.37203628846290204,2,1,1,1.0089590539117432,2,0.0,1.0,0.0,1.0
0.20737167960968303,1.0331808846706256,0.7454934903841941,2,1,0,-0.5264478602532014,0,0.0,1.0,0.0,0.0
-0.5736523995370473,1.0331808846706256,0.8536027354874621,1,0,1,-1.1188917367789735,3,1.0,0.0,0.0,1.0
0.3049996895030243,-0.34709904365501554,-1.2251371051984103,2,1,1,-0.32954641320076106,4,1.0,0.0,0.0,1.0
0.003935819113316791,-1.0372390078178362,1.3009958426460946,1,1,1,-1.4164337276166288,4,1.0,0.0,0.0,0.0
-0.9641644391104125,-0.34709904365501554,-1.2251371051984103,2,0,0,0.6700014685560302,3,0.0,0.0,1.0,0.0
1.5741638181164612,1.378250866752036,1.656368270076879,1,1,1,-0.004382250451514363,3,0.0,1.0,0.0,0.0
0.7931397389697308,0.34304092050780505,-1.2251371051984103,1,0,0,1.6465863000918628,0,1.0,0.0,0.0,0.0
-1.159420458897095,-1.3823089898992464,0.7359057660115476,2,1,0,-0.5702420031322034,3,0.0,1.0,0.0,1.0
0.012115659823000443,-1.7273789719806567,0.4452223551500776,1,1,0,0.09583872352844486,4,1.0,0.0,0.0,0.0
3.233839986303263,1.378250866752036,-1.2251371051984103,1,0,1,-0.5316429732338331,3,1.0,0.0,0.0,0.0
0.20737167960968303,1.378250866752036,-1.2251371051984103,2,1,0,-1.642994983598388,1,1.0,0.0,0.0,1.0
0.4026276993963656,-0.6921690257364259,-1.2251371051984103,2,0,1,1.7250218384805465,0,0.0,0.0,1.0,0.0
-0.7689084193237299,1.0331808846706256,0.336444079961825,1,0,0,0.4147145598932367,0,1.0,0.0,0.0,0.0
2.0623038675831675,1.0331808846706256,0.9230906547711258,3,0,0,0.9165212651412691,4,0.0,1.0,0.0,1.0
0.3049996895030243,1.0331808846706256,1.4421170259513774,2,1,1,-0.7842530578632606,3,0.0,1.0,0.0,1.0
-0.08551235007034085,-0.34709904365501554,0.5707371035860539,1,1,0,-1.4559197534906894,0,1.0,0.0,0.0,1.0
-0.476024389643706,1.378250866752036,-1.2251371051984103,2,1,0,1.068871742652302,2,1.0,0.0,0.0,1.0
1.183651778543096,-0.6921690257364259,0.36197155412054954,1,1,1,-1.243522067347159,4,0.0,1.0,0.0,1.0
-0.3783963797503647,-1.0372390078178362,1.7123360530437433,1,1,1,-0.5981659311791386,0,1.0,0.0,0.0,0.0
-0.6712804094303886,1.0331808846706256,1.934182972862634,1,1,1,-0.8295479763542605,2,0.0,0.0,1.0,1.0
-0.3783963797503647,-1.3823089898992464,0.42327749629217204,2,1,1,0.6737234756048948,2,1.0,0.0,0.0,0.0
0.003935819113316791,-0.34709904365501554,-1.2251371051984103,2,1,1,0.721208823435901,1,1.0,0.0,0.0,1.0
0.003935819113316791,-1.3823089898992464,0.31860205090038207,1,0,0,-1.6430783406853713,0,1.0,0.0,0.0,1.0
-0.476024389643706,1.0331808846706256,-1.2251371051984103,2,0,0,-0.9069971515508287,3,1.0,0.0,0.0,1.0
-1.8428165281504842,-0.6921690257364259,1.4193155973625644,1,1,1,-1.0224338393103591,3,0.0,0.0,1.0,1.0
0.5978837191830482,-1.7273789719806567,-1.2251371051984103,1,0,0,-0.2735003447434787,0,1.0,0.0,0.0,1.0
-0.9641644391104125,0.6881109025892154,0.8642859346177757,1,0,1,1.2747238962014367,1,0.0,1.0,0.0,1.0
1.2812797884364373,0.6881109025892154,-1.2251371051984103,2,0,1,0.3831869605367874,3,0.0,0.0,1.0,0.0
-0.18314035996368214,1.0331808846706256,1.1523938756830652,1,1,0,-1.134637002992138,3,1.0,0.0,0.0,0.0
2.3551878972631917,-0.34709904365501554,0.4347134142743796,2,1,1,-0.34991651854477596,4,1.0,0.0,0.0,1.0
-0.8665364292170712,1.7233208488334462,0.9116803394709553,2,1,0,0.9608550537963383,3,0.0,1.0,0.0,0.0
0.10974366971634174,-1.3823089898992464,0.15702832506643785,1,0,1,0.6332289855991637,1,0.0,0.0,1.0,0.0
0.7931397389697308,-1.0372390078178362,-1.2251371051984103,1,1,0,-1.1369377630067743,2,1.0,0.0,0.0,1.0
-0.5736523995370473,-0.6921690257364259,-1.2251371051984103,2,1,1,-1.55264042590992,4,1.0,0.0,0.0,0.0
-0.3783963797503647,0.34304092050780505,-1.2251371051984103,2,1,1,-1.0237762538594026,2,0.0,0.0,1.0,0.0
-1.8428165281504842,1.0331808846706256,-1.2251371051984103,2,1,1,-1.5316024197311595,3,0.0,0.0,1.0,1.0
0.003935819113316791,1.378250866752036,1.2695853522055076,2,1,1,-0.5084902377836212,2,0.0,1.0,0.0,0.0
1.0860237686497547,0.6881109025892154,-1.2251371051984103,2,0,1,1.35876106564005,4,0.0,0.0,1.0,1.0
0.6955117290763895,-0.34709904365501554,0.5930682429091957,1,0,0,-0.13316442523944044,0,0.0,1.0,0.0,1.0
-0.6712804094303886,1.378250866752036,-1.2251371051984103,2,1,1,-1.3119189065297086,3,1.0,0.0,0.0,0.0
0.20737167960968303,-0.002029061573605259,-1.2251371051984103,2,0,1,-0.1299058418286499,4,0.0,0.0,1.0,0.0
-0.18314035996368214,-0.002029061573605259,0.47829782000689697,2,0,1,0.47044495036348705,4,0.0,1.0,0.0,0.0
-1.2570484687904364,-0.002029061573605259,1.0384941039867945,1,1,0,-1.739175662195259,2,1.0,0.0,0.0,1.0
0.10974366971634174,0.34304092050780505,1.3912195341284568,1,0,0,-0.17324769855092872,3,1.0,0.0,0.0,1.0
0.10974366971634174,0.34304092050780505,0.6870932926070323,2,1,0,-0.932843939325871,1,1.0,0.0,0.0,1.0
-0.18314035996368214,0.6881109025892154,1.4294805021983872,2,1,1,-0.5812695018544985,4,1.0,0.0,0.0,1.0
-0.2807683698570234,-1.3823089898992464,-1.2251371051984103,2,0,1,0.36764269105737263,2,1.0,0.0,0.0,1.0
-0.6712804094303886,0.6881109025892154,-1.2251371051984103,2,1,0,-0.18896790543105432,4,0.0,0.0,1.0,0.0
0.5002557092897069,-1.0372390078178362,-1.2251371051984103,2,1,1,-0.7261516020273482,2,1.0,0.0,0.0,0.0
-0.8665364292170712,1.7233208488334462,1.5939345297615173,1,1,0,-0.0580229709833523,1,1.0,0.0,0.0,0.0
-0.6712804094303886,-1.7273789719806567,-1.2251371051984103,2,1,1,0.6638227767536209,3,0.0,0.0,1.0,0.0
-0.2807683698570234,-1.0372390078178362,1.4080659388921777,1,0,1,-0.31398648163819703,3,0.0,0.0,1.0,0.0
-0.6712804094303886,0.6881109025892154,0.8206672852980338,1,1,0,-1.4719022132519932,1,1.0,0.0,0.0,0.0
0.20737167960968303,-0.34709904365501554,0.847940222304645,2,1,0,1.517834579354505,3,1.0,0.0,0.0,0.0
-0.6712804094303886,-0.6921690257364259,0.45275370410484816,2,1,0,0.23963457122331566,3,0.0,1.0,0.0,0.0
0.003935819113316791,1.378250866752036,0.5016988314056688,2,1,1,-0.6426213620133345,1,0.0,1.0,0.0,1.0
2.6480719269432154,0.34304092050780505,0.9413668093098618,2,1,1,1.2611897680826647,0,0.0,1.0,0.0,0.0
-0.7689084193237299,-1.0372390078178362,-1.2251371051984103,2,1,1,-0.14656472955885852,1,1.0,0.0,0.0,1.0
1.0860237686497547,-0.002029061573605259,0.5252526588128501,1,1,0,0.9630722827008448,0,0.0,1.0,0.0,1.0
0.003935819113316791,0.6881109025892154,1.0128450170883931,1,1,1,0.13961894455575855,2,1.0,0.0,0.0,0.0
2.4528159071565327,-1.3823089898992464,-1.2251371051984103,2,1,0,1.6576708784060799,1,1.0,0.0,0.0,1.0
-0.2807683698570234,-1.0372390078178362,-1.2251371051984103,2,1,1,0.8052499954068748,2,0.0,0.0,1.0,0.0
0.20737167960968303,-0.6921690257364259,-1.2251371051984103,2,1,1,1.6248200070466587,3,1.0,0.0,0.0,1.0
0.003935819113316791,-0.6921690257364259,0.8670356626685721,1,1,0,0.7561307442571019,4,1.0,0.0,0.0,1.0
-0.3783963797503647,-1.0372390078178362,1.0311867784998494,1,1,1,-0.6955983582659332,3,1.0,0.0,0.0,1.0
-0.2807683698570234,1.7233208488334462,0.5291722694159843,1,1,1,-1.4658039201430835,4,0.0,0.0,1.0,1.0
-0.8665364292170712,0.34304092050780505,0.4359164202966031,1,1,1,0.4408180318087817,0,1.0,0.0,0.0,1.0
0.10974366971634174,1.378250866752036,-1.2251371051984103,2,1,0,1.4242856527961594,3,0.0,0.0,1.0,0.0
3.0385839665165806,-1.3823089898992464,0.3261866854371426,3,1,0,-0.6629679742326253,4,0.0,1.0,0.0,0.0
-0.476024389643706,1.0331808846706256,0.9180640482034079,2,1,0,-0.15696435277001178,3,1.0,0.0,0.0,1.0
0.012115659823000443,-0.6921690257364259,0.7678555129425436,2,1,1,0.34805655998655466,4,0.0,1.0,0.0,1.0
-0.2807683698570234,-1.0372390078178362,-1.2251371051984103,2,1,0,0.14637817757356983,3,1.0,0.0,0.0,1.0
-0.476024389643706,-0.002029061573605259,-1.2251371051984103,2,1,1,0.43286395586982307,0,1.0,0.0,0.0,0.0
-0.476024389643706,-1.0372390078178362,-1.2251371051984103,2,1,1,-0.28446136662396215,1,1.0,0.0,0.0,0.0
-0.6712804094303886,0.6881109025892154,0.6713881273951201,1,0,0,-1.6804379777371918,1,1.0,0.0,0.0,1.0
-0.6712804094303886,-0.002029061573605259,1.3885786174763184,2,1,1,-0.45183943889362876,2,0.0,0.0,1.0,1.0
-0.3783963797503647,-0.6921690257364259,0.6846579974950054,3,1,1,-0.9269403781174512,4,0.0,0.0,1.0,0.0
-0.476024389643706,1.7233208488334462,0.8067517475605224,1,0,0,-1.1060258575412396,4,0.0,1.0,0.0,1.0
-1.159420458897095,-1.0372390078178362,-1.2251371051984103,2,0,0,-1.2903866746160135,3,1.0,0.0,0.0,1.0
0.20737167960968303,-1.3823089898992464,0.9219207722187879,1,0,0,1.3421905816680622,3,0.0,0.0,1.0,0.0
-0.3783963797503647,0.6881109025892154,0.9169786545017928,1,1,1,-1.2719948643969048,0,0.0,0.0,1.0,0.0
0.10974366971634174,1.378250866752036,-1.2251371051984103,1,1,1,0.8565943065027296,1,1.0,0.0,0.0,1.0
1.5741638181164612,-0.34709904365501554,1.1238899297207523,1,1,1,-0.4564585352606574,0,1.0,0.0,0.0,1.0
-0.18314035996368214,-1.0372390078178362,0.33222459794533016,1,1,0,-1.341504407575641,2,1.0,0.0,0.0,1.0
0.5978837191830482,0.6881109025892154,-0.3078083694144334,1,0,1,-0.9228539666006458,2,1.0,0.0,0.0,0.0
-0.7689084193237299,0.6881109025892154,-1.2251371051984103,2,0,1,-0.8979780539577157,1,1.0,0.0,0.0,0.0
-0.2807683698570234,-0.6921690257364259,-1.2251371051984103,2,0,0,-1.2940350698740763,0,1.0,0.0,0.0,0.0
-0.9641644391104125,1.0331808846706256,-1.2251371051984103,2,1,0,1.5798962799262979,3,1.0,0.0,0.0,1.0
-0.3783963797503647,-0.6921690257364259,-1.2251371051984103,2,1,1,-1.1160064330165753,2,1.0,0.0,0.0,1.0
0.20737167960968303,-0.34709904365501554,-0.6071971722188427,1,1,1,0.07826290784141615,2,1.0,0.0,0.0,0.0
0.012115659823000443,1.0331808846706256,-0.39134848075098183,2,1,1,0.13199359833978963,2,0.0,1.0,0.0,1.0
2.843327946729898,-0.002029061573605259,0.09575502631441295,2,1,1,0.8016981829949,1,1.0,0.0,0.0,1.0
-0.2807683698570234,-1.7273789719806567,-1.2251371051984103,2,1,0,-0.9322030120787713,3,1.0,0.0,0.0,1.0
0.3049996895030243,0.6881109025892154,0.6674565155347812,1,1,1,-1.2963647177309656,4,1.0,0.0,0.0,1.0
0.3049996895030243,0.6881109025892154,-1.2251371051984103,2,0,1,1.263205130137691,2,0.0,0.0,1.0,1.0
-0.6712804094303886,-0.34709904365501554,-1.2251371051984103,2,0,1,0.8026786294000479,1,0.0,0.0,1.0,1.0
1.183651778543096,-1.0372390078178362,0.5513526729486319,1,1,0,-0.2430972829571513,3,0.0,1.0,0.0,0.0
1.2812797884364373,-1.3823089898992464,0.8781473866894836,1,1,0,-1.0987720507422019,0,0.0,1.0,0.0,0.0
-0.08551235007034085,1.378250866752036,-1.2251371051984103,2,1,0,-1.2155455843101004,4,1.0,0.0,0.0,1.0
0.3049996895030243,-1.0372390078178362,0.3605606863235366,1,1,1,-1.4420776044033141,3,1.0,0.0,0.0,1.0
0.012115659823000443,0.6881109025892154,-0.4318903277569023,1,1,0,0.2594417116896852,0,1.0,0.0,0.0,0.0
1.5741638181164612,-0.002029061573605259,-1.2251371051984103,2,1,1,-1.6248694287928178,4,1.0,0.0,0.0,1.0
0.012115659823000443,-0.6921690257364259,0.867672849417773,1,0,1,0.36434425634612444,1,1.0,0.0,0.0,0.0
0.8907677488630721,-1.0372390078178362,-1.2251371051984103,2,1,1,0.6294716518516401,2,0.0,0.0,1.0,0.0
0.003935819113316791,0.6881109025892154,0.7895254630020745,2,1,1,0.4644571619523532,4,0.0,1.0,0.0,1.0
-0.476024389643706,1.0331808846706256,0.10154811317561967,1,1,0,-0.1490012276274554,2,1.0,0.0,0.0,0.0
-1.6475605083638016,-0.002029061573605259,0.3558285105992468,1,1,0,0.3913087947885902,2,0.0,0.0,1.0,0.0
0.012115659823000443,-0.6921690257364259,1.117647195756267,1,0,0,-0.4765773511816986,0,0.0,0.0,1.0,0.0
-0.3783963797503647,-1.3823089898992464,1.01476265797298,1,1,0,1.4841269920468156,1,0.0,1.0,0.0,0.0
-0.9641644391104125,-1.7273789719806567,-1.2251371051984103,1,1,0,0.7332781987339188,1,1.0,0.0,0.0,1.0
-0.8665364292170712,1.378250866752036,-1.2251371051984103,2,0,0,0.6260907301691387,0,1.0,0.0,0.0,0.0
-1.8428165281504842,-0.34709904365501554,-1.2251371051984103,2,1,0,0.33725181089127243,2,0.0,0.0,1.0,0.0
1.7694198379031438,0.6881109025892154,-1.2251371051984103,1,0,0,-0.28319413007403565,1,0.0,0.0,1.0,0.0
0.6955117290763895,-0.002029061573605259,0.24538174062598175,1,1,0,-0.8002497875225449,1,0.0,0.0,1.0,1.0
0.5002557092897069,-0.002029061573605259,0.7844201281870923,2,1,1,-1.0185103134583067,1,0.0,1.0,0.0,0.0
-0.08551235007034085,1.0331808846706256,0.9332894831606479,1,1,1,-1.5588208579437905,4,1.0,0.0,0.0,0.0
-0.7689084193237299,-0.002029061573605259,-1.2251371051984103,2,1,1,-0.41857543658535745,4,0.0,0.0,1.0,1.0
0.3049996895030243,1.7233208488334462,-1.2251371051984103,2,0,1,-0.4738350944453975,0,0.0,0.0,1.0,0.0
-0.476024389643706,-0.6921690257364259,1.0677902929413965,1,1,0,-0.5891296052945614,3,1.0,0.0,0.0,1.0
-1.3546764786837777,0.6881109025892154,0.8187288422342915,2,1,1,0.08527499649051601,0,0.0,0.0,1.0,1.0
0.20737167960968303,-0.6921690257364259,-1.2251371051984103,2,1,0,0.360560645103539,0,1.0,0.0,0.0,1.0
-1.8428165281504842,1.0331808846706256,2.042773708404964,1,1,0,0.4853307162580458,0,0.0,0.0,1.0,1.0
0.6955117290763895,-0.6921690257364259,-1.2251371051984103,1,1,1,0.9724509121138077,2,0.0,0.0,1.0,0.0
-0.9641644391104125,1.0331808846706256,-1.2251371051984103,2,0,1,0.5234887715041895,2,1.0,0.0,0.0,0.0
1.2812797884364373,1.378250866752036,-1.2251371051984103,1,1,0,1.3011653210667151,0,1.0,0.0,0.0,0.0
-0.2807683698570234,-1.3823089898992464,1.2863005432237877,1,1,1,0.8619844994301434,0,1.0,0.0,0.0,0.0
-0.8665364292170712,1.378250866752036,0.5938083204368337,2,0,0,0.030565251772163318,1,0.0,0.0,1.0,1.0
0.5002557092897069,-0.34709904365501554,0.7254483505334497,1,0,0,0.5329920014897628,0,0.0,1.0,0.0,0.0
1.8670478477964851,1.378250866752036,-1.2251371051984103,2,0,0,0.3252845871800176,4,0.0,0.0,1.0,0.0
-1.3546764786837777,-0.6921690257364259,0.3896491735201118,1,0,0,-1.5627245451571874,4,0.0,0.0,1.0,1.0
-1.452304488577119,1.7233208488334462,-1.2251371051984103,3,1,0,0.9500288998540855,3,1.0,0.0,0.0,0.0
-0.2807683698570234,1.0331808846706256,-1.2251371051984103,2,0,0,-0.2988558651770704,3,0.0,0.0,1.0,0.0
0.9883957587564134,-1.3823089898992464,-1.2251371051984103,2,0,1,1.087275038399054,2,0.0,0.0,1.0,0.0
-0.8665364292170712,-1.3823089898992464,-0.2863504415655231,1,1,1,-0.3777870214858572,2,0.0,1.0,0.0,1.0
0.10974366971634174,-1.7273789719806567,0.3912967061092061,1,0,1,-1.608899324674887,1,0.0,1.0,0.0,1.0
-0.18314035996368214,-0.6921690257364259,0.23395990411889447,1,1,0,0.08870168626044246,0,1.0,0.0,0.0,1.0
0.6955117290763895,-1.0372390078178362,1.042730547780139,1,1,1,-0.7330255162984417,2,0.0,1.0,0.0,0.0
0.20737167960968303,-1.3823089898992464,-1.2251371051984103,1,1,1,1.5295776612535785,1,1.0,0.0,0.0,1.0
-0.08551235007034085,-1.0372390078178362,-1.2251371051984103,2,0,0,-1.6854983968027393,4,1.0,0.0,0.0,0.0
0.8907677488630721,-1.0372390078178362,0.7661495742350518,1,1,0,-1.4846088613110422,2,0.0,1.0,0.0,0.0
0.003935819113316791,-1.3823089898992464,1.123608780268631,1,1,0,1.5475559924775448,4,0.0,1.0,0.0,0.0
1.2812797884364373,-1.0372390078178362,-0.31974738009867215,1,1,0,0.22425927821876737,4,1.0,0.0,0.0,0.0
-0.7689084193237299,-1.3823089898992464,0.3679568211137982,1,1,0,1.7206676053418877,4,0.0,1.0,0.0,0.0
0.5002557092897069,1.378250866752036,0.38342644165096806,1,1,1,-0.9237249524468945,1,0.0,0.0,1.0,1.0
-1.452304488577119,0.6881109025892154,-1.2251371051984103,2,0,0,0.7705899794205606,1,0.0,0.0,1.0,1.0
0.003935819113316791,0.6881109025892154,0.775008102219926,1,1,1,0.24868360079755836,0,0.0,0.0,1.0,1.0
-0.3783963797503647,0.34304092050780505,0.9109125790433643,2,1,1,-0.3876929410315145,1,1.0,0.0,0.0,0.0
0.4026276993963656,0.34304092050780505,0.5921403057021097,1,1,0,-0.18857635335232115,0,0.0,0.0,1.0,1.0
-1.452304488577119,-0.34709904365501554,-1.2251371051984103,1,0,1,-0.10919134467849605,4,1.0,0.0,0.0,0.0
0.3049996895030243,-1.3823089898992464,1.0583565046944983,1,1,0,-0.24662629833698677,0,0.0,1.0,0.0,0.0
0.20737167960968303,-1.0372390078178362,-1.2251371051984103,2,0,1,1.5807580425458028,4,1.0,0.0,0.0,1.0
-0.5736523995370473,1.378250866752036,-1.2251371051984103,2,1,1,0.7409374794633781,3,1.0,0.0,0.0,1.0
0.003935819113316791,-1.0372390078178362,-1.2251371051984103,2,1,1,1.3880589064254738,0,1.0,0.0,0.0,0.0
-0.18314035996368214,0.6881109025892154,0.696544522681068,2,1,0,0.6185859819934195,4,0.0,1.0,0.0,1.0
-0.7689084193237299,1.7233208488334462,0.5452134698296348,1,1,0,0.8325150718226616,1,1.0,0.0,0.0,0.0
0.5978837191830482,-0.002029061573605259,0.9129750350982245,1,0,0,0.6067376160909536,1,0.0,0.0,1.0,1.0
0.3049996895030243,-1.3823089898992464,1.3195248236699482,1,1,0,0.010500557049560365,0,1.0,0.0,0.0,1.0
-1.0617924490037538,0.6881109025892154,1.4576772159762534,2,1,1,0.1872266306584758,4,0.0,1.0,0.0,1.0
0.003935819113316791,-0.6921690257364259,-1.2251371051984103,2,1,0,-0.13341588868556015,4,1.0,0.0,0.0,1.0
0.7931397389697308,-1.3823089898992464,0.3109434886192392,1,1,0,1.6906296441160857,3,0.0,1.0,0.0,1.0
1.0860237686497547,0.34304092050780505,1.0998314094439123,2,1,1,-1.2627953048012823,2,0.0,1.0,0.0,1.0
0.5002557092897069,1.0331808846706256,1.4203592266891063,1,1,1,-0.7513271825278687,4,1.0,0.0,0.0,1.0
1.6717918280098025,-1.7273789719806567,1.1512276735162703,1,1,0,-0.9319887895859177,1,0.0,1.0,0.0,1.0
-0.7689084193237299,-0.34709904365501554,-0.24428155459284573,2,1,1,-1.6229661376438822,4,1.0,0.0,0.0,1.0
0.003935819113316791,-1.0372390078178362,0.5009339512798071,2,1,1,0.7972499773573448,4,0.0,1.0,0.0,0.0
1.2812797884364373,-1.3823089898992464,1.2508657912172396,1,1,0,-0.35013213322279835,3,0.0,0.0,1.0,0.0
2.159931877476509,-1.3823089898992464,0.3328126595483723,1,1,1,0.8621602628077082,2,0.0,1.0,0.0,0.0
-0.2807683698570234,-0.34709904365501554,0.09813895604560251,2,0,0,-0.30143227785513477,1,0.0,0.0,1.0,1.0
-0.08551235007034085,-0.6921690257364259,1.2976609332939852,1,0,0,-1.4047339774809355,3,1.0,0.0,0.0,0.0
0.003935819113316791,-1.3823089898992464,-1.2251371051984103,2,1,1,-0.7625165227760401,2,1.0,0.0,0.0,1.0
-0.08551235007034085,-0.002029061573605259,-1.2251371051984103,2,1,1,-1.724708944036518,3,0.0,0.0,1.0,0.0
-0.9641644391104125,-0.002029061573605259,0.29770322162045937,1,1,1,0.9109015356841446,3,1.0,0.0,0.0,1.0
-0.18314035996368214,-0.34709904365501554,1.2581198311221944,1,1,0,-0.8953269853499729,2,0.0,0.0,1.0,1.0
-0.2807683698570234,1.0331808846706256,-1.2251371051984103,2,0,0,0.5597887816193846,0,1.0,0.0,0.0,1.0
0.003935819113316791,-1.0372390078178362,-1.2251371051984103,4,0,1,1.3804490482695078,4,1.0,0.0,0.0,0.0
0.20737167960968303,-1.0372390078178362,0.376028866709842,1,0,0,0.45120234098307777,1,0.0,0.0,1.0,1.0
-0.7689084193237299,1.7233208488334462,0.7884795934408545,2,1,0,1.5490344931268412,3,0.0,1.0,0.0,0.0
-0.476024389643706,0.6881109025892154,1.039508930296044,1,0,0,-1.5825034938738882,1,1.0,0.0,0.0,0.0
-0.18314035996368214,-1.0372390078178362,0.4353443603698342,2,1,0,1.6309377907479319,4,0.0,1.0,0.0,0.0
-0.476024389643706,0.6881109025892154,1.3433778824234395,1,1,0,0.37457803549904073,3,1.0,0.0,0.0,1.0
0.003935819113316791,-1.0372390078178362,0.40529129212750736,1,1,1,1.4385680804431764,4,1.0,0.0,0.0,1.0
0.3049996895030243,-1.0372390078178362,-1.2251371051984103,2,1,1,-1.4221477776189415,1,1.0,0.0,0.0,1.0
-0.3783963797503647,1.378250866752036,0.7419396781006669,2,0,0,0.8604141145597044,4,0.0,0.0,1.0,1.0
1.6717918280098025,1.7233208488334462,-1.2251371051984103,3,0,1,-0.6634225226902479,0,1.0,0.0,0.0,0.0
0.9883957587564134,-1.7273789719806567,-1.2251371051984103,1,1,1,-0.3460070885675577,2,1.0,0.0,0.0,0.0
0.012115659823000443,-0.34709904365501554,0.5654527100135739,1,1,1,-0.04876754995783069,0,0.0,0.0,1.0,1.0
0.3049996895030243,1.0331808846706256,0.24079438007196471,1,0,0,0.7708489258619624,1,0.0,0.0,1.0,0.0
-0.3783963797503647,-1.3823089898992464,0.8469257160289207,2,0,1,-1.597335834662593,1,0.0,0.0,1.0,0.0
0.5002557092897069,1.0331808846706256,0.7315137859248271,1,1,1,-0.1491173010659065,2,1.0,0.0,0.0,1.0
-0.08551235007034085,-0.34709904365501554,0.3532800836359682,1,1,1,0.17538853212163014,1,1.0,0.0,0.0,0.0
-0.2807683698570234,-0.34709904365501554,-1.2251371051984103,2,0,0,-1.516941839787659,1,0.0,0.0,1.0,1.0
2.6480719269432154,1.378250866752036,-1.2251371051984103,1,1,0,-0.6063657278003958,0,1.0,0.0,0.0,0.0
0.3049996895030243,-1.0372390078178362,0.37884452166688415,1,0,0,-0.23636032490204123,0,1.0,0.0,0.0,1.0
-0.2807683698570234,-1.7273789719806567,-1.2251371051984103,2,1,0,0.19536482308601213,1,0.0,0.0,1.0,0.0
-0.08551235007034085,0.34304092050780505,0.8179377193593418,2,0,0,-0.9563727387948128,1,1.0,0.0,0.0,1.0
-0.5736523995370473,-0.34709904365501554,0.12872215982286234,2,0,1,-0.7016623688150604,2,1.0,0.0,0.0,0.0
0.4026276993963656,-1.7273789719806567,0.5111859052345568,3,1,0,1.4559693509146632,4,0.0,1.0,0.0,1.0
-0.18314035996368214,-0.34709904365501554,-1.2251371051984103,2,1,0,-1.6692305390818254,1,0.0,0.0,1.0,1.0
0.5002557092897069,1.0331808846706256,1.3653709063269277,1,0,0,-0.43187428541059714,3,1.0,0.0,0.0,1.0
-0.08551235007034085,-1.3823089898992464,-1.2251371051984103,1,1,0,0.6018646199537597,4,1.0,0.0,0.0,0.0
-0.18314035996368214,1.378250866752036,0.7351703289700289,1,0,1,1.7282988683448242,4,0.0,1.0,0.0,1.0
-0.08551235007034085,0.34304092050780505,1.3813556208233337,1,1,0,-0.16150687895275492,4,1.0,0.0,0.0,1.0
0.5002557092897069,0.6881109025892154,0.5643858782564359,1,1,0,-0.57735293692829,2,1.0,0.0,0.0,1.0
0.8907677488630721,-1.7273789719806567,0.21572295368702796,2,0,1,1.5179245493210407,2,1.0,0.0,0.0,0.0
-0.08551235007034085,-0.34709904365501554,0.6571925603228267,1,0,1,-0.2085307174002942,3,0.0,1.0,0.0,1.0
-0.476024389643706,-0.6921690257364259,0.8756127211677995,1,0,0,0.5241772070701755,2,1.0,0.0,0.0,0.0
0.20737167960968303,0.34304092050780505,1.159911463196241,1,0,1,-0.8693703889697394,4,0.0,1.0,0.0,1.0
1.8670478477964851,-1.3823089898992464,0.0542706805759977,2,1,1,-1.216340696064648,4,0.0,0.0,1.0,1.0
0.9883957587564134,-1.7273789719806567,0.5159566449986651,3,1,0,-0.6775175274089118,0,0.0,1.0,0.0,1.0
-0.2807683698570234,1.7233208488334462,1.2328901481589147,1,1,1,-0.8056528581627704,1,0.0,0.0,1.0,0.0
-0.8665364292170712,-1.3823089898992464,-1.2251371051984103,2,1,0,0.4600009512500776,0,1.0,0.0,0.0,1.0
-0.3783963797503647,-0.002029061573605259,-1.2251371051984103,2,1,0,1.4985279294563296,0,0.0,0.0,1.0,1.0
0.10974366971634174,1.378250866752036,-1.2251371051984103,2,0,1,0.3280823572999258,4,1.0,0.0,0.0,1.0
0.6955117290763895,0.34304092050780505,-1.2251371051984103,1,1,1,-0.11245114625130943,3,1.0,0.0,0.0,1.0
0.6955117290763895,-0.6921690257364259,0.6190258421261456,4,1,0,0.5285514528706363,3,0.0,1.0,0.0,1.0
-0.3783963797503647,0.6881109025892154,-1.2251371051984103,2,1,0,1.1113490523847385,0,1.0,0.0,0.0,0.0
-0.18314035996368214,-1.7273789719806567,1.1946200591335088,1,1,1,0.15539849332870553,4,0.0,1.0,0.0,0.0
0.003935819113316791,0.34304092050780505,0.7050153300498413,1,1,1,0.7034741246164801,3,0.0,1.0,0.0,0.0
2.4528159071565327,1.378250866752036,0.5963249040643287,1,1,1,0.41699356701461,0,1.0,0.0,0.0,1.0
-0.2807683698570234,-0.002029061573605259,-1.2251371051984103,2,1,0,-0.35945785959934595,0,0.0,0.0,1.0,1.0
1.3789077983297786,-0.6921690257364259,-1.2251371051984103,3,0,0,-0.20709641863010808,3,0.0,0.0,1.0,0.0
0.4026276993963656,-1.0372390078178362,0.62535402504193,2,0,0,1.2917184745804793,1,0.0,0.0,1.0,1.0
-0.08551235007034085,-1.3823089898992464,0.4404980202471615,1,0,0,-0.15344699694096497,4,1.0,0.0,0.0,0.0
-1.745188518257143,1.7233208488334462,1.359549016448429,2,1,0,-1.5856425233833054,0,1.0,0.0,0.0,0.0
0.10974366971634174,1.378250866752036,0.4974263838407096,2,1,1,0.5961935536685344,4,0.0,1.0,0.0,0.0
-1.2570484687904364,-0.002029061573605259,0.4012915131262443,2,0,1,0.94113718720392,4,1.0,0.0,0.0,0.0
-0.5736523995370473,0.34304092050780505,0.8104593359530357,1,0,0,1.5937439977543482,4,0.0,1.0,0.0,0.0
0.6955117290763895,-0.34709904365501554,0.7678257498246753,2,1,0,-0.1023337885831363,0,1.0,0.0,0.0,1.0
1.9646758576898262,1.7233208488334462,1.750640865706663,1,0,0,-1.5824639906197226,1,1.0,0.0,0.0,1.0
0.3049996895030243,-0.6921690257364259,-0.18429079019412217,2,0,1,0.6919116787430621,4,0.0,1.0,0.0,0.0
0.10974366971634174,0.6881109025892154,1.086637387289562,1,1,1,-1.4176200434036172,0,0.0,0.0,1.0,0.0
0.20737167960968303,0.6881109025892154,-1.2251371051984103,2,0,0,0.600359145716817,4,1.0,0.0,0.0,1.0
0.3049996895030243,1.378250866752036,0.897606065104813,1,1,0,-1.1313651938222435,2,0.0,0.0,1.0,1.0
4.405376105023358,1.0331808846706256,0.2508949581691691,1,1,1,1.4941009546425996,0,0.0,1.0,0.0,1.0
0.012115659823000443,-0.6921690257364259,0.723526389196269,1,1,1,0.6616384382237283,1,1.0,0.0,0.0,1.0
0.3049996895030243,1.0331808846706256,0.7082311869304775,2,1,0,0.4485222105099358,0,0.0,1.0,0.0,1.0
-1.9404445380438253,-0.002029061573605259,-1.2251371051984103,2,1,0,1.0361580015320109,1,0.0,0.0,1.0,1.0
-0.8665364292170712,-1.0372390078178362,0.1750970978806728,2,0,1,-1.6201721960331883,2,1.0,0.0,0.0,1.0
-0.18314035996368214,-0.34709904365501554,0.5626194532126313,1,1,1,-0.29412365376507443,4,1.0,0.0,0.0,0.0
-0.2807683698570234,-1.3823089898992464,0.6053205664148648,1,1,1,-0.817334335868123,2,0.0,1.0,0.0,0.0
1.183651778543096,-0.34709904365501554,-1.2251371051984103,3,1,1,-0.5880758951449039,1,1.0,0.0,0.0,1.0
0.10974366971634174,-1.3823089898992464,0.9312521497375368,2,0,0,1.2887202297962597,2,0.0,1.0,0.0,1.0
-1.159420458897095,-0.34709904365501554,1.212068126925104,1,1,0,0.0649536176274102,4,1.0,0.0,0.0,0.0
2.745699936836557,-0.6921690257364259,-1.2251371051984103,2,1,1,-0.9900664042508138,1,1.0,0.0,0.0,0.0
2.159931877476509,-1.0372390078178362,0.6537693217176892,1,1,1,-0.10834158965607196,0,1.0,0.0,0.0,0.0
4.014864065449993,-0.6921690257364259,-1.2251371051984103,1,1,1,-0.6017388003917923,1,1.0,0.0,0.0,1.0
-0.476024389643706,-1.0372390078178362,-0.5833817174045935,2,0,1,-0.8156007172866386,2,0.0,1.0,0.0,1.0
-0.9641644391104125,-0.34709904365501554,0.8540898265132201,1,0,1,1.5630933010311154,4,0.0,0.0,1.0,0.0
3.429096006089946,-1.3823089898992464,1.7583003880883818,2,1,1,1.6773795217717546,0,0.0,1.0,0.0,0.0
-0.18314035996368214,1.7233208488334462,0.4431181347201445,1,1,0,-0.2396326561413741,1,1.0,0.0,0.0,0.0
0.5978837191830482,0.6881109025892154,1.292442786661277,1,1,0,0.43583905557561065,4,0.0,0.0,1.0,1.0
-0.8665364292170712,0.34304092050780505,-1.2251371051984103,2,0,0,1.3717790411074788,3,1.0,0.0,0.0,0.0
0.5002557092897069,-0.34709904365501554,0.8805850820529513,1,0,1,1.2349637838722627,2,0.0,1.0,0.0,0.0
0.4026276993963656,-0.34709904365501554,1.593310784420386,1,1,1,-0.8270041060045176,4,1.0,0.0,0.0,1.0
-0.7689084193237299,-0.34709904365501554,-0.24565561853443024,1,1,1,0.7808575190638208,1,0.0,1.0,0.0,0.0
0.10974366971634174,0.34304092050780505,0.3324659032235309,1,0,1,-0.20124523838866568,4,1.0,0.0,0.0,1.0
0.20737167960968303,-1.3823089898992464,0.8832908054939961,1,1,1,-0.9171757653664303,2,1.0,0.0,0.0,1.0
0.10974366971634174,-0.002029061573605259,-1.2251371051984103,2,1,1,0.8018690737243734,0,1.0,0.0,0.0,1.0
-0.2807683698570234,-1.0372390078178362,-1.2251371051984103,2,1,1,-0.9537980663482095,4,0.0,0.0,1.0,1.0
-0.08551235007034085,0.6881109025892154,-1.2251371051984103,2,1,1,-1.6388781180310141,0,0.0,0.0,1.0,1.0
1.2812797884364373,-1.7273789719806567,-1.2251371051984103,2,1,0,-1.1871871204673448,1,1.0,0.0,0.0,0.0
0.6955117290763895,0.6881109025892154,0.883388415719263,1,0,0,1.4722479980706358,1,0.0,1.0,0.0,0.0
-0.2807683698570234,-0.34709904365501554,0.3472884159722103,1,1,1,-0.939084061298855,1,0.0,0.0,1.0,0.0
-1.159420458897095,-1.0372390078178362,-1.2251371051984103,2,1,1,-1.3971733678753169,2,1.0,0.0,0.0,1.0
-1.2570484687904364,0.6881109025892154,1.115364076585599,1,1,0,-1.3656624747408936,4,1.0,0.0,0.0,1.0
-0.8665364292170712,-0.34709904365501554,-1.2251371051984103,2,0,1,-0.746879498959752,4,0.0,0.0,1.0,1.0
-0.3783963797503647,0.6881109025892154,0.0854953915550523,1,1,1,-0.674450021412543,1,1.0,0.0,0.0,0.0
0.5002557092897069,-0.002029061573605259,1.0670225325138054,1,1,0,-0.029901700688735662,0,1.0,0.0,0.0,0.0
-1.2570484687904364,1.378250866752036,0.21387748036243337,1,1,0,-0.942791624426593,3,1.0,0.0,0.0,0.0
-0.9641644391104125,-1.0372390078178362,0.17041388728577908,1,1,1,-1.7295232943734749,0,0.0,1.0,0.0,0.0
-0.7689084193237299,-1.7273789719806567,-1.2251371051984103,2,1,1,-1.1468889285704182,2,1.0,0.0,0.0,1.0
1.5741638181164612,-0.002029061573605259,0.3321180267813502,1,0,1,-0.3822138222764415,0,1.0,0.0,0.0,1.0
1.183651778543096,0.6881109025892154,1.1313035063381514,1,1,1,-0.813534366449804,1,0.0,1.0,0.0,0.0
2.843327946729898,-0.6921690257364259,0.5407598832892622,1,0,0,0.723901657598709,3,0.0,1.0,0.0,0.0
0.3049996895030243,1.378250866752036,1.1832305460124934,1,0,1,1.210932927626812,3,1.0,0.0,0.0,1.0
-0.6712804094303886,-1.7273789719806567,0.4819780455329831,2,1,1,0.6532299878502924,3,0.0,1.0,0.0,1.0
-1.6475605083638016,-0.002029061573605259,-1.2251371051984103,2,1,1,0.2927532223168427,3,1.0,0.0,0.0,1.0
-1.452304488577119,0.6881109025892154,0.5835998910415476,1,1,0,1.0811005231521509,3,0.0,1.0,0.0,0.0
-0.3783963797503647,-0.6921690257364259,0.47505252004191806,1,0,0,-1.0586386587646357,0,1.0,0.0,0.0,1.0
-0.3783963797503647,-1.0372390078178362,0.6041950085058041,2,0,0,-1.4691124481968059,1,1.0,0.0,0.0,0.0
-0.5736523995370473,0.34304092050780505,-1.2251371051984103,2,1,0,-0.9591818204192176,0,0.0,0.0,1.0,0.0
-0.08551235007034085,-1.0372390078178362,0.611153497449992,1,1,0,1.6155355241557374,0,1.0,0.0,0.0,1.0
-0.7689084193237299,-1.0372390078178362,0.5964340354965124,1,1,1,1.2953588647738212,4,0.0,0.0,1.0,1.0
0.6955117290763895,-0.34709904365501554,0.8433879054216666,1,1,0,1.0985176297299326,1,0.0,1.0,0.0,1.0
-0.476024389643706,0.34304092050780505,-0.29698531563349145,1,1,0,-0.17460490506739082,4,0.0,1.0,0.0,0.0
-0.3783963797503647,1.0331808846706256,-1.2251371051984103,2,1,1,1.5230608424782894,0,1.0,0.0,0.0,0.0
0.012115659823000443,-0.002029061573605259,0.7684626165403508,1,1,0,-0.12611318138246727,2,0.0,1.0,0.0,0.0
-0.5736523995370473,1.0331808846706256,0.22768212648337094,1,1,1,-0.7086222505203292,0,1.0,0.0,0.0,0.0
1.8670478477964851,-0.6921690257364259,-1.2251371051984103,1,0,1,1.6454022466057736,3,1.0,0.0,0.0,1.0
-1.0617924490037538,0.6881109025892154,-1.2251371051984103,2,1,0,0.892154544223838,1,1.0,0.0,0.0,1.0
-0.7689084193237299,-1.0372390078178362,0.20794725913556472,2,1,1,-1.6695430846522277,0,0.0,1.0,0.0,1.0
-0.6712804094303886,-1.0372390078178362,-1.2251371051984103,1,1,1,-0.8423870560274944,2,0.0,0.0,1.0,0.0
0.20737167960968303,-1.0372390078178362,0.1208184518612133,1,1,0,1.6909672490195267,4,0.0,1.0,0.0,0.0
0.10974366971634174,-1.7273789719806567,-1.2251371051984103,2,1,0,-0.6546300032333618,3,1.0,0.0,0.0,0.0
-0.3783963797503647,-0.002029061573605259,1.3968457235061336,1,1,1,-1.4837444883443456,1,0.0,1.0,0.0,1.0
1.6717918280098025,-1.0372390078178362,-1.2251371051984103,1,1,0,0.24612354629522779,2,1.0,0.0,0.0,1.0
1.0860237686497547,-1.3823089898992464,-1.2251371051984103,4,1,0,-0.20556710322214952,3,0.0,0.0,1.0,0.0
1.0860237686497547,1.378250866752036,0.21990643193190773,1,1,1,0.42195461886373237,3,1.0,0.0,0.0,1.0
0.3049996895030243,1.0331808846706256,-1.2251371051984103,2,1,0,1.3995096294390927,3,0.0,0.0,1.0,1.0
0.20737167960968303,0.34304092050780505,-1.2251371051984103,2,0,0,1.1625135975706673,2,1.0,0.0,0.0,1.0
-0.8665364292170712,0.34304092050780505,1.3571817284605634,1,0,0,-0.4951524077736543,4,0.0,1.0,0.0,0.0
-0.18314035996368214,-1.3823089898992464,-1.2251371051984103,1,1,1,0.09852216044136285,2,0.0,0.0,1.0,1.0
0.10974366971634174,-0.6921690257364259,-1.2251371051984103,1,1,1,-1.1843945710418198,0,1.0,0.0,0.0,1.0
0.6955117290763895,0.6881109025892154,0.08288535813812158,2,1,0,-0.2975329412203905,1,0.0,0.0,1.0,0.0
-0.9641644391104125,-1.3823089898992464,-1.2251371051984103,2,0,0,0.9616559083147076,0,1.0,0.0,0.0,1.0
0.10974366971634174,1.0331808846706256,0.4414320380912316,1,1,0,-0.6674071306665829,3,0.0,1.0,0.0,1.0
0.012115659823000443,-0.6921690257364259,-1.2251371051984103,2,1,0,-1.7170627150430164,4,1.0,0.0,0.0,0.0
0.003935819113316791,-1.0372390078178362,0.18494612962686163,2,1,1,-1.3755887549946448,3,0.0,1.0,0.0,0.0
0.6955117290763895,0.6881109025892154,0.9410051714260861,1,0,1,0.6917540137726923,0,1.0,0.0,0.0,1.0
-0.3783963797503647,-1.3823089898992464,2.163606846413674,1,1,0,1.5347900025256742,4,1.0,0.0,0.0,0.0
0.20737167960968303,-1.0372390078178362,-1.2251371051984103,2,1,0,0.5898173455952974,1,0.0,0.0,1.0,1.0
-0.18314035996368214,0.6881109025892154,-1.2251371051984103,2,1,1,-0.7879670598474044,3,1.0,0.0,0.0,0.0
0.003935819113316791,-0.34709904365501554,-1.2251371051984103,2,1,1,0.9948915448501638,1,1.0,0.0,0.0,0.0
-0.7689084193237299,-0.34709904365501554,0.23569912631303466,1,1,1,1.074932968831092,4,0.0,0.0,1.0,0.0
2.0623038675831675,-0.6921690257364259,-1.2251371051984103,2,1,1,-0.5256456135496635,2,1.0,0.0,0.0,1.0
-0.476024389643706,1.378250866752036,0.782664264249628,1,1,0,1.7150034999825063,3,1.0,0.0,0.0,0.0
-0.9641644391104125,0.6881109025892154,0.27289294259230207,1,0,1,0.2205115157442795,3,0.0,0.0,1.0,0.0
-0.18314035996368214,-1.3823089898992464,-1.2251371051984103,2,0,1,-1.6418043172327468,3,1.0,0.0,0.0,1.0
-0.3783963797503647,0.34304092050780505,-1.2251371051984103,2,0,1,1.3514400859066167,3,0.0,0.0,1.0,1.0
-0.7689084193237299,1.0331808846706256,0.029373352428913816,1,1,0,-0.964828175417696,0,0.0,1.0,0.0,1.0
-0.7689084193237299,1.0331808846706256,-1.2251371051984103,2,1,0,1.3623953650232787,4,1.0,0.0,0.0,1.0
-0.08551235007034085,-0.002029061573605259,0.4561587007990341,2,1,1,1.7050048260999762,3,1.0,0.0,0.0,1.0
-0.7689084193237299,-1.0372390078178362,1.2509854837557637,2,0,0,-1.3085934982308143,2,0.0,1.0,0.0,1.0
1.7694198379031438,0.34304092050780505,-1.2251371051984103,2,0,1,1.636541336052469,0,1.0,0.0,0.0,0.0
-1.159420458897095,0.34304092050780505,0.7839207158706041,1,1,0,0.08547547115482722,3,0.0,1.0,0.0,1.0
0.10974366971634174,0.6881109025892154,1.0353824180186972,1,0,1,1.3402907709820486,1,1.0,0.0,0.0,0.0
-1.745188518257143,-1.7273789719806567,-1.2251371051984103,2,1,0,0.2736860282677059,1,1.0,0.0,0.0,0.0
-0.2807683698570234,1.0331808846706256,1.0612222448982755,1,1,0,-0.18092333745612157,4,1.0,0.0,0.0,1.0
-0.18314035996368214,-0.6921690257364259,-1.2251371051984103,1,1,1,1.3798430996747748,0,1.0,0.0,0.0,1.0
0.20737167960968303,-0.002029061573605259,-1.2251371051984103,1,1,1,-0.45441237110877086,0,1.0,0.0,0.0,1.0
-0.7689084193237299,0.34304092050780505,1.2997845157522094,2,0,0,1.350685521545111,3,0.0,1.0,0.0,1.0
-1.5499324984704603,-1.0372390078178362,0.2864582036361916,2,0,1,1.4882694390166666,3,1.0,0.0,0.0,0.0
-1.3546764786837777,0.34304092050780505,0.7011992502921953,1,1,1,-1.3134647541365472,1,1.0,0.0,0.0,1.0
-0.2807683698570234,-1.7273789719806567,0.8007812021094453,2,1,1,1.2526880413029178,0,0.0,1.0,0.0,0.0
-0.7689084193237299,-1.3823089898992464,0.6833298583643252,1,1,1,-1.2550879936834987,2,1.0,0.0,0.0,1.0
-0.9641644391104125,1.0331808846706256,-1.2251371051984103,2,1,0,-0.9335356813316329,1,0.0,0.0,1.0,0.0
-0.08551235007034085,0.34304092050780505,0.6467514665545274,2,0,1,-0.42359234986437905,3,0.0,0.0,1.0,1.0
0.6955117290763895,1.0331808846706256,0.47378774754927977,1,1,0,1.0922731571782962,0,0.0,0.0,1.0,0.0
-0.7689084193237299,1.0331808846706256,0.38103739138337095,1,1,1,-0.17394083274185954,1,0.0,1.0,0.0,0.0
-1.0617924490037538,0.34304092050780505,1.1803812875352775,1,1,0,0.786217257940667,1,0.0,1.0,0.0,1.0
0.003935819113316791,1.0331808846706256,0.5596455416772467,4,1,1,-1.5815491509406556,0,0.0,1.0,0.0,0.0
0.10974366971634174,-0.002029061573605259,1.1375212776876504,1,1,1,1.7279680503440809,2,1.0,0.0,0.0,1.0
0.012115659823000443,1.0331808846706256,0.7910296205717605,1,1,1,0.48151873924264565,1,0.0,1.0,0.0,0.0
0.7931397389697308,1.7233208488334462,0.9251924749496176,1,0,0,-1.280229813693675,4,0.0,1.0,0.0,0.0
-0.08551235007034085,-1.7273789719806567,1.2164338642627364,2,0,0,-1.1918272736350517,4,1.0,0.0,0.0,0.0
0.003935819113316791,-0.34709904365501554,-1.2251371051984103,2,1,0,-0.9653981012211854,2,1.0,0.0,0.0,0.0
1.47653580822312,-0.34709904365501554,-1.2251371051984103,1,0,1,-0.7770914833316578,4,1.0,0.0,0.0,1.0
-1.0617924490037538,1.0331808846706256,0.477853293440026,1,1,1,-1.392788854709236,2,0.0,1.0,0.0,0.0
-0.476024389643706,-1.7273789719806567,0.4247664522693985,1,0,0,0.43970933034495563,1,1.0,0.0,0.0,1.0
-0.6712804094303886,-0.002029061573605259,-0.04910654881974293,1,0,0,0.6251184628518578,0,1.0,0.0,0.0,1.0
-1.0617924490037538,1.0331808846706256,0.7702034389021183,2,1,0,0.7808735291932626,3,0.0,1.0,0.0,1.0
-1.159420458897095,-1.3823089898992464,0.6361887600465512,1,0,1,-0.953918142319021,1,0.0,0.0,1.0,0.0
0.10974366971634174,0.6881109025892154,-1.2251371051984103,1,1,0,0.46319984472175446,2,1.0,0.0,0.0,0.0
1.5741638181164612,-0.34709904365501554,0.24531005311627763,1,1,0,0.7742420291646913,0,0.0,0.0,1.0,0.0
0.20737167960968303,1.0331808846706256,0.866302625878494,1,1,0,-0.7139350031477271,3,0.0,1.0,0.0,0.0
0.012115659823000443,-0.002029061573605259,-1.2251371051984103,2,1,0,-0.07150419606570872,4,1.0,0.0,0.0,1.0
1.7694198379031438,-1.0372390078178362,0.3931903444793831,2,1,1,-0.512065195274028,4,0.0,1.0,0.0,1.0
-0.9641644391104125,0.6881109025892154,0.6502561536918959,1,1,1,-0.9901725583699371,0,1.0,0.0,0.0,1.0
0.5002557092897069,-1.3823089898992464,-0.20803823788421003,2,0,1,-0.8309570417682616,0,1.0,0.0,0.0,1.0
-0.476024389643706,-1.3823089898992464,1.0438434643649437,1,1,0,-0.9487922905505385,4,1.0,0.0,0.0,1.0
0.8907677488630721,0.6881109025892154,0.14965523269001002,1,1,1,-1.3316082333261658,3,0.0,1.0,0.0,1.0
1.0860237686497547,1.7233208488334462,0.6646387803598235,1,1,1,0.005925314515349924,4,0.0,1.0,0.0,1.0
-0.08551235007034085,0.34304092050780505,1.0271317937154436,2,0,1,1.2364454169381893,1,0.0,1.0,0.0,1.0
-0.7689084193237299,-0.6921690257364259,0.9521761016492089,2,1,0,-0.6058027629227504,2,1.0,0.0,0.0,0.0
-0.5736523995370473,-1.3823089898992464,0.05672245741458595,2,0,1,-0.3155711364066167,0,1.0,0.0,0.0,0.0
1.183651778543096,-1.0372390078178362,0.7556023893530607,1,1,1,0.600763401485216,4,0.0,1.0,0.0,1.0
-0.18314035996368214,-1.0372390078178362,0.05070710726994372,1,1,1,-0.7451772045445663,0,0.0,1.0,0.0,1.0
0.4026276993963656,0.34304092050780505,0.447569961076127,1,0,0,-0.33509792558461327,0,0.0,0.0,1.0,1.0
3.1362119764099217,-0.6921690257364259,0.10486910106937104,1,1,1,-1.2665712590254392,2,1.0,0.0,0.0,1.0
-1.5499324984704603,-0.002029061573605259,0.738894239072341,1,1,0,0.036219611835362556,4,0.0,1.0,0.0,0.0
-0.3783963797503647,0.34304092050780505,0.11943350677976299,1,0,1,1.1115930328355754,2,1.0,0.0,0.0,1.0
-0.08551235007034085,-0.002029061573605259,-1.2251371051984103,1,1,1,-0.2265080044853841,1,1.0,0.0,0.0,0.0
-0.18314035996368214,-1.0372390078178362,0.21067506488986662,2,1,1,-1.0978189259709923,2,0.0,1.0,0.0,1.0
-0.476024389643706,1.7233208488334462,-1.2251371051984103,2,1,0,-0.3706800902221309,1,0.0,0.0,1.0,1.0
-1.6475605083638016,-0.002029061573605259,0.09595200694933669,2,0,0,1.0917058417219982,0,1.0,0.0,0.0,1.0
-0.3783963797503647,1.7233208488334462,-1.2251371051984103,2,1,1,1.6074805147920386,0,1.0,0.0,0.0,1.0
-1.452304488577119,-1.0372390078178362,0.7046159282100607,1,0,1,1.3941168261644872,3,0.0,1.0,0.0,1.0
0.003935819113316791,-1.3823089898992464,-0.3062789291962356,1,1,1,-0.368757308480832,3,0.0,1.0,0.0,1.0
0.4026276993963656,1.378250866752036,-1.2251371051984103,2,1,0,0.9070133365307507,0,1.0,0.0,0.0,0.0
-0.8665364292170712,1.378250866752036,-1.2251371051984103,2,0,0,-0.647736946416197,0,1.0,0.0,0.0,0.0
0.6955117290763895,-1.0372390078178362,-1.2251371051984103,2,1,1,-0.5877950217870926,2,1.0,0.0,0.0,0.0
0.012115659823000443,-0.002029061573605259,0.6267482510956188,3,1,1,1.4830219450690576,4,0.0,1.0,0.0,1.0
0.012115659823000443,1.0331808846706256,0.7784575835741518,2,1,0,0.7677299090143473,4,1.0,0.0,0.0,1.0
-0.476024389643706,-1.7273789719806567,0.8749972966983303,2,1,0,1.441772890701821,1,1.0,0.0,0.0,0.0
0.20737167960968303,-0.6921690257364259,0.8699916523265305,1,1,1,0.7731646518671637,2,1.0,0.0,0.0,0.0
0.20737167960968303,1.378250866752036,-1.2251371051984103,2,0,1,1.5874415754950595,2,0.0,0.0,1.0,1.0
-1.8428165281504842,1.0331808846706256,1.659866556543738,2,1,1,-1.2325507781010554,1,0.0,1.0,0.0,1.0
-0.476024389643706,-1.7273789719806567,-1.2251371051984103,1,1,1,1.1755660296210244,2,1.0,0.0,0.0,1.0
-0.08551235007034085,0.34304092050780505,1.6840370885544906,2,1,1,-0.7458948759990977,3,0.0,1.0,0.0,1.0
-0.8665364292170712,-1.0372390078178362,0.552537277043141,1,1,0,-0.5463202593993596,3,0.0,0.0,1.0,1.0
-0.18314035996368214,-0.6921690257364259,0.6451472985081336,1,0,0,1.2588629045961133,3,0.0,1.0,0.0,1.0
-0.9641644391104125,1.7233208488334462,-1.2251371051984103,2,1,0,-1.5347571113237262,0,1.0,0.0,0.0,1.0
0.5002557092897069,-0.002029061573605259,0.2020336796520204,1,1,1,-0.4345582443929534,0,1.0,0.0,0.0,0.0
-0.2807683698570234,1.7233208488334462,-1.2251371051984103,2,1,0,0.6259616049947296,2,1.0,0.0,0.0,1.0
-0.08551235007034085,-0.34709904365501554,0.7784751854180523,2,1,1,-1.4719512877791943,4,0.0,1.0,0.0,0.0
-1.6475605083638016,0.6881109025892154,1.0943818785722925,2,1,0,0.03248089856447215,1,0.0,1.0,0.0,1.0
-1.0617924490037538,1.378250866752036,-1.2251371051984103,2,1,0,-0.07696069181178822,0,1.0,0.0,0.0,0.0
2.0623038675831675,1.0331808846706256,-0.11517683008496464,1,1,1,-1.567796971819816,2,1.0,0.0,0.0,0.0
-0.476024389643706,-1.0372390078178362,-1.2251371051984103,2,1,0,-0.6809226383087216,4,0.0,0.0,1.0,0.0
0.003935819113316791,-1.3823089898992464,-1.2251371051984103,1,1,0,-1.2279304635720039,1,1.0,0.0,0.0,1.0
-0.476024389643706,-0.34709904365501554,0.219936195049776,1,1,1,1.0242264525657074,0,1.0,0.0,0.0,0.0
-1.0617924490037538,0.6881109025892154,-1.2251371051984103,2,1,0,-1.6111501400465917,0,1.0,0.0,0.0,1.0
-0.7689084193237299,-0.6921690257364259,1.2558837568797696,2,1,1,1.4911140213628764,4,1.0,0.0,0.0,1.0
-1.159420458897095,-0.34709904365501554,0.17120757042893242,2,1,0,1.4329159826808768,1,1.0,0.0,0.0,0.0
-0.476024389643706,-1.3823089898992464,-1.2251371051984103,1,0,1,-0.2444887720333958,4,1.0,0.0,0.0,1.0
3.526724015983287,-1.0372390078178362,-1.2251371051984103,1,1,0,0.39894962906456233,0,1.0,0.0,0.0,0.0
1.7694198379031438,-0.34709904365501554,-1.2251371051984103,2,1,0,0.6311866499564912,3,0.0,0.0,1.0,0.0
0.7931397389697308,-1.7273789719806567,-1.2251371051984103,1,1,1,0.582139444389205,1,1.0,0.0,0.0,1.0
1.183651778543096,1.7233208488334462,1.451522651248034,1,0,0,-0.12076823447304028,1,0.0,1.0,0.0,0.0
1.6717918280098025,1.0331808846706256,1.2867141865554514,1,1,0,-0.19097769874540527,2,1.0,0.0,0.0,0.0
0.6955117290763895,1.7233208488334462,0.49086425641781023,2,1,0,-1.1025279923045566,1,1.0,0.0,0.0,0.0
0.012115659823000443,-1.0372390078178362,-1.2251371051984103,2,1,0,0.00040930285330302655,1,1.0,0.0,0.0,1.0
-0.3783963797503647,-0.6921690257364259,1.374212792568478,1,1,0,1.4476506964846174,4,1.0,0.0,0.0,1.0
0.003935819113316791,0.6881109025892154,0.4210238202058467,1,0,0,0.3038710390519655,3,1.0,0.0,0.0,1.0
-0.18314035996368214,-0.6921690257364259,0.8545236319569879,1,0,0,-1.409682325640392,0,0.0,1.0,0.0,1.0
0.5002557092897069,-1.0372390078178362,-1.2251371051984103,2,0,0,-0.9508727372622073,3,0.0,0.0,1.0,0.0
-0.3783963797503647,-0.6921690257364259,-1.2251371051984103,2,1,1,-1.4072216383544869,2,0.0,0.0,1.0,1.0
0.003935819113316791,0.34304092050780505,-1.2251371051984103,2,0,1,-1.4705479651290145,2,0.0,0.0,1.0,1.0
-0.2807683698570234,0.34304092050780505,-1.2251371051984103,1,1,0,-0.5200311047869219,4,1.0,0.0,0.0,0.0
-1.745188518257143,-1.3823089898992464,-1.2251371051984103,2,0,0,0.06128782005473725,0,0.0,0.0,1.0,1.0
0.20737167960968303,-0.002029061573605259,0.06368286655992662,1,0,0,-0.2027423595145952,0,0.0,1.0,0.0,1.0
0.012115659823000443,-1.7273789719806567,-1.2251371051984103,2,0,0,-0.3215587507946043,3,0.0,0.0,1.0,0.0
0.012115659823000443,1.0331808846706256,0.42215561876865404,1,0,0,-0.8269169204083197,1,0.0,1.0,0.0,1.0
2.6480719269432154,-0.002029061573605259,1.1743172922947647,1,1,1,-0.4196035653325378,1,1.0,0.0,0.0,0.0
-0.18314035996368214,-1.3823089898992464,1.432988069637485,1,1,0,-0.5772561800590564,4,1.0,0.0,0.0,1.0
-0.5736523995370473,-0.002029061573605259,-1.2251371051984103,1,0,1,-1.0309214702152718,1,1.0,0.0,0.0,1.0
1.0860237686497547,-0.002029061573605259,-1.2251371051984103,2,1,0,1.590171476587987,1,1.0,0.0,0.0,0.0
-0.3783963797503647,0.6881109025892154,-1.2251371051984103,1,1,0,0.5775984844147767,3,0.0,0.0,1.0,0.0
-0.5736523995370473,-1.3823089898992464,-0.17434238803827654,2,0,0,1.117741096564271,1,1.0,0.0,0.0,0.0
-1.8428165281504842,-0.34709904365501554,-1.2251371051984103,2,1,1,0.6961935182529418,3,1.0,0.0,0.0,0.0
0.003935819113316791,-0.34709904365501554,0.9366261526971469,1,1,1,1.4991082966485854,2,0.0,1.0,0.0,1.0
0.3049996895030243,-0.002029061573605259,-0.561494304564509,1,1,0,0.2192703826662685,2,0.0,0.0,1.0,1.0
-0.2807683698570234,-1.3823089898992464,0.6680493776407052,1,1,0,0.7962455157580346,1,1.0,0.0,0.0,1.0
0.6955117290763895,0.34304092050780505,-1.2251371051984103,2,1,1,-0.29449693341346667,0,1.0,0.0,0.0,1.0
1.3789077983297786,-1.7273789719806567,0.7564387969718639,2,0,1,1.0394597426830348,2,1.0,0.0,0.0,0.0
-1.0617924490037538,-1.7273789719806567,-1.2251371051984103,2,1,0,0.33133728622464803,2,0.0,0.0,1.0,1.0
-0.3783963797503647,-0.34709904365501554,-1.2251371051984103,2,1,1,0.10308904986456038,4,1.0,0.0,0.0,1.0
-0.7689084193237299,-1.0372390078178362,-0.3899763370105502,2,0,1,1.0442074421550342,3,1.0,0.0,0.0,0.0
-0.6712804094303886,0.34304092050780505,1.4443359784001895,1,1,0,0.6799510679113596,0,0.0,1.0,0.0,1.0
2.25755988736985,1.7233208488334462,0.6806073331631936,1,0,1,0.28884988314973814,4,1.0,0.0,0.0,1.0
0.6955117290763895,-0.6921690257364259,0.47923103776715337,1,1,0,-0.7884503221241341,0,1.0,0.0,0.0,0.0
1.47653580822312,-0.002029061573605259,0.2520786021631019,2,1,0,1.0130083984984288,1,0.0,0.0,1.0,0.0
-0.2807683698570234,1.0331808846706256,1.0962459138413638,1,0,0,-1.6410568878202314,4,0.0,1.0,0.0,1.0
-0.18314035996368214,1.378250866752036,-1.2251371051984103,1,1,0,0.1902669890440525,1,1.0,0.0,0.0,1.0
0.012115659823000443,-0.6921690257364259,-1.2251371051984103,1,1,0,1.5280540886094407,4,1.0,0.0,0.0,1.0
-0.7689084193237299,-0.34709904365501554,1.0893111073780604,2,1,0,-1.0420994989589465,4,0.0,0.0,1.0,0.0
-0.08551235007034085,-1.3823089898992464,0.43930733551566875,1,0,0,-1.3627874383441154,2,1.0,0.0,0.0,0.0
0.012115659823000443,-0.34709904365501554,1.3455713922069776,2,1,0,-0.7437049687285294,3,1.0,0.0,0.0,1.0
-0.2807683698570234,1.378250866752036,-1.2251371051984103,2,1,1,-1.0496595864951266,2,1.0,0.0,0.0,1.0
1.2812797884364373,1.378250866752036,0.5666341137728284,1,1,1,1.0855000023087968,1,0.0,1.0,0.0,0.0
-0.7689084193237299,-0.002029061573605259,0.8884388647846279,3,1,1,-0.7988541218907937,3,1.0,0.0,0.0,1.0
0.3049996895030243,1.378250866752036,2.3315175560853527,1,0,0,0.012691856505297543,4,0.0,0.0,1.0,1.0
-0.08551235007034085,-1.7273789719806567,-1.2251371051984103,1,1,0,-0.2978661955451791,4,1.0,0.0,0.0,1.0
-0.6712804094303886,1.378250866752036,0.3790215002064663,2,0,1,-0.5704450881437063,3,1.0,0.0,0.0,1.0
0.7931397389697308,-1.3823089898992464,-1.2251371051984103,2,1,1,0.786833821947312,2,1.0,0.0,0.0,1.0
-1.452304488577119,-0.002029061573605259,-1.2251371051984103,2,1,0,-1.2680381001239467,0,1.0,0.0,0.0,1.0
-0.6712804094303886,-1.7273789719806567,0.24632087900645916,1,1,1,-0.7033618788599085,3,1.0,0.0,0.0,1.0
0.5002557092897069,-0.6921690257364259,0.15264354573404051,1,1,0,1.3879276929733115,3,1.0,0.0,0.0,1.0
0.5002557092897069,1.0331808846706256,-1.2251371051984103,1,1,0,-1.4511748383890275,0,0.0,0.0,1.0,1.0
-0.9641644391104125,-1.0372390078178362,-1.2251371051984103,2,1,0,-1.052039701064386,3,1.0,0.0,0.0,1.0
-0.08551235007034085,-1.7273789719806567,-1.2251371051984103,2,1,0,1.1279679147913428,1,1.0,0.0,0.0,0.0
1.2812797884364373,1.7233208488334462,0.4919130062807593,3,1,0,-1.2455395176799382,3,0.0,1.0,0.0,1.0
-0.18314035996368214,-0.6921690257364259,0.6392180373818415,1,1,1,0.8551180681543322,2,0.0,1.0,0.0,1.0
-0.3783963797503647,-1.0372390078178362,1.454434156245953,2,1,1,-0.7840619804488388,3,0.0,0.0,1.0,1.0
0.20737167960968303,-1.0372390078178362,0.27782513927000757,1,1,0,0.4107400452593758,2,0.0,1.0,0.0,1.0
1.2812797884364373,0.34304092050780505,-0.0844881752610641,2,0,1,-1.0684178894599294,3,0.0,1.0,0.0,0.0
-0.3783963797503647,-1.3823089898992464,0.6773697140028258,1,0,0,-1.6959585800687365,0,1.0,0.0,0.0,1.0
-0.2807683698570234,-0.6921690257364259,0.7197477533611024,2,1,1,1.5046420586715346,2,0.0,0.0,1.0,0.0
0.6955117290763895,0.34304092050780505,0.6634136920243431,3,1,0,1.08353110443378,4,1.0,0.0,0.0,1.0
-0.476024389643706,1.7233208488334462,1.2288802881015997,1,1,0,0.6983606284913704,2,0.0,0.0,1.0,1.0
1.0860237686497547,-1.3823089898992464,0.41736263667452583,1,1,0,1.183017178667744,2,0.0,1.0,0.0,1.0
0.5002557092897069,1.0331808846706256,-1.2251371051984103,3,1,0,-0.5821544095524355,4,0.0,0.0,1.0,0.0
0.003935819113316791,1.378250866752036,0.7323591544823432,2,0,1,0.4185197500059388,4,0.0,0.0,1.0,1.0
-0.9641644391104125,-1.3823089898992464,-1.2251371051984103,2,1,1,1.1155797290896636,4,1.0,0.0,0.0,1.0
0.5002557092897069,1.7233208488334462,0.6722975026577293,1,1,1,-1.1995591220164363,1,1.0,0.0,0.0,1.0
-0.5736523995370473,-0.6921690257364259,0.7624848703349507,2,1,0,-0.6569718327104784,0,0.0,1.0,0.0,1.0
-0.3783963797503647,1.378250866752036,0.6942334005769216,1,1,0,-0.9077318772736783,4,0.0,1.0,0.0,0.0
-1.2570484687904364,0.34304092050780505,-1.2251371051984103,2,1,1,-1.1741411272733935,3,1.0,0.0,0.0,0.0
-0.5736523995370473,-1.3823089898992464,0.3243816963535193,1,1,0,0.14592119279190177,2,1.0,0.0,0.0,0.0
-0.6712804094303886,0.34304092050780505,0.5650013027259052,1,0,0,0.20453514679308935,0,1.0,0.0,0.0,0.0
0.003935819113316791,-0.002029061573605259,0.487050096861317,1,1,1,0.9230203335556552,0,1.0,0.0,0.0,1.0
1.47653580822312,0.6881109025892154,0.6669174190611352,1,1,0,1.256575196317435,2,0.0,0.0,1.0,0.0
0.20737167960968303,-0.6921690257364259,-1.2251371051984103,1,0,0,-1.5411435867625836,1,0.0,0.0,1.0,1.0
-0.08551235007034085,1.7233208488334462,0.891422537342539,2,1,1,-0.9365492401527096,0,0.0,1.0,0.0,1.0
-0.3783963797503647,-1.0372390078178362,0.4523584627008988,1,1,0,1.2988320187237574,2,0.0,0.0,1.0,1.0
-0.5736523995370473,-1.7273789719806567,0.8413600129875568,2,1,1,-1.2838253059153222,4,0.0,1.0,0.0,0.0
-0.7689084193237299,1.378250866752036,0.41167196054146804,1,1,1,0.2621159253758597,3,0.0,0.0,1.0,0.0
0.10974366971634174,-0.002029061573605259,-1.2251371051984103,2,1,1,1.2993292028521755,4,0.0,0.0,1.0,1.0
-0.9641644391104125,-0.34709904365501554,1.1913168331004202,2,1,0,-1.5767986670983187,0,0.0,0.0,1.0,1.0
-1.0617924490037538,1.0331808846706256,-0.3761880125994112,1,0,1,-1.319133558120873,0,0.0,1.0,0.0,1.0
-1.2570484687904364,-1.0372390078178362,1.0832410315005636,1,1,0,-0.880569996583531,0,1.0,0.0,0.0,0.0
0.10974366971634174,0.34304092050780505,0.2018133365697376,2,0,1,0.9136984356883221,3,0.0,1.0,0.0,0.0
0.6955117290763895,0.34304092050780505,0.19613642187827465,1,0,0,-0.5247701031016162,1,1.0,0.0,0.0,0.0
-1.2570484687904364,0.34304092050780505,0.8619420090772693,1,1,0,1.2701315993989082,4,1.0,0.0,0.0,1.0
-1.745188518257143,-0.34709904365501554,-1.2251371051984103,1,1,1,-1.1039537639405836,0,1.0,0.0,0.0,1.0
3.526724015983287,1.7233208488334462,-1.2251371051984103,2,1,1,0.24878731859263623,2,0.0,0.0,1.0,0.0
0.5002557092897069,0.34304092050780505,-1.2251371051984103,2,0,1,0.0791967160434083,1,1.0,0.0,0.0,1.0
-0.9641644391104125,1.0331808846706256,0.8209053902409796,1,1,1,-0.9345326599356606,0,0.0,0.0,1.0,1.0
0.4026276993963656,0.34304092050780505,0.597170752672133,1,1,1,-0.44924283953061633,4,1.0,0.0,0.0,1.0
0.5002557092897069,-1.0372390078178362,0.7320999273267165,1,0,0,-0.553474524958826,2,0.0,1.0,0.0,0.0
0.3049996895030243,-1.7273789719806567,0.4067003997401302,1,1,0,-0.16447014508460756,4,0.0,1.0,0.0,0.0
0.003935819113316791,1.378250866752036,1.7150905815974218,1,1,1,1.6813100085496515,4,0.0,0.0,1.0,0.0
0.6955117290763895,1.0331808846706256,1.2660313799052176,1,1,0,-1.289377862438051,3,0.0,0.0,1.0,0.0
-0.6712804094303886,-1.3823089898992464,-1.2251371051984103,2,1,0,0.44913442393792824,3,1.0,0.0,0.0,0.0
-0.8665364292170712,-0.6921690257364259,0.3496737858542644,1,1,1,0.17647600276163156,3,1.0,0.0,0.0,1.0
2.3551878972631917,-0.6921690257364259,0.07493172494649981,1,1,0,-0.5348813699596756,3,0.0,1.0,0.0,0.0
-0.476024389643706,1.7233208488334462,0.4470187033285132,1,0,1,0.4537063600323629,0,1.0,0.0,0.0,1.0
-0.5736523995370473,-0.34709904365501554,-0.39799621714194316,1,1,0,0.1956582261103429,1,0.0,0.0,1.0,1.0
-0.2807683698570234,0.34304092050780505,0.25246872303064394,2,1,1,1.2927840183040715,1,0.0,1.0,0.0,1.0
-0.3783963797503647,1.7233208488334462,-1.2251371051984103,1,1,1,-1.3361723383790258,1,1.0,0.0,0.0,1.0
1.8670478477964851,0.34304092050780505,0.209987952910693,1,0,1,0.4540542323014242,3,1.0,0.0,0.0,1.0
0.20737167960968303,-0.002029061573605259,-1.2251371051984103,1,1,1,-0.6042473440428763,2,1.0,0.0,0.0,1.0
1.5741638181164612,-0.6921690257364259,-1.2251371051984103,1,1,1,-1.0449322477312213,0,0.0,0.0,1.0,1.0
0.7931397389697308,0.6881109025892154,0.492855505013254,1,1,1,-0.5843740747809874,1,0.0,1.0,0.0,1.0
-0.476024389643706,0.6881109025892154,-1.2251371051984103,2,1,0,-0.6673695416670246,0,0.0,0.0,1.0,1.0
0.7931397389697308,-1.0372390078178362,1.0137257493504728,1,1,1,-0.8699164736022126,0,1.0,0.0,0.0,0.0
-0.08551235007034085,-1.3823089898992464,-1.2251371051984103,2,1,0,-0.8496871529833957,4,0.0,0.0,1.0,1.0
1.2812797884364373,-1.7273789719806567,0.9146619318109509,1,0,0,-1.6622680470293654,1,0.0,1.0,0.0,0.0
0.9883957587564134,1.7233208488334462,-1.2251371051984103,2,0,0,-1.0224893526939662,1,0.0,0.0,1.0,1.0
-0.2807683698570234,0.6881109025892154,2.07648315967573,1,1,1,-0.9353162861625652,0,1.0,0.0,0.0,0.0
0.012115659823000443,0.34304092050780505,-1.2251371051984103,2,1,0,0.061637258532113125,4,0.0,0.0,1.0,0.0
1.47653580822312,-1.3823089898992464,0.7542587285963954,2,0,1,0.08426601028940696,3,0.0,1.0,0.0,0.0
-0.08551235007034085,1.0331808846706256,-1.2251371051984103,2,0,0,-0.14993590594517814,1,1.0,0.0,0.0,1.0
-0.18314035996368214,-1.0372390078178362,-1.2251371051984103,2,1,1,-0.8031131643685341,2,1.0,0.0,0.0,1.0
0.8907677488630721,-1.3823089898992464,1.0675763505296225,2,1,0,-1.1972571438397774,1,0.0,1.0,0.0,0.0
-1.159420458897095,-0.6921690257364259,-1.2251371051984103,2,1,1,-0.40877584518196974,2,1.0,0.0,0.0,0.0
-1.3546764786837777,0.6881109025892154,-1.2251371051984103,2,1,1,1.0006181245189962,0,1.0,0.0,0.0,1.0
-0.2807683698570234,-0.34709904365501554,-1.2251371051984103,1,1,1,1.6816843323369206,0,1.0,0.0,0.0,1.0
-0.7689084193237299,1.7233208488334462,-0.0170227078415772,1,1,0,-1.3607807774463945,4,1.0,0.0,0.0,0.0
0.9883957587564134,-0.002029061573605259,0.32760507402200395,2,1,0,0.9061613192074274,3,0.0,1.0,0.0,1.0
1.7694198379031438,1.0331808846706256,0.8034962065227286,2,1,1,0.555463784369271,4,0.0,0.0,1.0,0.0
-0.08551235007034085,-0.34709904365501554,1.5869872419907205,1,1,1,1.6140824308857722,1,1.0,0.0,0.0,0.0
0.5978837191830482,-1.3823089898992464,1.2342810138605864,2,0,0,-0.18251773752072323,0,1.0,0.0,0.0,0.0
-1.6475605083638016,0.34304092050780505,1.763799364139686,2,1,0,-0.4714762106999627,0,1.0,0.0,0.0,0.0
-0.5736523995370473,0.34304092050780505,-0.1655033820984555,1,0,1,1.2258099923640657,1,0.0,0.0,1.0,1.0
0.8907677488630721,1.378250866752036,-1.2251371051984103,2,1,1,-0.49203130264828554,3,1.0,0.0,0.0,1.0
-0.6712804094303886,1.378250866752036,1.1207929652948263,1,1,1,-0.4047792296085536,3,1.0,0.0,0.0,1.0
-0.5736523995370473,-0.34709904365501554,-1.2251371051984103,2,1,1,-0.44261777835845106,3,1.0,0.0,0.0,1.0
-1.159420458897095,0.34304092050780505,0.5566199447274994,1,1,0,-0.9389779071797318,4,0.0,1.0,0.0,1.0
-0.476024389643706,-0.002029061573605259,0.8192064922710481,1,1,0,0.747907976580559,4,0.0,1.0,0.0,0.0
-1.0617924490037538,-1.7273789719806567,1.0583973089689953,1,1,0,0.4673193206363197,1,1.0,0.0,0.0,0.0
1.183651778543096,-0.002029061573605259,0.33607828164221837,1,0,0,0.7623002128327677,4,1.0,0.0,0.0,1.0
0.3049996895030243,1.7233208488334462,-1.2251371051984103,2,0,0,1.21018445407542,1,1.0,0.0,0.0,0.0
0.6955117290763895,-0.002029061573605259,1.020787769140149,1,1,1,-0.26612924634396723,0,0.0,0.0,1.0,0.0
0.8907677488630721,-1.3823089898992464,0.24818011377264854,1,1,1,0.5849410430183272,3,0.0,1.0,0.0,0.0
-0.476024389643706,-0.34709904365501554,-1.2251371051984103,2,1,0,0.7170298316053686,4,1.0,0.0,0.0,1.0
0.5002557092897069,-1.0372390078178362,0.7399799528074812,1,0,0,-1.483698198187482,2,1.0,0.0,0.0,1.0
-0.2807683698570234,0.34304092050780505,0.14730138611021404,1,1,1,-1.3152105543382586,1,0.0,0.0,1.0,1.0
-0.9641644391104125,0.34304092050780505,0.8767533206525576,1,0,1,-1.5845715849421838,2,0.0,1.0,0.0,1.0
-0.08551235007034085,0.6881109025892154,-1.2251371051984103,2,1,1,0.5698055539091099,1,1.0,0.0,0.0,0.0
-0.08551235007034085,-0.34709904365501554,0.07981463646128391,2,0,1,0.32360021714888065,2,1.0,0.0,0.0,0.0
-0.6712804094303886,-0.002029061573605259,0.4756913069587464,1,1,0,0.3759456834042691,4,1.0,0.0,0.0,0.0
0.5002557092897069,1.378250866752036,-1.2251371051984103,1,1,0,0.6603953908911095,1,1.0,0.0,0.0,1.0
0.003935819113316791,1.0331808846706256,-1.2251371051984103,2,1,1,0.019250266812505107,0,1.0,0.0,0.0,1.0
-0.08551235007034085,0.6881109025892154,-1.2251371051984103,2,0,0,-0.9501599384557669,3,1.0,0.0,0.0,0.0
-0.7689084193237299,1.378250866752036,-1.2251371051984103,2,1,1,0.0998504791155719,3,1.0,0.0,0.0,1.0
-0.8665364292170712,1.378250866752036,0.192517642789078,1,1,0,1.669802902036695,1,1.0,0.0,0.0,0.0
-1.452304488577119,-0.34709904365501554,-1.2251371051984103,2,0,0,1.3913202742066015,2,1.0,0.0,0.0,1.0
-0.5736523995370473,0.34304092050780505,0.8822607775922866,2,1,0,0.8917708231866798,0,1.0,0.0,0.0,0.0
-0.8665364292170712,1.0331808846706256,0.8135804629101342,1,1,0,1.6109508843716376,1,0.0,1.0,0.0,1.0
-1.159420458897095,-1.3823089898992464,0.019883878348585043,1,1,1,-1.7102584100303642,0,1.0,0.0,0.0,1.0
-1.2570484687904364,1.0331808846706256,1.1749445580046765,1,1,0,-1.0101860902875854,1,1.0,0.0,0.0,0.0
3.0385839665165806,1.378250866752036,0.5468707634412557,1,1,0,-1.3523818983459948,4,1.0,0.0,0.0,0.0
-0.08551235007034085,1.7233208488334462,-1.2251371051984103,2,0,0,-0.8190877930882633,3,1.0,0.0,0.0,1.0
-0.5736523995370473,1.378250866752036,-1.2251371051984103,2,1,0,-0.6190862977111331,2,1.0,0.0,0.0,1.0
0.10974366971634174,-1.7273789719806567,0.08627387310574633,1,1,1,1.7127168358427047,2,0.0,1.0,0.0,0.0
0.10974366971634174,-1.0372390078178362,0.7891425428888553,1,1,0,-0.12488074946176146,1,1.0,0.0,0.0,0.0
-0.5736523995370473,0.34304092050780505,0.9463478111002008,2,0,0,-0.4442582945567701,1,1.0,0.0,0.0,0.0
-1.745188518257143,-1.3823089898992464,-1.2251371051984103,2,1,0,-0.28489102977169206,2,1.0,0.0,0.0,0.0
-0.8665364292170712,0.34304092050780505,0.875666326783315,1,1,0,1.6317266376692199,0,1.0,0.0,0.0,0.0
-0.3783963797503647,1.7233208488334462,-0.02519396383051533,2,0,1,1.562303235947805,0,1.0,0.0,0.0,0.0
-0.9641644391104125,1.0331808846706256,-1.2251371051984103,2,0,0,-0.3787197855489728,3,0.0,0.0,1.0,0.0
0.5002557092897069,0.6881109025892154,0.12518946975201586,1,1,0,1.3619608292274579,0,0.0,1.0,0.0,1.0
0.5002557092897069,1.0331808846706256,0.3028440801567683,2,0,0,0.11544799967769438,4,0.0,1.0,0.0,1.0
0.6955117290763895,0.34304092050780505,-1.0257691801914264,1,0,0,0.9816264565152681,2,0.0,0.0,1.0,0.0
0.5978837191830482,0.6881109025892154,0.7104496593290016,3,1,1,-1.0631321104201776,0,0.0,1.0,0.0,1.0
-0.5736523995370473,-1.7273789719806567,-0.18662319452771195,2,1,0,0.03561540347209072,1,1.0,0.0,0.0,0.0
-1.2570484687904364,-0.34709904365501554,0.7067127878689082,1,0,1,0.8473943988608148,3,0.0,1.0,0.0,1.0
-0.08551235007034085,-0.002029061573605259,-1.2251371051984103,2,0,0,0.08555395559372012,1,1.0,0.0,0.0,1.0
-0.2807683698570234,-1.0372390078178362,1.583313897185432,2,1,0,0.8990060095090846,3,0.0,0.0,1.0,0.0
2.3551878972631917,-0.6921690257364259,1.0075756650916097,2,1,1,1.3106836910659994,1,0.0,0.0,1.0,0.0
1.3789077983297786,1.0331808846706256,0.6027852608261302,1,1,1,-0.8491022611893414,4,1.0,0.0,0.0,0.0
0.9883957587564134,-1.0372390078178362,-1.2251371051984103,1,1,0,0.24641921162045796,0,0.0,0.0,1.0,1.0
-0.18314035996368214,0.34304092050780505,-1.2251371051984103,1,1,1,1.5205963266831697,1,1.0,0.0,0.0,1.0
-0.9641644391104125,-0.6921690257364259,-0.260546138407271,1,1,0,0.9378434511176168,0,0.0,0.0,1.0,1.0
0.3049996895030243,0.34304092050780505,-1.2251371051984103,2,1,0,1.0844844032281358,2,1.0,0.0,0.0,1.0
0.7931397389697308,0.6881109025892154,0.4847093716560652,1,0,1,1.0020164004979386,2,0.0,1.0,0.0,1.0
0.4026276993963656,-0.34709904365501554,0.3333010307082319,2,1,0,-0.9818855761524821,3,0.0,0.0,1.0,1.0
-0.2807683698570234,0.6881109025892154,0.9589784142329699,3,1,1,-1.2856697772408745,4,1.0,0.0,0.0,1.0
-0.9641644391104125,-1.3823089898992464,0.3356862405735236,1,1,1,1.6702156849392529,1,0.0,0.0,1.0,1.0
-0.5736523995370473,-0.002029061573605259,-1.2251371051984103,2,1,0,0.39277337358619846,2,1.0,0.0,0.0,0.0
-1.0617924490037538,-1.0372390078178362,-0.10127953425840476,2,1,1,1.3725762411397795,4,0.0,1.0,0.0,1.0
1.8670478477964851,-0.6921690257364259,0.8157054855192226,1,1,1,-0.06593980596904504,4,0.0,1.0,0.0,0.0
-0.8665364292170712,-0.34709904365501554,-1.2251371051984103,3,1,0,0.017254743396134767,2,0.0,0.0,1.0,1.0
-1.2570484687904364,-0.002029061573605259,-1.2251371051984103,1,1,0,-1.3899009405996459,4,1.0,0.0,0.0,1.0
1.5741638181164612,1.378250866752036,0.6517654317979893,4,1,0,-0.10775617579257936,4,0.0,0.0,1.0,0.0
3.429096006089946,-0.002029061573605259,0.5173126270460606,1,1,0,-1.5714552863972067,2,0.0,1.0,0.0,1.0
2.5504439170498743,0.34304092050780505,-0.6116325168482637,1,1,0,-1.1793854888043724,2,1.0,0.0,0.0,1.0
-1.3546764786837777,-0.6921690257364259,-1.2251371051984103,2,0,1,0.41989627309161837,1,1.0,0.0,0.0,1.0
-0.5736523995370473,1.7233208488334462,0.9370209140508083,1,0,0,1.6501824884060943,4,1.0,0.0,0.0,0.0
-0.18314035996368214,-1.0372390078178362,1.1048680970676825,2,0,0,1.495225318189575,2,0.0,1.0,0.0,1.0
-0.6712804094303886,1.378250866752036,0.1435635545495443,1,0,0,1.1965433017217946,1,0.0,0.0,1.0,1.0
-0.3783963797503647,0.6881109025892154,0.8505571364423734,2,0,0,-0.23392765534265866,0,1.0,0.0,0.0,1.0
0.003935819113316791,0.34304092050780505,0.4074351967145981,2,1,0,-1.531899999310997,0,1.0,0.0,0.0,1.0
-0.476024389643706,-1.3823089898992464,-1.2251371051984103,1,1,1,-0.6190958689841687,4,1.0,0.0,0.0,1.0
-0.18314035996368214,1.378250866752036,-1.2251371051984103,2,1,0,-0.56332475709773,4,0.0,0.0,1.0,0.0
-0.2807683698570234,0.34304092050780505,-1.2251371051984103,2,1,1,-0.7058921754042553,4,0.0,0.0,1.0,0.0
0.012115659823000443,0.34304092050780505,0.5537678059485545,1,0,0,-1.5790534850023836,1,1.0,0.0,0.0,1.0
2.25755988736985,0.6881109025892154,0.7776906232303745,2,1,1,0.8880743975402924,1,1.0,0.0,0.0,0.0
0.4026276993963656,0.6881109025892154,0.6210073296990629,2,1,0,-0.6306673640611837,3,0.0,1.0,0.0,1.0
0.6955117290763895,0.6881109025892154,-1.2251371051984103,2,1,0,0.5257381946907252,0,1.0,0.0,0.0,0.0
1.3789077983297786,-1.0372390078178362,0.2802841168629187,2,1,0,-1.103289169545614,4,0.0,1.0,0.0,1.0
-0.18314035996368214,-1.7273789719806567,-0.1955058850437589,1,0,1,-0.6720808703014881,1,0.0,0.0,1.0,0.0
-0.3783963797503647,-0.002029061573605259,0.9595119101199202,2,1,0,-0.7087353655652966,2,0.0,0.0,1.0,0.0
0.4026276993963656,-1.0372390078178362,-1.2251371051984103,2,1,1,0.5660718873094567,4,1.0,0.0,0.0,1.0
-0.18314035996368214,1.0331808846706256,1.2505235153617544,2,1,0,-0.19630419920134531,1,0.0,0.0,1.0,1.0
-0.18314035996368214,-1.3823089898992464,0.39804093260809514,1,0,0,-0.8529739281438551,0,0.0,1.0,0.0,1.0
0.003935819113316791,-0.6921690257364259,-1.2251371051984103,2,0,0,-0.7755050883317771,3,1.0,0.0,0.0,1.0
-0.08551235007034085,1.378250866752036,-1.2251371051984103,2,1,0,-0.21151660654114038,4,0.0,0.0,1.0,1.0
0.7931397389697308,1.378250866752036,1.2083486972921482,1,1,0,0.37346533150285405,2,0.0,1.0,0.0,1.0
0.10974366971634174,0.34304092050780505,-1.2251371051984103,2,1,1,0.20036259381896243,3,1.0,0.0,0.0,1.0
-0.08551235007034085,0.6881109025892154,-1.2251371051984103,2,1,0,0.8736196869786325,0,0.0,0.0,1.0,1.0
0.20737167960968303,-1.0372390078178362,0.8009834632975392,1,1,0,1.7027268631174797,4,1.0,0.0,0.0,0.0
0.3049996895030243,1.7233208488334462,-1.2251371051984103,2,1,1,0.9147502315833725,3,1.0,0.0,0.0,0.0
-0.18314035996368214,-0.34709904365501554,-1.2251371051984103,2,1,1,0.7315313543933304,2,1.0,0.0,0.0,1.0
-1.159420458897095,-1.3823089898992464,0.13860911554181896,1,0,1,-0.624187786239161,2,1.0,0.0,0.0,0.0
-0.3783963797503647,-0.34709904365501554,0.7552572331958465,1,1,0,-0.2866009812053065,2,1.0,0.0,0.0,1.0
0.012115659823000443,1.7233208488334462,-0.4838823342369136,1,1,0,0.6340096534325844,2,1.0,0.0,0.0,1.0
-0.9641644391104125,1.378250866752036,-0.2376666216382446,2,1,0,0.4820140091164567,1,0.0,0.0,1.0,1.0
1.47653580822312,-0.6921690257364259,-1.2251371051984103,1,1,0,0.13973432190162532,0,1.0,0.0,0.0,1.0
0.012115659823000443,-0.002029061573605259,0.9372492579712275,1,1,0,1.275650047385,2,0.0,1.0,0.0,0.0
0.5002557092897069,1.0331808846706256,1.3142906753609662,1,1,0,0.11836514967582967,3,1.0,0.0,0.0,1.0
-0.7689084193237299,-1.3823089898992464,-1.2251371051984103,2,0,1,0.5232374820812158,3,1.0,0.0,0.0,0.0
0.012115659823000443,0.6881109025892154,1.256127622426174,1,1,1,-1.46038066281791,4,1.0,0.0,0.0,0.0
-0.9641644391104125,-0.34709904365501554,-1.2251371051984103,2,0,0,0.9705921708902749,1,1.0,0.0,0.0,1.0
-1.0617924490037538,1.0331808846706256,-1.2251371051984103,2,1,1,-0.16226370561515946,2,1.0,0.0,0.0,1.0
-1.5499324984704603,-1.0372390078178362,-1.2251371051984103,2,0,1,-0.5844349828821236,3,1.0,0.0,0.0,1.0
0.003935819113316791,-0.34709904365501554,0.24002421939293309,1,1,1,0.41025295447343163,2,1.0,0.0,0.0,1.0
-0.2807683698570234,-1.0372390078178362,-1.2251371051984103,1,1,0,1.6499633932651498,3,0.0,0.0,1.0,1.0
-0.5736523995370473,-1.3823089898992464,1.7877493930513932,1,0,0,-0.7311685153063698,0,1.0,0.0,0.0,0.0
-0.8665364292170712,-1.3823089898992464,-1.2251371051984103,2,1,0,1.7243005125399469,1,1.0,0.0,0.0,1.0
-0.476024389643706,-1.7273789719806567,1.0253588079843672,2,1,1,-0.4021260727230575,3,0.0,1.0,0.0,1.0
2.25755988736985,-1.3823089898992464,0.769925489785252,1,1,0,-0.5127336181782122,4,1.0,0.0,0.0,0.0
0.4026276993963656,-0.002029061573605259,0.03887930823580402,2,0,0,0.92033498238813,2,0.0,1.0,0.0,1.0
-0.6712804094303886,0.34304092050780505,-0.08602193593185552,1,1,1,0.17774880805223353,0,1.0,0.0,0.0,0.0
0.4026276993963656,-0.002029061573605259,-1.2251371051984103,1,1,1,-0.918861005513298,1,1.0,0.0,0.0,0.0
-1.159420458897095,-0.002029061573605259,0.7777565501366205,1,1,0,1.7180433362986447,1,1.0,0.0,0.0,0.0
-0.9641644391104125,-0.6921690257364259,-1.2251371051984103,2,1,0,0.7954745932207957,0,1.0,0.0,0.0,1.0
-0.6712804094303886,1.0331808846706256,1.0884166136743854,1,1,1,-0.22222807923011131,2,1.0,0.0,0.0,0.0
0.20737167960968303,-0.002029061573605259,0.08958782026193744,2,1,0,1.52090939432301,0,0.0,1.0,0.0,0.0
0.4026276993963656,0.6881109025892154,0.054589754000886455,1,1,1,0.047487436522426825,3,0.0,1.0,0.0,0.0
-0.9641644391104125,0.34304092050780505,1.663490136135817,1,1,1,0.40845059674923645,2,0.0,1.0,0.0,0.0
1.6717918280098025,1.7233208488334462,0.37920503943332057,3,1,1,-0.40437949844195353,4,0.0,1.0,0.0,1.0
-0.7689084193237299,-0.6921690257364259,-0.4043556033264604,1,0,0,-1.1284504801481539,4,0.0,1.0,0.0,0.0
0.20737167960968303,1.378250866752036,0.5368481135075021,2,0,0,-0.32160730325236736,0,0.0,1.0,0.0,1.0
1.8670478477964851,-0.6921690257364259,-1.2251371051984103,3,1,1,-0.3486478898096803,4,1.0,0.0,0.0,1.0
0.012115659823000443,0.34304092050780505,0.8641220774527377,1,1,0,-1.5753412232497008,0,0.0,1.0,0.0,0.0
-0.8665364292170712,-0.002029061573605259,-1.2251371051984103,2,0,1,-0.37727347918170545,3,0.0,0.0,1.0,0.0
0.012115659823000443,1.7233208488334462,0.8916913655039299,3,1,1,-0.8511752249057278,1,0.0,1.0,0.0,1.0
0.4026276993963656,-1.0372390078178362,1.3417967567908793,1,0,1,-1.0983140218216572,3,1.0,0.0,0.0,0.0
1.183651778543096,-0.6921690257364259,0.11483238478415116,1,0,1,0.8426012793476826,1,0.0,0.0,1.0,1.0
-0.8665364292170712,1.0331808846706256,0.548320995361901,2,0,0,-1.3128426213892266,3,1.0,0.0,0.0,1.0
0.5978837191830482,-1.0372390078178362,-1.2251371051984103,2,0,1,1.222373731321103,0,1.0,0.0,0.0,0.0
0.4026276993963656,-1.0372390078178362,-0.6003790179755711,2,1,1,1.3059420824041137,3,0.0,1.0,0.0,1.0
-0.9641644391104125,-0.002029061573605259,-1.2251371051984103,1,1,1,-0.09667995058937535,0,1.0,0.0,0.0,1.0
0.012115659823000443,0.34304092050780505,-1.2251371051984103,2,0,0,-0.29514986825764755,2,1.0,0.0,0.0,0.0
-1.159420458897095,1.0331808846706256,-1.2251371051984103,1,1,0,1.2450171010226698,4,1.0,0.0,0.0,1.0
0.012115659823000443,-1.0372390078178362,-1.2251371051984103,2,1,0,1.6974830236559386,0,1.0,0.0,0.0,1.0
0.20737167960968303,0.6881109025892154,0.8020160514674524,1,0,1,0.2505237215444583,0,0.0,0.0,1.0,1.0
-1.159420458897095,0.34304092050780505,-1.2251371051984103,2,0,1,-0.8806258580134302,0,1.0,0.0,0.0,0.0
-0.7689084193237299,-1.3823089898992464,0.8952811815590721,1,1,1,1.4807163124063307,3,1.0,0.0,0.0,1.0
1.6717918280098025,0.6881109025892154,-1.2251371051984103,2,1,1,-1.0082434699076306,1,0.0,0.0,1.0,0.0
1.3789077983297786,1.0331808846706256,-1.2251371051984103,1,1,1,-0.8469351509509129,0,0.0,0.0,1.0,1.0
0.10974366971634174,1.378250866752036,0.6651388327433627,1,1,1,1.0423659292229654,3,1.0,0.0,0.0,1.0
-0.5736523995370473,0.34304092050780505,0.7877087926947718,1,0,0,-0.5924786807413258,0,1.0,0.0,0.0,1.0
-0.9641644391104125,1.7233208488334462,-1.2251371051984103,2,1,1,0.18979521229496554,1,1.0,0.0,0.0,0.0
2.4528159071565327,-1.0372390078178362,-0.11604236075458498,1,1,1,-0.7159627208461266,4,1.0,0.0,0.0,0.0
0.10974366971634174,-1.7273789719806567,-1.2251371051984103,2,1,0,-1.1239055176413653,2,1.0,0.0,0.0,0.0
-0.9641644391104125,-0.34709904365501554,-1.2251371051984103,2,1,0,1.121185188648808,0,1.0,0.0,0.0,0.0
0.4026276993963656,0.34304092050780505,-1.2251371051984103,2,1,0,-0.6029553962062029,3,1.0,0.0,0.0,0.0
0.003935819113316791,0.6881109025892154,0.8008090450261606,1,0,1,-1.7356010527511443,1,0.0,1.0,0.0,1.0
0.4026276993963656,-1.0372390078178362,-1.2251371051984103,2,1,0,-1.387128577859069,1,0.0,0.0,1.0,0.0
-1.0617924490037538,1.0331808846706256,0.29596655969452296,2,1,0,-0.9738222136777702,3,1.0,0.0,0.0,0.0
0.20737167960968303,-0.6921690257364259,1.1071857798591007,1,1,1,0.01871688586969757,3,1.0,0.0,0.0,0.0
-0.8665364292170712,1.7233208488334462,1.832651056774725,2,1,1,-0.07324895212854367,4,1.0,0.0,0.0,0.0
-1.6475605083638016,1.0331808846706256,0.7490610641093166,1,1,1,0.42682761500092614,0,1.0,0.0,0.0,1.0
0.012115659823000443,-0.002029061573605259,1.3846970908627148,2,1,1,-1.334359191219772,3,0.0,0.0,1.0,0.0
-0.2807683698570234,1.378250866752036,0.8095886847470077,1,1,1,0.9627068340940271,4,1.0,0.0,0.0,1.0
-0.6712804094303886,-0.34709904365501554,0.1257503285053933,1,0,1,-0.8364391189168183,3,0.0,1.0,0.0,1.0
-0.8665364292170712,-0.6921690257364259,0.6151689580940028,1,0,0,1.330911097430209,1,1.0,0.0,0.0,1.0
0.5002557092897069,1.378250866752036,-1.2251371051984103,2,1,0,-1.2899034123392839,0,1.0,0.0,0.0,1.0
-0.476024389643706,1.378250866752036,1.3781941696420266,2,1,0,-0.09513410298253674,3,0.0,1.0,0.0,1.0
-0.3783963797503647,-0.002029061573605259,-1.2251371051984103,2,1,1,1.512417238816299,0,0.0,0.0,1.0,1.0
0.5002557092897069,-0.002029061573605259,0.4072959821310208,1,0,1,1.35487182234778,1,1.0,0.0,0.0,1.0
0.012115659823000443,-1.0372390078178362,0.9015957630500241,1,0,1,0.852798687663063,0,0.0,1.0,0.0,1.0
-1.0617924490037538,1.0331808846706256,-1.2251371051984103,2,1,1,-0.6281041771422233,3,1.0,0.0,0.0,1.0
0.003935819113316791,1.378250866752036,0.4282325753669484,1,1,1,-0.9441074134342826,0,1.0,0.0,0.0,1.0
-0.8665364292170712,-0.34709904365501554,-0.1659808721184494,1,1,1,0.25768372986774624,3,1.0,0.0,0.0,1.0
-0.08551235007034085,-0.002029061573605259,1.1996353045110724,1,1,1,-0.9366687940540827,4,1.0,0.0,0.0,1.0
-0.8665364292170712,0.34304092050780505,-1.2251371051984103,1,0,0,0.38676487642067825,4,1.0,0.0,0.0,0.0
-0.7689084193237299,-0.002029061573605259,0.40845290332557704,4,0,0,1.522470729989852,1,0.0,1.0,0.0,0.0
-0.476024389643706,-0.6921690257364259,-1.2251371051984103,2,1,0,-1.2727214110318876,4,0.0,0.0,1.0,1.0
0.10974366971634174,-0.34709904365501554,-1.2251371051984103,2,1,0,0.4217635414493104,4,1.0,0.0,0.0,1.0
0.6955117290763895,-0.002029061573605259,1.0437186512900125,2,0,0,1.123975127727141,4,0.0,1.0,0.0,0.0
-1.2570484687904364,-1.3823089898992464,0.8856176092408902,1,1,1,1.3728731246270323,2,0.0,1.0,0.0,0.0
0.9883957587564134,1.0331808846706256,-1.2251371051984103,2,0,1,-0.03983111335911683,3,0.0,0.0,1.0,0.0
-1.2570484687904364,0.6881109025892154,-1.2251371051984103,2,1,0,-1.720021108526778,3,1.0,0.0,0.0,1.0
2.3551878972631917,0.6881109025892154,0.746347499846898,1,1,1,0.002771667061659854,3,0.0,1.0,0.0,1.0
-1.3546764786837777,1.0331808846706256,-1.2251371051984103,2,1,1,0.6044269367569896,2,0.0,0.0,1.0,1.0
-0.18314035996368214,0.6881109025892154,-1.2251371051984103,2,1,0,-1.185397814479107,1,0.0,0.0,1.0,0.0
0.7931397389697308,1.0331808846706256,1.0022322253336815,1,0,1,-0.4585713502775017,4,0.0,0.0,1.0,1.0
-0.08551235007034085,-1.3823089898992464,0.7175470428232413,1,1,1,0.947811670949579,1,1.0,0.0,0.0,1.0
-0.8665364292170712,-1.7273789719806567,-1.2251371051984103,2,1,0,1.054582528102587,0,1.0,0.0,0.0,1.0
0.003935819113316791,1.378250866752036,0.9885589529749476,1,1,0,-0.8754511057408925,4,0.0,1.0,0.0,0.0
-0.476024389643706,-0.34709904365501554,-1.2251371051984103,2,1,0,1.2280996148973509,1,0.0,0.0,1.0,1.0
2.0623038675831675,-1.3823089898992464,1.024925002540599,1,0,1,1.2878008655153943,0,1.0,0.0,0.0,1.0
1.7694198379031438,-0.34709904365501554,-1.2251371051984103,1,0,0,-0.2523833320563873,4,1.0,0.0,0.0,0.0
-0.8665364292170712,0.6881109025892154,0.8898750152301526,2,0,0,-0.11507280494736057,1,0.0,1.0,0.0,1.0
-0.18314035996368214,1.7233208488334462,-0.12744515526690703,1,1,0,1.000342297832422,3,1.0,0.0,0.0,0.0
3.0385839665165806,-0.6921690257364259,-1.2251371051984103,2,1,1,0.7100341011320025,3,0.0,0.0,1.0,1.0
0.012115659823000443,1.0331808846706256,0.5812906891385542,1,0,1,-1.629828914433625,3,0.0,1.0,0.0,0.0
-0.08551235007034085,0.34304092050780505,0.8077652937356703,1,1,1,-1.6033192724950742,2,1.0,0.0,0.0,0.0
-0.9641644391104125,0.6881109025892154,0.8151497473022525,1,0,0,-0.2472104940384568,0,1.0,0.0,0.0,1.0
-0.5736523995370473,-0.34709904365501554,1.219999837820231,1,1,0,-0.6463198759374751,1,1.0,0.0,0.0,0.0
0.012115659823000443,-1.7273789719806567,-1.2251371051984103,2,1,0,-0.09401130564387603,0,0.0,0.0,1.0,0.0
-1.159420458897095,-0.34709904365501554,0.6730963063372901,2,1,1,1.0520703299654346,2,0.0,1.0,0.0,1.0
-1.0617924490037538,-0.34709904365501554,-0.17473426909020842,1,1,0,-1.246328364601226,3,0.0,1.0,0.0,1.0
-0.3783963797503647,0.6881109025892154,-1.2251371051984103,2,1,1,-0.38186194747501995,2,0.0,0.0,1.0,1.0
1.2812797884364373,-1.0372390078178362,0.18131838959895175,1,1,0,1.2794162563129752,0,1.0,0.0,0.0,1.0
1.6717918280098025,-0.6921690257364259,-1.2251371051984103,3,1,1,-0.10670002931887636,4,1.0,0.0,0.0,0.0
-1.0617924490037538,-0.34709904365501554,1.5375014180486268,1,1,1,0.2800363068921734,3,1.0,0.0,0.0,1.0
-0.6712804094303886,-0.6921690257364259,0.7669600591382921,2,0,1,-0.8317565041014616,4,0.0,1.0,0.0,0.0
0.003935819113316791,0.6881109025892154,-1.2251371051984103,2,0,1,0.9765458507647728,1,1.0,0.0,0.0,0.0
-0.18314035996368214,-1.0372390078178362,1.2884860521691888,1,1,0,0.5984238343089987,1,0.0,0.0,1.0,1.0
1.3789077983297786,-0.34709904365501554,0.18911040586021377,1,1,0,-0.5393816085179154,1,1.0,0.0,0.0,0.0
1.47653580822312,0.34304092050780505,-1.2251371051984103,1,1,0,0.17218389588613156,2,1.0,0.0,0.0,1.0
-1.0617924490037538,-1.3823089898992464,0.22360921982153922,1,0,1,-0.44512579994009654,3,1.0,0.0,0.0,0.0
0.9883957587564134,-1.3823089898992464,0.9092410439398602,1,1,0,0.035112476579851316,4,0.0,1.0,0.0,1.0
2.3551878972631917,-1.0372390078178362,-0.13010319371265755,2,1,1,0.21098061607847582,2,1.0,0.0,0.0,1.0
-0.18314035996368214,1.378250866752036,1.0085845707806387,3,1,0,0.06566102171632136,1,0.0,1.0,0.0,1.0
-0.5736523995370473,-0.6921690257364259,-0.35298894235520795,1,1,1,-1.7403790322505654,0,1.0,0.0,0.0,1.0
0.012115659823000443,-1.3823089898992464,0.09549899949404085,1,1,0,0.23863776664243408,0,0.0,1.0,0.0,1.0
-0.5736523995370473,-1.0372390078178362,-1.2251371051984103,2,0,1,0.7074310629125841,3,1.0,0.0,0.0,1.0
-0.2807683698570234,-1.3823089898992464,-0.11271737244176529,1,1,0,0.2759808714953744,2,1.0,0.0,0.0,0.0
-0.8665364292170712,-1.7273789719806567,-0.3723780134787491,1,0,0,1.6741505222958017,1,0.0,0.0,1.0,1.0
0.10974366971634174,-1.0372390078178362,-1.2251371051984103,2,1,1,1.3952123018692097,2,1.0,0.0,0.0,1.0
2.0623038675831675,0.6881109025892154,0.006377503473380927,2,1,1,-0.2912392201184067,0,1.0,0.0,0.0,1.0
2.940955956623239,0.34304092050780505,-1.2251371051984103,2,0,1,0.8566228462986903,3,1.0,0.0,0.0,1.0
0.7931397389697308,-1.0372390078178362,0.9656695151666317,1,1,1,1.1799655087776704,4,0.0,1.0,0.0,1.0
1.5741638181164612,1.0331808846706256,1.1647065255082845,3,0,0,0.6463287519452611,0,0.0,1.0,0.0,0.0
-0.18314035996368214,-1.3823089898992464,-1.2251371051984103,2,1,0,1.0977035494524598,3,1.0,0.0,0.0,1.0
1.2812797884364373,-1.0372390078178362,-1.2251371051984103,1,1,0,0.4982989211056885,0,1.0,0.0,0.0,1.0
2.4528159071565327,-0.6921690257364259,0.7597716261060575,1,1,1,0.19183337138213122,0,1.0,0.0,0.0,0.0
0.4026276993963656,-0.6921690257364259,1.208135234930663,2,1,0,-0.04297449344718684,4,0.0,1.0,0.0,0.0
-0.3783963797503647,-0.34709904365501554,-0.5823516895028842,2,1,1,1.731146409084518,3,0.0,0.0,1.0,0.0
-0.476024389643706,-0.002029061573605259,1.005387595878005,2,0,0,-1.1560261878797358,2,0.0,0.0,1.0,1.0
-0.6712804094303886,-0.6921690257364259,-1.2251371051984103,2,1,1,-0.20327121585560415,2,1.0,0.0,0.0,1.0
-0.5736523995370473,1.0331808846706256,-1.2251371051984103,2,0,1,-0.5492950110588551,0,1.0,0.0,0.0,1.0
0.10974366971634174,1.378250866752036,-0.48072808380992943,1,1,1,-0.06425421777588523,3,1.0,0.0,0.0,1.0
-0.08551235007034085,1.7233208488334462,0.20568462211052646,1,0,0,0.7638895662261325,2,1.0,0.0,0.0,1.0
0.003935819113316791,0.6881109025892154,-1.2251371051984103,2,0,0,0.03226737216420292,1,1.0,0.0,0.0,0.0
-0.5736523995370473,-0.34709904365501554,-1.2251371051984103,2,1,0,0.28411836783032646,2,0.0,0.0,1.0,1.0
1.183651778543096,-0.6921690257364259,-1.2251371051984103,2,0,1,-1.3838880928554733,0,0.0,0.0,1.0,1.0
-0.18314035996368214,-1.3823089898992464,-0.6562805540026644,2,0,0,-0.8823530377385087,2,0.0,1.0,0.0,0.0
-0.3783963797503647,1.0331808846706256,0.5500014914041181,1,1,0,1.199166700649307,2,1.0,0.0,0.0,1.0
-1.745188518257143,-0.34709904365501554,0.5211411881111999,2,1,1,-0.7689654725243487,3,1.0,0.0,0.0,1.0
0.20737167960968303,-0.002029061573605259,1.081467405702436,1,1,1,-1.4894576682309277,0,1.0,0.0,0.0,1.0
0.9883957587564134,1.378250866752036,0.3285115689828838,1,1,0,-0.4456438668460471,2,0.0,1.0,0.0,0.0
0.6955117290763895,-0.002029061573605259,0.868088732984115,1,1,1,-0.3897768682061055,4,0.0,1.0,0.0,1.0
0.20737167960968303,1.0331808846706256,0.5215092266654848,3,1,1,0.8434767897957299,3,0.0,1.0,0.0,0.0
-0.08551235007034085,-1.3823089898992464,1.8062799742428743,1,0,1,0.10909598082176575,3,1.0,0.0,0.0,1.0
-0.3783963797503647,0.6881109025892154,0.6254823584856416,2,1,1,0.07529563917720293,4,1.0,0.0,0.0,0.0
-0.8665364292170712,-0.002029061573605259,-1.2251371051984103,2,1,0,0.7590076949084867,0,1.0,0.0,0.0,0.0
-0.2807683698570234,-1.3823089898992464,-0.5201858172483369,1,1,1,-0.4707404408382366,1,0.0,0.0,1.0,0.0
-0.2807683698570234,0.6881109025892154,-1.2251371051984103,1,1,0,-0.9233803866176092,2,1.0,0.0,0.0,0.0
0.003935819113316791,0.34304092050780505,-1.2251371051984103,2,1,0,-0.7379230496992363,1,0.0,0.0,1.0,0.0
-0.9641644391104125,-0.34709904365501554,-1.2251371051984103,2,1,0,-0.20034606079274822,1,0.0,0.0,1.0,0.0
2.745699936836557,-0.002029061573605259,0.5987174747007059,2,0,1,-0.12587825013522735,1,1.0,0.0,0.0,0.0
-0.8665364292170712,-0.34709904365501554,0.9807149312657975,1,1,0,-1.659681366985681,4,1.0,0.0,0.0,0.0
1.183651778543096,-0.6921690257364259,-1.2251371051984103,1,1,1,-0.5443148166636614,4,1.0,0.0,0.0,0.0
-0.2807683698570234,0.6881109025892154,-1.2251371051984103,2,0,0,-0.7101541762754795,2,1.0,0.0,0.0,1.0
-0.6712804094303886,-0.002029061573605259,0.9107040772015239,1,0,1,0.9477974010515984,1,0.0,0.0,1.0,1.0
0.4026276993963656,0.6881109025892154,0.07222760167308248,2,1,1,1.4313006998387428,1,1.0,0.0,0.0,1.0
-0.7689084193237299,0.34304092050780505,0.6069536974953132,1,0,0,0.6615801404697834,3,0.0,0.0,1.0,1.0
2.843327946729898,-1.0372390078178362,-1.2251371051984103,2,1,1,-0.7050472930299222,3,1.0,0.0,0.0,1.0
-0.2807683698570234,1.378250866752036,-0.12291620083128751,2,0,1,0.15236735816987254,4,1.0,0.0,0.0,1.0
-0.18314035996368214,-0.6921690257364259,0.7381007159459501,2,0,0,0.11482047221284472,3,1.0,0.0,0.0,1.0
-0.3783963797503647,1.378250866752036,-1.2251371051984103,2,0,0,0.7551652638425187,3,0.0,0.0,1.0,1.0
0.003935819113316791,-0.34709904365501554,0.5957611650092219,1,1,0,-1.4576312711326187,3,0.0,0.0,1.0,1.0
-1.159420458897095,1.7233208488334462,0.9218017197473148,1,1,1,1.3286752480490693,2,0.0,0.0,1.0,1.0
0.3049996895030243,-1.3823089898992464,-1.2251371051984103,1,1,0,-1.7248599961273356,3,1.0,0.0,0.0,0.0
0.7931397389697308,-0.6921690257364259,-1.2251371051984103,2,1,0,1.365086110908333,2,0.0,0.0,1.0,1.0
-0.08551235007034085,0.6881109025892154,0.8993680096792614,2,1,1,-0.7180849331128604,3,0.0,1.0,0.0,1.0
-0.3783963797503647,0.6881109025892154,-1.2251371051984103,2,0,1,0.7030756116119024,4,0.0,0.0,1.0,1.0
0.6955117290763895,-1.7273789719806567,0.6879609034945683,1,1,0,-0.3851027805249078,2,1.0,0.0,0.0,1.0
1.5741638181164612,1.378250866752036,0.3699909542016544,1,1,0,0.24529345588831353,2,0.0,0.0,1.0,1.0
-0.08551235007034085,-1.0372390078178362,-1.2251371051984103,2,0,0,0.25563060479001565,3,1.0,0.0,0.0,0.0
-0.6712804094303886,1.0331808846706256,1.7749792553015218,1,1,1,0.3434515594943604,3,0.0,0.0,1.0,0.0
-1.159420458897095,1.378250866752036,-0.020800383576167418,1,1,1,1.121501040658986,0,0.0,0.0,1.0,1.0
-0.476024389643706,0.34304092050780505,-1.2251371051984103,1,1,1,-0.6474686027249051,0,1.0,0.0,0.0,1.0
-0.08551235007034085,1.0331808846706256,-1.2251371051984103,2,1,1,0.5797293978388158,2,1.0,0.0,0.0,1.0
0.003935819113316791,-0.002029061573605259,-1.2251371051984103,2,1,1,-0.7570662918632204,2,1.0,0.0,0.0,1.0
3.0385839665165806,-1.3823089898992464,0.2856896431247872,1,0,1,0.7817114506417515,2,1.0,0.0,0.0,1.0
-0.476024389643706,-0.6921690257364259,0.46445845024844645,1,0,1,-0.4469805386312691,3,1.0,0.0,0.0,0.0
-0.08551235007034085,-1.0372390078178362,-0.07832945009701339,2,0,0,0.6392280855147945,1,0.0,1.0,0.0,1.0
-0.9641644391104125,-0.6921690257364259,0.6439518132737587,1,0,0,-1.6756128379651762,1,0.0,0.0,1.0,0.0
-0.476024389643706,0.6881109025892154,0.5280721541721979,1,0,1,0.2204399922312309,4,1.0,0.0,0.0,0.0
2.159931877476509,-1.7273789719806567,-1.2251371051984103,2,1,1,-0.07269103392213545,4,0.0,0.0,1.0,1.0
0.20737167960968303,-0.002029061573605259,-1.2251371051984103,2,0,1,0.7587541431846142,0,0.0,0.0,1.0,1.0
0.012115659823000443,1.0331808846706256,1.0151769413716942,1,1,1,-0.12866836323670697,4,1.0,0.0,0.0,1.0
3.429096006089946,-0.6921690257364259,0.4797699742240365,1,1,1,0.5953340533499284,3,0.0,1.0,0.0,1.0
0.20737167960968303,1.0331808846706256,-1.2251371051984103,2,0,0,-1.22934109519432,1,1.0,0.0,0.0,1.0
1.6717918280098025,1.378250866752036,0.5509495907233085,1,1,0,0.5919764507690054,2,0.0,1.0,0.0,1.0
-1.8428165281504842,-1.0372390078178362,0.7125585202450538,2,1,0,-1.6854108631602491,1,0.0,1.0,0.0,0.0
0.3049996895030243,-1.0372390078178362,0.7483713918619392,1,0,0,0.054583230304802485,1,0.0,1.0,0.0,0.0
-0.6712804094303886,1.7233208488334462,-1.2251371051984103,2,0,1,1.6699805796688667,2,1.0,0.0,0.0,1.0
0.10974366971634174,0.34304092050780505,-0.20727175759072106,1,0,0,-0.4422610309089386,1,0.0,0.0,1.0,1.0
0.3049996895030243,-0.002029061573605259,-1.2251371051984103,3,1,1,1.542483913861208,2,0.0,0.0,1.0,0.0
-1.3546764786837777,0.6881109025892154,0.5136826467834728,2,1,0,1.5598098323104321,3,1.0,0.0,0.0,0.0
0.5978837191830482,-1.0372390078178362,0.08425158125833221,1,1,0,-0.8389927345627429,1,1.0,0.0,0.0,0.0
0.8907677488630721,0.6881109025892154,0.8679940030605774,2,1,1,0.5503711710216945,2,1.0,0.0,0.0,0.0
1.0860237686497547,0.34304092050780505,0.6204213483139364,2,1,1,-0.8222440508891448,2,1.0,0.0,0.0,0.0
0.003935819113316791,-0.6921690257364259,0.7347243622522931,1,1,0,0.8153200187793077,2,0.0,1.0,0.0,1.0
-0.7689084193237299,1.378250866752036,0.44989628477273275,1,0,1,-0.859794939378533,4,0.0,0.0,1.0,1.0
0.4026276993963656,1.378250866752036,-1.2251371051984103,1,1,0,1.72128295118651,4,0.0,0.0,1.0,1.0
1.7694198379031438,0.34304092050780505,0.21840611476452734,1,1,0,-1.5047478639170313,2,0.0,1.0,0.0,0.0
-0.9641644391104125,1.7233208488334462,0.38007265032085646,2,1,1,-1.1807973385887114,1,0.0,1.0,0.0,0.0
-0.08551235007034085,-1.0372390078178362,0.2894541974848332,1,1,1,1.2456790850704482,4,0.0,0.0,1.0,1.0
1.9646758576898262,-1.0372390078178362,0.4389850617555254,1,1,1,0.048371126058341055,2,1.0,0.0,0.0,1.0
0.7931397389697308,1.0331808846706256,-1.2251371051984103,1,1,1,-0.5911830784185843,0,1.0,0.0,0.0,0.0
-0.18314035996368214,1.378250866752036,-1.2251371051984103,2,1,0,-1.434045566094901,2,1.0,0.0,0.0,1.0
-0.7689084193237299,-1.0372390078178362,-1.2251371051984103,2,0,1,-0.6328402170634337,1,1.0,0.0,0.0,1.0
0.10974366971634174,-0.002029061573605259,1.1612093591587644,3,1,1,-0.7020535728475015,4,0.0,1.0,0.0,1.0
-0.8665364292170712,-1.7273789719806567,-1.2251371051984103,1,1,0,-1.135787295987883,3,0.0,0.0,1.0,1.0
0.20737167960968303,-0.6921690257364259,0.3997292694716863,4,1,0,-1.4679611110621842,4,0.0,1.0,0.0,0.0
-0.08551235007034085,-0.002029061573605259,-1.2251371051984103,2,1,0,-0.9221681413818512,0,1.0,0.0,0.0,1.0
-0.08551235007034085,-0.6921690257364259,-1.2251371051984103,2,1,0,1.0123547675616635,2,1.0,0.0,0.0,0.0
-1.0617924490037538,0.34304092050780505,-1.2251371051984103,2,1,1,-0.5450973987516895,1,0.0,0.0,1.0,0.0
1.47653580822312,1.378250866752036,-0.1316952004850836,1,1,1,0.7658970972395838,1,1.0,0.0,0.0,0.0
0.8907677488630721,-0.002029061573605259,-1.2251371051984103,2,0,0,-0.3796466328251206,3,0.0,0.0,1.0,0.0
-0.5736523995370473,-0.002029061573605259,-1.2251371051984103,2,0,0,0.28885510384412133,4,1.0,0.0,0.0,0.0
-1.0617924490037538,1.0331808846706256,-0.1427907628129592,2,1,1,1.633481487074529,4,1.0,0.0,0.0,1.0
2.0623038675831675,1.378250866752036,1.1566546420243453,1,1,0,1.6088812270950272,4,0.0,1.0,0.0,1.0
-0.5736523995370473,-0.34709904365501554,0.7470166899486453,1,0,0,0.21418838473060411,2,0.0,1.0,0.0,0.0
1.183651778543096,-1.7273789719806567,0.5102323653454333,3,0,0,-0.20894680674262806,2,0.0,1.0,0.0,0.0
-0.18314035996368214,0.6881109025892154,-1.2251371051984103,2,1,1,0.45849530298998886,1,1.0,0.0,0.0,0.0
-0.2807683698570234,0.6881109025892154,0.20557197030956262,1,1,1,0.8530644210071635,2,0.0,1.0,0.0,1.0
-1.2570484687904364,1.0331808846706256,-1.2251371051984103,2,0,1,-1.1533987864198632,1,0.0,0.0,1.0,1.0
0.10974366971634174,-1.0372390078178362,-1.2251371051984103,1,1,1,-1.6564320068016338,1,0.0,0.0,1.0,0.0
1.47653580822312,1.0331808846706256,0.16869402711992965,1,1,1,-0.7836852203375244,1,1.0,0.0,0.0,1.0
-0.7689084193237299,-1.3823089898992464,0.07868379799905295,2,1,1,-0.6116031284055307,0,1.0,0.0,0.0,0.0
-0.08551235007034085,1.0331808846706256,0.43349280640825566,2,1,1,0.6386706893778241,1,0.0,1.0,0.0,0.0
-0.18314035996368214,-0.002029061573605259,1.3035178668435226,1,1,0,-0.3320612216851048,2,0.0,0.0,1.0,1.0
0.3049996895030243,-0.002029061573605259,0.36831189831030176,1,1,0,-1.3812490318448118,2,1.0,0.0,0.0,1.0
-0.9641644391104125,1.7233208488334462,0.3630305450563137,1,1,1,0.5090156144890426,1,0.0,0.0,1.0,0.0
-0.2807683698570234,-1.0372390078178362,0.5712565179978837,1,1,0,-1.5228093782048353,2,1.0,0.0,0.0,1.0
-0.5736523995370473,1.378250866752036,0.8897769249545975,1,0,0,-0.028633419999932554,0,0.0,0.0,1.0,1.0
-0.8665364292170712,-0.34709904365501554,0.05293310045631632,2,1,0,0.5124522235782971,2,0.0,1.0,0.0,0.0
0.012115659823000443,1.378250866752036,0.37689743769795425,1,1,1,1.7302872568122043,0,0.0,1.0,0.0,0.0
-0.9641644391104125,-0.002029061573605259,0.4327524088470923,2,0,1,-0.24441359403427917,4,0.0,1.0,0.0,1.0
-0.5736523995370473,1.378250866752036,1.2034793872021967,2,0,0,1.3899300032923798,4,1.0,0.0,0.0,0.0
2.159931877476509,0.6881109025892154,1.270694428388007,1,0,1,0.8209494935326146,4,1.0,0.0,0.0,1.0
0.10974366971634174,1.0331808846706256,0.4437002757029656,2,1,1,0.2980595360878347,4,0.0,0.0,1.0,1.0
-0.3783963797503647,-0.6921690257364259,1.4308600067099044,2,1,1,-1.3207899104254872,2,0.0,1.0,0.0,0.0
0.012115659823000443,-1.7273789719806567,0.5544675592519839,2,1,1,0.8213671490832632,2,0.0,1.0,0.0,0.0
-0.18314035996368214,0.34304092050780505,1.3329532703817017,2,0,1,0.43381081580777275,0,0.0,1.0,0.0,0.0
-0.3783963797503647,-0.34709904365501554,-1.2251371051984103,2,0,1,1.7073550086881055,4,1.0,0.0,0.0,1.0
0.10974366971634174,-0.002029061573605259,0.6095443688839535,1,0,0,0.4551817282650295,0,0.0,1.0,0.0,1.0
-0.08551235007034085,0.6881109025892154,0.3311444847968854,2,0,1,1.3835450940618377,4,0.0,0.0,1.0,0.0
-1.452304488577119,-0.6921690257364259,0.9749709695507497,2,0,1,1.2140300175580183,4,1.0,0.0,0.0,1.0
-0.7689084193237299,0.6881109025892154,1.0785650216599927,2,1,1,0.6940639970140718,4,0.0,1.0,0.0,1.0
0.5002557092897069,-0.002029061573605259,-1.2251371051984103,1,1,0,0.48147766978016515,1,0.0,0.0,1.0,1.0
-0.6712804094303886,-1.3823089898992464,-1.2251371051984103,2,1,1,1.190317275623645,1,1.0,0.0,0.0,1.0
0.012115659823000443,-0.34709904365501554,-1.2251371051984103,2,1,0,-1.2743572286052618,0,1.0,0.0,0.0,1.0
-0.2807683698570234,0.34304092050780505,-1.2251371051984103,1,0,0,-0.027299880631340326,3,1.0,0.0,0.0,0.0
0.10974366971634174,0.6881109025892154,0.6789309975568072,1,1,1,0.968771366712593,3,1.0,0.0,0.0,0.0
-0.6712804094303886,-0.002029061573605259,-1.2251371051984103,2,0,1,1.3439501296983158,3,1.0,0.0,0.0,0.0
-0.3783963797503647,-0.6921690257364259,1.8537129431358725,1,1,1,-1.0482153684056126,2,0.0,1.0,0.0,1.0
-0.3783963797503647,1.378250866752036,0.5733304952596603,2,1,0,-1.3209627154095682,2,1.0,0.0,0.0,1.0
-0.18314035996368214,-0.002029061573605259,-1.2251371051984103,2,1,0,0.896085379048027,2,1.0,0.0,0.0,0.0
-0.7689084193237299,0.6881109025892154,-1.2251371051984103,1,0,1,1.4386853720436505,0,1.0,0.0,0.0,0.0
-0.3783963797503647,0.6881109025892154,0.3519383430804556,2,1,0,0.30044800376810704,4,0.0,1.0,0.0,1.0
-0.9641644391104125,-0.34709904365501554,0.4646346287042149,1,1,1,-0.9966890290989338,4,1.0,0.0,0.0,0.0
2.3551878972631917,0.6881109025892154,1.1489999201455077,1,0,0,0.32163915031543877,3,1.0,0.0,0.0,1.0
-0.6712804094303886,1.378250866752036,-1.2251371051984103,2,1,0,0.19074381246437638,2,1.0,0.0,0.0,1.0
-0.3783963797503647,0.6881109025892154,1.4208804012853258,1,0,1,-0.09816628228024654,0,1.0,0.0,0.0,1.0
-0.476024389643706,1.378250866752036,0.7980554765730588,1,1,0,1.2854914043434527,0,0.0,0.0,1.0,1.0
-0.18314035996368214,1.7233208488334462,0.2981626297462644,1,1,0,0.4512569842509543,4,0.0,1.0,0.0,0.0
1.7694198379031438,1.378250866752036,-1.2251371051984103,2,1,1,0.6112256730289661,3,0.0,0.0,1.0,0.0
-0.6712804094303886,0.6881109025892154,0.29107852764333153,2,1,1,-1.431001031153818,1,0.0,1.0,0.0,0.0
-0.08551235007034085,-0.6921690257364259,2.7896529085597477,3,0,1,-0.33630895265834837,2,0.0,0.0,1.0,1.0
-1.0617924490037538,-0.34709904365501554,-1.2251371051984103,2,1,0,-1.0293792770945014,1,1.0,0.0,0.0,0.0
0.10974366971634174,-1.0372390078178362,-0.017486916470264492,1,1,1,-0.8263579580630347,4,0.0,1.0,0.0,0.0
0.8907677488630721,0.34304092050780505,1.0243162987751642,1,1,1,0.28873085131780335,0,0.0,0.0,1.0,0.0
-0.2807683698570234,-0.002029061573605259,-1.2251371051984103,1,1,0,-1.4388809732325365,3,0.0,0.0,1.0,0.0
-0.18314035996368214,-1.7273789719806567,-1.2251371051984103,1,0,1,0.5419461884493793,0,0.0,0.0,1.0,0.0
-1.2570484687904364,-0.6921690257364259,0.6877909656925462,2,1,0,-0.6072814375951929,3,0.0,1.0,0.0,1.0
-0.18314035996368214,0.34304092050780505,-1.2251371051984103,1,1,1,0.3057320425763978,4,1.0,0.0,0.0,0.0
0.20737167960968303,1.378250866752036,0.6505977894803298,1,1,0,1.181641873744087,0,1.0,0.0,0.0,1.0
1.0860237686497547,1.378250866752036,0.656100445917177,2,0,0,-0.31010506938750143,2,1.0,0.0,0.0,0.0
0.20737167960968303,-0.002029061573605259,-1.2251371051984103,3,1,0,-1.686964019739224,4,1.0,0.0,0.0,0.0
-0.2807683698570234,-0.34709904365501554,-1.2251371051984103,2,1,1,0.5641699883456899,0,1.0,0.0,0.0,1.0
0.20737167960968303,1.378250866752036,1.6785507538274425,3,1,1,1.5235709043195191,3,0.0,1.0,0.0,0.0
2.3551878972631917,-1.0372390078178362,0.7986481786622203,1,0,1,0.8207996596038191,1,1.0,0.0,0.0,0.0
0.10974366971634174,0.6881109025892154,-1.2251371051984103,1,0,1,1.056275077221591,0,1.0,0.0,0.0,0.0
0.003935819113316791,-0.34709904365501554,0.36448269717811166,1,0,0,-1.6681126143912557,1,0.0,0.0,1.0,0.0
-0.18314035996368214,-0.002029061573605259,-1.2251371051984103,2,0,1,0.2118757911420327,3,1.0,0.0,0.0,1.0
-0.3783963797503647,0.6881109025892154,1.4114434127031734,3,1,0,0.33820911221798844,1,1.0,0.0,0.0,0.0
0.3049996895030243,-0.6921690257364259,0.666260550250118,2,1,0,-1.582334169352729,3,0.0,1.0,0.0,1.0
0.20737167960968303,0.6881109025892154,0.617803314058869,1,1,1,-1.0912131813680443,2,1.0,0.0,0.0,0.0
-1.6475605083638016,-1.0372390078178362,-1.2251371051984103,2,0,1,-1.6426770433104565,1,0.0,0.0,1.0,0.0
-0.476024389643706,1.7233208488334462,-1.2251371051984103,2,1,1,1.7099133229589751,3,1.0,0.0,0.0,1.0
-0.08551235007034085,-1.0372390078178362,-1.2251371051984103,2,1,0,0.634836785446015,0,1.0,0.0,0.0,1.0
-0.8665364292170712,-1.0372390078178362,1.0317394763983279,1,1,1,-1.6428016438830666,4,0.0,0.0,1.0,1.0
1.6717918280098025,0.34304092050780505,1.296080447728476,2,1,0,0.7067375806753614,2,0.0,0.0,1.0,0.0
1.183651778543096,-1.3823089898992464,-1.2251371051984103,1,1,1,-1.349452044658194,4,1.0,0.0,0.0,0.0
0.8907677488630721,0.6881109025892154,-1.2251371051984103,2,1,1,0.5654119915394314,4,1.0,0.0,0.0,0.0
-0.9641644391104125,1.378250866752036,-1.2251371051984103,1,1,0,1.5602271398147884,0,1.0,0.0,0.0,0.0
-0.3783963797503647,-0.34709904365501554,0.33639159446364875,2,0,0,-0.7511895302193007,2,0.0,0.0,1.0,1.0
0.3049996895030243,-0.34709904365501554,-1.2251371051984103,1,0,0,0.45200075917740135,3,1.0,0.0,0.0,1.0
-0.2807683698570234,-1.3823089898992464,-1.2251371051984103,2,1,0,-0.8338715814192053,3,0.0,0.0,1.0,1.0
0.5002557092897069,-0.6921690257364259,0.5274989741280898,1,1,0,-1.2710285138665913,3,1.0,0.0,0.0,0.0
-0.08551235007034085,-0.002029061573605259,-1.2251371051984103,1,1,1,1.5181192812215307,4,1.0,0.0,0.0,0.0
0.7931397389697308,-1.3823089898992464,-1.2251371051984103,2,0,0,0.14587716493593758,2,1.0,0.0,0.0,1.0
-1.6475605083638016,-1.0372390078178362,-1.2251371051984103,2,1,1,-1.5783030971963845,4,0.0,0.0,1.0,1.0
-0.08551235007034085,1.378250866752036,0.36170976669671906,1,1,0,-0.6031400347642187,3,0.0,1.0,0.0,0.0
-0.9641644391104125,-0.6921690257364259,0.5854042400581199,2,0,1,0.42408657642664793,2,0.0,1.0,0.0,1.0
1.9646758576898262,-0.6921690257364259,0.3066561594953459,1,0,0,-0.04246390953651884,2,0.0,1.0,0.0,0.0
0.003935819113316791,0.34304092050780505,1.5822569864675837,1,1,0,0.22253453481773425,2,1.0,0.0,0.0,0.0
0.5002557092897069,1.0331808846706256,-1.2251371051984103,1,0,0,-0.6069513156870344,4,1.0,0.0,0.0,1.0
0.012115659823000443,-1.0372390078178362,1.2065297867501674,2,1,0,1.0192379050595006,1,0.0,0.0,1.0,0.0
-0.08551235007034085,-0.002029061573605259,-1.2251371051984103,2,1,0,-0.5938237056375606,4,1.0,0.0,0.0,1.0
-1.9404445380438253,1.378250866752036,0.8313157607908344,1,0,0,1.3154350450240668,2,1.0,0.0,0.0,1.0
-0.08551235007034085,-1.3823089898992464,-0.13574618485042106,1,0,1,1.1465577633507178,2,0.0,0.0,1.0,1.0
-0.476024389643706,1.378250866752036,0.3850795748267581,2,1,1,1.5641939974302208,3,0.0,0.0,1.0,1.0
1.3789077983297786,1.0331808846706256,0.2987330895054061,1,0,0,-0.5262238924641659,3,0.0,1.0,0.0,0.0
-0.8665364292170712,1.0331808846706256,0.7727952304080975,2,0,0,-0.868268126362319,1,0.0,0.0,1.0,1.0
1.7694198379031438,0.34304092050780505,-1.2251371051984103,2,1,1,-1.480509746104571,2,1.0,0.0,0.0,1.0
0.6955117290763895,1.7233208488334462,0.30305834260206715,1,0,0,-1.4015363021712812,1,1.0,0.0,0.0,1.0
-1.5499324984704603,0.34304092050780505,-1.2251371051984103,2,1,1,1.0936649943008332,4,1.0,0.0,0.0,1.0
-1.452304488577119,1.0331808846706256,0.25918718683073305,1,1,0,-1.1221496240971796,2,1.0,0.0,0.0,0.0
0.003935819113316791,0.6881109025892154,1.1182322170408172,2,1,0,1.4607191386644158,0,1.0,0.0,0.0,0.0
0.4026276993963656,-0.6921690257364259,1.081733193545335,1,1,1,1.0139794476536867,2,0.0,1.0,0.0,1.0
2.25755988736985,-0.6921690257364259,-1.2251371051984103,1,1,1,-1.551946943672697,4,1.0,0.0,0.0,1.0
0.003935819113316791,0.6881109025892154,1.063209813108177,1,1,1,-1.474474449374551,2,0.0,0.0,1.0,1.0
0.5978837191830482,0.34304092050780505,-1.2251371051984103,2,0,0,0.8145189902377927,4,1.0,0.0,0.0,0.0
0.6955117290763895,0.6881109025892154,1.0396684670084884,1,1,0,-0.8663634430282147,2,0.0,1.0,0.0,0.0
0.003935819113316791,0.34304092050780505,-1.2251371051984103,2,1,1,-1.463145194516912,2,1.0,0.0,0.0,0.0
-1.159420458897095,-0.002029061573605259,-1.2251371051984103,2,0,0,-0.06927896209648164,0,0.0,0.0,1.0,1.0
0.6955117290763895,-0.34709904365501554,0.3574248378242667,2,1,1,-0.24692474803255465,1,0.0,1.0,0.0,1.0
0.10974366971634174,-1.3823089898992464,1.1408198632346196,3,0,0,0.13193704081730595,1,0.0,1.0,0.0,1.0
-0.9641644391104125,-1.3823089898992464,-1.2251371051984103,2,1,0,-0.544107555096652,0,0.0,0.0,1.0,1.0
1.183651778543096,0.34304092050780505,0.8158056560126931,2,0,0,-0.36232506495454936,0,0.0,1.0,0.0,1.0
-1.0617924490037538,1.378250866752036,-1.2251371051984103,2,1,1,-0.8324273633296913,0,1.0,0.0,0.0,1.0
0.20737167960968303,1.0331808846706256,0.9004946877056614,1,1,1,1.3046123715447357,4,0.0,0.0,1.0,1.0
0.3049996895030243,-0.34709904365501554,-1.2251371051984103,2,1,0,-1.4433457110689711,1,1.0,0.0,0.0,0.0
-1.159420458897095,1.7233208488334462,1.515692573439044,1,1,1,-0.28267293075145533,1,0.0,1.0,0.0,0.0
0.003935819113316791,1.0331808846706256,0.854948956512331,2,0,1,-0.9456148019258321,1,1.0,0.0,0.0,1.0
0.5978837191830482,-0.34709904365501554,0.8716927905311403,1,1,0,-0.45897717225421547,3,0.0,1.0,0.0,1.0
0.6955117290763895,0.34304092050780505,-1.2251371051984103,1,1,0,0.9911342111026402,0,1.0,0.0,0.0,0.0
-0.6712804094303886,-0.34709904365501554,-1.2251371051984103,2,1,1,0.23122368452583472,3,0.0,0.0,1.0,0.0
-0.3783963797503647,-0.34709904365501554,1.5735922387823786,1,1,0,-0.5446868781500308,3,0.0,1.0,0.0,0.0
-0.9641644391104125,-1.0372390078178362,-1.2251371051984103,2,0,0,0.2922591706050545,2,0.0,0.0,1.0,1.0
0.003935819113316791,-1.3823089898992464,0.9807419740986992,1,0,1,-0.17586222229798956,0,1.0,0.0,0.0,0.0
-1.452304488577119,-1.3823089898992464,0.9160756799096931,1,1,0,-1.4477608523087666,1,0.0,1.0,0.0,1.0
-0.6712804094303886,-0.34709904365501554,0.9004545234982154,1,0,0,0.6351446323914723,3,0.0,0.0,1.0,0.0
-1.0617924490037538,-0.34709904365501554,0.2261634073882762,1,0,1,-1.3709948919838013,4,0.0,1.0,0.0,0.0
0.10974366971634174,1.7233208488334462,-1.2251371051984103,2,1,0,0.9364107185557452,3,1.0,0.0,0.0,0.0
-0.8665364292170712,1.378250866752036,0.8927053917293661,2,1,1,-0.45612162644980075,2,0.0,1.0,0.0,0.0
0.003935819113316791,1.0331808846706256,0.32622876984574134,1,1,0,-0.04353380383876391,3,0.0,0.0,1.0,1.0
-0.5736523995370473,0.6881109025892154,0.42908114425971916,1,1,0,-0.2777365901890796,2,1.0,0.0,0.0,0.0
1.183651778543096,-0.002029061573605259,1.0653407563374861,1,0,0,-0.9150850512891412,3,0.0,1.0,0.0,0.0
-0.18314035996368214,-0.6921690257364259,-1.2251371051984103,3,0,0,-0.02579388432495934,4,0.0,0.0,1.0,0.0
-1.6475605083638016,0.34304092050780505,1.2451584733408572,1,1,1,-0.8467619979205397,0,1.0,0.0,0.0,1.0
0.8907677488630721,0.6881109025892154,0.22481222584376245,1,1,1,0.8485298998891411,2,1.0,0.0,0.0,0.0
-0.476024389643706,-0.002029061573605259,-0.03785465011467779,2,1,0,-0.06097788400419205,3,1.0,0.0,0.0,0.0
-0.7689084193237299,1.0331808846706256,0.8251853585937874,1,1,0,-0.07392607619003297,2,1.0,0.0,0.0,1.0
-1.0617924490037538,-0.6921690257364259,-0.22154653296056695,2,1,1,-1.5174313668976487,4,0.0,1.0,0.0,0.0
-0.18314035996368214,1.378250866752036,-1.2251371051984103,2,1,1,-1.1431538697855963,2,1.0,0.0,0.0,0.0
-0.476024389643706,-0.34709904365501554,0.1953776223893969,1,1,1,1.1910575700871702,1,1.0,0.0,0.0,0.0
-0.3783963797503647,-1.7273789719806567,-1.2251371051984103,2,0,1,1.6867433592172991,4,0.0,0.0,1.0,1.0
2.25755988736985,0.6881109025892154,-1.2251371051984103,2,1,1,-0.683193640365374,2,1.0,0.0,0.0,1.0
1.183651778543096,-0.34709904365501554,0.7658873067609331,1,0,0,0.31612975153294387,4,0.0,1.0,0.0,1.0
-0.3783963797503647,-0.34709904365501554,1.5685763533377635,2,0,1,1.0100409558110697,2,0.0,0.0,1.0,1.0
-0.08551235007034085,0.34304092050780505,1.0436890481889067,1,0,1,0.8251831286310237,0,0.0,0.0,1.0,0.0
1.9646758576898262,0.6881109025892154,-1.2251371051984103,2,1,1,1.0783782790776513,1,1.0,0.0,0.0,1.0
3.6243520258766284,-0.34709904365501554,0.5752257337974648,1,1,1,0.744012468455029,4,1.0,0.0,0.0,1.0
-0.6712804094303886,1.378250866752036,0.8176639306783063,1,0,0,-0.6869393145621085,3,1.0,0.0,0.0,0.0
0.3049996895030243,-0.002029061573605259,-1.2251371051984103,2,1,1,-0.44338713468737534,4,0.0,0.0,1.0,1.0
-1.2570484687904364,0.6881109025892154,-1.2251371051984103,2,1,0,0.2110570122396153,1,0.0,0.0,1.0,0.0
-0.476024389643706,-0.6921690257364259,0.2956578873592117,2,1,1,0.8122763539539553,2,0.0,1.0,0.0,1.0
0.003935819113316791,-0.34709904365501554,0.45109993086200706,2,1,0,-0.7591413438573602,1,0.0,1.0,0.0,0.0
-0.18314035996368214,1.7233208488334462,-1.2251371051984103,2,1,1,-1.504325683764584,3,1.0,0.0,0.0,0.0
1.5741638181164612,-0.34709904365501554,0.7095460446698508,1,0,1,0.4019299494647333,0,1.0,0.0,0.0,0.0
0.4026276993963656,1.7233208488334462,-1.2251371051984103,2,0,0,-0.8161948323074365,1,0.0,0.0,1.0,1.0
-1.452304488577119,-1.7273789719806567,-1.2251371051984103,2,1,1,0.6996870329109723,1,1.0,0.0,0.0,0.0
-0.2807683698570234,-0.002029061573605259,-1.2251371051984103,2,1,0,0.5260937239782149,1,0.0,0.0,1.0,1.0
2.0623038675831675,-1.3823089898992464,1.397447226517245,1,0,1,-0.7538303314614233,0,0.0,1.0,0.0,1.0
2.159931877476509,1.0331808846706256,0.789815893426434,1,1,1,-0.09922277680024157,1,0.0,0.0,1.0,1.0
0.3049996895030243,1.7233208488334462,-1.2251371051984103,2,1,1,-1.6807458246826492,4,1.0,0.0,0.0,1.0
0.6955117290763895,-0.002029061573605259,-1.2251371051984103,1,1,1,-0.7774990455398324,3,1.0,0.0,0.0,1.0
-0.08551235007034085,0.34304092050780505,-1.2251371051984103,2,1,0,-0.8514164209862275,0,1.0,0.0,0.0,1.0
-0.476024389643706,-1.3823089898992464,0.42516793432709443,1,1,1,-0.17960041349944195,4,1.0,0.0,0.0,1.0
-0.476024389643706,-1.0372390078178362,-1.2251371051984103,2,1,1,1.2412571569279547,4,1.0,0.0,0.0,0.0
0.5978837191830482,-0.6921690257364259,-1.2251371051984103,2,0,0,1.1011398104954226,2,0.0,0.0,1.0,1.0
-0.2807683698570234,0.6881109025892154,-1.2251371051984103,2,1,0,-0.1060921664695365,1,1.0,0.0,0.0,1.0
2.0623038675831675,1.0331808846706256,1.7455510525176654,1,0,0,1.5971324024321325,3,1.0,0.0,0.0,1.0
0.20737167960968303,-0.6921690257364259,0.23960721570925184,1,1,0,1.5851637865357087,1,0.0,1.0,0.0,1.0
-0.5736523995370473,0.34304092050780505,-1.2251371051984103,1,1,1,-1.1946894323190183,0,0.0,0.0,1.0,1.0
-0.9641644391104125,-0.34709904365501554,0.4673166696643753,2,0,0,-1.0315171514443844,1,1.0,0.0,0.0,0.0
-0.8665364292170712,-0.34709904365501554,0.07937363026319302,1,1,1,-1.1049369947160692,4,0.0,1.0,0.0,1.0
-0.8665364292170712,0.34304092050780505,-1.2251371051984103,1,0,1,1.2990086522170525,1,1.0,0.0,0.0,0.0
0.003935819113316791,1.378250866752036,-1.2251371051984103,2,1,1,1.1873287761356073,3,1.0,0.0,0.0,0.0
-0.5736523995370473,-1.0372390078178362,0.9037310267319274,1,1,1,0.17263531192712442,0,1.0,0.0,0.0,1.0
-0.08551235007034085,0.6881109025892154,0.7575753960375532,1,1,0,0.6041605073203049,1,0.0,0.0,1.0,1.0
-0.9641644391104125,1.7233208488334462,-1.2251371051984103,2,1,1,1.7297228997493903,4,1.0,0.0,0.0,0.0
2.745699936836557,1.378250866752036,1.2886427085799042,1,1,1,-0.015479706478543286,3,0.0,1.0,0.0,1.0
-0.9641644391104125,-0.34709904365501554,0.3583226918799591,1,0,1,0.5452663760538906,1,0.0,1.0,0.0,1.0
-1.159420458897095,-1.3823089898992464,0.616589906947068,2,0,0,-0.3786233767260312,3,0.0,1.0,0.0,0.0
-1.9404445380438253,-0.002029061573605259,0.21101670067830072,1,1,0,1.6119588264338696,4,0.0,0.0,1.0,1.0
0.9883957587564134,-1.0372390078178362,-1.2251371051984103,1,0,0,0.09363280612843504,3,1.0,0.0,0.0,0.0
-0.2807683698570234,1.378250866752036,-1.2251371051984103,1,0,1,1.5364741985336652,4,1.0,0.0,0.0,1.0
-0.476024389643706,-1.0372390078178362,-1.2251371051984103,2,1,1,0.8378989999168159,0,1.0,0.0,0.0,1.0
-1.3546764786837777,0.6881109025892154,0.04950538138182213,1,1,0,-0.11929826095790286,2,0.0,1.0,0.0,0.0
-0.18314035996368214,-0.002029061573605259,0.3214706714058887,1,1,0,-0.029464380522577403,1,1.0,0.0,0.0,0.0
-0.476024389643706,0.6881109025892154,0.1615062341547459,1,0,1,-0.7046064924008417,1,0.0,0.0,1.0,1.0
0.10974366971634174,1.378250866752036,0.01726488399294132,1,0,0,1.5430990856826845,3,1.0,0.0,0.0,0.0
-0.476024389643706,1.0331808846706256,0.69536583920678,2,1,1,-1.7408605542958342,0,0.0,1.0,0.0,1.0
1.183651778543096,0.6881109025892154,0.4662706400863927,1,0,1,1.3820615467413042,0,0.0,1.0,0.0,0.0
-0.6712804094303886,-0.6921690257364259,-1.2251371051984103,2,1,0,-0.9432721023329851,2,0.0,0.0,1.0,0.0
-0.5736523995370473,-0.34709904365501554,-1.2251371051984103,2,1,0,0.25643685402591376,4,1.0,0.0,0.0,0.0
0.5002557092897069,-1.0372390078178362,1.2152665419786022,1,1,1,0.6358043541383512,4,1.0,0.0,0.0,0.0
-1.3546764786837777,0.34304092050780505,1.8769190541176362,1,0,1,-1.370944251248285,0,0.0,0.0,1.0,1.0
0.003935819113316791,-1.0372390078178362,-1.2251371051984103,2,0,0,-1.5724101513998774,2,0.0,0.0,1.0,1.0
0.003935819113316791,1.0331808846706256,1.0591861916092666,1,0,0,-1.1511291765483793,0,0.0,1.0,0.0,1.0
-1.0617924490037538,-0.34709904365501554,1.4589651908994883,2,1,1,-1.574493730528176,4,0.0,1.0,0.0,0.0
-0.7689084193237299,-0.34709904365501554,1.4099014911774825,1,0,1,-0.6690046631478143,4,0.0,1.0,0.0,0.0
-0.8665364292170712,1.378250866752036,0.7196295009734428,1,0,0,-1.0452884731112955,4,1.0,0.0,0.0,1.0
-1.0617924490037538,-0.6921690257364259,1.014883950679131,1,1,0,0.6346140358190026,0,0.0,1.0,0.0,0.0
0.003935819113316791,-1.7273789719806567,1.0931911938407994,2,0,1,1.309766241039741,4,0.0,0.0,1.0,1.0
0.3049996895030243,-0.002029061573605259,-1.2251371051984103,2,1,0,1.2579381455977183,3,1.0,0.0,0.0,1.0
1.7694198379031438,0.6881109025892154,-1.2251371051984103,1,1,0,1.028399353586126,4,1.0,0.0,0.0,1.0
-0.08551235007034085,1.378250866752036,-1.2251371051984103,2,0,1,1.4385217902863132,0,1.0,0.0,0.0,0.0
-1.0617924490037538,1.7233208488334462,-1.2251371051984103,2,1,0,0.7802576612792016,0,1.0,0.0,0.0,0.0
0.7931397389697308,-0.002029061573605259,1.0137310299036433,4,0,1,0.5148480002307058,4,1.0,0.0,0.0,0.0
1.3789077983297786,-1.3823089898992464,1.0100996094901904,2,1,1,-1.5221040623936772,3,0.0,1.0,0.0,0.0
-0.8665364292170712,0.34304092050780505,0.8016913774558679,1,1,1,1.0770010598993875,0,0.0,1.0,0.0,0.0
0.012115659823000443,-1.7273789719806567,-1.2251371051984103,2,1,0,-0.82064756254679,3,1.0,0.0,0.0,0.0
-0.18314035996368214,1.378250866752036,1.095404225669391,2,1,0,-0.16447815014932818,0,0.0,1.0,0.0,1.0
-1.159420458897095,-1.0372390078178362,-1.2251371051984103,1,1,1,-0.73965893058162,4,1.0,0.0,0.0,0.0
0.8907677488630721,-0.002029061573605259,-1.2251371051984103,1,0,1,0.3036884887717029,3,1.0,0.0,0.0,1.0
-0.476024389643706,-0.6921690257364259,0.8497751345228992,2,1,1,-0.20248532732780009,4,0.0,1.0,0.0,0.0
-0.6712804094303886,1.378250866752036,0.9206321572285027,2,1,0,-0.8083110617195035,1,0.0,1.0,0.0,0.0
-0.2807683698570234,1.378250866752036,0.8759967613983577,1,0,0,-0.2964623508255611,1,1.0,0.0,0.0,1.0
-0.6712804094303886,-0.002029061573605259,0.2624044838622338,1,1,0,0.288496790186294,3,1.0,0.0,0.0,1.0
0.4026276993963656,0.6881109025892154,0.49993432656301684,1,0,0,1.4291851004515608,3,1.0,0.0,0.0,1.0
-0.3783963797503647,-1.3823089898992464,0.475309826996392,1,1,1,-1.457833312005245,4,1.0,0.0,0.0,0.0
0.012115659823000443,-1.3823089898992464,0.4488668969380742,1,1,0,-0.6759250415989174,4,1.0,0.0,0.0,0.0
0.20737167960968303,-1.3823089898992464,0.40640564886317687,1,1,1,0.4031724747279132,4,1.0,0.0,0.0,1.0
0.8907677488630721,-1.0372390078178362,2.1855593860761906,1,1,0,-0.4388564420785671,1,0.0,0.0,1.0,0.0
-0.5736523995370473,-0.002029061573605259,-1.2251371051984103,2,1,1,0.05844201954650455,2,1.0,0.0,0.0,1.0
-0.9641644391104125,1.7233208488334462,-1.2251371051984103,2,1,1,-0.09683500521255375,4,0.0,0.0,1.0,0.0
-1.2570484687904364,-0.002029061573605259,-1.2251371051984103,2,1,0,0.3306766943620388,1,0.0,0.0,1.0,0.0
-0.8665364292170712,1.7233208488334462,0.009694170914538456,2,0,1,0.8060872207627797,0,0.0,1.0,0.0,0.0
0.4026276993963656,0.34304092050780505,0.6330042664514107,1,1,0,-0.6748114674870003,3,0.0,0.0,1.0,1.0
-0.2807683698570234,-1.0372390078178362,0.7670072640832981,3,1,1,-0.739168707379046,2,0.0,1.0,0.0,0.0
0.20737167960968303,1.7233208488334462,0.3716093637399314,1,1,0,-0.23409593572494083,4,1.0,0.0,0.0,0.0
2.0623038675831675,1.7233208488334462,0.6588812172199434,1,1,0,0.8198270442402461,3,1.0,0.0,0.0,0.0
2.5504439170498743,0.6881109025892154,-1.2251371051984103,1,1,1,-0.39176612678921613,4,1.0,0.0,0.0,0.0
-1.452304488577119,-0.6921690257364259,1.365294098280816,1,1,1,-1.5794739249233698,3,1.0,0.0,0.0,0.0
0.003935819113316791,1.0331808846706256,-1.2251371051984103,2,0,0,1.691657946886412,0,0.0,0.0,1.0,1.0
0.012115659823000443,-0.34709904365501554,-1.2251371051984103,1,1,0,1.6339671856753042,1,0.0,0.0,1.0,0.0
-0.6712804094303886,0.6881109025892154,1.7306262890575999,2,1,0,0.23323382588647795,1,0.0,1.0,0.0,1.0
-1.159420458897095,1.0331808846706256,0.5644548454811736,2,1,1,0.18144105714311431,4,0.0,1.0,0.0,0.0
-0.5736523995370473,1.378250866752036,0.8172904515540886,1,1,1,1.6068956229979845,1,1.0,0.0,0.0,0.0
-0.3783963797503647,-0.002029061573605259,0.5629450873247919,1,1,1,1.4479528006662536,4,0.0,1.0,0.0,0.0
0.5002557092897069,-0.6921690257364259,0.5632166357711491,3,1,1,0.07557720862759874,0,0.0,1.0,0.0,0.0
1.6717918280098025,-0.002029061573605259,-1.2251371051984103,2,1,1,-1.0197204704163114,2,0.0,0.0,1.0,0.0
0.012115659823000443,-1.3823089898992464,-1.2251371051984103,2,1,1,0.721530940279339,3,1.0,0.0,0.0,1.0
-0.08551235007034085,0.6881109025892154,-1.2251371051984103,2,0,1,-0.7415975484292144,4,0.0,0.0,1.0,1.0
-0.8665364292170712,-0.34709904365501554,-1.2251371051984103,2,1,0,0.35425039180267515,2,0.0,0.0,1.0,1.0
-0.476024389643706,-1.3823089898992464,0.11989067467088978,1,0,0,-1.0944087683999455,2,1.0,0.0,0.0,1.0
-0.18314035996368214,1.0331808846706256,0.604595370446161,1,0,1,-1.7297657086159972,0,0.0,1.0,0.0,1.0
0.20737167960968303,-1.7273789719806567,1.1886347921402602,1,0,1,0.47410570126492313,3,0.0,1.0,0.0,1.0
1.3789077983297786,-1.3823089898992464,0.08013643017113908,1,1,0,1.4370993250900619,4,0.0,1.0,0.0,0.0
0.4026276993963656,1.0331808846706256,1.0640927856049351,1,1,0,-0.6689785596758987,2,1.0,0.0,0.0,0.0
-0.3783963797503647,1.378250866752036,0.46124579370306484,1,1,1,-1.3107505151267687,0,1.0,0.0,0.0,1.0
0.3049996895030243,1.7233208488334462,-1.2251371051984103,2,0,0,1.2306862949410355,1,1.0,0.0,0.0,0.0
0.20737167960968303,1.0331808846706256,0.13675292109412132,1,1,0,-1.7197264873404245,1,0.0,0.0,1.0,1.0
-0.9641644391104125,-0.6921690257364259,0.41568454088374956,1,1,1,1.5540486220355254,3,1.0,0.0,0.0,1.0
0.003935819113316791,1.378250866752036,0.3501349541644597,1,0,1,0.1598185072165918,3,1.0,0.0,0.0,0.0
0.6955117290763895,1.378250866752036,0.6573063322411296,1,1,0,-0.1994105123592952,4,1.0,0.0,0.0,1.0
-0.6712804094303886,-0.34709904365501554,0.5439995826675457,1,1,1,0.47073313269343464,3,1.0,0.0,0.0,0.0
-1.452304488577119,-1.3823089898992464,-1.2251371051984103,2,1,1,0.8889330277431676,1,1.0,0.0,0.0,1.0
-0.2807683698570234,-0.002029061573605259,0.24925974687080513,1,0,1,-0.5727251394039562,4,0.0,0.0,1.0,1.0
0.012115659823000443,0.34304092050780505,1.2410623642484295,2,1,0,1.32667119749854,1,1.0,0.0,0.0,0.0
-0.7689084193237299,-0.6921690257364259,1.4623361040232123,1,1,0,0.7445199199490672,2,1.0,0.0,0.0,0.0
0.8907677488630721,1.7233208488334462,0.797225469624765,1,1,1,1.7010732951832026,3,0.0,1.0,0.0,0.0
0.012115659823000443,0.34304092050780505,1.184008547512899,1,1,0,-1.2175592061336658,2,1.0,0.0,0.0,1.0
-0.9641644391104125,0.34304092050780505,-1.2251371051984103,2,1,0,-0.6253657489151365,3,0.0,0.0,1.0,1.0
-0.3783963797503647,-1.0372390078178362,0.6504542544441587,1,1,1,-0.30153860599740406,2,0.0,1.0,0.0,1.0
0.4026276993963656,1.0331808846706256,0.08451864923533288,2,1,1,-1.1219458429930924,4,0.0,1.0,0.0,1.0
-1.452304488577119,0.34304092050780505,1.1685878921051256,1,1,1,0.9291490807151328,0,0.0,0.0,1.0,0.0
2.6480719269432154,1.378250866752036,-1.2251371051984103,2,1,1,-1.4991262202052995,0,0.0,0.0,1.0,1.0
0.5978837191830482,1.378250866752036,0.9280932588244334,1,1,1,1.0248073418274013,2,0.0,1.0,0.0,0.0
-0.3783963797503647,-0.6921690257364259,1.4394401055276245,2,1,0,0.8274962442890329,2,0.0,1.0,0.0,0.0
-0.2807683698570234,0.34304092050780505,0.6347353277906517,2,1,1,-0.3610310288401227,1,1.0,0.0,0.0,1.0
-1.452304488577119,1.378250866752036,-1.2251371051984103,1,0,0,-1.557437721978559,3,0.0,0.0,1.0,1.0
-1.0617924490037538,1.7233208488334462,0.59410675169933,1,1,0,-1.170571738523662,1,0.0,1.0,0.0,1.0
0.6955117290763895,1.378250866752036,0.7501853418842755,1,1,1,-1.200958964203694,1,0.0,1.0,0.0,1.0
-0.6712804094303886,-0.002029061573605259,0.10558869645137936,1,1,1,0.28724364951120157,1,1.0,0.0,0.0,1.0
-0.18314035996368214,-0.002029061573605259,-1.2251371051984103,2,1,1,-1.267778283566814,4,1.0,0.0,0.0,0.0
-0.08551235007034085,-0.6921690257364259,-1.2251371051984103,2,1,1,-0.8954326173996578,2,1.0,0.0,0.0,0.0
-0.8665364292170712,-1.3823089898992464,0.10578599711982864,2,1,1,1.4597073680929695,2,0.0,1.0,0.0,0.0
-1.5499324984704603,1.7233208488334462,0.5469134879169053,1,1,0,-0.3411032903335035,2,0.0,1.0,0.0,0.0
-0.18314035996368214,1.0331808846706256,0.8334803075403177,2,1,1,1.1009052272944746,0,0.0,0.0,1.0,1.0
0.9883957587564134,-0.34709904365501554,-1.2251371051984103,1,1,1,1.564767925766071,0,1.0,0.0,0.0,1.0
1.183651778543096,-0.6921690257364259,-1.2251371051984103,2,0,1,1.282876880596392,0,1.0,0.0,0.0,0.0
-0.5736523995370473,1.7233208488334462,0.4062813158385336,2,1,0,1.3534497051978212,4,1.0,0.0,0.0,1.0
3.917236055556652,1.7233208488334462,-0.23605381268666314,1,1,1,0.06688179408623851,3,1.0,0.0,0.0,1.0
-0.476024389643706,0.6881109025892154,0.7198919284643244,2,1,1,-0.52555912404605,0,1.0,0.0,0.0,0.0
-0.08551235007034085,1.378250866752036,-1.2251371051984103,2,0,0,-1.2146046411591183,0,1.0,0.0,0.0,1.0
-0.9641644391104125,-0.002029061573605259,-1.2251371051984103,2,1,0,0.0526132882909094,0,0.0,0.0,1.0,0.0
2.6480719269432154,-0.34709904365501554,-1.2251371051984103,2,0,1,-0.6269832940581698,4,1.0,0.0,0.0,1.0
-1.159420458897095,-0.34709904365501554,-1.2251371051984103,2,1,0,-0.018057685364922506,2,0.0,0.0,1.0,1.0
-0.6712804094303886,-0.6921690257364259,-1.2251371051984103,2,1,1,-1.4787597693473529,2,0.0,0.0,1.0,1.0
-1.6475605083638016,0.6881109025892154,1.040776423073649,1,1,0,-1.2181608041497458,1,0.0,0.0,1.0,0.0
0.003935819113316791,-1.0372390078178362,-1.2251371051984103,2,1,1,-1.7371730038298985,1,1.0,0.0,0.0,0.0
1.47653580822312,-1.3823089898992464,-0.010596434650237874,1,1,1,1.5970996860806648,4,0.0,1.0,0.0,0.0
-0.18314035996368214,-0.002029061573605259,0.587994271379709,1,0,1,-1.1983646271415809,0,1.0,0.0,0.0,1.0
-1.6475605083638016,0.34304092050780505,0.6640996838861775,2,1,1,1.6539939433520565,3,1.0,0.0,0.0,0.0
-0.08551235007034085,0.6881109025892154,0.1641938757016018,1,0,0,1.3143348706943996,4,0.0,0.0,1.0,1.0
-1.452304488577119,0.6881109025892154,0.47478529204815473,1,0,0,0.2662005966612042,4,1.0,0.0,0.0,0.0
0.003935819113316791,-1.0372390078178362,0.7781265088920581,1,0,1,-0.2748667744866845,2,1.0,0.0,0.0,1.0
0.20737167960968303,-0.002029061573605259,0.017354653396834296,1,1,0,1.5670782570537423,1,0.0,1.0,0.0,0.0
0.003935819113316791,1.378250866752036,-1.2251371051984103,1,1,0,0.22721419123960712,4,1.0,0.0,0.0,0.0
0.5978837191830482,1.0331808846706256,0.6457319997591584,1,0,0,1.2718464234806128,3,0.0,1.0,0.0,1.0
0.012115659823000443,-1.7273789719806567,0.728744215795452,1,1,0,0.21869732444614912,2,0.0,1.0,0.0,0.0
-1.452304488577119,-1.7273789719806567,0.5039731496543868,2,1,1,1.5217728971739761,1,0.0,0.0,1.0,1.0
-0.5736523995370473,-0.6921690257364259,-0.07552627644746458,1,1,0,-1.2809406982455083,1,0.0,1.0,0.0,1.0
0.10974366971634174,0.34304092050780505,-1.2251371051984103,1,1,0,0.6370212979990538,4,1.0,0.0,0.0,1.0
-0.3783963797503647,0.34304092050780505,-1.2251371051984103,2,0,0,-1.7046546907026812,2,0.0,0.0,1.0,0.0
1.0860237686497547,-0.002029061573605259,0.6585965473990423,1,0,1,1.5969599454943437,1,0.0,1.0,0.0,0.0
1.47653580822312,1.378250866752036,0.3174718525052022,1,0,0,-0.841301673665246,1,1.0,0.0,0.0,1.0
1.183651778543096,0.34304092050780505,1.12081424752427,1,1,1,-0.5630976568920649,2,1.0,0.0,0.0,1.0
1.0860237686497547,-0.6921690257364259,-1.2251371051984103,2,1,0,-0.27578735692957285,0,1.0,0.0,0.0,1.0
-0.6712804094303886,1.378250866752036,0.652460224581774,2,0,1,-0.6537809443035222,1,1.0,0.0,0.0,1.0
-1.159420458897095,-1.3823089898992464,0.8854679935677352,1,1,0,-0.12316035663938094,4,0.0,1.0,0.0,1.0
-0.3783963797503647,-0.002029061573605259,0.5363322194644524,1,1,1,0.16383896396102404,1,0.0,0.0,1.0,1.0
-0.2807683698570234,-1.0372390078178362,0.45927742750469175,2,1,1,-0.8260819573533144,3,0.0,1.0,0.0,0.0
-0.18314035996368214,1.7233208488334462,0.7343316811165475,2,1,1,-0.8298387690313996,0,0.0,1.0,0.0,0.0
-0.6712804094303886,-0.6921690257364259,0.6763265647265722,2,1,1,-0.4742464851627865,2,1.0,0.0,0.0,1.0
-0.5736523995370473,-1.0372390078178362,-1.2251371051984103,2,1,0,0.039603839957639934,0,1.0,0.0,0.0,0.0
-0.476024389643706,-1.3823089898992464,0.036267514634483224,1,1,1,-1.5354293627371247,0,1.0,0.0,0.0,1.0
-1.3546764786837777,-0.002029061573605259,1.453316439158266,1,1,1,-0.7669551571405594,3,0.0,0.0,1.0,1.0
-0.8665364292170712,-1.7273789719806567,1.302955087888992,2,1,1,0.005362349637704568,0,0.0,1.0,0.0,0.0
-0.7689084193237299,-0.6921690257364259,0.6173147828822463,1,1,0,-1.0541065739706588,0,1.0,0.0,0.0,0.0
1.0860237686497547,0.6881109025892154,-1.2251371051984103,2,1,1,-1.5717201496255764,4,1.0,0.0,0.0,1.0
0.20737167960968303,-0.6921690257364259,0.3741653114910585,2,1,0,-0.5081514147181575,4,0.0,0.0,1.0,0.0
0.012115659823000443,-0.002029061573605259,-1.2251371051984103,1,1,0,-0.01007002295876572,1,1.0,0.0,0.0,1.0
-0.5736523995370473,1.378250866752036,1.3437937659897814,2,0,0,-0.11900381379469555,4,1.0,0.0,0.0,0.0
-0.3783963797503647,-0.002029061573605259,-1.2251371051984103,2,1,1,0.09116393975466287,0,0.0,0.0,1.0,1.0
0.012115659823000443,0.34304092050780505,1.2100432748094858,1,0,0,1.0584796024364316,3,0.0,1.0,0.0,1.0
-0.18314035996368214,-1.0372390078178362,0.8293121909046601,1,1,1,-1.632169525748719,4,0.0,1.0,0.0,0.0
0.7931397389697308,1.378250866752036,0.327396892213689,1,1,1,-1.7091056807105738,3,1.0,0.0,0.0,1.0
-0.5736523995370473,0.6881109025892154,0.8119642936065354,1,1,1,0.3420917426307066,0,1.0,0.0,0.0,0.0
0.10974366971634174,-0.002029061573605259,1.8153145206667547,2,1,1,0.11604542113826818,1,1.0,0.0,0.0,1.0
0.012115659823000443,-1.3823089898992464,0.2945256087461163,1,1,0,-0.2765560171659126,4,1.0,0.0,0.0,0.0
-0.5736523995370473,-0.002029061573605259,1.2915162896050552,2,1,1,-1.2503166270636292,2,1.0,0.0,0.0,1.0
1.2812797884364373,-1.3823089898992464,0.5015517760007175,1,1,0,1.1921779311017853,3,0.0,1.0,0.0,0.0
0.3049996895030243,-0.34709904365501554,-1.2251371051984103,1,1,0,-1.2514643097121827,3,1.0,0.0,0.0,0.0
-0.476024389643706,-0.002029061573605259,0.8214777702012741,1,1,0,0.023637042279485532,3,1.0,0.0,0.0,1.0
0.6955117290763895,1.378250866752036,-1.2251371051984103,1,0,0,-1.446332644348694,4,0.0,0.0,1.0,1.0
-0.3783963797503647,0.6881109025892154,0.7417519784379816,1,1,1,-0.42130742595603854,4,0.0,1.0,0.0,1.0
-0.9641644391104125,-0.34709904365501554,0.7242415041089205,2,1,1,-0.8703012387782477,1,1.0,0.0,0.0,1.0
-0.8665364292170712,-1.0372390078178362,0.39125750200233667,2,1,1,1.1290235391956076,1,0.0,1.0,0.0,0.0
-0.8665364292170712,0.34304092050780505,1.2426633319595686,2,0,1,-0.6559102915192463,4,0.0,1.0,0.0,0.0
-0.9641644391104125,0.6881109025892154,0.021709989644888905,1,1,0,0.38577538081193297,3,0.0,0.0,1.0,0.0
-1.5499324984704603,1.378250866752036,1.0738701298414197,1,1,1,0.2569939021165914,2,1.0,0.0,0.0,0.0
0.20737167960968303,1.0331808846706256,-1.2251371051984103,1,1,1,-0.6376792786871375,1,1.0,0.0,0.0,1.0
-0.5736523995370473,-1.3823089898992464,-0.03483673396954192,1,1,0,-1.395927710195507,4,1.0,0.0,0.0,0.0
-0.6712804094303886,1.378250866752036,0.07033236313527805,1,1,1,0.4909401783495502,2,0.0,0.0,1.0,1.0
0.5002557092897069,0.34304092050780505,0.7832809688531991,2,0,0,-0.37061309131088116,2,0.0,0.0,1.0,0.0
-2.038072547937167,-0.6921690257364259,0.8349795045903591,1,0,0,1.6870256247602793,3,0.0,1.0,0.0,0.0
0.8907677488630721,0.34304092050780505,0.5148294869219769,1,1,0,1.4650162922111531,4,0.0,1.0,0.0,0.0
0.10974366971634174,-1.3823089898992464,-1.2251371051984103,2,0,0,-0.42840200157639136,3,1.0,0.0,0.0,0.0
-1.5499324984704603,-0.002029061573605259,-1.2251371051984103,2,0,0,0.5575538023539758,1,1.0,0.0,0.0,0.0
0.003935819113316791,1.7233208488334462,0.3838101618480007,2,0,0,0.6369985009669143,2,0.0,1.0,0.0,0.0
0.10974366971634174,-1.0372390078178362,1.4143230743653088,3,0,0,1.3338607897566657,2,0.0,1.0,0.0,1.0
-0.3783963797503647,0.34304092050780505,-1.2251371051984103,2,1,1,-0.3438881827405999,0,1.0,0.0,0.0,0.0
0.7931397389697308,1.0331808846706256,1.0532140459905621,1,1,1,-0.6663852667526623,4,1.0,0.0,0.0,1.0
-0.476024389643706,-1.3823089898992464,0.40281999324386575,1,0,1,1.6579555802731056,1,0.0,1.0,0.0,0.0
-0.476024389643706,-0.6921690257364259,0.8027458879222756,1,1,1,-1.2925245489658967,2,0.0,1.0,0.0,1.0
0.3049996895030243,-1.7273789719806567,1.130115061841337,1,1,1,-1.4880821892841245,0,0.0,0.0,1.0,0.0
0.5978837191830482,1.0331808846706256,1.189520484921985,2,0,1,0.6875588377895719,3,0.0,0.0,1.0,1.0
0.3049996895030243,0.6881109025892154,-1.2251371051984103,2,1,0,0.7597767031911188,1,1.0,0.0,0.0,0.0
-0.18314035996368214,1.378250866752036,0.5079742087897514,1,1,0,-1.019623887570224,4,0.0,1.0,0.0,1.0
-0.476024389643706,0.6881109025892154,1.0262152176985115,2,1,0,-0.9416897098654647,1,0.0,0.0,1.0,1.0
0.012115659823000443,0.6881109025892154,-1.2251371051984103,2,0,1,-1.1157027626266245,2,1.0,0.0,0.0,1.0
-0.5736523995370473,-1.0372390078178362,1.1307840919263217,1,1,1,-0.7651686355226596,2,1.0,0.0,0.0,0.0
0.20737167960968303,-1.0372390078178362,0.9833246446492027,2,1,0,0.6946779506735254,2,0.0,1.0,0.0,1.0
-0.5736523995370473,-1.7273789719806567,0.43058066134328604,1,1,1,1.0845726329632104,2,0.0,1.0,0.0,1.0
-0.476024389643706,-1.0372390078178362,-1.2251371051984103,2,1,1,0.3216617733244323,3,1.0,0.0,0.0,0.0
-0.7689084193237299,-1.0372390078178362,-1.2251371051984103,2,1,0,-1.6037376241383074,4,1.0,0.0,0.0,1.0
-0.9641644391104125,-1.0372390078178362,-0.780995058608215,1,1,0,-0.05065970362541543,0,0.0,0.0,1.0,0.0
-0.18314035996368214,-1.3823089898992464,0.90378447233068,1,0,0,0.18905108932222625,1,1.0,0.0,0.0,1.0
0.012115659823000443,-0.34709904365501554,-1.2251371051984103,2,0,1,-0.9209950513539668,3,1.0,0.0,0.0,0.0
-1.159420458897095,-1.3823089898992464,-1.2251371051984103,2,1,1,-1.0895510862996085,0,1.0,0.0,0.0,0.0
-0.9641644391104125,1.7233208488334462,-1.2251371051984103,2,0,1,-1.30282010633568,0,1.0,0.0,0.0,1.0
-1.745188518257143,0.6881109025892154,-1.2251371051984103,2,0,0,1.3115148256117906,0,1.0,0.0,0.0,0.0
-0.2807683698570234,-1.3823089898992464,-0.1516216078978807,1,1,0,0.946619264352477,1,1.0,0.0,0.0,1.0
1.5741638181164612,-1.7273789719806567,0.35440260122653694,1,1,1,-0.29170386191850334,4,0.0,1.0,0.0,1.0
-0.08551235007034085,-0.34709904365501554,-0.08872045861857733,2,1,0,-1.704299857507776,1,1.0,0.0,0.0,1.0
-0.3783963797503647,-1.3823089898992464,0.8624983873612904,2,1,1,-1.0970133728276785,3,0.0,1.0,0.0,1.0
-0.9641644391104125,-1.0372390078178362,-1.2251371051984103,2,1,1,-1.7191457721018768,1,0.0,0.0,1.0,1.0
0.6955117290763895,0.34304092050780505,-1.2251371051984103,2,1,0,-0.9483078101117859,1,0.0,0.0,1.0,1.0
-0.3783963797503647,-1.0372390078178362,1.3124772053889184,2,1,0,-0.9873963671201458,0,0.0,1.0,0.0,1.0
-0.8665364292170712,1.378250866752036,-1.2251371051984103,2,0,1,1.0007253227769957,2,0.0,0.0,1.0,0.0
1.5741638181164612,-0.34709904365501554,0.6196297453886983,1,1,0,0.6916835343985206,4,1.0,0.0,0.0,1.0
-0.8665364292170712,1.7233208488334462,-1.2251371051984103,2,1,0,-1.407489285953194,3,0.0,0.0,1.0,0.0
1.5741638181164612,1.0331808846706256,0.9567580216332928,1,1,1,-0.11502303432757492,2,1.0,0.0,0.0,0.0
-0.476024389643706,-0.34709904365501554,-1.2251371051984103,2,1,0,-0.5575083814855083,0,1.0,0.0,0.0,1.0
0.003935819113316791,0.34304092050780505,0.47162496098418677,1,1,0,1.6411644349518582,4,1.0,0.0,0.0,1.0
-0.7689084193237299,0.34304092050780505,-1.2251371051984103,2,1,1,-1.7053732322729431,2,1.0,0.0,0.0,1.0
2.843327946729898,-0.34709904365501554,0.6052442384190415,1,1,1,-1.2491007273418033,3,0.0,0.0,1.0,1.0
0.3049996895030243,-1.0372390078178362,-1.2251371051984103,2,1,0,0.7803789554120358,3,1.0,0.0,0.0,0.0
0.10974366971634174,1.0331808846706256,1.2317213857239167,2,0,0,-1.3448230289718373,0,0.0,1.0,0.0,0.0
0.10974366971634174,-0.34709904365501554,-1.2251371051984103,2,0,0,1.4299048601838455,0,1.0,0.0,0.0,0.0
-1.3546764786837777,0.6881109025892154,-1.2251371051984103,2,1,0,-1.4255563689816735,4,0.0,0.0,1.0,1.0
0.8907677488630721,1.378250866752036,0.6681375468769709,4,0,0,-0.37722214235360496,2,1.0,0.0,0.0,1.0
2.25755988736985,-1.0372390078178362,-1.2251371051984103,2,0,0,-1.002658893126019,0,1.0,0.0,0.0,1.0
3.0385839665165806,1.378250866752036,-1.2251371051984103,1,1,1,0.39359215248861584,0,1.0,0.0,0.0,0.0
-0.3783963797503647,1.0331808846706256,-1.2251371051984103,2,1,1,0.2819448187354922,4,0.0,0.0,1.0,0.0
-1.8428165281504842,-0.6921690257364259,-1.2251371051984103,2,1,1,0.8567897344958036,1,1.0,0.0,0.0,1.0
0.3049996895030243,-0.34709904365501554,0.4617624878299282,1,0,1,0.365962497581742,4,1.0,0.0,0.0,1.0
-0.7689084193237299,-1.7273789719806567,0.04445109191415159,1,1,0,-0.3850030652621905,1,1.0,0.0,0.0,0.0
-0.7689084193237299,-0.002029061573605259,-1.2251371051984103,2,1,1,-1.3927566604272066,2,0.0,0.0,1.0,1.0
-0.7689084193237299,-1.3823089898992464,-1.2251371051984103,2,1,1,-0.7293271763974473,4,0.0,0.0,1.0,1.0
-0.08551235007034085,-0.34709904365501554,0.7746914290464784,1,1,0,-1.1229958986566815,0,1.0,0.0,0.0,1.0
0.003935819113316791,0.6881109025892154,1.014652406423457,1,1,0,0.7533296676974174,2,1.0,0.0,0.0,0.0
0.012115659823000443,0.34304092050780505,0.7219774269330178,2,0,1,-0.6714867552806904,2,0.0,1.0,0.0,1.0
-0.8665364292170712,-0.34709904365501554,0.5011083695511855,1,0,1,1.6795859612412027,1,1.0,0.0,0.0,0.0
0.10974366971634174,-0.6921690257364259,1.0311706168068133,1,1,0,0.08090214287522392,0,1.0,0.0,0.0,1.0
0.10974366971634174,-1.3823089898992464,1.1191415923034265,1,1,0,-1.413357520462955,2,0.0,0.0,1.0,0.0
0.3049996895030243,0.34304092050780505,0.48871443121049823,1,1,1,-1.0280433014018637,0,0.0,1.0,0.0,1.0
-1.2570484687904364,-1.3823089898992464,0.5819366768097054,2,1,0,-1.3623193160810967,1,0.0,1.0,0.0,1.0
0.8907677488630721,0.6881109025892154,0.7553095586772601,1,1,1,1.210736281471715,3,1.0,0.0,0.0,1.0
1.183651778543096,1.7233208488334462,0.60729021274734,2,1,0,1.3470287731760353,0,0.0,1.0,0.0,1.0
2.3551878972631917,1.378250866752036,-0.09453098730692208,1,0,0,-0.3728224891738127,1,1.0,0.0,0.0,1.0
-1.0617924490037538,0.6881109025892154,0.5506686012879503,2,1,0,0.663853578850481,0,1.0,0.0,0.0,1.0
0.003935819113316791,-0.6921690257364259,-1.2251371051984103,2,1,1,-0.18402425589654225,4,1.0,0.0,0.0,0.0
-0.476024389643706,0.34304092050780505,0.22658873194361936,1,1,1,-1.5351759850363977,0,0.0,0.0,1.0,1.0
0.9883957587564134,-1.0372390078178362,0.5063165951446049,1,1,0,1.1948135116495247,2,0.0,1.0,0.0,1.0
0.3049996895030243,-1.7273789719806567,0.37420563571526716,1,0,1,-0.052918872108132925,0,0.0,1.0,0.0,0.0
0.10974366971634174,-0.34709904365501554,0.19942620650329346,2,1,0,1.5403251567337926,2,0.0,1.0,0.0,1.0
0.9883957587564134,-0.6921690257364259,1.4663074000407088,1,1,0,0.7028105743603869,3,1.0,0.0,0.0,0.0
-1.3546764786837777,-0.002029061573605259,1.7011995264246085,2,1,1,-1.0065836371400942,2,0.0,0.0,1.0,1.0
-0.08551235007034085,1.0331808846706256,0.36928416016066473,1,1,0,-1.5305389642853202,3,0.0,0.0,1.0,1.0
-0.8665364292170712,1.7233208488334462,1.0900499047715968,1,1,1,-1.1933470177699748,3,1.0,0.0,0.0,1.0
0.6955117290763895,-0.34709904365501554,-1.2251371051984103,1,1,0,-1.3574980048182956,0,0.0,0.0,1.0,1.0
-0.5736523995370473,1.378250866752036,0.5755099235680777,2,1,0,1.3396809938781018,3,1.0,0.0,0.0,0.0
0.20737167960968303,1.7233208488334462,-1.2251371051984103,2,0,1,-0.9207733458658307,3,0.0,0.0,1.0,0.0
-0.7689084193237299,1.378250866752036,-1.2251371051984103,2,1,0,1.199001726706801,4,1.0,0.0,0.0,1.0
-0.18314035996368214,-0.002029061573605259,1.4128701221596969,1,1,1,1.2727562164884427,4,1.0,0.0,0.0,1.0
-0.3783963797503647,-1.0372390078178362,-1.2251371051984103,2,1,1,0.24033936496503538,1,1.0,0.0,0.0,1.0
-0.9641644391104125,-0.6921690257364259,0.7253081758492959,1,1,0,-0.7978790702031751,2,0.0,1.0,0.0,1.0
-0.2807683698570234,0.34304092050780505,-1.2251371051984103,1,0,0,0.9005494207918773,3,1.0,0.0,0.0,0.0
-0.8665364292170712,-0.34709904365501554,1.4865403995709012,1,1,0,0.20547922236070154,1,1.0,0.0,0.0,1.0
-0.5736523995370473,-0.6921690257364259,0.11102942640104917,2,1,0,0.49530085034461513,4,0.0,1.0,0.0,1.0
-0.18314035996368214,-0.6921690257364259,1.0439609166687893,1,0,1,1.375519146563538,4,1.0,0.0,0.0,1.0
0.20737167960968303,1.0331808846706256,-0.13359891991131284,1,1,1,-1.635766584178681,2,1.0,0.0,0.0,0.0
-0.5736523995370473,-0.002029061573605259,0.7254445101311441,1,1,0,-0.6708529629825809,3,0.0,1.0,0.0,1.0
0.7931397389697308,-0.6921690257364259,-1.2251371051984103,2,1,0,1.2424377299511218,1,1.0,0.0,0.0,1.0
-0.476024389643706,-0.6921690257364259,0.8349755041712907,1,1,0,0.5998854547131229,0,1.0,0.0,0.0,1.0
-0.18314035996368214,-1.0372390078178362,1.7567427849199433,2,1,0,-0.13173204072386147,2,1.0,0.0,0.0,1.0
0.5002557092897069,0.34304092050780505,0.35682925543337607,1,1,0,0.8899051210373028,3,1.0,0.0,0.0,1.0
-0.7689084193237299,0.6881109025892154,0.44157893347941995,1,1,0,0.5880297798385209,2,1.0,0.0,0.0,0.0
0.10974366971634174,0.6881109025892154,-1.2251371051984103,2,1,0,1.454551758366503,2,1.0,0.0,0.0,0.0
-0.6712804094303886,1.0331808846706256,-1.2251371051984103,2,1,1,-0.7793753631011218,4,1.0,0.0,0.0,0.0
1.2812797884364373,1.7233208488334462,0.4607324599282188,1,1,0,-1.7446944582276434,3,1.0,0.0,0.0,1.0
0.003935819113316791,-1.0372390078178362,-1.2251371051984103,1,0,0,0.18308801219783907,1,1.0,0.0,0.0,0.0
-1.745188518257143,1.378250866752036,0.6974705396870012,2,1,1,-1.1557834255909212,2,1.0,0.0,0.0,0.0
0.20737167960968303,-0.34709904365501554,0.8612545770645703,1,0,1,0.526984200416827,1,1.0,0.0,0.0,1.0
0.8907677488630721,-0.6921690257364259,0.06615720576206022,1,0,0,0.01772129945083857,2,0.0,1.0,0.0,1.0
-1.5499324984704603,-1.0372390078178362,-1.2251371051984103,1,1,0,0.3930251850786102,1,1.0,0.0,0.0,0.0
0.5978837191830482,0.34304092050780505,-1.2251371051984103,1,0,0,1.0146468264189943,1,0.0,0.0,1.0,1.0
-0.3783963797503647,-0.34709904365501554,0.7519924111858142,2,0,1,1.2272785736940341,1,0.0,0.0,1.0,1.0
-0.476024389643706,-0.6921690257364259,0.7386935780518742,1,1,1,-0.9328888372975657,0,0.0,1.0,0.0,1.0
-1.2570484687904364,0.6881109025892154,-1.2251371051984103,2,1,0,0.17182471211257366,1,0.0,0.0,1.0,0.0
0.8907677488630721,1.0331808846706256,0.6264783028168889,2,0,0,-0.2987749444141323,2,1.0,0.0,0.0,0.0
0.4026276993963656,0.6881109025892154,1.6243506760384843,1,0,0,0.1744820455535761,3,1.0,0.0,0.0,0.0
-1.2570484687904364,-0.34709904365501554,1.012668038548811,1,1,0,1.1192601446066093,2,1.0,0.0,0.0,1.0
0.9883957587564134,-0.34709904365501554,1.2446334583423317,2,1,1,-1.0717208487729766,3,1.0,0.0,0.0,1.0
-0.2807683698570234,0.6881109025892154,-1.2251371051984103,1,1,1,-1.5175189005401388,4,1.0,0.0,0.0,1.0
-0.476024389643706,1.378250866752036,0.6088078117250955,2,0,1,-1.3058738645035064,3,0.0,0.0,1.0,1.0
-0.2807683698570234,-1.3823089898992464,-1.2251371051984103,3,1,1,-0.458227828587093,2,0.0,0.0,1.0,1.0
-2.038072547937167,-1.0372390078178362,1.0610601479176274,1,1,1,0.30024387461772756,4,0.0,1.0,0.0,1.0
3.3314679961966043,0.34304092050780505,-1.2251371051984103,2,0,1,0.13030592186887666,4,1.0,0.0,0.0,0.0
0.10974366971634174,0.6881109025892154,0.4560268469865426,3,1,0,0.1293997833471149,3,1.0,0.0,0.0,0.0
0.5978837191830482,-1.3823089898992464,1.3695414232140264,2,1,0,1.290411908799533,4,0.0,1.0,0.0,0.0
0.5978837191830482,-0.6921690257364259,1.1232407417143462,1,1,0,-0.9034000931208667,3,1.0,0.0,0.0,1.0
-1.2570484687904364,-0.002029061573605259,-1.2251371051984103,2,1,1,-0.6206265765772963,4,1.0,0.0,0.0,0.0
-0.5736523995370473,0.6881109025892154,0.9299387321490282,1,1,0,0.22272213176923394,4,0.0,1.0,0.0,0.0
-1.159420458897095,0.34304092050780505,0.32150043452375693,2,0,0,0.9111961568704978,4,1.0,0.0,0.0,1.0
-0.3783963797503647,1.378250866752036,-1.2251371051984103,2,1,0,-1.5424652925572406,1,1.0,0.0,0.0,1.0
1.183651778543096,-1.3823089898992464,0.7696725032833716,1,1,1,-0.6088908036503594,0,1.0,0.0,0.0,0.0
-0.5736523995370473,0.6881109025892154,0.9400562720230823,2,0,1,1.2405878639080403,2,0.0,1.0,0.0,1.0
0.10974366971634174,0.6881109025892154,0.48546481079292547,2,0,0,0.3074371213619211,0,0.0,1.0,0.0,1.0
1.9646758576898262,-0.6921690257364259,-1.2251371051984103,2,1,1,-0.6557096428317888,3,1.0,0.0,0.0,0.0
0.3049996895030243,-1.7273789719806567,0.5209931726056723,1,0,1,1.1745511266329478,3,0.0,0.0,1.0,1.0
-0.7689084193237299,1.0331808846706256,-1.2251371051984103,2,1,1,-1.2524816490243047,4,1.0,0.0,0.0,1.0
-1.0617924490037538,-1.3823089898992464,0.8117047464173832,1,0,0,-0.9530903142130059,1,0.0,0.0,1.0,1.0
2.745699936836557,0.6881109025892154,-1.2251371051984103,3,1,1,-0.3062363608264716,3,1.0,0.0,0.0,0.0
0.012115659823000443,-1.3823089898992464,0.7194427614113339,1,0,0,1.066344578524585,1,0.0,1.0,0.0,1.0
-0.3783963797503647,-1.0372390078178362,0.22886801071198193,1,1,1,-0.23693373116845265,2,1.0,0.0,0.0,0.0
0.012115659823000443,1.378250866752036,1.0239538608075751,1,0,0,-1.530343710315392,0,0.0,0.0,1.0,0.0
0.20737167960968303,1.378250866752036,-1.2251371051984103,2,1,0,-1.505442738339423,0,1.0,0.0,0.0,1.0
-0.5736523995370473,-1.3823089898992464,-1.2251371051984103,1,0,0,-1.0230669355158841,3,1.0,0.0,0.0,1.0
-0.476024389643706,1.378250866752036,-1.2251371051984103,1,1,1,-0.5861764325051825,3,0.0,0.0,1.0,1.0
-0.3783963797503647,-0.34709904365501554,0.2779744349096371,1,1,0,1.4682106610810315,1,1.0,0.0,0.0,0.0
0.7931397389697308,-0.6921690257364259,0.2722786382401715,2,0,1,0.6498203523486841,1,1.0,0.0,0.0,1.0
-0.2807683698570234,1.0331808846706256,1.4628752004968584,2,1,1,0.11023931289166657,4,0.0,1.0,0.0,1.0
-1.3546764786837777,0.6881109025892154,0.8775185208119444,1,0,0,1.623443832007271,0,0.0,1.0,0.0,0.0
-0.18314035996368214,1.7233208488334462,-1.2251371051984103,2,1,0,0.008405492393618728,3,0.0,0.0,1.0,1.0
-1.6475605083638016,-0.34709904365501554,-1.2251371051984103,2,1,1,-1.5462619555357837,3,1.0,0.0,0.0,0.0
0.3049996895030243,0.34304092050780505,0.8023471261495461,2,1,0,-1.0214676628031918,1,0.0,1.0,0.0,1.0
0.6955117290763895,1.0331808846706256,1.4598737660782837,1,0,1,-0.974340802653159,1,1.0,0.0,0.0,0.0
-0.3783963797503647,-0.002029061573605259,0.8523378029780613,1,1,1,1.4189626328031413,4,0.0,1.0,0.0,1.0
0.20737167960968303,-0.34709904365501554,0.43175454431469207,2,1,0,1.6248022566857558,2,1.0,0.0,0.0,1.0
-0.6712804094303886,-1.3823089898992464,0.31756818259636704,1,1,1,0.6580211931088178,4,0.0,1.0,0.0,0.0
2.0623038675831675,0.34304092050780505,0.19167643466739304,2,1,1,0.5453640030388546,4,1.0,0.0,0.0,1.0
-0.6712804094303886,-0.34709904365501554,-1.2251371051984103,1,1,1,1.3964050565126036,4,1.0,0.0,0.0,1.0
0.10974366971634174,-0.6921690257364259,-1.2251371051984103,2,0,1,1.1704208612833242,3,1.0,0.0,0.0,0.0
-0.476024389643706,-1.3823089898992464,-1.2251371051984103,1,1,0,0.6880849097602434,1,0.0,0.0,1.0,1.0
0.012115659823000443,0.34304092050780505,0.8137300785832893,1,1,1,1.4721952690573663,3,0.0,1.0,0.0,1.0
-0.3783963797503647,-1.0372390078178362,0.5245313032464519,2,0,1,-0.24948410644230065,3,0.0,1.0,0.0,1.0
0.10974366971634174,0.6881109025892154,-1.2251371051984103,2,1,0,-1.560408297082548,2,1.0,0.0,0.0,0.0
0.012115659823000443,1.0331808846706256,0.4058899148368897,1,0,0,-0.19445328901938708,2,1.0,0.0,0.0,0.0
-1.2570484687904364,-1.3823089898992464,-1.2251371051984103,2,0,0,0.3684487662701245,0,1.0,0.0,0.0,1.0
0.10974366971634174,-1.7273789719806567,0.527723157612678,1,1,1,1.1484010165142473,0,1.0,0.0,0.0,1.0
1.183651778543096,1.378250866752036,1.283506170496189,2,1,0,-1.0462574339888007,4,1.0,0.0,0.0,1.0
-0.18314035996368214,0.6881109025892154,-1.2251371051984103,1,1,1,1.4762574913568633,2,1.0,0.0,0.0,0.0
0.20737167960968303,1.0331808846706256,0.4193298827555599,1,1,0,-0.7781563309626659,2,1.0,0.0,0.0,1.0
-0.7689084193237299,-0.002029061573605259,-1.2251371051984103,2,1,0,-1.5804399274073913,3,0.0,0.0,1.0,1.0
-0.18314035996368214,-1.0372390078178362,-1.2251371051984103,2,1,0,1.42487785356235,2,1.0,0.0,0.0,1.0
-0.3783963797503647,-0.002029061573605259,-1.2251371051984103,1,1,1,-0.8034737403272609,0,1.0,0.0,0.0,0.0
-0.18314035996368214,-1.3823089898992464,-1.2251371051984103,2,1,1,0.41739625657469376,3,1.0,0.0,0.0,0.0
-0.9641644391104125,0.6881109025892154,-1.2251371051984103,2,1,1,0.6572173801969651,2,1.0,0.0,0.0,1.0
1.7694198379031438,-1.3823089898992464,-1.2251371051984103,1,0,0,0.5393473267854677,0,1.0,0.0,0.0,0.0
0.8907677488630721,-1.3823089898992464,-1.2251371051984103,2,1,1,0.16845179549479317,0,1.0,0.0,0.0,1.0
0.4026276993963656,1.7233208488334462,0.7302390923928997,2,0,1,1.3706934847220842,2,1.0,0.0,0.0,1.0
-0.476024389643706,-1.0372390078178362,1.084208332831282,1,1,0,0.21384886557255575,0,1.0,0.0,0.0,1.0
-0.5736523995370473,1.378250866752036,1.1817092666491953,2,1,0,1.224854083222518,3,0.0,1.0,0.0,0.0
-0.6712804094303886,-0.34709904365501554,0.8206104793472636,1,1,0,-0.5901182307875761,0,1.0,0.0,0.0,1.0
-1.159420458897095,1.0331808846706256,-1.2251371051984103,1,1,1,1.5249380301553093,2,0.0,0.0,1.0,1.0
2.159931877476509,-1.3823089898992464,-0.16739606036805618,1,1,1,0.758771197452932,4,0.0,1.0,0.0,0.0
-0.18314035996368214,0.34304092050780505,0.11209977852696723,1,1,0,-0.9281143382610664,2,1.0,0.0,0.0,1.0
1.2812797884364373,-1.7273789719806567,1.7494391398185414,1,1,1,-0.9398983155994739,3,1.0,0.0,0.0,0.0
-0.18314035996368214,1.378250866752036,0.6241639803774881,1,0,1,0.3376633756318074,4,0.0,1.0,0.0,1.0
0.5002557092897069,-1.3823089898992464,1.2084962327473876,1,0,1,-0.9686133528685962,1,0.0,1.0,0.0,0.0
0.7931397389697308,-0.002029061573605259,1.0578209285896325,2,1,0,1.0855812711180268,4,1.0,0.0,0.0,1.0
0.4026276993963656,1.378250866752036,-1.2251371051984103,2,1,1,-0.3745232173806835,0,1.0,0.0,0.0,1.0
-0.18314035996368214,-0.6921690257364259,0.8970628081953363,1,1,1,-0.7205520592551716,4,1.0,0.0,0.0,1.0
0.4026276993963656,1.7233208488334462,1.119873028925877,1,0,1,-1.5715504770581252,3,0.0,1.0,0.0,0.0
-0.6712804094303886,1.0331808846706256,0.26322504982152634,1,1,0,-0.2335757805412371,1,1.0,0.0,0.0,1.0
-0.7689084193237299,-1.3823089898992464,0.5326246310719391,1,1,1,-1.0157205484031193,4,1.0,0.0,0.0,0.0
0.003935819113316791,-1.0372390078178362,1.4990154664102944,2,1,1,1.1316451978916586,0,1.0,0.0,0.0,1.0
0.20737167960968303,0.34304092050780505,-1.2251371051984103,1,1,0,-0.6127158324017172,1,1.0,0.0,0.0,0.0
0.5978837191830482,-1.7273789719806567,1.4095312123885193,3,1,0,-0.878190578106856,0,1.0,0.0,0.0,0.0
0.9883957587564134,-0.34709904365501554,1.4851837774564547,1,1,1,0.40295964442022847,1,0.0,1.0,0.0,1.0
-0.7689084193237299,-0.34709904365501554,0.8506414652763336,1,0,0,-1.0302680133016526,3,1.0,0.0,0.0,1.0
0.003935819113316791,-1.0372390078178362,0.9282324734080108,1,0,1,0.3120905002887324,4,1.0,0.0,0.0,0.0
1.2812797884364373,1.0331808846706256,1.4952893160733038,1,0,0,-0.765216491887838,2,1.0,0.0,0.0,1.0
0.5978837191830482,-0.002029061573605259,0.2596049905982278,1,1,0,1.2701317734220539,2,1.0,0.0,0.0,0.0
-0.8665364292170712,0.6881109025892154,-1.2251371051984103,1,1,0,0.1163838961574397,0,0.0,0.0,1.0,0.0
-0.08551235007034085,1.378250866752036,-1.2251371051984103,1,0,1,-0.17209496923113818,2,0.0,0.0,1.0,1.0
-0.6712804094303886,0.6881109025892154,1.6233452907182357,2,1,0,-1.357456935355815,0,1.0,0.0,0.0,1.0
-0.9641644391104125,1.378250866752036,1.0007951147875804,1,1,0,0.7220658874304613,4,0.0,1.0,0.0,0.0
-0.8665364292170712,1.0331808846706256,0.9270446689782469,1,0,0,-0.9941766569386356,2,0.0,1.0,0.0,1.0
-0.7689084193237299,-1.3823089898992464,0.8589264931835743,1,0,0,-0.0667027234415633,4,0.0,1.0,0.0,1.0
-0.18314035996368214,0.6881109025892154,0.7247383561572052,1,1,0,0.8203767833587874,0,1.0,0.0,0.0,1.0
-0.6712804094303886,-1.3823089898992464,1.3254940889869238,1,0,1,-0.7492801482602516,0,0.0,0.0,1.0,0.0
0.003935819113316791,1.378250866752036,-1.2251371051984103,1,1,0,0.22842974291514084,3,1.0,0.0,0.0,1.0
1.183651778543096,1.7233208488334462,0.12659841734787583,2,1,1,1.5759111498805247,1,0.0,0.0,1.0,0.0
0.10974366971634174,0.34304092050780505,-1.2251371051984103,2,1,0,0.1629382201567917,4,1.0,0.0,0.0,1.0
0.012115659823000443,0.34304092050780505,-0.23219660862099495,1,0,1,-0.7069584152204323,0,0.0,0.0,1.0,0.0
0.8907677488630721,-1.0372390078178362,-1.2251371051984103,2,1,1,-0.07978178103327423,1,0.0,0.0,1.0,0.0
-0.18314035996368214,-1.0372390078178362,0.7003266788850148,2,1,1,0.6628659974963429,3,1.0,0.0,0.0,0.0
-0.08551235007034085,-0.6921690257364259,-1.2251371051984103,2,0,1,1.374456213187137,4,0.0,0.0,1.0,0.0
0.7931397389697308,-1.3823089898992464,0.23452444325781494,1,0,0,1.0174430303305875,3,0.0,1.0,0.0,0.0
0.5978837191830482,-0.6921690257364259,0.4444635556611998,2,1,1,1.4471884910085662,0,0.0,1.0,0.0,1.0
-1.9404445380438253,-0.6921690257364259,0.5975415115113843,1,1,1,1.318358807901754,2,0.0,1.0,0.0,0.0
-1.159420458897095,-1.0372390078178362,-1.2251371051984103,2,1,0,-1.3569435670748093,0,0.0,0.0,1.0,1.0
-1.745188518257143,1.0331808846706256,1.2286354624546192,1,1,1,1.0948899432262564,3,0.0,1.0,0.0,1.0
-1.2570484687904364,1.378250866752036,-0.03010151792676014,2,0,0,-1.2033383826803687,1,1.0,0.0,0.0,1.0
1.6717918280098025,-0.002029061573605259,0.5478811092811492,1,1,1,-0.8727125034906597,3,0.0,0.0,1.0,1.0
0.7931397389697308,-0.002029061573605259,-1.2251371051984103,2,1,1,-1.068665524396835,0,0.0,0.0,1.0,0.0
-0.08551235007034085,-0.6921690257364259,1.4364001070692312,2,0,1,-1.3532969120482077,0,1.0,0.0,0.0,0.0
0.003935819113316791,-1.7273789719806567,-1.2251371051984103,2,1,1,-0.33481078739354225,1,1.0,0.0,0.0,1.0
0.3049996895030243,0.34304092050780505,-1.2251371051984103,2,1,1,-0.07961906939166723,4,1.0,0.0,0.0,1.0
-1.3546764786837777,0.6881109025892154,-1.2251371051984103,3,1,1,-1.578394285324943,3,1.0,0.0,0.0,0.0
-0.08551235007034085,-1.3823089898992464,-1.2251371051984103,2,0,0,-0.9697619056328802,3,1.0,0.0,0.0,1.0
0.4026276993963656,1.0331808846706256,0.8960172586676418,1,1,0,-0.5800661317991919,1,1.0,0.0,0.0,0.0
-1.3546764786837777,0.34304092050780505,-1.2251371051984103,2,1,0,0.5109420507164097,4,0.0,0.0,1.0,1.0
-0.5736523995370473,-0.002029061573605259,0.9456299759025828,2,0,1,-1.0550071437517452,3,1.0,0.0,0.0,1.0
-0.476024389643706,-1.0372390078178362,0.3134669529675316,2,1,0,0.7540682219294813,4,0.0,1.0,0.0,1.0
-2.038072547937167,-1.3823089898992464,-1.2251371051984103,2,0,0,-1.023892675344146,4,0.0,0.0,1.0,1.0
-0.476024389643706,0.34304092050780505,1.113958009291468,2,1,1,-0.20086482379128312,3,1.0,0.0,0.0,1.0
-0.476024389643706,-0.34709904365501554,1.0619690431299487,2,1,1,0.25216006118727075,4,0.0,1.0,0.0,1.0
-0.6712804094303886,1.378250866752036,0.7183568876594308,1,1,0,1.5607961955025476,2,1.0,0.0,0.0,1.0
0.003935819113316791,1.0331808846706256,1.2322772839576492,2,1,1,-0.4124336376899218,1,0.0,1.0,0.0,1.0
-1.159420458897095,-1.3823089898992464,1.2468655321656885,1,1,0,0.9747943077992394,1,1.0,0.0,0.0,1.0
-0.6712804094303886,0.6881109025892154,0.2502148869275558,1,1,1,-1.6988835611084463,1,1.0,0.0,0.0,1.0
0.20737167960968303,-0.6921690257364259,0.08503822366392551,1,1,1,-1.1613838384788284,2,0.0,1.0,0.0,0.0
-0.5736523995370473,-1.7273789719806567,1.0441606175886797,1,1,0,-0.6189042695003085,2,0.0,1.0,0.0,0.0
1.0860237686497547,1.378250866752036,-1.2251371051984103,1,0,0,1.1537355220349081,4,0.0,0.0,1.0,1.0
0.5002557092897069,1.7233208488334462,-1.2251371051984103,2,0,1,1.1542553291723197,2,1.0,0.0,0.0,1.0
3.819608045663311,0.34304092050780505,-0.46447502120242096,1,1,1,0.33100159557581427,2,1.0,0.0,0.0,0.0
-0.3783963797503647,-0.34709904365501554,-1.2251371051984103,2,0,0,-1.5807980670420725,0,0.0,0.0,1.0,1.0
0.3049996895030243,-0.6921690257364259,-1.2251371051984103,2,0,0,-0.3100138812589433,3,1.0,0.0,0.0,0.0
-0.18314035996368214,0.34304092050780505,-1.2251371051984103,2,1,0,-0.8553300275189522,2,1.0,0.0,0.0,0.0
-0.5736523995370473,-1.3823089898992464,-1.2251371051984103,3,0,0,1.3519475374006544,2,1.0,0.0,0.0,1.0
0.3049996895030243,-1.3823089898992464,0.4370112549872192,1,1,0,0.839348264677567,2,0.0,1.0,0.0,0.0
-1.159420458897095,-1.0372390078178362,-1.2251371051984103,2,0,1,0.2489643001322236,2,1.0,0.0,0.0,0.0
0.3049996895030243,-0.002029061573605259,-1.2251371051984103,1,1,0,1.6721414250740352,4,1.0,0.0,0.0,1.0
1.2812797884364373,-0.34709904365501554,-1.2251371051984103,1,1,1,-0.8286931746605994,4,0.0,0.0,1.0,1.0
1.8670478477964851,-1.0372390078178362,0.8252764081317822,2,1,0,0.8223602991780763,2,0.0,1.0,0.0,1.0
-0.08551235007034085,0.6881109025892154,0.5588078539243418,1,1,1,-0.4229341943258152,3,0.0,0.0,1.0,1.0
-1.5499324984704603,-1.3823089898992464,0.318563806894089,1,1,0,-1.128166996443151,0,1.0,0.0,0.0,1.0
-0.2807683698570234,-0.6921690257364259,-1.2251371051984103,2,1,1,-0.9027351506796046,4,0.0,0.0,1.0,0.0
0.012115659823000443,-1.3823089898992464,0.21848724326323288,1,1,0,1.583105092717303,0,1.0,0.0,0.0,0.0
-0.18314035996368214,0.6881109025892154,-1.2251371051984103,2,1,0,1.633370634330461,2,1.0,0.0,0.0,0.0
0.012115659823000443,-0.34709904365501554,0.05333282232962218,1,1,0,-1.0774319403818056,2,0.0,1.0,0.0,1.0
0.20737167960968303,0.34304092050780505,0.9362272309076548,1,1,1,-0.6247827713756894,3,1.0,0.0,0.0,1.0
1.2812797884364373,0.6881109025892154,-1.2251371051984103,1,1,0,0.16200319379277697,3,0.0,0.0,1.0,0.0
0.4026276993963656,1.7233208488334462,0.7459495381579819,2,1,1,1.675734132925345,4,0.0,1.0,0.0,1.0
0.3049996895030243,1.0331808846706256,0.9153621651646686,1,1,0,-1.1133012432103944,3,1.0,0.0,0.0,1.0
0.10974366971634174,-0.34709904365501554,-1.2251371051984103,1,1,0,-0.5259903534020948,0,0.0,0.0,1.0,1.0
-0.5736523995370473,-0.34709904365501554,-1.2251371051984103,2,0,1,-0.290250942671684,1,1.0,0.0,0.0,0.0
0.20737167960968303,0.6881109025892154,1.6538180829292104,1,0,0,-1.491607724201038,1,0.0,0.0,1.0,0.0
-0.6712804094303886,-1.3823089898992464,0.648563496375711,1,0,0,0.8558336513311102,3,1.0,0.0,0.0,0.0
0.6955117290763895,-1.0372390078178362,-1.2251371051984103,1,1,1,1.3407350520740513,2,1.0,0.0,0.0,1.0
-0.6712804094303886,0.6881109025892154,0.5009912372808655,1,1,0,0.43371980170236063,0,1.0,0.0,0.0,1.0
0.003935819113316791,-0.002029061573605259,1.6440448991285566,1,1,1,0.8468705891910429,1,1.0,0.0,0.0,1.0
-0.7689084193237299,-1.3823089898992464,0.6473803324320664,2,1,0,-0.799462332786426,3,0.0,1.0,0.0,1.0
-0.18314035996368214,0.34304092050780505,-1.2251371051984103,2,1,0,0.7242731970156403,0,1.0,0.0,0.0,1.0
0.003935819113316791,-0.002029061573605259,-1.2251371051984103,2,1,1,1.4761000004096392,1,0.0,0.0,1.0,0.0
-0.7689084193237299,-0.002029061573605259,0.7805400417243533,1,1,0,-0.36252745387346796,0,0.0,0.0,1.0,0.0
0.003935819113316791,-0.6921690257364259,0.22469941402603597,1,1,1,-1.4969911302257541,3,1.0,0.0,0.0,1.0
0.012115659823000443,1.378250866752036,1.327014888299934,1,1,0,-0.34451692836747244,1,0.0,1.0,0.0,1.0
0.5002557092897069,0.6881109025892154,1.8665950926196566,2,1,1,0.6441160476425529,1,0.0,0.0,1.0,0.0
0.7931397389697308,0.6881109025892154,0.15110642471123162,1,1,1,-1.0860158060865135,4,0.0,0.0,1.0,1.0
1.183651778543096,-1.3823089898992464,0.6716611159923418,1,1,1,0.28771107568163595,3,1.0,0.0,0.0,1.0
0.20737167960968303,1.0331808846706256,0.7200020199970845,1,1,1,-1.7364156550980554,1,1.0,0.0,0.0,0.0
1.7694198379031438,1.0331808846706256,0.5715567094447701,3,1,0,0.6934058414755082,4,0.0,1.0,0.0,0.0
1.6717918280098025,-0.34709904365501554,-1.2251371051984103,2,1,0,-0.2738214174480401,3,0.0,0.0,1.0,0.0
0.003935819113316791,-1.7273789719806567,-1.2251371051984103,2,0,0,1.5540992627710415,1,0.0,0.0,1.0,1.0
0.4026276993963656,1.378250866752036,-1.2251371051984103,2,1,1,-1.149274785903499,2,1.0,0.0,0.0,1.0
-0.6712804094303886,1.0331808846706256,0.5498192323113658,2,1,1,1.0696555429023529,3,1.0,0.0,0.0,0.0
3.233839986303263,1.0331808846706256,0.3552818933377523,1,1,1,-0.07594370054595853,1,0.0,0.0,1.0,0.0
0.10974366971634174,-0.34709904365501554,-1.2251371051984103,1,0,1,0.08654205901729653,3,1.0,0.0,0.0,1.0
-0.7689084193237299,-0.34709904365501554,-1.2251371051984103,1,1,0,-1.2952375698136522,0,1.0,0.0,0.0,1.0
0.3049996895030243,-0.34709904365501554,1.1476544992044524,1,1,1,-0.9690809530621768,3,1.0,0.0,0.0,0.0
-0.3783963797503647,1.7233208488334462,-1.2251371051984103,2,1,0,-0.5009303242705873,3,1.0,0.0,0.0,1.0
-1.0617924490037538,0.6881109025892154,0.6545162799661247,2,1,1,-1.1466292860364318,2,0.0,1.0,0.0,1.0
0.003935819113316791,-1.3823089898992464,-1.2251371051984103,2,1,0,-1.3677109011936794,4,1.0,0.0,0.0,1.0
0.003935819113316791,-1.7273789719806567,0.025014335795316194,1,1,1,0.9241217260473452,1,0.0,0.0,1.0,0.0
0.9883957587564134,-0.002029061573605259,1.023272669448623,1,1,0,0.7228122727041001,3,0.0,1.0,0.0,0.0
-0.18314035996368214,0.6881109025892154,-1.2251371051984103,2,1,0,-1.4502864502281685,3,1.0,0.0,0.0,0.0
-1.0617924490037538,-1.7273789719806567,0.31444529545487865,2,1,0,0.8272021451721179,0,0.0,1.0,0.0,1.0
0.003935819113316791,-0.002029061573605259,0.7928600523206583,1,0,1,0.5843986128719224,1,0.0,1.0,0.0,1.0
-0.08551235007034085,1.378250866752036,1.2033846572786588,1,1,1,1.400024215882121,4,0.0,1.0,0.0,0.0
-0.5736523995370473,-1.0372390078178362,-1.2251371051984103,2,0,0,0.5305516749119515,3,1.0,0.0,0.0,1.0
0.003935819113316791,-0.34709904365501554,0.8159223082327253,2,1,0,-1.6733094676033486,4,0.0,1.0,0.0,1.0
0.7931397389697308,0.34304092050780505,-1.2251371051984103,2,1,1,0.5048971827133539,2,1.0,0.0,0.0,0.0
-1.3546764786837777,-0.002029061573605259,-1.2251371051984103,2,1,1,1.0935908604405928,0,0.0,0.0,1.0,1.0
-0.18314035996368214,-0.002029061573605259,0.6205900059818563,2,0,0,1.190357823016687,2,1.0,0.0,0.0,1.0
-0.08551235007034085,-0.34709904365501554,0.5927728519651915,1,1,0,-0.16158170890557927,4,0.0,0.0,1.0,1.0
5.186400184170089,-1.3823089898992464,0.7922940730308733,2,1,1,-1.1475556112431413,3,1.0,0.0,0.0,1.0
-0.3783963797503647,0.6881109025892154,0.052726838849154065,2,1,1,0.4802713413313749,3,0.0,0.0,1.0,0.0
3.429096006089946,0.34304092050780505,-1.2251371051984103,2,1,0,0.40380887737321425,2,1.0,0.0,0.0,1.0
0.8907677488630721,-0.002029061573605259,1.0105274943137372,2,0,0,-0.4753061120994115,3,0.0,1.0,0.0,1.0
-0.3783963797503647,-0.34709904365501554,-1.2251371051984103,1,1,0,0.43747313291752393,3,1.0,0.0,0.0,0.0
0.012115659823000443,1.0331808846706256,-1.2251371051984103,2,1,1,-1.156033322828726,4,1.0,0.0,0.0,1.0
2.940955956623239,-1.3823089898992464,0.4961625714486479,1,1,1,1.4262401067500492,1,0.0,0.0,1.0,0.0
0.20737167960968303,-1.0372390078178362,0.6023637766730926,1,1,0,1.1082154175928502,1,0.0,1.0,0.0,0.0
0.003935819113316791,-1.3823089898992464,0.9008870488078815,1,0,0,1.00367779947379,2,0.0,0.0,1.0,1.0
-0.9641644391104125,-1.3823089898992464,-1.2251371051984103,2,0,0,0.9156638531004166,4,1.0,0.0,0.0,1.0
0.6955117290763895,-0.6921690257364259,1.2024664810940993,1,1,0,1.3983927488873993,3,0.0,0.0,1.0,0.0
0.003935819113316791,0.6881109025892154,-1.2251371051984103,2,0,1,0.38526932150306353,3,1.0,0.0,0.0,0.0
0.10974366971634174,-1.0372390078178362,-0.1003629582414727,1,1,1,0.2625889202869693,3,0.0,0.0,1.0,1.0
-0.5736523995370473,-1.7273789719806567,-1.2251371051984103,2,1,0,-1.7211714015225232,3,1.0,0.0,0.0,1.0
-0.8665364292170712,-0.6921690257364259,-1.2251371051984103,2,0,1,-1.449186971991086,2,1.0,0.0,0.0,1.0
-0.2807683698570234,-0.34709904365501554,0.11169685631840652,1,0,0,0.6918272775172019,0,1.0,0.0,0.0,1.0
0.003935819113316791,-0.34709904365501554,0.45847254318814695,1,1,0,0.14478830211076701,3,0.0,1.0,0.0,0.0
1.6717918280098025,-1.7273789719806567,0.6944791863244788,1,0,0,1.0084004396127504,2,1.0,0.0,0.0,0.0
-0.476024389643706,0.6881109025892154,-1.2251371051984103,2,1,1,1.3930154336727971,2,1.0,0.0,0.0,1.0
0.10974366971634174,-1.0372390078178362,1.9803578899670289,1,1,1,0.22388425833891398,1,0.0,0.0,1.0,0.0
0.9883957587564134,1.0331808846706256,1.0622413916601192,1,0,0,1.5122781943225623,3,0.0,1.0,0.0,1.0
-0.3783963797503647,-0.34709904365501554,0.7898096527726874,1,1,1,-1.3919431022191722,0,0.0,0.0,1.0,1.0
0.5002557092897069,0.34304092050780505,-0.2553811173397895,1,1,1,1.3515758239605773,4,0.0,0.0,1.0,0.0
-0.6712804094303886,-1.3823089898992464,-0.2766886294317313,1,1,1,-0.9459915620371465,3,1.0,0.0,0.0,1.0
-0.7689084193237299,0.6881109025892154,-1.2251371051984103,1,1,0,-1.130641605580745,1,1.0,0.0,0.0,1.0
3.7219800357699695,0.34304092050780505,-1.2251371051984103,2,1,1,-0.8931812799585152,0,1.0,0.0,0.0,0.0
-1.0617924490037538,0.34304092050780505,0.8294194021356909,2,1,0,-0.3560436994959387,0,0.0,0.0,1.0,1.0
0.003935819113316791,1.0331808846706256,0.6814962262801729,2,1,1,1.22338637200828,0,0.0,1.0,0.0,1.0
-0.3783963797503647,-1.3823089898992464,0.6154477072946829,1,0,1,1.2057412951091024,2,0.0,0.0,1.0,1.0
0.3049996895030243,1.378250866752036,1.68120159151887,2,1,0,1.2579934849581795,0,0.0,1.0,0.0,1.0
0.003935819113316791,-0.34709904365501554,-1.2251371051984103,2,1,1,1.031905397910676,3,0.0,0.0,1.0,0.0
1.183651778543096,-0.34709904365501554,0.3039837195409493,1,0,0,-0.4829262376209975,2,0.0,1.0,0.0,0.0
-1.3546764786837777,-1.3823089898992464,1.3007039720708706,1,0,0,-1.0934848795172813,2,1.0,0.0,0.0,1.0
-1.3546764786837777,1.378250866752036,0.08272598144244007,2,1,0,0.6285324489321188,4,0.0,1.0,0.0,0.0
-0.2807683698570234,0.34304092050780505,1.7904618371964731,1,0,0,-0.9283809417208971,2,1.0,0.0,0.0,1.0
-1.0617924490037538,-0.34709904365501554,-1.2251371051984103,2,1,0,1.3456099624658524,4,1.0,0.0,0.0,0.0
-0.18314035996368214,1.0331808846706256,-1.2251371051984103,1,1,1,1.4910795647799477,2,0.0,0.0,1.0,1.0
-0.18314035996368214,-1.0372390078178362,-1.2251371051984103,2,1,0,0.3409193486954065,4,0.0,0.0,1.0,1.0
-0.08551235007034085,1.0331808846706256,-0.27526528032722525,1,1,1,1.5849598314084752,1,1.0,0.0,0.0,1.0
2.745699936836557,-0.34709904365501554,1.1108175203060788,1,1,1,0.5336188328620282,2,1.0,0.0,0.0,1.0
0.6955117290763895,-1.0372390078178362,-1.2251371051984103,2,1,1,-0.7102935688155085,1,1.0,0.0,0.0,1.0
-0.08551235007034085,-0.002029061573605259,0.7986587397685607,1,1,0,-0.14630195460824194,1,0.0,0.0,1.0,1.0
0.7931397389697308,-1.0372390078178362,0.7866728441728411,2,1,0,-0.6463665141406308,2,1.0,0.0,0.0,0.0
0.9883957587564134,1.0331808846706256,0.3534210584039355,1,1,0,0.32708259432556047,4,0.0,1.0,0.0,1.0
0.10974366971634174,1.0331808846706256,1.339487874921411,1,1,0,-0.882702650239031,3,1.0,0.0,0.0,1.0
0.4026276993963656,-0.6921690257364259,0.8221248779897645,1,0,0,0.4309020189206506,1,0.0,1.0,0.0,0.0
-1.6475605083638016,1.378250866752036,-0.15017345619515107,1,1,1,1.09904700814038,1,0.0,0.0,1.0,0.0
-0.9641644391104125,-1.3823089898992464,1.1215408836438385,1,1,1,1.272228578309457,3,1.0,0.0,0.0,0.0
-0.7689084193237299,1.378250866752036,-1.2251371051984103,2,1,0,-0.2828359904393543,4,1.0,0.0,0.0,0.0
-0.2807683698570234,-0.34709904365501554,-1.2251371051984103,2,1,0,-1.200008623802822,4,1.0,0.0,0.0,1.0
0.3049996895030243,-0.34709904365501554,0.5162507558085674,3,1,0,-0.7799894907837215,1,1.0,0.0,0.0,0.0
-1.0617924490037538,-1.0372390078178362,1.3922508421642676,2,1,1,0.9428530554245019,4,1.0,0.0,0.0,1.0
-0.2807683698570234,-0.34709904365501554,0.9421043265692961,1,0,0,1.5705150401661434,4,1.0,0.0,0.0,0.0
1.183651778543096,-1.3823089898992464,0.44996365182984327,1,1,0,-0.785063135608373,2,0.0,1.0,0.0,1.0
0.6955117290763895,-0.002029061573605259,-1.2251371051984103,2,1,0,1.3839918114778853,3,1.0,0.0,0.0,1.0
-0.3783963797503647,1.0331808846706256,0.8726992959687282,1,1,1,1.6092466757018449,1,0.0,1.0,0.0,0.0
-0.5736523995370473,-0.6921690257364259,0.7292180254299031,2,0,1,-1.261875592474125,4,0.0,0.0,1.0,0.0
0.003935819113316791,1.0331808846706256,0.13008486257429286,1,0,1,-0.5771566388194851,1,0.0,0.0,1.0,1.0
-0.7689084193237299,0.34304092050780505,0.4688739527992887,2,1,0,0.7863724865869911,2,0.0,1.0,0.0,0.0
1.0860237686497547,-1.3823089898992464,0.7174660743412987,1,0,1,-0.2761937009757247,0,0.0,1.0,0.0,1.0
-0.08551235007034085,-0.002029061573605259,0.6111154134604616,1,1,0,0.12678438948432352,3,0.0,1.0,0.0,0.0
0.3049996895030243,0.34304092050780505,-1.2251371051984103,1,0,0,0.8601525577711107,2,1.0,0.0,0.0,1.0
0.7931397389697308,-0.002029061573605259,1.5101244701462393,1,1,0,1.2668930286499194,3,0.0,1.0,0.0,0.0
1.7694198379031438,0.6881109025892154,-1.2251371051984103,1,1,0,-1.434618450291874,3,0.0,0.0,1.0,1.0
0.10974366971634174,0.6881109025892154,-1.2251371051984103,1,0,1,0.9135623495880689,3,1.0,0.0,0.0,1.0
1.5741638181164612,-1.3823089898992464,0.9765704971110242,2,0,1,0.2813691501681813,0,0.0,1.0,0.0,0.0
1.2812797884364373,-1.3823089898992464,-1.2251371051984103,3,1,1,0.06362077435140252,0,1.0,0.0,0.0,1.0
1.183651778543096,-0.6921690257364259,0.7587716813557417,2,1,1,-1.0412393025477562,2,1.0,0.0,0.0,0.0
0.5978837191830482,-0.34709904365501554,-1.2251371051984103,2,1,0,-1.0992196382739805,3,0.0,0.0,1.0,0.0
-0.18314035996368214,0.34304092050780505,-1.2251371051984103,2,1,1,0.3324621718410619,4,0.0,0.0,1.0,1.0
-1.0617924490037538,-0.002029061573605259,-1.2251371051984103,2,1,1,-0.11171537638958304,3,0.0,0.0,1.0,0.0
-0.08551235007034085,-1.0372390078178362,1.4923389270020408,1,1,0,1.1992312632365116,4,1.0,0.0,0.0,0.0
-0.3783963797503647,-1.0372390078178362,0.16559738272752914,1,1,0,1.282806575245366,2,1.0,0.0,0.0,1.0
0.012115659823000443,0.34304092050780505,0.8971488972136865,1,0,0,-1.071405866878529,2,0.0,0.0,1.0,1.0
-0.08551235007034085,0.34304092050780505,-0.21420816422165184,2,1,1,-1.4950928857480557,1,0.0,1.0,0.0,1.0
0.20737167960968303,1.7233208488334462,-1.2251371051984103,2,0,1,-0.05510338466117182,1,1.0,0.0,0.0,1.0
0.10974366971634174,0.6881109025892154,-1.2251371051984103,2,1,0,1.325504198280769,0,1.0,0.0,0.0,0.0
0.20737167960968303,-1.7273789719806567,-1.2251371051984103,1,1,0,0.48763182431897406,3,1.0,0.0,0.0,1.0
-1.159420458897095,1.0331808846706256,-1.2251371051984103,2,0,0,0.37313399143267284,4,0.0,0.0,1.0,0.0
-0.6712804094303886,-0.002029061573605259,-0.23582546876624386,1,1,1,0.9700989892942172,3,0.0,1.0,0.0,1.0
-0.3783963797503647,-0.002029061573605259,0.8335359933737485,1,1,0,0.4729728105837884,0,1.0,0.0,0.0,1.0
-0.3783963797503647,0.6881109025892154,-1.2251371051984103,2,0,0,0.39189107623545283,2,0.0,0.0,1.0,1.0
1.183651778543096,-0.34709904365501554,0.5347085293730052,1,0,0,1.3462613311017182,1,0.0,1.0,0.0,1.0
0.20737167960968303,1.7233208488334462,0.5079884502816346,4,1,1,0.6461632559333164,4,1.0,0.0,0.0,0.0
-0.18314035996368214,0.34304092050780505,0.09298401603417329,1,0,0,1.255531231463959,1,1.0,0.0,0.0,1.0
-0.3783963797503647,0.6881109025892154,-1.2251371051984103,2,1,0,-0.3902937169500333,4,1.0,0.0,0.0,1.0
-0.08551235007034085,-0.002029061573605259,0.5441807216429587,2,1,0,1.6623919523367254,2,1.0,0.0,0.0,0.0
0.003935819113316791,-0.002029061573605259,-1.2251371051984103,2,1,0,0.4621045430401781,0,0.0,0.0,1.0,1.0
1.183651778543096,-0.6921690257364259,0.4498718022080347,1,1,0,-0.45444665366855325,4,0.0,1.0,0.0,1.0
-0.9641644391104125,0.6881109025892154,0.06932553766416484,2,1,0,-0.616632919397364,4,0.0,0.0,1.0,1.0
0.4026276993963656,1.378250866752036,0.5124764404259947,2,0,1,1.6432828187093778,3,0.0,1.0,0.0,1.0
1.183651778543096,0.6881109025892154,1.0830181281500773,2,1,0,-0.8573492180831925,0,0.0,1.0,0.0,1.0
1.7694198379031438,1.378250866752036,0.5568023638370146,2,1,0,0.09284970197096869,3,1.0,0.0,0.0,0.0
0.4026276993963656,0.6881109025892154,-1.2251371051984103,2,1,0,-0.8326088694710774,1,1.0,0.0,0.0,1.0
-0.476024389643706,-0.6921690257364259,1.091134498389398,1,0,0,1.1501760526045042,4,1.0,0.0,0.0,0.0
1.9646758576898262,-0.34709904365501554,0.550077659383179,1,1,0,-0.4791370576377369,0,0.0,1.0,0.0,1.0
-0.3783963797503647,-1.3823089898992464,-1.2251371051984103,2,1,0,0.022404958405071757,0,0.0,0.0,1.0,0.0
0.5978837191830482,0.34304092050780505,0.33747394784677176,1,1,0,0.4690411056438691,4,0.0,1.0,0.0,0.0
0.5978837191830482,-0.002029061573605259,1.2622858675399364,2,1,0,-0.8441441677337028,2,0.0,1.0,0.0,0.0
-0.18314035996368214,1.0331808846706256,1.029404031746246,2,1,1,0.3076670059379241,0,0.0,1.0,0.0,1.0
-0.7689084193237299,1.378250866752036,0.09170196173116013,2,1,1,-0.15338887321016642,0,0.0,1.0,0.0,1.0
-0.3783963797503647,-1.3823089898992464,-1.2251371051984103,2,0,0,1.5043724968182202,2,0.0,0.0,1.0,1.0
-0.8665364292170712,0.6881109025892154,1.0130623198521838,1,1,0,1.5386486177442302,2,0.0,1.0,0.0,0.0
0.5002557092897069,-0.002029061573605259,-1.2251371051984103,1,1,1,0.2954323086511081,3,1.0,0.0,0.0,1.0
0.4026276993963656,0.6881109025892154,0.0734600507796487,1,1,1,0.7683699661457165,2,0.0,0.0,1.0,0.0
-0.3783963797503647,0.34304092050780505,0.04520925133597852,1,1,1,1.6180873995702014,4,0.0,0.0,1.0,1.0
0.5002557092897069,-1.0372390078178362,0.6895839535189644,1,1,0,0.7832350232858886,3,0.0,1.0,0.0,0.0
2.4528159071565327,-1.3823089898992464,-1.2251371051984103,2,1,1,-0.8121538408317639,1,1.0,0.0,0.0,1.0
0.10974366971634174,1.0331808846706256,-1.2251371051984103,2,1,0,-1.6848839210738473,0,0.0,0.0,1.0,0.0
0.8907677488630721,-0.002029061573605259,0.6705715618548959,1,1,1,1.0130012635494385,1,1.0,0.0,0.0,1.0
0.5978837191830482,-1.0372390078178362,0.6926959595205872,1,0,0,-0.4616066619918412,4,0.0,1.0,0.0,1.0
0.003935819113316791,1.0331808846706256,-1.2251371051984103,1,0,1,-0.4163218368433154,1,1.0,0.0,0.0,0.0
2.25755988736985,-0.002029061573605259,-1.2251371051984103,2,0,1,-1.07418519054495,3,1.0,0.0,0.0,1.0
-1.0617924490037538,-1.0372390078178362,0.7559181024259319,2,1,1,0.96525696927703,0,0.0,1.0,0.0,0.0
1.47653580822312,-0.34709904365501554,-1.2251371051984103,2,1,1,-1.6221188189455036,0,0.0,0.0,1.0,0.0
0.3049996895030243,1.0331808846706256,1.7757338943545686,1,1,1,-1.1742928754567958,2,1.0,0.0,0.0,1.0
-0.08551235007034085,-1.7273789719806567,-1.2251371051984103,2,1,1,-1.08528125438681,1,0.0,0.0,1.0,1.0
0.20737167960968303,-0.34709904365501554,0.7619864181190389,1,0,0,-0.00393466291973605,4,1.0,0.0,0.0,1.0
0.6955117290763895,0.6881109025892154,-1.2251371051984103,2,1,0,0.29399157102451623,3,0.0,0.0,1.0,1.0
-0.7689084193237299,1.378250866752036,0.03931215357899564,1,1,1,-1.4230446929139597,4,0.0,0.0,1.0,1.0
-0.18314035996368214,-0.002029061573605259,1.0398563266879368,2,0,1,1.3912680672627704,4,0.0,1.0,0.0,1.0
0.10974366971634174,-0.002029061573605259,1.2431481827506485,1,0,1,0.3121970024541478,3,0.0,0.0,1.0,0.0
0.6955117290763895,-1.7273789719806567,0.4705512485062512,1,1,0,-1.6463976581741522,3,1.0,0.0,0.0,1.0
0.003935819113316791,0.34304092050780505,0.9525908650982113,1,0,1,1.6189181860697,0,0.0,0.0,1.0,0.0
0.4026276993963656,0.6881109025892154,0.9795856929711937,2,1,1,0.32578037912326696,2,1.0,0.0,0.0,1.0
0.5002557092897069,1.7233208488334462,-1.2251371051984103,2,0,0,1.1121528652965906,1,1.0,0.0,0.0,1.0
2.940955956623239,1.7233208488334462,1.2543856799470676,1,1,1,-0.5138913941692397,3,1.0,0.0,0.0,1.0
0.10974366971634174,0.34304092050780505,-1.2251371051984103,2,1,1,-0.5962113032021025,1,1.0,0.0,0.0,1.0
-0.2807683698570234,-1.0372390078178362,0.8662967052582731,2,0,0,-0.396541843987738,1,0.0,1.0,0.0,0.0
-0.476024389643706,-0.34709904365501554,0.9105709432549303,2,1,1,-0.9989431509104142,3,0.0,1.0,0.0,1.0
1.47653580822312,0.34304092050780505,0.5151251978995066,1,1,0,-1.0348322923776587,0,0.0,1.0,0.0,0.0
0.012115659823000443,0.6881109025892154,-1.2251371051984103,2,0,0,0.009572317588243643,4,0.0,0.0,1.0,0.0
0.012115659823000443,-1.3823089898992464,1.0437269721616744,1,1,0,-0.13788845756356954,2,0.0,0.0,1.0,0.0
-1.2570484687904364,0.6881109025892154,1.2135265197006486,2,1,0,-0.3648487486193443,4,0.0,1.0,0.0,1.0
-1.0617924490037538,0.34304092050780505,0.7738459004721996,2,1,1,-0.8715147021760283,3,0.0,1.0,0.0,0.0
2.3551878972631917,1.0331808846706256,0.8545794778071816,1,1,1,-1.5409575560193989,2,0.0,0.0,1.0,0.0
-1.5499324984704603,1.0331808846706256,-1.2251371051984103,2,1,0,0.2043980165539596,1,0.0,0.0,1.0,1.0
0.3049996895030243,0.34304092050780505,1.620313453114742,1,1,0,0.8799442101774767,0,1.0,0.0,0.0,1.0
-1.9404445380438253,-1.3823089898992464,0.9936086019564985,1,1,1,-1.465583084770678,1,0.0,1.0,0.0,0.0
-0.6712804094303886,-1.3823089898992464,-1.2251371051984103,2,1,1,-0.9428368704445799,4,1.0,0.0,0.0,1.0
0.003935819113316791,-1.0372390078178362,-1.2251371051984103,2,0,0,0.7233687987253397,0,1.0,0.0,0.0,0.0
0.3049996895030243,-0.002029061573605259,1.59274416506355,1,1,1,-1.6005744054115816,2,1.0,0.0,0.0,0.0
-0.476024389643706,1.7233208488334462,0.8457649544320589,1,1,0,0.9283750257612642,1,0.0,1.0,0.0,0.0
-1.0617924490037538,0.34304092050780505,-1.2251371051984103,1,1,0,-0.9040946194969662,3,0.0,0.0,1.0,0.0
0.3049996895030243,-1.7273789719806567,-0.10332566860346612,1,1,1,0.3558982169731305,1,0.0,0.0,1.0,1.0
0.003935819113316791,-0.6921690257364259,-1.2251371051984103,2,1,0,1.0312479384646964,2,1.0,0.0,0.0,0.0
0.5002557092897069,1.378250866752036,-1.2251371051984103,1,0,1,-0.0670255363775856,4,1.0,0.0,0.0,1.0
0.5002557092897069,-0.6921690257364259,0.7695612916332725,2,0,1,-0.35826545300224377,4,0.0,1.0,0.0,1.0
0.9883957587564134,0.6881109025892154,0.6334679950298097,3,1,1,-0.2787993495423343,2,0.0,1.0,0.0,1.0
0.6955117290763895,-0.6921690257364259,0.47938529392642754,1,0,1,-0.2400155070628021,1,0.0,0.0,1.0,0.0
1.0860237686497547,-0.002029061573605259,1.057416246196682,2,1,1,0.7279208961811183,2,0.0,0.0,1.0,0.0
-0.18314035996368214,1.0331808846706256,0.3840865107972399,1,1,1,0.49457952440401565,4,0.0,0.0,1.0,0.0
0.10974366971634174,-1.7273789719806567,0.24787224152115125,1,1,1,0.7535602483660048,3,0.0,0.0,1.0,0.0
-0.08551235007034085,-1.0372390078178362,1.1500005049628743,1,1,1,-0.7713368859363028,2,0.0,1.0,0.0,1.0
2.6480719269432154,0.6881109025892154,0.8877978376331213,2,1,1,1.0090968802434575,0,0.0,0.0,1.0,1.0
-0.2807683698570234,-1.7273789719806567,-1.2251371051984103,1,0,0,0.8459950787429955,4,0.0,0.0,1.0,0.0
1.0860237686497547,-0.34709904365501554,1.0639756533346147,1,0,1,0.16061083460080164,2,1.0,0.0,0.0,0.0
-1.159420458897095,-0.34709904365501554,-1.2251371051984103,2,1,0,0.3874200735657583,0,1.0,0.0,0.0,0.0
1.7694198379031438,-1.0372390078178362,1.548051483232347,1,0,1,0.5496543696828936,3,0.0,0.0,1.0,0.0
1.7694198379031438,0.34304092050780505,0.48605191229539124,2,0,1,1.500652752070255,1,0.0,1.0,0.0,1.0
-0.7689084193237299,-1.0372390078178362,-0.12218044375624305,1,1,1,-1.304034265826045,4,0.0,1.0,0.0,0.0
3.6243520258766284,-0.002029061573605259,1.3508076207338748,1,0,1,-1.5058388150199549,1,1.0,0.0,0.0,0.0
0.5978837191830482,-0.002029061573605259,0.8018721963977558,1,1,0,0.4131166793657132,4,0.0,1.0,0.0,0.0
-0.18314035996368214,-0.34709904365501554,-1.2251371051984103,1,1,0,0.37213370638886895,0,0.0,0.0,1.0,1.0
0.10974366971634174,-1.3823089898992464,-1.2251371051984103,1,1,1,-1.452785944675655,3,1.0,0.0,0.0,1.0
2.4528159071565327,-1.0372390078178362,0.8479712655566152,1,1,1,-1.5101335322426463,1,1.0,0.0,0.0,0.0
0.003935819113316791,-0.002029061573605259,0.7423153974595628,2,0,0,0.9394020024141209,0,1.0,0.0,0.0,1.0
0.6955117290763895,0.34304092050780505,-1.2251371051984103,2,1,0,1.6522838178952957,4,1.0,0.0,0.0,1.0
0.003935819113316791,-0.34709904365501554,1.0182527835849395,1,1,1,0.7405781216666737,2,0.0,0.0,1.0,1.0
0.012115659823000443,-0.34709904365501554,-1.2251371051984103,2,1,0,1.6853583089974604,0,1.0,0.0,0.0,1.0
0.10974366971634174,1.378250866752036,0.519097774051105,1,1,1,-0.3619502190978422,4,0.0,1.0,0.0,0.0
0.5002557092897069,-0.6921690257364259,-1.2251371051984103,2,0,1,0.6284356920628852,1,1.0,0.0,0.0,1.0
0.5002557092897069,-1.0372390078178362,-1.2251371051984103,3,1,0,0.037429246723929076,2,1.0,0.0,0.0,1.0
0.5978837191830482,-0.002029061573605259,0.8112168553078115,1,1,1,1.607359568705497,4,0.0,1.0,0.0,0.0
0.20737167960968303,-0.002029061573605259,-1.2251371051984103,2,1,1,-0.10804557628454978,0,1.0,0.0,0.0,0.0
-0.2807683698570234,1.378250866752036,-1.2251371051984103,2,0,1,-1.1286775803538192,1,0.0,0.0,1.0,0.0
-0.8665364292170712,0.34304092050780505,0.8229534447871937,1,1,1,-0.8687640923287143,3,1.0,0.0,0.0,0.0
-0.9641644391104125,0.34304092050780505,1.1439353896050222,1,1,0,0.31749496311412684,0,0.0,1.0,0.0,0.0
-1.0617924490037538,1.0331808846706256,1.3606179284234827,1,1,0,1.3479008031611608,1,0.0,0.0,1.0,0.0
1.3789077983297786,-0.002029061573605259,0.9839530304764537,1,0,1,0.23895883934699524,2,1.0,0.0,0.0,1.0
-0.476024389643706,-0.6921690257364259,-1.2251371051984103,1,1,0,0.5850310129848629,1,0.0,0.0,1.0,0.0
0.5978837191830482,1.0331808846706256,-1.2251371051984103,2,1,1,-1.1169929702318369,0,1.0,0.0,0.0,0.0
-0.9641644391104125,-0.002029061573605259,0.5298710626188373,1,1,1,-1.3022336483333106,3,0.0,1.0,0.0,1.0
-0.8665364292170712,1.378250866752036,-1.2251371051984103,2,1,0,0.6342870463274737,4,1.0,0.0,0.0,0.0
-1.5499324984704603,-0.34709904365501554,0.277601115802182,2,1,0,-0.5451114946265239,2,0.0,1.0,0.0,1.0
0.003935819113316791,-0.34709904365501554,-0.33262136872755727,2,1,0,-1.2783583687804767,1,1.0,0.0,0.0,0.0
0.8907677488630721,-1.0372390078178362,0.3926307658601073,2,0,1,1.6200947565605068,3,0.0,1.0,0.0,1.0
-0.9641644391104125,1.378250866752036,-1.2251371051984103,1,1,1,1.1590795988286045,1,1.0,0.0,0.0,1.0
0.4026276993963656,-0.6921690257364259,-1.2251371051984103,1,1,0,-0.4929743340770212,4,0.0,0.0,1.0,1.0
1.0860237686497547,-0.6921690257364259,0.8450143157980804,4,1,1,-0.9154346637896635,2,0.0,1.0,0.0,1.0
-0.18314035996368214,0.6881109025892154,0.7441512697783936,1,1,1,-0.038582497285823254,3,0.0,1.0,0.0,0.0
0.012115659823000443,1.378250866752036,-1.2251371051984103,2,0,1,0.008402359976988984,1,0.0,0.0,1.0,1.0
-0.3783963797503647,-0.34709904365501554,-1.2251371051984103,2,1,1,-1.5787574716308612,4,0.0,0.0,1.0,1.0
0.4026276993963656,-0.34709904365501554,-1.2251371051984103,1,1,0,1.217597666076289,1,1.0,0.0,0.0,0.0
1.0860237686497547,1.378250866752036,0.004063661084268069,4,1,0,1.6704760235658238,2,1.0,0.0,0.0,1.0
2.159931877476509,1.378250866752036,-1.2251371051984103,2,1,0,0.8674761478517359,1,0.0,0.0,1.0,1.0
0.10974366971634174,-1.7273789719806567,0.3468842136295477,1,1,0,0.18285673543666747,3,1.0,0.0,0.0,1.0
-0.6712804094303886,-1.3823089898992464,-1.2251371051984103,2,1,1,-1.5943245381424158,1,1.0,0.0,0.0,1.0
-0.476024389643706,-0.6921690257364259,-1.2251371051984103,1,0,0,1.5271603057310528,1,1.0,0.0,0.0,1.0
-0.08551235007034085,1.378250866752036,1.1577115527421937,1,1,0,-0.3474088450094225,4,1.0,0.0,0.0,1.0
-0.9641644391104125,-0.34709904365501554,0.6158035845750002,4,1,0,0.33007579243854296,0,0.0,1.0,0.0,0.0
0.4026276993963656,-0.6921690257364259,0.06722275738509625,1,1,0,1.7228126146407607,3,1.0,0.0,0.0,0.0
-1.8428165281504842,-0.34709904365501554,0.915902861805942,1,0,1,0.8677886934221378,4,1.0,0.0,0.0,0.0
0.7931397389697308,0.34304092050780505,-1.2251371051984103,1,1,1,0.446074226913696,1,1.0,0.0,0.0,0.0
-0.5736523995370473,1.378250866752036,0.40730990358937846,2,0,0,0.49111002494014755,1,1.0,0.0,0.0,0.0
0.4026276993963656,-1.0372390078178362,0.5933172289920077,4,1,0,0.25645477840996245,1,0.0,1.0,0.0,0.0
-0.2807683698570234,-1.3823089898992464,1.2656111758862818,1,1,1,1.601151815037688,1,1.0,0.0,0.0,1.0
0.003935819113316791,0.6881109025892154,1.1438419398155864,1,1,0,1.3069206145546546,3,1.0,0.0,0.0,1.0
-0.2807683698570234,0.34304092050780505,0.5991740025247819,2,1,0,0.30874055472623746,3,1.0,0.0,0.0,1.0
0.20737167960968303,-0.6921690257364259,1.0440039611779643,1,1,0,0.044230419319951156,4,1.0,0.0,0.0,0.0
0.012115659823000443,-0.6921690257364259,-1.2251371051984103,1,1,1,0.09776133124659774,2,0.0,0.0,1.0,1.0
-0.7689084193237299,-1.0372390078178362,0.22377435712067908,2,1,1,-1.41967038411101,1,0.0,1.0,0.0,1.0
0.003935819113316791,1.378250866752036,-1.2251371051984103,2,1,0,-0.201029101641205,2,1.0,0.0,0.0,1.0
0.003935819113316791,-1.7273789719806567,0.552630726832577,1,1,1,1.2519517493717534,0,1.0,0.0,0.0,0.0
2.5504439170498743,1.378250866752036,0.48391008792621587,3,1,0,0.1307115698224442,1,1.0,0.0,0.0,0.0
-0.3783963797503647,-0.6921690257364259,0.7425070975413166,1,1,1,0.6587153714386255,3,0.0,0.0,1.0,1.0
-1.745188518257143,1.0331808846706256,-1.2251371051984103,2,1,1,0.9464737810023341,3,0.0,0.0,1.0,0.0
2.0623038675831675,1.7233208488334462,1.477878052137137,1,1,0,-1.1996198560944265,4,0.0,0.0,1.0,0.0
-1.2570484687904364,-0.34709904365501554,2.2047735588780655,2,1,0,0.494848738211038,2,0.0,1.0,0.0,1.0
-0.2807683698570234,-1.0372390078178362,1.6819059853084186,2,1,1,-0.7456611629138805,1,0.0,1.0,0.0,1.0
0.10974366971634174,0.6881109025892154,-0.026660837494484647,1,1,0,1.7109028185677206,3,0.0,0.0,1.0,1.0
0.4026276993963656,0.34304092050780505,0.2728814213853853,2,0,0,-0.03534183825908137,0,1.0,0.0,0.0,1.0
-1.0617924490037538,-1.7273789719806567,0.19842498161887573,2,1,1,1.5568180263826183,0,1.0,0.0,0.0,1.0
0.003935819113316791,-1.0372390078178362,0.5176669041587505,2,1,1,0.6974931231080442,0,0.0,1.0,0.0,0.0
0.3049996895030243,1.7233208488334462,0.5935719756782779,2,0,1,0.6885599929491061,4,0.0,1.0,0.0,0.0
0.20737167960968303,1.7233208488334462,-1.2251371051984103,2,1,1,-0.6679935886689522,2,0.0,0.0,1.0,0.0
-0.5736523995370473,0.34304092050780505,-1.2251371051984103,2,1,0,-1.1543637447650077,2,1.0,0.0,0.0,0.0
-0.476024389643706,-0.34709904365501554,-1.2251371051984103,1,0,1,-0.6127864857990354,4,1.0,0.0,0.0,0.0
1.3789077983297786,1.378250866752036,-1.2251371051984103,1,1,0,0.44049678508107454,0,0.0,0.0,1.0,0.0
0.5002557092897069,-1.3823089898992464,-1.2251371051984103,2,0,0,-1.5003967631950021,0,0.0,0.0,1.0,0.0
-0.18314035996368214,-1.3823089898992464,0.9621265840229701,1,1,0,1.696919188662563,4,0.0,0.0,1.0,0.0
-1.0617924490037538,-1.3823089898992464,-0.08479332722759496,2,0,1,-0.550260491473438,4,1.0,0.0,0.0,0.0
-1.452304488577119,1.378250866752036,0.0432181627572972,1,0,1,1.6740147842418411,3,0.0,0.0,1.0,0.0
-0.08551235007034085,-0.002029061573605259,-0.18350142750356244,2,1,1,0.692923449314509,4,0.0,1.0,0.0,1.0
0.3049996895030243,1.378250866752036,0.9143041343294811,2,1,0,0.01201072991144793,0,1.0,0.0,0.0,1.0
0.012115659823000443,1.0331808846706256,-1.2251371051984103,2,1,1,-1.4229178300404501,4,1.0,0.0,0.0,1.0
-0.8665364292170712,-0.34709904365501554,-0.05589173960989174,2,0,0,1.0666160546325067,4,1.0,0.0,0.0,1.0
2.6480719269432154,-0.6921690257364259,-1.2251371051984103,1,1,1,0.2583806925678913,0,0.0,0.0,1.0,0.0
0.003935819113316791,-0.34709904365501554,0.308677811275709,2,1,0,1.6106510424909009,3,0.0,1.0,0.0,1.0
0.9883957587564134,1.378250866752036,1.1008663978652664,1,1,0,-1.0822965834079865,1,1.0,0.0,0.0,0.0
0.5978837191830482,1.378250866752036,1.2129936638807488,3,1,0,0.878045617653486,2,0.0,1.0,0.0,0.0
-0.08551235007034085,1.7233208488334462,0.5914666351310055,1,1,0,-0.945555634056157,2,0.0,1.0,0.0,0.0
-1.0617924490037538,1.0331808846706256,0.6958284476678398,1,1,1,0.6402983278633319,2,0.0,0.0,1.0,1.0
-0.2807683698570234,0.6881109025892154,0.7942073934628663,1,1,1,0.5706732333155828,3,1.0,0.0,0.0,1.0
-1.159420458897095,1.378250866752036,0.3966772697560883,1,0,0,-1.2203761187996451,1,0.0,0.0,1.0,1.0
-0.5736523995370473,-0.34709904365501554,-1.2251371051984103,1,1,0,-1.2929743987985745,4,1.0,0.0,0.0,0.0
-0.6712804094303886,-1.3823089898992464,0.8900881575581124,2,1,1,1.3565422705272285,2,0.0,0.0,1.0,1.0
-0.9641644391104125,-1.0372390078178362,1.1454126643585691,1,1,1,-0.84154356583833,3,1.0,0.0,0.0,0.0
-0.18314035996368214,0.6881109025892154,0.6293838871945867,1,1,0,-0.90306318431001,1,1.0,0.0,0.0,0.0
2.159931877476509,-1.0372390078178362,-1.2251371051984103,2,1,1,-0.9814404249447489,4,0.0,0.0,1.0,1.0
-1.5499324984704603,-1.0372390078178362,1.0077819266987722,1,0,1,-1.2589051913932818,4,0.0,1.0,0.0,1.0
-0.6712804094303886,-1.3823089898992464,-1.2251371051984103,1,1,1,0.02795908113611539,1,1.0,0.0,0.0,1.0
0.003935819113316791,-1.0372390078178362,-1.2251371051984103,2,1,1,-0.06550753247412368,0,1.0,0.0,0.0,1.0
1.0860237686497547,-1.0372390078178362,-1.2251371051984103,2,1,0,-0.8395189805565603,2,0.0,0.0,1.0,1.0
-0.2807683698570234,-0.34709904365501554,-1.2251371051984103,2,1,1,-1.691613222110529,2,0.0,0.0,1.0,0.0
-0.8665364292170712,1.7233208488334462,0.8511762412973857,1,0,0,1.2594075970434173,0,1.0,0.0,0.0,1.0
1.47653580822312,-0.6921690257364259,1.0914086071039588,1,1,0,-0.12256850391948232,4,0.0,1.0,0.0,1.0
0.3049996895030243,1.378250866752036,-1.2251371051984103,2,1,0,0.32625041564089274,1,0.0,0.0,1.0,1.0
0.10974366971634174,-1.3823089898992464,1.0182612644733644,2,1,0,0.8760474838899244,0,1.0,0.0,0.0,0.0
-1.6475605083638016,1.0331808846706256,-1.2251371051984103,2,0,0,0.4734767816149046,0,1.0,0.0,0.0,1.0
0.003935819113316791,-1.3823089898992464,-1.2251371051984103,2,1,1,0.8005024699580217,1,1.0,0.0,0.0,1.0
-0.476024389643706,1.378250866752036,-1.2251371051984103,1,1,0,1.43815390535545,4,1.0,0.0,0.0,1.0
-0.9641644391104125,-1.0372390078178362,-1.2251371051984103,2,1,0,-0.7829290897677043,0,0.0,0.0,1.0,1.0
-1.452304488577119,-0.002029061573605259,0.419406370768146,2,1,0,-0.758506159374082,2,0.0,1.0,0.0,1.0
-0.18314035996368214,-1.0372390078178362,-1.2251371051984103,2,0,1,-0.0785719721215617,1,1.0,0.0,0.0,1.0
-0.8665364292170712,-0.002029061573605259,-1.2251371051984103,1,1,0,1.6271350369592754,4,1.0,0.0,0.0,0.0
-0.6712804094303886,1.0331808846706256,-1.2251371051984103,2,0,0,1.4739081788844643,3,1.0,0.0,0.0,0.0
-0.9641644391104125,1.0331808846706256,0.32840803813739583,2,1,1,1.6862251182882027,4,0.0,1.0,0.0,1.0
-0.2807683698570234,-0.6921690257364259,1.4795595082799307,1,1,0,1.2852571691887973,4,0.0,1.0,0.0,0.0
-0.08551235007034085,1.0331808846706256,-0.11407031417066911,2,1,1,-0.5881877920278483,3,0.0,0.0,1.0,1.0
-1.159420458897095,-0.002029061573605259,0.5000463382969297,1,0,1,1.0810718093330434,1,0.0,0.0,1.0,0.0
1.9646758576898262,1.378250866752036,0.5935786963823126,1,1,1,0.2866032443335401,2,1.0,0.0,0.0,1.0
3.526724015983287,0.6881109025892154,0.7954577644468585,1,0,1,-0.15150333242213343,2,0.0,0.0,1.0,1.0
-1.0617924490037538,1.0331808846706256,-1.2251371051984103,1,1,1,-1.1072292275965463,4,1.0,0.0,0.0,0.0
1.183651778543096,-0.34709904365501554,0.4559370775826497,1,0,0,-0.5179974703015549,0,1.0,0.0,0.0,0.0
-0.476024389643706,-0.6921690257364259,0.8927277940761486,1,1,0,-0.34907703088797193,3,1.0,0.0,0.0,0.0
2.0623038675831675,-0.002029061573605259,0.002285394800021095,2,0,1,-1.5051227097737385,0,1.0,0.0,0.0,1.0
0.003935819113316791,-0.34709904365501554,1.22629137689735,1,1,1,-0.14425074378511848,1,1.0,0.0,0.0,1.0
-0.9641644391104125,1.378250866752036,-1.2251371051984103,1,1,1,-1.29683527631803,0,1.0,0.0,0.0,1.0
-0.2807683698570234,1.7233208488334462,0.4277490047099706,1,1,0,1.0470727332556304,1,0.0,1.0,0.0,0.0
1.47653580822312,0.34304092050780505,0.2759210998102528,2,0,1,0.6906846415398853,4,1.0,0.0,0.0,1.0
0.20737167960968303,1.7233208488334462,0.12895882461494393,1,1,1,1.70007788278749,4,0.0,1.0,0.0,1.0
-0.476024389643706,0.6881109025892154,0.27774785117360773,1,0,0,1.3840835216758822,2,1.0,0.0,0.0,0.0
0.003935819113316791,1.7233208488334462,0.4361804479551118,2,0,1,-0.3915679144258041,0,1.0,0.0,0.0,0.0
3.526724015983287,-0.002029061573605259,0.1692625666779184,1,1,1,-1.0620265413729812,0,1.0,0.0,0.0,1.0
-1.0617924490037538,-0.34709904365501554,-1.2251371051984103,2,1,1,-1.5308906650635958,4,1.0,0.0,0.0,1.0
1.47653580822312,1.0331808846706256,1.5302313764673985,1,1,1,0.6355756877243713,3,0.0,1.0,0.0,1.0
1.0860237686497547,-1.3823089898992464,-1.2251371051984103,1,0,1,0.908195823808525,1,0.0,0.0,1.0,0.0
0.012115659823000443,1.378250866752036,-1.2251371051984103,2,1,0,-0.5482726250754962,2,0.0,0.0,1.0,1.0
-0.18314035996368214,-0.002029061573605259,-1.2251371051984103,1,0,1,-0.502705012314552,2,1.0,0.0,0.0,0.0
3.3314679961966043,-1.3823089898992464,-1.2251371051984103,1,1,1,-1.2283844899601883,4,1.0,0.0,0.0,0.0
-0.3783963797503647,1.378250866752036,0.25608254160019595,2,1,0,1.06398169224679,4,1.0,0.0,0.0,1.0
2.745699936836557,0.34304092050780505,1.1489256723676,1,1,1,1.5073126178716414,2,0.0,1.0,0.0,1.0
0.5978837191830482,-1.7273789719806567,1.0123062406482723,1,0,0,1.2286980804968015,4,0.0,0.0,1.0,1.0
2.0623038675831675,-0.002029061573605259,0.9926558621511892,2,1,1,-1.024003354065068,3,0.0,1.0,0.0,0.0
0.003935819113316791,1.378250866752036,-1.2251371051984103,3,1,1,-0.6860876452850775,1,1.0,0.0,0.0,0.0
-0.8665364292170712,-0.6921690257364259,-1.2251371051984103,2,1,0,1.2169073162556958,0,1.0,0.0,0.0,1.0
0.003935819113316791,1.7233208488334462,1.1585119565893818,1,1,0,-0.5915064134240449,2,0.0,1.0,0.0,0.0
-0.476024389643706,1.378250866752036,0.8941247404148036,1,1,0,1.3463855836280363,1,0.0,0.0,1.0,1.0
1.9646758576898262,-0.002029061573605259,-1.2251371051984103,2,1,1,1.474734092735872,2,1.0,0.0,0.0,0.0
0.20737167960968303,0.6881109025892154,-1.2251371051984103,2,0,1,1.3295518026359938,0,1.0,0.0,0.0,0.0
-0.3783963797503647,-0.34709904365501554,-1.2251371051984103,2,0,1,-0.24355774820174136,1,1.0,0.0,0.0,1.0
-1.3546764786837777,-1.0372390078178362,-1.2251371051984103,2,0,0,-0.08986207177132721,0,0.0,0.0,1.0,1.0
-0.5736523995370473,1.378250866752036,-1.2251371051984103,2,1,1,-1.7273749786348256,4,1.0,0.0,0.0,1.0
-0.18314035996368214,-1.0372390078178362,0.589182075809473,1,1,1,0.6046335022314144,3,0.0,1.0,0.0,0.0
2.3551878972631917,-0.6921690257364259,0.7097299039302306,3,0,0,0.7717564565688934,3,0.0,1.0,0.0,1.0
-0.9641644391104125,-1.3823089898992464,0.015901541174459754,2,1,1,0.3936182559605314,3,1.0,0.0,0.0,0.0
0.5978837191830482,-1.7273789719806567,-1.2251371051984103,2,1,0,1.1564043410035532,2,1.0,0.0,0.0,0.0
0.003935819113316791,-1.3823089898992464,-1.2251371051984103,2,0,0,-1.5979466559054167,1,1.0,0.0,0.0,1.0
0.20737167960968303,-0.6921690257364259,-0.20305307565803993,1,1,0,-0.289328968043627,1,0.0,0.0,1.0,1.0
0.3049996895030243,-0.34709904365501554,1.0462635578845112,1,1,1,-1.5624013841748727,4,0.0,0.0,1.0,1.0
0.003935819113316791,-0.6921690257364259,0.2303403249458841,1,0,1,1.0776393767992953,0,1.0,0.0,0.0,1.0
0.5978837191830482,-1.0372390078178362,1.3019988277149026,1,1,1,0.7788398947078953,2,0.0,0.0,1.0,0.0
-0.5736523995370473,-0.6921690257364259,0.38265468080430903,2,1,1,0.6292607357985626,4,0.0,0.0,1.0,1.0
-1.5499324984704603,1.7233208488334462,0.3930589707171798,2,0,0,-1.1022057014379727,1,0.0,0.0,1.0,0.0
1.2812797884364373,0.34304092050780505,0.5628806005694107,2,0,1,-0.5570889857033987,2,0.0,1.0,0.0,0.0
-0.5736523995370473,-1.3823089898992464,1.0911569007361803,1,1,1,0.558635530230156,4,0.0,1.0,0.0,0.0
0.6955117290763895,-1.7273789719806567,-0.03368029282527367,1,0,1,-1.6273464742544568,3,0.0,1.0,0.0,0.0
0.003935819113316791,0.34304092050780505,0.3994908444952149,1,1,0,-0.5194683139324229,1,0.0,1.0,0.0,1.0
-0.7689084193237299,-0.002029061573605259,-1.2251371051984103,2,1,1,-1.6563611793811694,2,0.0,0.0,1.0,0.0
0.4026276993963656,-0.002029061573605259,1.2526622994124377,2,1,1,0.8966380765600523,3,0.0,1.0,0.0,0.0
0.6955117290763895,1.0331808846706256,0.9285891507721419,1,1,1,-0.9396059567140198,4,0.0,0.0,1.0,0.0
-0.18314035996368214,-1.0372390078178362,0.8112578195990713,1,1,0,-0.7690862445877444,1,1.0,0.0,0.0,1.0
-0.6712804094303886,-1.0372390078178362,-0.007601880952460822,1,0,1,0.8952295332154895,3,0.0,0.0,1.0,1.0
2.25755988736985,1.378250866752036,0.7539713384905279,3,1,0,1.2739729863259994,4,1.0,0.0,0.0,0.0
0.3049996895030243,1.378250866752036,1.6023968562418658,2,1,1,0.07700889705059341,3,0.0,1.0,0.0,1.0
0.10974366971634174,-0.34709904365501554,-1.2251371051984103,2,0,1,-1.284921651735775,3,1.0,0.0,0.0,1.0
0.5002557092897069,-1.0372390078178362,0.7063079454591948,2,1,1,-0.03835104650150537,0,0.0,1.0,0.0,0.0
1.8670478477964851,1.0331808846706256,0.2658011596847578,1,1,1,0.6853330817509066,3,1.0,0.0,0.0,0.0
-0.6712804094303886,0.6881109025892154,-0.6082715247638291,1,0,1,1.3721846890610463,3,1.0,0.0,0.0,0.0
0.003935819113316791,-1.0372390078178362,0.45766125820109294,2,1,1,1.110109833561334,3,0.0,1.0,0.0,1.0
-0.5736523995370473,-0.6921690257364259,0.5245161016539921,1,1,0,-0.4306507286703425,0,0.0,1.0,0.0,1.0
-1.9404445380438253,0.34304092050780505,-1.2251371051984103,2,0,0,-0.4885431827077843,1,0.0,0.0,1.0,1.0
0.10974366971634174,-1.7273789719806567,0.7064529206462304,1,0,0,-1.2709667356497247,3,0.0,1.0,0.0,1.0
-0.18314035996368214,0.6881109025892154,1.0731169309392374,2,0,1,1.3244470076681893,2,0.0,1.0,0.0,1.0
-0.476024389643706,-0.002029061573605259,1.0338680193761962,1,0,1,-0.025815811241368558,3,1.0,0.0,0.0,1.0
0.5002557092897069,1.378250866752036,-0.43854126448311836,2,1,0,-0.8193942478485517,1,0.0,1.0,0.0,1.0
0.20737167960968303,1.378250866752036,0.8154566594531735,1,0,1,1.5842700036573207,3,0.0,0.0,1.0,1.0
-0.6712804094303886,1.378250866752036,0.8194306757556366,2,1,1,0.909513701093968,3,0.0,1.0,0.0,0.0
-0.08551235007034085,1.378250866752036,0.6012169365345884,1,1,0,0.9204162511973607,4,1.0,0.0,0.0,1.0
-0.3783963797503647,-1.0372390078178362,-1.2251371051984103,2,1,1,-0.35979998910458577,4,1.0,0.0,0.0,1.0
0.4026276993963656,-0.34709904365501554,1.3145382212929135,2,0,0,-0.031209136585412346,4,1.0,0.0,0.0,1.0
0.003935819113316791,-0.6921690257364259,0.7319423108154248,2,0,0,-1.15518008734338,0,0.0,1.0,0.0,0.0
0.10974366971634174,-1.3823089898992464,0.9285318647710834,1,1,1,-0.9419155919091072,4,0.0,1.0,0.0,0.0
2.3551878972631917,0.6881109025892154,0.4465512943645715,1,1,1,-1.308900649083687,2,0.0,1.0,0.0,1.0
-0.08551235007034085,-0.002029061573605259,0.39791771970079115,2,0,1,-1.6702604080604666,2,1.0,0.0,0.0,0.0
0.10974366971634174,1.378250866752036,0.8801975214536131,1,1,1,0.06249258229521264,3,1.0,0.0,0.0,0.0
-1.159420458897095,-0.34709904365501554,1.8652002264989174,1,1,1,0.9099029908718018,2,1.0,0.0,0.0,1.0
-1.159420458897095,1.7233208488334462,-1.2251371051984103,2,1,0,-0.84851232272405,2,1.0,0.0,0.0,1.0
1.7694198379031438,-1.3823089898992464,-1.2251371051984103,2,1,1,-1.3100177036585263,4,0.0,0.0,1.0,0.0
0.20737167960968303,-0.6921690257364259,1.1941772927510277,1,1,0,1.3037180665969095,0,0.0,1.0,0.0,1.0
-0.476024389643706,1.378250866752036,0.24437939562422503,1,0,0,0.6595588616277898,4,1.0,0.0,0.0,1.0
1.0860237686497547,0.34304092050780505,1.1005266822779856,1,0,0,-0.14693522483691304,3,0.0,1.0,0.0,1.0
3.7219800357699695,-1.3823089898992464,-1.2251371051984103,1,0,1,-1.4212604335969592,1,1.0,0.0,0.0,1.0
-0.5736523995370473,-1.0372390078178362,0.5099545762453295,2,0,1,0.15508699189718012,1,0.0,0.0,1.0,0.0
-0.5736523995370473,-0.6921690257364259,1.6018249563318596,1,1,0,-0.09934563714139069,0,0.0,0.0,1.0,1.0
1.3789077983297786,-1.0372390078178362,0.5520252234023968,2,0,0,-1.2849409683049926,3,0.0,0.0,1.0,1.0
-0.6712804094303886,-0.6921690257364259,0.6362503665002034,1,1,0,-0.40155910531305183,0,1.0,0.0,0.0,1.0
1.0860237686497547,-0.34709904365501554,0.7138749781520547,1,1,0,0.29802403536602967,0,0.0,1.0,0.0,1.0
0.4026276993963656,-1.3823089898992464,0.3397021812678226,1,0,0,0.3453679023792535,2,0.0,0.0,1.0,1.0
0.5978837191830482,1.378250866752036,-1.2251371051984103,1,1,1,-0.14534134684174993,2,1.0,0.0,0.0,0.0
1.47653580822312,0.34304092050780505,0.6308790838255597,1,1,0,-0.7452636940481797,1,0.0,1.0,0.0,0.0
0.012115659823000443,-1.0372390078178362,0.37602518632429915,2,1,0,0.1535214796748317,3,0.0,1.0,0.0,0.0
-0.476024389643706,-0.6921690257364259,0.9301670760694474,2,1,1,-0.2889917111864781,2,1.0,0.0,0.0,1.0
-0.5736523995370473,-0.34709904365501554,0.8507866004801318,2,1,0,1.3529312902455781,3,1.0,0.0,0.0,0.0
0.9883957587564134,0.6881109025892154,0.5031617046505699,1,0,0,-0.92675017081876,4,1.0,0.0,0.0,0.0
-0.08551235007034085,-0.6921690257364259,-1.2251371051984103,2,1,1,-1.6680837265490027,1,0.0,0.0,1.0,0.0
-1.3546764786837777,0.34304092050780505,1.1203996440920299,1,0,1,-1.49218200058318,3,0.0,1.0,0.0,1.0
-1.0617924490037538,1.0331808846706256,0.753858686689564,2,1,1,-0.21569002963099784,2,0.0,1.0,0.0,1.0
-0.3783963797503647,1.0331808846706256,-1.2251371051984103,2,1,1,1.3295356184834057,0,1.0,0.0,0.0,0.0
-1.5499324984704603,1.378250866752036,0.2713748635642581,1,0,1,-0.32984207852599123,1,1.0,0.0,0.0,0.0
0.012115659823000443,1.378250866752036,0.6518860844370897,1,0,0,1.4208366880635315,0,1.0,0.0,0.0,0.0
0.8907677488630721,-1.0372390078178362,-1.2251371051984103,1,1,0,-0.9945480223324208,2,1.0,0.0,0.0,1.0
0.5002557092897069,-1.0372390078178362,-1.2251371051984103,2,0,0,-0.24302541139781042,2,1.0,0.0,0.0,1.0
-0.2807683698570234,-1.7273789719806567,0.9667761910976901,2,1,1,-0.02366505917867381,4,0.0,1.0,0.0,0.0
3.429096006089946,-0.002029061573605259,-1.2251371051984103,2,0,0,0.8883235986855129,3,0.0,0.0,1.0,1.0
-0.7689084193237299,0.34304092050780505,0.49959797132775297,1,1,1,0.7092835393028574,1,1.0,0.0,0.0,0.0
-0.9641644391104125,-1.0372390078178362,-1.2251371051984103,2,1,1,-1.4234691353673066,2,1.0,0.0,0.0,1.0
-0.08551235007034085,-1.7273789719806567,0.9498000127393929,1,1,0,-0.3472436970437703,0,1.0,0.0,0.0,0.0
-0.9641644391104125,-0.34709904365501554,-1.2251371051984103,2,0,0,-0.8470493101347568,4,1.0,0.0,0.0,1.0
-0.2807683698570234,1.7233208488334462,-1.2251371051984103,2,1,1,1.43548752271085,4,1.0,0.0,0.0,1.0
0.003935819113316791,1.0331808846706256,-1.2251371051984103,1,1,1,-1.0693905048235026,2,0.0,0.0,1.0,0.0
-0.08551235007034085,-0.34709904365501554,-1.2251371051984103,3,1,0,-0.4310499377675043,3,1.0,0.0,0.0,1.0
0.5978837191830482,-0.6921690257364259,0.5385538921982311,1,1,0,-0.9977239447488121,0,0.0,1.0,0.0,0.0
-0.08551235007034085,-1.0372390078178362,1.3135494777159895,2,1,1,1.3759270568180049,0,0.0,1.0,0.0,0.0
2.25755988736985,-0.34709904365501554,1.0238888940019057,1,1,0,-1.2075356469412424,3,1.0,0.0,0.0,0.0
0.20737167960968303,0.6881109025892154,-0.0388392332557712,1,1,1,-1.5417829478013683,4,1.0,0.0,0.0,1.0
-1.0617924490037538,1.378250866752036,-1.2251371051984103,2,0,1,-1.7094008239663656,3,1.0,0.0,0.0,1.0
-1.2570484687904364,-0.6921690257364259,1.0208053709840497,1,1,0,0.29174319197685705,4,1.0,0.0,0.0,0.0
-0.476024389643706,-0.002029061573605259,0.32212353979783753,1,1,1,1.2571256315285604,4,0.0,1.0,0.0,0.0
0.6955117290763895,-0.6921690257364259,-1.2251371051984103,2,1,1,-1.2356845869160897,1,0.0,0.0,1.0,0.0
-0.8665364292170712,-0.6921690257364259,0.5374998617821118,1,0,1,-0.4442823097509322,2,0.0,1.0,0.0,1.0
-0.7689084193237299,-0.34709904365501554,-1.2251371051984103,2,1,0,-1.2391055339221948,1,1.0,0.0,0.0,0.0
1.47653580822312,-0.34709904365501554,-1.2251371051984103,2,1,1,-0.11414247720829043,1,1.0,0.0,0.0,0.0
-0.7689084193237299,-0.6921690257364259,0.6879969072661831,1,0,0,-0.4777257299228366,4,1.0,0.0,0.0,1.0
-0.08551235007034085,0.6881109025892154,-1.2251371051984103,2,1,1,1.633229675582117,4,0.0,0.0,1.0,0.0
-0.3783963797503647,-1.0372390078178362,-1.2251371051984103,2,0,0,0.7634717366523375,4,1.0,0.0,0.0,0.0
-0.5736523995370473,-0.34709904365501554,1.0263085074711844,1,1,0,0.05531151717124604,3,1.0,0.0,0.0,1.0
-1.159420458897095,-0.002029061573605259,1.26918963075127,2,0,0,-0.5151878666077118,0,1.0,0.0,0.0,0.0
-1.452304488577119,0.6881109025892154,-1.2251371051984103,1,0,1,-1.1271162446869774,2,1.0,0.0,0.0,1.0
0.20737167960968303,-0.34709904365501554,1.108059791417146,2,1,1,-0.8363599383853411,1,1.0,0.0,0.0,0.0
-0.08551235007034085,1.378250866752036,-1.2251371051984103,2,1,1,-0.7226081427263861,1,1.0,0.0,0.0,0.0
0.20737167960968303,-1.7273789719806567,0.4731921651583894,1,0,1,0.09033297923201802,2,1.0,0.0,0.0,1.0
0.10974366971634174,-0.6921690257364259,-1.2251371051984103,2,1,0,-0.916258489363318,1,1.0,0.0,0.0,1.0
-0.8665364292170712,-0.002029061573605259,0.700744642669272,1,1,0,0.6510870668291726,1,0.0,0.0,1.0,1.0
0.8907677488630721,1.7233208488334462,0.446687948679945,3,0,1,1.0070576770174149,3,0.0,1.0,0.0,0.0
1.183651778543096,1.0331808846706256,-0.24336801889440562,1,1,0,1.7129293181040972,0,1.0,0.0,0.0,0.0
-0.2807683698570234,0.34304092050780505,0.11815753311373349,2,1,0,-0.3198545421248115,0,1.0,0.0,0.0,0.0
-0.08551235007034085,-1.7273789719806567,-1.2251371051984103,2,1,0,-0.9217202058037806,1,1.0,0.0,0.0,1.0
-1.2570484687904364,0.34304092050780505,0.936169624873071,2,0,0,0.5365539072442118,1,0.0,1.0,0.0,0.0
-0.18314035996368214,0.6881109025892154,1.039841765162528,1,1,1,0.4254966859795256,2,1.0,0.0,0.0,1.0
0.5002557092897069,0.6881109025892154,-1.2251371051984103,2,0,0,1.4898614027572223,0,0.0,0.0,1.0,1.0
-0.08551235007034085,-0.34709904365501554,0.490120658521392,1,1,1,-1.4741563350634737,3,1.0,0.0,0.0,1.0
-0.5736523995370473,1.0331808846706256,-1.2251371051984103,1,1,1,0.42221304323569614,1,1.0,0.0,0.0,0.0
1.9646758576898262,-0.6921690257364259,-1.2251371051984103,2,1,0,-1.2970959629908931,1,1.0,0.0,0.0,1.0
0.5978837191830482,-0.34709904365501554,-1.2251371051984103,2,1,0,1.066308903779634,0,1.0,0.0,0.0,0.0
-0.9641644391104125,-0.002029061573605259,-1.2251371051984103,2,0,1,-0.8295679890160623,0,1.0,0.0,0.0,0.0
0.8907677488630721,1.378250866752036,1.3932293446683777,1,0,1,-1.0191324462056273,1,0.0,1.0,0.0,1.0
-0.6712804094303886,0.34304092050780505,-1.2251371051984103,2,1,1,-1.4036611247852064,0,0.0,0.0,1.0,1.0
0.012115659823000443,-0.6921690257364259,0.7625419963192461,1,0,1,1.2366577251764352,4,0.0,1.0,0.0,0.0
-0.8665364292170712,-1.3823089898992464,0.20815848126237166,1,1,1,1.3440444502435043,3,1.0,0.0,0.0,0.0
0.4026276993963656,1.0331808846706256,1.2407260090131653,1,0,0,0.24850992569774702,3,1.0,0.0,0.0,0.0
-0.476024389643706,-1.3823089898992464,-1.2251371051984103,2,1,0,-0.22798859341243385,3,1.0,0.0,0.0,0.0
0.003935819113316791,-1.3823089898992464,1.0696199246064804,2,0,1,-0.2780379982781309,0,0.0,0.0,1.0,1.0
-0.2807683698570234,1.378250866752036,0.07470866157925082,2,1,0,1.6767399867098238,2,0.0,1.0,0.0,0.0
-0.6712804094303886,-0.34709904365501554,0.11537052115722059,1,0,1,-1.3305614841023525,2,1.0,0.0,0.0,0.0
1.8670478477964851,1.0331808846706256,-1.2251371051984103,1,0,1,0.2806017080938642,1,1.0,0.0,0.0,0.0
2.0623038675831675,0.6881109025892154,1.06729568112779,1,1,1,0.5078554021739697,0,1.0,0.0,0.0,0.0
-0.18314035996368214,-0.6921690257364259,-1.2251371051984103,2,1,1,0.811516742921213,3,0.0,0.0,1.0,0.0
0.10974366971634174,1.378250866752036,0.7337428194296917,2,0,1,1.574964463965721,1,1.0,0.0,0.0,1.0
2.25755988736985,-1.0372390078178362,-1.2251371051984103,2,1,1,-1.3041409420146066,3,1.0,0.0,0.0,1.0
-1.6475605083638016,-0.002029061573605259,-1.2251371051984103,2,1,1,-0.009590067121811867,0,1.0,0.0,0.0,1.0
0.012115659823000443,-1.0372390078178362,-1.2251371051984103,2,1,0,0.6327063940914146,3,0.0,0.0,1.0,0.0
1.8670478477964851,1.378250866752036,1.8199641277414746,2,1,1,1.5815959639942923,0,0.0,1.0,0.0,1.0
-0.3783963797503647,1.0331808846706256,0.7160129621189244,2,1,1,-1.246507956488005,1,0.0,1.0,0.0,1.0
-0.5736523995370473,-0.34709904365501554,0.5520687479618601,2,1,0,-0.2927570499987226,4,0.0,1.0,0.0,0.0
0.3049996895030243,0.6881109025892154,-1.2251371051984103,1,1,1,-0.7609868593217891,0,1.0,0.0,0.0,1.0
0.012115659823000443,1.378250866752036,-1.2251371051984103,2,0,1,0.7920727887607617,3,1.0,0.0,0.0,0.0
0.8907677488630721,1.0331808846706256,1.4715033043433974,1,1,1,0.8863108469776783,0,0.0,0.0,1.0,0.0
-0.9641644391104125,0.6881109025892154,-1.2251371051984103,2,1,1,-0.14853554168848218,3,1.0,0.0,0.0,1.0
-1.745188518257143,0.6881109025892154,-1.2251371051984103,2,0,1,0.9379906746992203,2,0.0,0.0,1.0,1.0
-0.3783963797503647,0.34304092050780505,0.6684524598660285,1,1,0,-1.2884186468567276,4,0.0,1.0,0.0,0.0
0.5978837191830482,0.6881109025892154,1.1649465506523833,1,0,1,1.2716661355012497,2,1.0,0.0,0.0,1.0
1.3789077983297786,-0.34709904365501554,-1.2251371051984103,1,1,0,-0.40331273655633826,4,1.0,0.0,0.0,0.0
-1.0617924490037538,1.7233208488334462,0.7594416715413028,1,1,0,1.1452245720284175,4,0.0,1.0,0.0,1.0
-0.9641644391104125,-1.3823089898992464,-1.2251371051984103,1,0,1,-1.314118211050166,2,1.0,0.0,0.0,1.0
-0.7689084193237299,0.34304092050780505,-1.2251371051984103,2,1,1,1.6582399340938387,4,0.0,0.0,1.0,1.0
2.159931877476509,-0.002029061573605259,-1.2251371051984103,2,1,1,-0.3320424271853256,1,1.0,0.0,0.0,1.0
-0.7689084193237299,-1.3823089898992464,-1.2251371051984103,1,1,0,-0.9009669014920456,2,1.0,0.0,0.0,1.0
0.5978837191830482,1.0331808846706256,0.9347809994060778,1,1,1,0.3990357705218838,1,0.0,1.0,0.0,0.0
-0.08551235007034085,-0.6921690257364259,0.8286090772492132,2,1,0,-0.6466818440813706,4,1.0,0.0,0.0,0.0
-1.2570484687904364,0.6881109025892154,-1.2251371051984103,2,1,0,0.9394662169550332,3,1.0,0.0,0.0,1.0
0.6955117290763895,0.34304092050780505,1.0323533007001697,1,0,0,-1.1450502000086873,1,0.0,1.0,0.0,1.0
-0.8665364292170712,1.7233208488334462,-1.2251371051984103,2,1,1,0.41229877057902614,1,1.0,0.0,0.0,0.0
0.5002557092897069,-1.0372390078178362,1.7500894479422862,2,1,0,-0.6084914205300516,3,0.0,1.0,0.0,0.0
-0.7689084193237299,1.378250866752036,0.5131646725225073,1,1,1,1.3766349829763542,2,0.0,0.0,1.0,1.0
0.10974366971634174,-1.3823089898992464,-1.2251371051984103,3,0,1,0.5150355971822055,0,1.0,0.0,0.0,1.0
-0.08551235007034085,1.0331808846706256,0.40916817825499174,1,1,1,1.1510139740529932,2,1.0,0.0,0.0,0.0
-1.2570484687904364,1.0331808846706256,1.1677938889284463,2,0,1,1.6972823749684811,1,1.0,0.0,0.0,1.0
-0.6712804094303886,-0.002029061573605259,-1.2251371051984103,2,1,0,-1.5561621323176191,1,0.0,0.0,1.0,1.0
-1.159420458897095,-1.0372390078178362,0.9032380150859485,1,1,0,0.45993656268601907,3,1.0,0.0,0.0,0.0
-0.5736523995370473,-0.002029061573605259,0.12792975681381089,1,1,1,-0.5453902797065819,4,0.0,0.0,1.0,0.0
-1.3546764786837777,-1.3823089898992464,0.41640893676863994,2,1,1,0.26117167578510125,1,1.0,0.0,0.0,1.0
-0.08551235007034085,0.6881109025892154,-0.2719401319976427,1,1,1,1.171936602885887,2,1.0,0.0,0.0,0.0
0.20737167960968303,-1.0372390078178362,0.8213583976962757,2,0,1,1.7274567703408288,3,0.0,1.0,0.0,1.0
-0.9641644391104125,1.0331808846706256,-1.2251371051984103,2,0,1,0.9000040322519886,3,0.0,0.0,1.0,1.0
0.8907677488630721,-1.3823089898992464,1.5084846183617557,1,1,0,0.17629849915260593,2,1.0,0.0,0.0,0.0
1.9646758576898262,1.378250866752036,-0.11894778511552012,1,1,1,1.2238351777020815,0,0.0,1.0,0.0,1.0
-1.2570484687904364,1.0331808846706256,1.1612642449083816,1,1,1,1.3501883374166928,0,0.0,0.0,1.0,1.0
-0.18314035996368214,-1.7273789719806567,-1.2251371051984103,1,1,0,0.2459836316857606,1,1.0,0.0,0.0,1.0
-0.6712804094303886,-0.002029061573605259,-1.2251371051984103,2,1,0,0.5437459358263833,3,0.0,0.0,1.0,0.0
-1.2570484687904364,1.378250866752036,-1.2251371051984103,2,1,1,0.9198525902271307,1,1.0,0.0,0.0,1.0
0.003935819113316791,0.6881109025892154,0.6057081270142031,1,1,1,1.34202943623477,3,1.0,0.0,0.0,0.0
-0.18314035996368214,-1.7273789719806567,-1.2251371051984103,2,1,1,1.2412792578675096,2,1.0,0.0,0.0,1.0
0.012115659823000443,1.7233208488334462,-1.2251371051984103,2,1,1,1.2186827003922454,1,1.0,0.0,0.0,1.0
0.5978837191830482,-0.002029061573605259,1.4063535995141763,1,1,0,0.7237707921928387,3,0.0,0.0,1.0,1.0
0.4026276993963656,1.378250866752036,-1.2251371051984103,2,1,1,-0.3809565050458428,2,1.0,0.0,0.0,1.0
2.25755988736985,1.378250866752036,1.146541102569359,1,1,0,-0.9015859018227362,3,0.0,1.0,0.0,0.0
0.6955117290763895,-0.6921690257364259,-1.2251371051984103,2,0,0,-1.7325582580415222,1,1.0,0.0,0.0,0.0
0.012115659823000443,-1.0372390078178362,-1.2251371051984103,2,0,0,-1.5894894790510725,0,1.0,0.0,0.0,0.0
-0.08551235007034085,1.378250866752036,1.0195618807208546,3,1,1,1.2369135392012078,0,1.0,0.0,0.0,1.0
0.4026276993963656,1.0331808846706256,0.7804937968799236,2,1,0,-1.3297004175754314,1,0.0,1.0,0.0,0.0
-0.5736523995370473,-1.0372390078178362,-1.2251371051984103,1,0,0,-1.2672774449523279,3,0.0,0.0,1.0,0.0
-0.08551235007034085,-1.0372390078178362,-1.2251371051984103,2,0,1,-1.5806181271090012,2,1.0,0.0,0.0,0.0
-1.159420458897095,-0.34709904365501554,0.04130500234206679,1,0,1,-0.8637760668919459,2,1.0,0.0,0.0,0.0
-1.0617924490037538,-0.6921690257364259,1.2317303466626295,2,1,0,0.1809228162140177,2,0.0,1.0,0.0,0.0
-1.0617924490037538,-0.002029061573605259,1.3423982598019908,2,0,1,0.25368554808601523,4,0.0,1.0,0.0,1.0
-0.7689084193237299,0.6881109025892154,-1.2251371051984103,2,1,0,1.217358906319835,3,1.0,0.0,0.0,0.0
1.2812797884364373,0.6881109025892154,0.7766076297802007,1,1,0,1.2322631186678803,4,1.0,0.0,0.0,0.0
0.7931397389697308,-1.7273789719806567,1.3467979206933227,1,0,1,0.7936642304318796,0,1.0,0.0,0.0,1.0
-0.2807683698570234,0.6881109025892154,0.4340477445414123,1,0,1,0.32354748813561124,4,1.0,0.0,0.0,1.0
-0.18314035996368214,-0.34709904365501554,0.8050371679478431,1,1,0,1.6860589261836734,4,1.0,0.0,0.0,1.0
-0.9641644391104125,1.378250866752036,0.8162116185397456,2,1,0,1.1203136807331207,3,0.0,0.0,1.0,0.0
0.003935819113316791,-1.3823089898992464,0.8482797778751635,1,1,1,0.39887584325061454,4,1.0,0.0,0.0,1.0
-0.476024389643706,0.6881109025892154,-1.2251371051984103,2,1,0,1.6479137486503415,3,1.0,0.0,0.0,0.0
0.20737167960968303,-1.0372390078178362,-1.2251371051984103,2,1,0,1.1805768520899325,3,1.0,0.0,0.0,1.0
-0.7689084193237299,-0.002029061573605259,-1.2251371051984103,2,1,0,-0.13454756120467207,4,1.0,0.0,0.0,0.0
0.3049996895030243,1.7233208488334462,-1.2251371051984103,1,0,1,-0.36495020411352275,2,0.0,0.0,1.0,1.0
-1.159420458897095,-0.002029061573605259,-1.2251371051984103,2,1,1,-0.5722803362425154,4,1.0,0.0,0.0,0.0
-0.2807683698570234,-0.6921690257364259,1.2996222587547983,2,1,0,-1.640871205123339,0,0.0,1.0,0.0,0.0
-1.0617924490037538,0.34304092050780505,0.4677746376393158,1,1,1,-1.0295285889538583,1,1.0,0.0,0.0,0.0
-0.476024389643706,0.34304092050780505,0.5152095267334668,2,1,0,1.1476001619958784,4,0.0,1.0,0.0,1.0
0.6955117290763895,-0.6921690257364259,0.6162401103037346,2,1,0,-1.2900278388887478,4,0.0,1.0,0.0,0.0
-0.08551235007034085,0.6881109025892154,0.8323347475359154,1,1,1,1.62709866612174,1,0.0,0.0,1.0,1.0
-0.08551235007034085,0.6881109025892154,0.8700222155282126,1,0,1,-1.7114060926789176,4,0.0,1.0,0.0,0.0
0.3049996895030243,-1.0372390078178362,0.6772967463590197,2,0,0,-0.225488402872363,3,0.0,1.0,0.0,0.0
-1.2570484687904364,0.6881109025892154,-1.2251371051984103,2,1,0,-0.12629068499149293,0,1.0,0.0,0.0,0.0
-0.3783963797503647,1.0331808846706256,1.265061038256007,1,0,1,-1.1346695453204596,2,0.0,0.0,1.0,0.0
-1.0617924490037538,-0.002029061573605259,1.7353813471789605,1,1,0,-1.460026525715589,1,0.0,1.0,0.0,1.0
-0.3783963797503647,1.0331808846706256,1.1291544812146534,2,1,1,-0.27180379309211455,2,0.0,1.0,0.0,1.0
-0.9641644391104125,-1.7273789719806567,1.0150121241060799,1,1,0,-1.4380369609739339,3,1.0,0.0,0.0,0.0
0.10974366971634174,1.0331808846706256,1.561182778815706,3,1,0,1.2549026598602326,1,0.0,1.0,0.0,1.0
0.20737167960968303,-1.3823089898992464,0.7586092643415683,1,0,1,1.2605446642800584,1,1.0,0.0,0.0,1.0
0.7931397389697308,-1.3823089898992464,0.664463722021394,1,1,0,-0.21333062381612475,0,0.0,1.0,0.0,0.0
0.4026276993963656,0.34304092050780505,1.586925475520306,1,1,1,0.9911968594352377,4,0.0,0.0,1.0,1.0
-0.08551235007034085,-0.002029061573605259,-1.2251371051984103,2,0,1,-0.34368196531246703,0,1.0,0.0,0.0,1.0
0.012115659823000443,1.7233208488334462,-1.2251371051984103,3,1,0,0.5631667449084026,1,1.0,0.0,0.0,0.0
-0.8665364292170712,1.378250866752036,-1.2251371051984103,2,1,1,-1.2776643644738153,3,1.0,0.0,0.0,0.0
-1.452304488577119,-0.34709904365501554,-1.2251371051984103,2,1,1,-0.5170359924193323,2,0.0,0.0,1.0,1.0
0.003935819113316791,0.6881109025892154,1.2594724528175725,1,1,1,1.3759449812020534,1,1.0,0.0,0.0,1.0
0.10974366971634174,-0.6921690257364259,0.5308967700679528,1,1,0,0.7224955505781913,2,0.0,0.0,1.0,0.0
-0.3783963797503647,-1.3823089898992464,-1.2251371051984103,2,1,0,-1.6692183574615982,1,1.0,0.0,0.0,1.0
0.5002557092897069,0.6881109025892154,-1.2251371051984103,2,1,1,-0.5887368350538054,2,1.0,0.0,0.0,0.0
0.20737167960968303,-0.34709904365501554,0.2206266673809671,1,1,0,-0.42626760768943034,2,0.0,0.0,1.0,0.0
0.10974366971634174,-0.6921690257364259,0.1904803093659672,1,0,0,0.27759980882357654,4,0.0,0.0,1.0,1.0
1.7694198379031438,-1.3823089898992464,0.47325409164556687,2,1,1,0.35288048159654756,0,0.0,1.0,0.0,0.0
-0.3783963797503647,0.6881109025892154,-1.2251371051984103,1,1,0,0.11237596907952696,1,0.0,0.0,1.0,1.0
-1.3546764786837777,1.0331808846706256,1.0443147137311912,1,1,1,-0.4615370527333998,1,0.0,1.0,0.0,0.0
-1.745188518257143,1.378250866752036,-1.2251371051984103,2,0,1,0.6766021664877413,4,1.0,0.0,0.0,0.0
-0.6712804094303886,-0.34709904365501554,0.5221926582591154,2,1,0,-0.7859148048854042,4,0.0,1.0,0.0,0.0
-1.2570484687904364,-1.3823089898992464,0.9834749003894087,2,0,1,0.2902822676653171,2,1.0,0.0,0.0,1.0
0.20737167960968303,-0.002029061573605259,0.3087574996235497,1,1,1,-0.559025863319532,2,1.0,0.0,0.0,0.0
-1.8428165281504842,1.378250866752036,0.7342139087791764,2,1,0,-0.2364562116555445,1,0.0,0.0,1.0,0.0
0.3049996895030243,1.378250866752036,-0.01922773883203187,1,1,0,-1.266390971046076,2,0.0,0.0,1.0,0.0
0.10974366971634174,1.378250866752036,-1.2251371051984103,2,0,1,-0.13960693613134292,2,1.0,0.0,0.0,0.0
-0.9641644391104125,-0.34709904365501554,0.8349833449926645,1,1,1,-0.9210105394139699,0,1.0,0.0,0.0,1.0
0.20737167960968303,-0.002029061573605259,-1.2251371051984103,2,1,0,-0.3317928779938131,4,0.0,0.0,1.0,0.0
-0.9641644391104125,0.34304092050780505,-1.2251371051984103,1,0,0,1.7053657501049948,0,1.0,0.0,0.0,1.0
1.8670478477964851,-1.3823089898992464,1.6345861482666726,1,1,1,-1.3680189221622832,2,0.0,0.0,1.0,1.0
-1.452304488577119,-1.3823089898992464,-1.2251371051984103,2,1,1,1.4024528829091432,1,1.0,0.0,0.0,0.0
-0.18314035996368214,1.0331808846706256,1.6176782970660624,1,1,1,-0.40438123867341447,1,0.0,0.0,1.0,1.0
-0.5736523995370473,-1.0372390078178362,1.385364680796835,1,1,1,-1.6244046129695748,3,1.0,0.0,0.0,1.0
2.159931877476509,-1.3823089898992464,0.7708793497079007,1,0,1,-0.173847730358694,1,0.0,1.0,0.0,1.0
-1.2570484687904364,0.6881109025892154,0.8524840582991988,2,0,1,1.6814398298166446,2,1.0,0.0,0.0,1.0
1.9646758576898262,-1.7273789719806567,0.9398309684211545,1,1,0,1.4346985017664162,4,0.0,1.0,0.0,0.0
-0.18314035996368214,0.34304092050780505,-1.2251371051984103,2,1,0,-0.24602261204315348,1,1.0,0.0,0.0,0.0
0.10974366971634174,-0.002029061573605259,1.151042054071501,1,0,0,1.0175907759816298,4,0.0,1.0,0.0,0.0
0.003935819113316791,1.378250866752036,0.9865265800714812,1,1,0,1.7112694853365606,0,0.0,1.0,0.0,0.0
0.003935819113316791,-1.3823089898992464,1.2529328877582186,1,1,1,0.6555970506835944,2,1.0,0.0,0.0,1.0
1.9646758576898262,-1.7273789719806567,0.7376507488091462,1,0,1,-0.2710544494249923,3,0.0,0.0,1.0,0.0
-0.5736523995370473,1.0331808846706256,-1.2251371051984103,2,0,1,-1.4815060286160144,3,1.0,0.0,0.0,0.0
-0.18314035996368214,0.34304092050780505,0.6700044624477717,1,0,1,1.0385939775311692,0,0.0,0.0,1.0,1.0
3.233839986303263,-0.6921690257364259,1.0310554047376461,1,0,1,-0.8266642388001771,3,1.0,0.0,0.0,1.0
-0.2807683698570234,-0.002029061573605259,-1.2251371051984103,2,1,1,0.15223562264827198,3,1.0,0.0,0.0,1.0
0.8907677488630721,1.7233208488334462,-1.2251371051984103,1,1,0,0.6925014431852077,2,1.0,0.0,0.0,1.0
1.2812797884364373,0.6881109025892154,0.8552907523175277,1,1,1,1.5736361452915115,2,0.0,1.0,0.0,1.0
-0.5736523995370473,-0.6921690257364259,-1.2251371051984103,2,0,1,1.5615535442343902,1,0.0,0.0,1.0,1.0
-0.5736523995370473,-1.3823089898992464,0.9821013164981125,1,1,1,-0.8525816799725374,4,0.0,1.0,0.0,1.0
-0.7689084193237299,-0.6921690257364259,1.0431296295863939,1,0,1,-0.6760393748059075,1,0.0,0.0,1.0,0.0
0.10974366971634174,-0.34709904365501554,0.2950434229903188,1,0,1,0.3971810318307113,2,0.0,1.0,0.0,1.0
1.7694198379031438,-0.002029061573605259,-1.2251371051984103,1,1,1,0.5764065998871131,0,1.0,0.0,0.0,1.0
-0.9641644391104125,1.378250866752036,-1.2251371051984103,1,1,1,-0.11273080144709784,2,0.0,0.0,1.0,1.0
2.159931877476509,0.6881109025892154,0.4142867944612806,1,1,0,1.5117047880561507,0,0.0,1.0,0.0,1.0
-0.9641644391104125,-1.7273789719806567,-1.2251371051984103,2,0,1,0.5832871270377586,1,0.0,0.0,1.0,1.0
-0.08551235007034085,-1.0372390078178362,-1.2251371051984103,1,1,1,-0.30749420012650863,3,0.0,0.0,1.0,1.0
0.7931397389697308,1.378250866752036,0.7275722530251989,1,1,1,-1.1582289728631154,4,1.0,0.0,0.0,0.0
-0.8665364292170712,-1.0372390078178362,-0.064231493249987,2,0,1,1.4330679048874249,2,0.0,1.0,0.0,1.0
0.012115659823000443,-1.3823089898992464,-1.2251371051984103,2,1,0,1.0223997316010576,1,0.0,0.0,1.0,1.0
1.5741638181164612,0.6881109025892154,0.8716227031890634,1,0,1,-0.42973171243576924,1,0.0,1.0,0.0,0.0
-0.6712804094303886,-0.34709904365501554,-1.2251371051984103,2,1,1,-1.5164481361221631,4,1.0,0.0,0.0,1.0
-0.08551235007034085,0.34304092050780505,-0.13597020831824663,1,0,0,0.6682048535956564,2,1.0,0.0,0.0,0.0
0.10974366971634174,-0.6921690257364259,0.26125716367344143,1,1,1,0.15865968708668776,3,0.0,1.0,0.0,0.0
1.9646758576898262,0.6881109025892154,0.814278776062699,1,0,1,-0.5712626488841012,1,1.0,0.0,0.0,1.0
-1.8428165281504842,-0.34709904365501554,-1.2251371051984103,2,0,1,-0.38404663405120487,2,1.0,0.0,0.0,0.0
0.5978837191830482,-1.3823089898992464,0.7250654304202305,1,0,0,-1.627362136337606,4,0.0,1.0,0.0,0.0
2.6480719269432154,-0.002029061573605259,0.6255282832965458,2,1,1,0.5497622640334776,2,0.0,0.0,1.0,1.0
-0.18314035996368214,1.0331808846706256,1.0629019408566793,2,1,0,1.0173647199148408,0,1.0,0.0,0.0,0.0
0.5978837191830482,-1.0372390078178362,1.1886026287709508,1,0,1,-1.7064634872832822,2,0.0,1.0,0.0,0.0
-0.7689084193237299,-0.34709904365501554,-1.2251371051984103,2,0,0,0.9035064220904704,4,1.0,0.0,0.0,1.0
-0.08551235007034085,0.34304092050780505,0.8277131433946735,3,1,0,-1.5876056784945007,4,1.0,0.0,0.0,1.0
-0.476024389643706,-0.34709904365501554,0.7090691947169078,2,0,1,0.2267126565325363,4,0.0,1.0,0.0,1.0
-1.0617924490037538,1.378250866752036,-0.07457625692712123,1,0,1,1.5632272988536153,1,1.0,0.0,0.0,1.0
0.9883957587564134,1.7233208488334462,1.0773156107765771,2,1,1,1.1460616233611762,1,0.0,1.0,0.0,0.0
-0.08551235007034085,0.34304092050780505,-1.2251371051984103,1,1,1,1.5359239373456857,2,1.0,0.0,0.0,0.0
-0.476024389643706,-0.002029061573605259,0.47122603919469436,1,1,1,-1.4444436230977389,0,0.0,1.0,0.0,0.0
-0.2807683698570234,1.0331808846706256,0.85100198304277,1,1,1,0.7535936608100569,1,0.0,1.0,0.0,0.0
-0.18314035996368214,-1.7273789719806567,1.9248507952600713,1,1,1,0.5636710639858106,0,1.0,0.0,0.0,0.0
0.20737167960968303,-1.3823089898992464,0.8535000047257879,1,1,0,-1.293930481963268,2,0.0,1.0,0.0,1.0
-0.08551235007034085,-0.34709904365501554,-1.2251371051984103,1,1,0,0.3225344994021419,0,0.0,0.0,1.0,0.0
-0.18314035996368214,1.378250866752036,0.5427898559412874,1,1,1,0.4701259659366791,0,0.0,1.0,0.0,1.0
1.6717918280098025,-1.3823089898992464,0.38102443002558967,1,1,0,0.31517801894690306,0,1.0,0.0,0.0,1.0
0.9883957587564134,-1.0372390078178362,0.8009301777155493,2,0,1,0.39738550902738307,1,0.0,0.0,1.0,0.0
3.0385839665165806,-0.002029061573605259,-0.07594888071784109,2,1,0,0.08209176510198837,1,0.0,1.0,0.0,0.0
-1.6475605083638016,-0.34709904365501554,0.9581996126487504,1,1,0,-0.8422594970614004,3,1.0,0.0,0.0,1.0
0.20737167960968303,1.0331808846706256,-0.04581164365831704,3,1,1,1.485644125834547,0,1.0,0.0,0.0,1.0
-0.9641644391104125,-0.002029061573605259,1.0077620846201931,2,1,0,-0.34408204452535934,2,0.0,1.0,0.0,1.0
-0.08551235007034085,1.378250866752036,-0.16962445380586966,1,1,1,0.009935851940454125,3,1.0,0.0,0.0,1.0
0.003935819113316791,-1.3823089898992464,-1.2251371051984103,1,0,0,-0.31248570602619924,4,1.0,0.0,0.0,1.0
-0.9641644391104125,1.7233208488334462,0.6237818603480827,2,1,0,0.8331688767825731,4,0.0,0.0,1.0,1.0
-0.9641644391104125,-1.3823089898992464,0.5619617843178004,2,1,1,1.658991017992422,0,0.0,1.0,0.0,1.0
-0.2807683698570234,-0.34709904365501554,-1.2251371051984103,2,1,1,1.650529142513133,2,1.0,0.0,0.0,1.0
1.9646758576898262,1.0331808846706256,0.6664277677671735,2,0,0,-0.6993536037357035,1,0.0,1.0,0.0,1.0
0.003935819113316791,-1.0372390078178362,0.8553246758712272,1,1,1,-1.0229816641742935,3,1.0,0.0,0.0,1.0
0.5978837191830482,-0.34709904365501554,0.6046201730443845,2,1,1,0.151565633535773,4,0.0,0.0,1.0,0.0
0.012115659823000443,-0.34709904365501554,-1.2251371051984103,1,1,1,-0.40996877384850994,2,1.0,0.0,0.0,0.0
-1.3546764786837777,0.6881109025892154,1.3447170627107483,2,1,1,-1.252757997780317,2,0.0,0.0,1.0,1.0
-0.3783963797503647,-0.34709904365501554,0.994598145617237,1,1,1,-0.9245456456039192,0,0.0,1.0,0.0,1.0
3.1362119764099217,0.34304092050780505,1.0194735514678264,1,1,1,1.614164221764441,1,0.0,1.0,0.0,0.0
2.25755988736985,0.6881109025892154,0.9063048963604807,1,0,0,1.1855875005356944,0,0.0,1.0,0.0,0.0
-0.3783963797503647,-0.002029061573605259,-1.2251371051984103,1,1,0,0.5849192901250642,3,1.0,0.0,0.0,0.0
1.0860237686497547,-0.6921690257364259,1.3845089111497415,1,0,1,0.5337086288054177,1,0.0,0.0,1.0,1.0
-0.18314035996368214,-0.6921690257364259,0.29538329859436285,1,1,1,0.4999347386790627,0,0.0,1.0,0.0,0.0
0.4026276993963656,-1.0372390078178362,0.7086192275801039,1,1,0,-1.614376529175353,0,0.0,1.0,0.0,0.0
-0.7689084193237299,0.6881109025892154,-1.2251371051984103,2,0,0,-0.8884483724539346,0,1.0,0.0,0.0,0.0
0.4026276993963656,-1.3823089898992464,0.6146434630451891,1,1,0,0.444472691900104,4,1.0,0.0,0.0,1.0
-0.7689084193237299,-1.7273789719806567,-1.2251371051984103,2,1,0,1.4384544433287707,3,1.0,0.0,0.0,1.0
-0.7689084193237299,-0.34709904365501554,-1.2251371051984103,2,1,1,0.630494385881291,3,0.0,0.0,1.0,0.0
0.5978837191830482,1.378250866752036,1.0593460483552364,2,1,0,-1.1421118191867277,1,0.0,1.0,0.0,0.0
0.003935819113316791,-0.6921690257364259,1.8208312585787219,1,1,0,-0.38309072490965773,0,0.0,1.0,0.0,0.0
0.012115659823000443,1.378250866752036,0.5602404840010864,1,1,1,-1.210174707951904,2,0.0,1.0,0.0,1.0
-1.2570484687904364,0.6881109025892154,0.1191137932878234,2,0,0,1.4463317750602978,0,1.0,0.0,0.0,1.0
-0.7689084193237299,1.0331808846706256,0.7899141437187518,2,1,0,0.8228151956819915,3,0.0,0.0,1.0,1.0
0.20737167960968303,-1.7273789719806567,0.9251503905410193,1,1,1,0.09340535787647772,1,0.0,1.0,0.0,1.0
-0.5736523995370473,-0.6921690257364259,0.7556129504594011,2,1,1,0.7400144606964443,3,0.0,0.0,1.0,1.0
-0.476024389643706,-0.6921690257364259,-1.2251371051984103,1,0,1,0.4010963785948968,0,0.0,0.0,1.0,1.0
-0.8665364292170712,-0.6921690257364259,-1.2251371051984103,2,1,1,0.08025512481801048,4,1.0,0.0,0.0,0.0
-0.2807683698570234,0.34304092050780505,1.2372032399816082,1,0,0,0.6099892385759,1,1.0,0.0,0.0,1.0
0.003935819113316791,1.0331808846706256,1.099307034512438,1,0,1,0.5411037423990915,3,0.0,1.0,0.0,0.0
-0.6712804094303886,1.0331808846706256,0.3352514750291793,1,1,1,1.7186405837360723,0,1.0,0.0,0.0,1.0
0.6955117290763895,-0.6921690257364259,0.3462716694618075,1,0,0,0.6505750907333354,1,1.0,0.0,0.0,0.0
-0.2807683698570234,-0.6921690257364259,-1.2251371051984103,1,1,0,0.7026125360201207,2,1.0,0.0,0.0,1.0
-0.9641644391104125,0.6881109025892154,0.8864418555857253,1,0,0,1.5468792164623477,2,1.0,0.0,0.0,1.0
-1.2570484687904364,-0.6921690257364259,-0.00014381967502180627,1,1,1,1.4691162775333544,3,0.0,0.0,1.0,0.0
0.6955117290763895,-1.7273789719806567,-1.2251371051984103,2,1,0,-1.0949445856667985,4,1.0,0.0,0.0,1.0
-0.9641644391104125,-0.6921690257364259,0.1608696874725958,1,0,0,-0.14749557936736696,2,1.0,0.0,0.0,0.0
-1.9404445380438253,-1.0372390078178362,0.788837070888799,1,0,0,0.5100787218885896,0,0.0,1.0,0.0,1.0
-0.7689084193237299,0.34304092050780505,0.8870307172725814,2,1,1,1.3637828515671626,4,1.0,0.0,0.0,1.0
-1.159420458897095,1.0331808846706256,-1.2251371051984103,2,0,0,-1.6342738136314041,2,0.0,0.0,1.0,0.0
-0.476024389643706,-0.002029061573605259,0.05887532294038966,2,0,0,-0.7587158572651367,2,0.0,1.0,0.0,1.0
-0.2807683698570234,0.6881109025892154,0.6224487606977578,1,0,1,-1.0058275065702738,1,0.0,1.0,0.0,1.0
0.7931397389697308,-1.3823089898992464,1.526147428648938,1,1,1,-0.6046018291914893,4,0.0,1.0,0.0,1.0
1.3789077983297786,0.34304092050780505,0.6155261155084217,1,0,0,1.5860781041453373,3,1.0,0.0,0.0,1.0
-0.9641644391104125,-1.0372390078178362,-1.2251371051984103,2,0,0,1.172811939310788,4,1.0,0.0,0.0,0.0
-0.6712804094303886,-0.34709904365501554,0.22018214081409607,2,0,1,0.31952111460421134,0,0.0,1.0,0.0,0.0
-0.8665364292170712,0.6881109025892154,0.5319317584893071,1,0,1,1.100627312330147,2,1.0,0.0,0.0,1.0
0.5978837191830482,-0.34709904365501554,-1.2251371051984103,2,0,0,1.6119708340309507,2,0.0,0.0,1.0,1.0
-1.0617924490037538,-0.002029061573605259,-1.2251371051984103,2,0,1,-1.4048270798641007,3,1.0,0.0,0.0,1.0
0.3049996895030243,-1.0372390078178362,1.6362972075105717,1,0,0,-1.235929089436365,2,0.0,0.0,1.0,1.0
0.012115659823000443,0.34304092050780505,-1.2251371051984103,2,0,1,-0.6350179427137747,3,0.0,0.0,1.0,1.0
-0.3783963797503647,-1.0372390078178362,-1.2251371051984103,2,0,0,-0.5638381253787357,2,0.0,0.0,1.0,1.0
-0.6712804094303886,-1.0372390078178362,1.1240848301377604,2,1,1,1.4028138069141625,2,0.0,1.0,0.0,0.0
-0.5736523995370473,1.378250866752036,-0.02113449857675307,1,0,1,0.02288648045034048,0,0.0,1.0,0.0,1.0
0.3049996895030243,0.34304092050780505,0.27275228785786,1,1,0,1.1909656858660274,0,0.0,0.0,1.0,1.0
0.10974366971634174,1.0331808846706256,0.782606178164756,1,1,1,1.290497180141124,2,1.0,0.0,0.0,1.0
0.012115659823000443,-0.34709904365501554,-1.2251371051984103,2,0,1,0.7300594666235861,3,1.0,0.0,0.0,0.0
0.9883957587564134,0.34304092050780505,0.7723387025840216,1,0,1,-0.11882596213937761,0,0.0,1.0,0.0,0.0
-1.745188518257143,-0.6921690257364259,-1.2251371051984103,2,0,1,-0.7792424094174987,1,1.0,0.0,0.0,0.0
-0.5736523995370473,-1.0372390078178362,-0.3938508228865936,2,1,0,-0.26684030491894667,1,0.0,1.0,0.0,1.0
-0.2807683698570234,-1.3823089898992464,-1.2251371051984103,2,1,1,-1.4109231106721112,2,0.0,0.0,1.0,0.0
0.003935819113316791,-1.3823089898992464,0.7987136255181778,1,0,0,1.3806759744520272,1,1.0,0.0,0.0,1.0
-0.3783963797503647,0.6881109025892154,0.8791590126634788,1,1,0,1.5519540794490216,0,0.0,1.0,0.0,0.0
0.003935819113316791,1.378250866752036,0.9578501360389425,1,1,1,0.8941009931130073,1,1.0,0.0,0.0,0.0
0.8907677488630721,-0.34709904365501554,-1.2251371051984103,2,0,1,0.8081963812935559,4,1.0,0.0,0.0,1.0
-0.2807683698570234,-1.0372390078178362,-0.10211578186044526,2,1,0,-0.34406829669681727,1,1.0,0.0,0.0,1.0
-0.8665364292170712,1.0331808846706256,-1.2251371051984103,2,1,1,1.6663570697206969,3,1.0,0.0,0.0,0.0
-0.18314035996368214,1.0331808846706256,1.4589151056527527,2,0,1,0.07459084543548321,1,0.0,1.0,0.0,1.0
-0.08551235007034085,-0.6921690257364259,-1.2251371051984103,2,0,1,0.27996530544856335,1,1.0,0.0,0.0,0.0
-0.08551235007034085,-0.002029061573605259,0.14503202838114104,1,1,1,0.4298392595673956,1,0.0,1.0,0.0,0.0
0.5002557092897069,-0.6921690257364259,0.08398739358306084,1,1,0,1.1108593512516025,4,0.0,0.0,1.0,0.0
1.6717918280098025,0.6881109025892154,0.8761626987813117,1,1,1,0.3270925136448882,4,1.0,0.0,0.0,1.0
-0.18314035996368214,-0.002029061573605259,0.27458367970733405,2,1,1,0.6737166887021969,0,0.0,0.0,1.0,1.0
-0.7689084193237299,-1.3823089898992464,0.850980380779801,1,1,0,0.15254294752429107,1,1.0,0.0,0.0,1.0
0.012115659823000443,0.6881109025892154,-1.2251371051984103,2,0,1,-1.7354623563036995,0,1.0,0.0,0.0,1.0
-0.08551235007034085,0.6881109025892154,0.559076362052207,1,1,1,0.32984086119130307,4,1.0,0.0,0.0,1.0
-0.18314035996368214,0.6881109025892154,1.225483612279076,1,1,1,0.9024104243163096,4,1.0,0.0,0.0,0.0
-0.08551235007034085,1.0331808846706256,-1.2251371051984103,2,1,1,-0.5898387496149337,4,0.0,0.0,1.0,1.0
0.5002557092897069,-0.34709904365501554,0.31988106488490353,2,1,0,0.7582660082597932,1,0.0,1.0,0.0,0.0
0.012115659823000443,1.0331808846706256,1.0807415696666813,1,1,1,-1.5435360569752163,3,0.0,0.0,1.0,0.0
-0.5736523995370473,1.378250866752036,-1.2251371051984103,1,1,1,0.4118452662602799,4,0.0,0.0,1.0,1.0
-1.159420458897095,1.0331808846706256,-1.2251371051984103,2,1,0,1.5987127066218996,2,1.0,0.0,0.0,1.0
0.5978837191830482,1.0331808846706256,-1.2251371051984103,1,0,0,0.4303677678621125,4,1.0,0.0,0.0,1.0
0.012115659823000443,1.7233208488334462,1.3372553210477667,1,1,0,-1.1756199759689823,0,1.0,0.0,0.0,0.0
-1.159420458897095,-1.3823089898992464,0.9159110226608411,1,1,1,0.7471864766168134,0,1.0,0.0,0.0,0.0
-0.7689084193237299,0.6881109025892154,-1.2251371051984103,2,1,0,1.1544826034011308,0,0.0,0.0,1.0,0.0
1.2812797884364373,0.6881109025892154,-1.2251371051984103,1,1,1,-1.4896104605532068,3,1.0,0.0,0.0,1.0
0.012115659823000443,1.7233208488334462,0.15974861003289131,1,0,1,0.5462490847599378,1,1.0,0.0,0.0,0.0
0.7931397389697308,-1.0372390078178362,0.6643323482591907,4,1,1,0.7418251715316524,4,0.0,1.0,0.0,1.0
-0.6712804094303886,-1.0372390078178362,0.36050820082536034,1,0,1,0.18743075980885532,0,0.0,1.0,0.0,1.0
-0.9641644391104125,-1.0372390078178362,1.211365013269657,1,1,0,-1.1550801980575163,1,1.0,0.0,0.0,0.0
0.20737167960968303,-1.0372390078178362,1.1445208909398605,1,1,0,-1.5017572761512403,3,1.0,0.0,0.0,1.0
1.183651778543096,1.0331808846706256,0.6970538560368458,2,0,1,1.1902140798980059,0,1.0,0.0,0.0,1.0
1.3789077983297786,-1.3823089898992464,1.307476041486475,1,1,1,-1.659191317806253,4,1.0,0.0,0.0,0.0
-0.3783963797503647,-0.34709904365501554,1.2133625025188477,1,1,0,0.48281207926448794,1,0.0,0.0,1.0,1.0
0.003935819113316791,-0.002029061573605259,0.3002802915842672,1,1,0,-1.6401667594279115,3,0.0,0.0,1.0,0.0
0.7931397389697308,-0.002029061573605259,0.5883157450560387,1,1,0,0.4140249061652279,3,1.0,0.0,0.0,0.0
0.3049996895030243,-0.34709904365501554,0.058427115987975856,1,1,0,0.2586406831481702,4,1.0,0.0,0.0,1.0
-0.9641644391104125,-0.6921690257364259,-0.27486187806837636,2,1,1,0.0896990129107626,4,0.0,1.0,0.0,1.0
0.012115659823000443,-0.34709904365501554,0.5716946438942455,1,1,0,-0.8876148015840982,1,0.0,1.0,0.0,1.0
3.6243520258766284,1.378250866752036,0.7996286013674827,1,1,1,-1.0544046756199343,2,0.0,0.0,1.0,1.0
-1.6475605083638016,0.6881109025892154,1.4895429541068153,2,0,1,0.6262304707554599,0,0.0,0.0,1.0,0.0
0.7931397389697308,1.0331808846706256,1.063126604391556,2,1,0,0.14962457936413318,4,0.0,1.0,0.0,0.0
-0.6712804094303886,0.6881109025892154,0.3819720492944919,1,1,1,-1.0547706462961903,2,0.0,0.0,1.0,1.0
1.9646758576898262,1.0331808846706256,-1.2251371051984103,1,1,1,-1.1181778938336564,4,0.0,0.0,1.0,0.0
0.10974366971634174,0.34304092050780505,0.9836310767498354,1,1,1,-0.5639582013495473,4,1.0,0.0,0.0,1.0
3.819608045663311,-0.34709904365501554,-0.1314887788611587,2,1,1,0.734155275390281,2,0.0,1.0,0.0,1.0
-0.7689084193237299,1.378250866752036,-1.2251371051984103,2,1,1,-1.4299337471987643,4,0.0,0.0,1.0,1.0
-0.18314035996368214,0.6881109025892154,-0.10087725211689513,2,1,0,0.6826593901341701,1,0.0,1.0,0.0,0.0
1.8670478477964851,-0.6921690257364259,-1.2251371051984103,2,0,1,-1.176213916966634,0,1.0,0.0,0.0,1.0
1.8670478477964851,-1.3823089898992464,0.5446124468688112,1,0,1,1.0396687444815054,4,0.0,1.0,0.0,1.0
-0.18314035996368214,1.0331808846706256,-1.2251371051984103,1,1,1,-1.732791449057301,0,0.0,0.0,1.0,1.0
2.6480719269432154,0.6881109025892154,-1.2251371051984103,2,1,1,-0.010210111591378941,2,1.0,0.0,0.0,0.0
0.003935819113316791,1.378250866752036,0.6875515806154984,1,1,0,0.32502564073861534,1,0.0,1.0,0.0,1.0
-1.0617924490037538,0.6881109025892154,1.430649264633386,3,1,0,0.9700502628133084,4,0.0,0.0,1.0,0.0
0.20737167960968303,1.378250866752036,0.48920312240388336,2,1,1,1.0470459336911304,0,0.0,0.0,1.0,0.0
0.3049996895030243,-0.34709904365501554,0.21243284902848386,3,1,0,-0.25052354669397786,0,1.0,0.0,0.0,1.0
0.10974366971634174,1.7233208488334462,0.5814019007886533,1,1,1,0.36584886046733633,1,1.0,0.0,0.0,1.0
-0.3783963797503647,0.34304092050780505,0.41475884391134166,1,1,1,-0.8072044485334305,2,1.0,0.0,0.0,0.0
-0.18314035996368214,-1.0372390078178362,0.8880109799610811,2,1,0,-1.142210490310568,3,1.0,0.0,0.0,1.0
0.003935819113316791,-1.0372390078178362,1.4395065124841582,1,0,0,0.3352566355211941,3,0.0,1.0,0.0,1.0
0.3049996895030243,-1.3823089898992464,-1.2251371051984103,2,0,0,-1.3322775263460802,0,1.0,0.0,0.0,1.0
0.3049996895030243,-0.002029061573605259,-1.2251371051984103,2,0,0,1.6919010572215187,3,0.0,0.0,1.0,1.0
-1.452304488577119,0.6881109025892154,1.5585516231860947,1,0,0,0.10576395964331944,2,0.0,0.0,1.0,0.0
0.003935819113316791,1.378250866752036,0.47937313265245973,2,1,0,1.3349773222620667,1,0.0,1.0,0.0,1.0
-0.6712804094303886,-1.0372390078178362,-1.2251371051984103,2,0,1,-1.58205990887447,1,1.0,0.0,0.0,1.0
0.003935819113316791,1.378250866752036,1.0443379161617872,2,1,1,0.8540916796386133,4,0.0,1.0,0.0,1.0
-0.9641644391104125,-0.34709904365501554,-1.2251371051984103,1,1,0,-1.5905155195204994,3,1.0,0.0,0.0,1.0
2.159931877476509,1.0331808846706256,-1.2251371051984103,2,0,1,0.6870781858600338,0,0.0,0.0,1.0,0.0
-0.2807683698570234,1.0331808846706256,1.307315064623166,1,1,1,-0.41130039896249504,1,0.0,0.0,1.0,1.0
-0.476024389643706,1.0331808846706256,-1.2251371051984103,2,1,0,-1.0756266242641264,2,1.0,0.0,0.0,1.0
1.0860237686497547,-1.3823089898992464,-1.2251371051984103,3,1,1,1.5917831049440525,2,1.0,0.0,0.0,1.0
-0.6712804094303886,-1.7273789719806567,0.43658337016367227,1,1,0,-1.3890325651005888,2,0.0,1.0,0.0,1.0
0.6955117290763895,-1.0372390078178362,1.071116561388318,1,1,0,1.159288774650221,2,0.0,1.0,0.0,0.0
-0.18314035996368214,0.34304092050780505,-1.2251371051984103,2,0,0,0.7322065642002124,2,1.0,0.0,0.0,1.0
-0.08551235007034085,-1.7273789719806567,1.6240660062175833,2,1,0,-1.0779828976623695,0,0.0,0.0,1.0,1.0
0.3049996895030243,0.6881109025892154,0.4666031549193509,1,1,1,-0.17091317804594833,3,0.0,1.0,0.0,0.0
0.10974366971634174,-1.3823089898992464,0.5594416803215255,1,1,1,0.34794727345080156,0,0.0,1.0,0.0,0.0
-0.5736523995370473,-0.6921690257364259,-1.2251371051984103,1,1,1,1.5281619829600253,2,0.0,0.0,1.0,0.0
0.6955117290763895,0.34304092050780505,-0.22963618040051129,1,0,1,1.2408255795256173,0,1.0,0.0,0.0,0.0
-0.08551235007034085,-0.34709904365501554,0.5525996835806068,1,1,1,-1.4029163057198828,4,0.0,1.0,0.0,1.0
0.003935819113316791,0.34304092050780505,-1.2251371051984103,1,1,1,-1.3562911543000669,1,1.0,0.0,0.0,0.0
0.10974366971634174,-0.34709904365501554,-1.2251371051984103,1,0,0,0.8865732738820022,1,1.0,0.0,0.0,1.0
-0.18314035996368214,-0.002029061573605259,0.4865170810246547,1,0,0,-1.320565942636452,2,1.0,0.0,0.0,1.0
-1.452304488577119,1.7233208488334462,-1.2251371051984103,1,0,0,-0.1426800108683872,0,1.0,0.0,0.0,1.0
-1.3546764786837777,-0.002029061573605259,-0.22530516670039197,1,1,1,0.041398366640260524,0,0.0,1.0,0.0,1.0
0.3049996895030243,-0.34709904365501554,0.4857766834634913,1,0,1,0.3370401987456103,1,0.0,0.0,1.0,1.0
-0.08551235007034085,-0.34709904365501554,-0.0635114178176905,1,1,1,-0.4235210003744767,1,1.0,0.0,0.0,0.0
-0.18314035996368214,-0.34709904365501554,-1.2251371051984103,2,1,0,0.44056970077929175,1,0.0,0.0,1.0,0.0
-0.476024389643706,1.0331808846706256,0.3491513311239427,1,1,0,-1.0587138367637525,1,0.0,0.0,1.0,1.0
0.10974366971634174,1.0331808846706256,-1.2251371051984103,2,1,0,-0.6516557736433047,1,1.0,0.0,0.0,1.0
-0.2807683698570234,1.0331808846706256,1.7870352382393178,2,0,0,1.4388056220376082,2,0.0,0.0,1.0,1.0
0.7931397389697308,-0.002029061573605259,0.507672897225526,2,1,1,-0.9487738440970515,4,0.0,1.0,0.0,0.0
-1.2570484687904364,-1.0372390078178362,-1.2251371051984103,2,1,1,-1.2004139237100975,0,1.0,0.0,0.0,1.0
-1.5499324984704603,-1.0372390078178362,0.06578148640316424,2,1,0,-0.11116389703958084,4,1.0,0.0,0.0,1.0
1.9646758576898262,-0.34709904365501554,-1.2251371051984103,1,1,1,1.0961077572026898,3,1.0,0.0,0.0,0.0
0.4026276993963656,1.378250866752036,1.5348024153116167,1,1,0,1.5784746848457771,2,0.0,0.0,1.0,1.0
-1.6475605083638016,-0.6921690257364259,-1.2251371051984103,2,0,0,-1.211162115282896,2,1.0,0.0,0.0,0.0
0.3049996895030243,0.34304092050780505,0.4553794191645266,1,1,0,-0.9073070867740394,2,0.0,0.0,1.0,0.0
0.7931397389697308,-1.3823089898992464,0.45323759479535125,1,0,0,-0.23940311961166338,3,0.0,1.0,0.0,0.0
0.10974366971634174,-0.6921690257364259,-1.2251371051984103,1,0,0,-0.7406719193150894,4,1.0,0.0,0.0,0.0
-0.2807683698570234,-0.6921690257364259,-1.2251371051984103,1,0,1,0.7604548713914846,0,1.0,0.0,0.0,1.0
-1.159420458897095,1.7233208488334462,-1.2251371051984103,1,1,0,-0.10153641452768933,3,0.0,0.0,1.0,1.0
1.0860237686497547,1.0331808846706256,-1.2251371051984103,1,0,0,0.7654808338741036,2,0.0,0.0,1.0,1.0
-0.18314035996368214,1.378250866752036,0.40235818486661956,1,1,0,0.4087238130886191,1,0.0,0.0,1.0,0.0
-0.8665364292170712,1.0331808846706256,0.2545715033097125,2,0,1,0.4534186997718537,1,1.0,0.0,0.0,0.0
-0.6712804094303886,-0.34709904365501554,-1.2251371051984103,2,1,0,1.1741078896798218,0,0.0,0.0,1.0,1.0
2.5504439170498743,-1.3823089898992464,-1.2251371051984103,2,0,1,0.04877747010449314,1,0.0,0.0,1.0,0.0
-0.476024389643706,0.6881109025892154,-0.25679358530442986,1,0,0,0.42098913844914926,0,0.0,1.0,0.0,1.0
-0.5736523995370473,-0.002029061573605259,0.011043912308187662,1,0,1,1.6333829899738341,4,0.0,0.0,1.0,1.0
0.7931397389697308,-1.3823089898992464,-0.19414814281197318,2,0,1,-0.06720008159312753,1,1.0,0.0,0.0,1.0
0.20737167960968303,-1.0372390078178362,0.9971566536365676,1,0,1,0.2069159574549331,1,0.0,1.0,0.0,0.0
-0.8665364292170712,-0.002029061573605259,-0.7099208931555837,1,0,1,0.7146518053138625,2,0.0,1.0,0.0,0.0
0.012115659823000443,-0.002029061573605259,1.0122510348651295,2,1,1,0.7977285410091298,2,0.0,1.0,0.0,1.0
0.7931397389697308,1.378250866752036,0.9719229702542198,1,1,0,-0.9750127060202652,4,1.0,0.0,0.0,0.0
-0.3783963797503647,1.0331808846706256,0.8423673185089585,1,1,1,-0.36950630410166196,2,1.0,0.0,0.0,1.0
-0.2807683698570234,1.0331808846706256,0.9173169299382097,1,1,1,0.7463177530714639,3,1.0,0.0,0.0,1.0
-1.3546764786837777,-0.6921690257364259,0.16069606928503088,3,1,0,-1.457099630421272,2,0.0,0.0,1.0,0.0
0.6955117290763895,-1.7273789719806567,-1.2251371051984103,2,1,1,1.4612941111391422,3,1.0,0.0,0.0,1.0
-0.3783963797503647,-1.7273789719806567,-1.2251371051984103,2,1,0,0.3396930075848142,0,0.0,0.0,1.0,0.0
-0.476024389643706,1.378250866752036,-1.2251371051984103,2,1,0,-0.8759155735178431,4,0.0,0.0,1.0,1.0
-0.476024389643706,1.7233208488334462,0.3303612027433096,1,1,1,-0.7104702023088038,4,0.0,0.0,1.0,1.0
0.003935819113316791,-1.0372390078178362,0.4481327400306574,1,1,0,-1.606583250623394,2,0.0,1.0,0.0,1.0
-0.8665364292170712,-1.3823089898992464,0.7300361911377548,1,1,0,0.0380576443045093,2,0.0,1.0,0.0,1.0
0.3049996895030243,0.6881109025892154,0.6162727537233319,1,1,1,-0.366421743836975,1,1.0,0.0,0.0,1.0
0.10974366971634174,1.378250866752036,-1.2251371051984103,2,1,0,0.21031845800755142,1,1.0,0.0,0.0,1.0
-0.9641644391104125,-0.6921690257364259,1.3196966816731233,1,1,0,-1.6997575053481788,0,0.0,0.0,1.0,1.0
-1.2570484687904364,-0.6921690257364259,0.6402815087869619,1,1,0,0.9952007839807898,0,0.0,0.0,1.0,0.0
-0.2807683698570234,1.378250866752036,-0.28790004389582513,2,1,0,-1.0372740111406387,3,0.0,1.0,0.0,1.0
0.5978837191830482,-1.3823089898992464,0.7582666684525577,1,0,0,0.1827596305211416,2,0.0,1.0,0.0,1.0
1.2812797884364373,-0.6921690257364259,0.5477201324178402,1,1,0,0.8409710305149833,0,0.0,1.0,0.0,1.0
0.012115659823000443,1.378250866752036,-1.2251371051984103,1,1,0,-0.8947563634538992,1,1.0,0.0,0.0,1.0
0.6955117290763895,1.378250866752036,0.8104201318461662,2,1,0,-0.39979346647268454,2,0.0,0.0,1.0,1.0
-0.6712804094303886,-0.002029061573605259,-1.2251371051984103,2,1,0,-0.715751978816195,1,1.0,0.0,0.0,1.0
1.8670478477964851,-1.3823089898992464,0.8967312534629545,1,1,0,-1.65812490396693,2,0.0,1.0,0.0,1.0
0.4026276993963656,-1.3823089898992464,0.4384032408062298,1,1,1,1.6231248475804634,3,0.0,0.0,1.0,0.0
0.6955117290763895,0.6881109025892154,1.3640315660228561,1,1,1,1.2646724933056368,2,0.0,1.0,0.0,0.0
-0.476024389643706,-1.0372390078178362,1.246893695115929,2,0,0,-0.379699187815244,3,1.0,0.0,0.0,1.0
-0.9641644391104125,-0.34709904365501554,0.41846947262234685,2,0,0,-1.378415064910514,2,0.0,1.0,0.0,0.0
0.20737167960968303,-0.6921690257364259,1.1799252397614897,2,1,0,-0.4995625023422126,3,1.0,0.0,0.0,0.0
2.4528159071565327,-1.0372390078178362,1.1043594037789555,1,0,1,1.4930023465212472,4,1.0,0.0,0.0,1.0
0.20737167960968303,1.378250866752036,-1.2251371051984103,2,1,1,0.9642076097060253,1,0.0,0.0,1.0,0.0
-0.18314035996368214,0.6881109025892154,-0.11126282006852621,1,1,1,-0.4916449712639355,3,1.0,0.0,0.0,0.0
2.940955956623239,-1.0372390078178362,1.767386459909862,2,0,1,0.09604615911860036,1,0.0,1.0,0.0,1.0
1.5741638181164612,1.7233208488334462,0.6560437999831698,1,1,0,-0.07723112378083315,4,1.0,0.0,0.0,0.0
-0.476024389643706,-1.7273789719806567,-1.2251371051984103,1,0,0,-0.006868171093604871,2,0.0,0.0,1.0,1.0
0.10974366971634174,-0.002029061573605259,1.0721614708489615,1,1,1,1.5527768608837997,2,1.0,0.0,0.0,0.0
0.7931397389697308,-0.34709904365501554,0.36468415828239187,1,1,0,1.673586165232988,1,0.0,1.0,0.0,1.0
-0.3783963797503647,-1.0372390078178362,-1.2251371051984103,2,1,1,-0.11405041896400173,0,1.0,0.0,0.0,0.0
2.6480719269432154,-1.0372390078178362,-1.2251371051984103,2,0,1,1.3870196401969428,1,0.0,0.0,1.0,1.0
0.9883957587564134,-0.002029061573605259,0.5371683070497301,3,0,1,1.519402701924045,2,0.0,0.0,1.0,0.0
0.10974366971634174,1.7233208488334462,-0.49851938755758607,2,1,0,-1.4208401676991187,1,0.0,1.0,0.0,1.0
-1.3546764786837777,-0.6921690257364259,0.242517440573069,1,0,0,-1.2524149981593469,4,1.0,0.0,0.0,0.0
-0.476024389643706,1.0331808846706256,0.47882795554183005,2,0,1,1.4249559899549504,2,1.0,0.0,0.0,1.0
-0.18314035996368214,1.0331808846706256,-1.2251371051984103,3,1,0,-0.49841917027231175,3,0.0,0.0,1.0,0.0
2.940955956623239,-0.002029061573605259,0.1516184783519758,3,0,0,1.6073392079974025,1,0.0,1.0,0.0,0.0
0.4026276993963656,0.6881109025892154,1.0192637694918838,2,1,0,-1.6990020708709428,2,1.0,0.0,0.0,0.0
0.003935819113316791,-1.0372390078178362,0.34317326488501715,2,0,1,-1.200666953364532,3,0.0,1.0,0.0,0.0
1.47653580822312,-0.6921690257364259,0.9918626590583237,1,1,1,-0.5252592821653135,0,1.0,0.0,0.0,0.0
0.3049996895030243,-1.3823089898992464,-1.2251371051984103,1,1,1,-0.2914875511478964,1,0.0,0.0,1.0,0.0
-1.159420458897095,0.6881109025892154,0.4526175298397626,1,1,1,1.1660913394314119,1,0.0,1.0,0.0,0.0
1.2812797884364373,-1.3823089898992464,-1.2251371051984103,1,0,0,-0.6403178176283607,0,1.0,0.0,0.0,1.0
-0.476024389643706,-1.3823089898992464,-1.2251371051984103,2,1,0,1.1599606780173273,3,1.0,0.0,0.0,0.0
0.10974366971634174,-1.0372390078178362,1.3451348664782434,1,0,1,-1.684977371503305,4,0.0,0.0,1.0,1.0
0.5002557092897069,0.6881109025892154,-1.2251371051984103,2,1,0,-1.2289208292964795,2,1.0,0.0,0.0,0.0
-0.7689084193237299,-0.34709904365501554,0.332437100206239,2,0,0,-0.9075789109282532,3,0.0,1.0,0.0,1.0
-1.2570484687904364,-0.34709904365501554,-1.2251371051984103,2,1,1,1.1599932203456487,4,0.0,0.0,1.0,1.0
-0.2807683698570234,-1.0372390078178362,-1.2251371051984103,2,1,1,0.11482517083778959,3,0.0,0.0,1.0,0.0
0.012115659823000443,0.6881109025892154,1.4534730955689814,2,0,1,0.6814380956948148,4,0.0,1.0,0.0,0.0
-1.0617924490037538,-1.0372390078178362,1.5260672602508094,2,1,1,-1.580152615193174,0,0.0,1.0,0.0,0.0
0.003935819113316791,-0.34709904365501554,-1.2251371051984103,2,0,1,0.39918891089045483,4,1.0,0.0,0.0,0.0
-0.9641644391104125,0.6881109025892154,-1.2251371051984103,2,1,1,0.719183716084693,4,1.0,0.0,0.0,1.0
0.20737167960968303,-0.002029061573605259,-1.2251371051984103,1,0,0,-1.1108163667071804,2,1.0,0.0,0.0,0.0
0.012115659823000443,0.6881109025892154,0.8559074569210992,2,0,0,-0.7835068466127683,4,0.0,0.0,1.0,0.0
-0.2807683698570234,-0.34709904365501554,1.5332606538026883,1,1,1,-0.24187894691127984,4,1.0,0.0,0.0,1.0
0.012115659823000443,-0.002029061573605259,0.6439194898876867,1,1,0,0.41197265120322785,3,0.0,1.0,0.0,0.0
0.6955117290763895,-0.002029061573605259,0.6604593025340117,1,1,0,0.06329361083672765,3,0.0,1.0,0.0,1.0
-0.6712804094303886,-1.0372390078178362,-1.2251371051984103,2,1,0,-0.7961806042972036,2,1.0,0.0,0.0,0.0
-0.8665364292170712,1.0331808846706256,-1.2251371051984103,2,1,0,0.0030889112570067073,4,1.0,0.0,0.0,0.0
-0.8665364292170712,-0.6921690257364259,-1.2251371051984103,2,1,0,0.7850413835424446,0,0.0,0.0,1.0,1.0
0.10974366971634174,-1.3823089898992464,0.263845114777115,2,1,0,-0.49621342689544823,3,0.0,1.0,0.0,1.0
-0.08551235007034085,-0.6921690257364259,0.8645029173480412,1,1,1,0.9504815340571011,3,1.0,0.0,0.0,1.0
-0.5736523995370473,-0.002029061573605259,-1.2251371051984103,2,1,0,1.0549763424822194,0,0.0,0.0,1.0,1.0
-0.7689084193237299,1.378250866752036,-1.2251371051984103,2,1,1,-1.316148191049465,4,1.0,0.0,0.0,1.0
0.8907677488630721,0.34304092050780505,1.652800536334994,1,1,0,1.6219094699280756,1,0.0,0.0,1.0,1.0
0.003935819113316791,1.378250866752036,1.1655962187090774,1,1,1,0.8010645647199367,3,1.0,0.0,0.0,1.0
-0.476024389643706,-1.0372390078178362,-1.2251371051984103,2,0,0,-0.8433246927387007,4,1.0,0.0,0.0,0.0
0.10974366971634174,1.378250866752036,0.852846496266788,1,0,0,-1.4337173584413494,0,1.0,0.0,0.0,0.0
0.003935819113316791,-1.7273789719806567,-0.30049272305582636,1,1,0,1.695411278101575,3,0.0,0.0,1.0,0.0
0.003935819113316791,-0.6921690257364259,0.5302213393124589,1,1,1,-0.20862312369087543,2,0.0,1.0,0.0,0.0
-0.476024389643706,1.7233208488334462,-1.2251371051984103,2,0,1,1.0648869606528213,1,0.0,0.0,1.0,1.0
-0.18314035996368214,-0.34709904365501554,-1.2251371051984103,2,0,0,1.0995398416901456,2,1.0,0.0,0.0,1.0
0.3049996895030243,-1.3823089898992464,-1.2251371051984103,2,1,1,-1.6464540416734896,2,1.0,0.0,0.0,0.0
-1.3546764786837777,1.378250866752036,-1.2251371051984103,2,1,1,-1.603651482680986,2,0.0,0.0,1.0,1.0
1.5741638181164612,1.7233208488334462,-1.2251371051984103,4,1,1,-0.8868334376580929,4,1.0,0.0,0.0,0.0
0.012115659823000443,-1.7273789719806567,1.246159538208512,1,1,0,1.2379924827070503,2,0.0,1.0,0.0,1.0
-1.2570484687904364,-1.3823089898992464,0.88137556486085,1,1,0,-0.6254978324830291,0,0.0,0.0,1.0,1.0
-0.08551235007034085,-1.3823089898992464,-1.2251371051984103,2,1,0,-1.3860024740806325,4,1.0,0.0,0.0,0.0
0.10974366971634174,-1.3823089898992464,-1.2251371051984103,2,1,1,0.03772874055837328,1,1.0,0.0,0.0,1.0
-0.2807683698570234,-1.0372390078178362,0.05422731603329708,1,0,1,1.2833098501838978,0,1.0,0.0,0.0,0.0
0.003935819113316791,-0.34709904365501554,-0.27325642988788074,1,1,0,1.1061720378113011,2,1.0,0.0,0.0,1.0
0.012115659823000443,1.7233208488334462,0.4601231160957332,2,1,0,0.6550549685834812,1,0.0,0.0,1.0,1.0
0.4026276993963656,-1.3823089898992464,-1.2251371051984103,2,1,1,-0.8337130463331048,0,1.0,0.0,0.0,1.0
0.20737167960968303,-0.6921690257364259,0.7506705127088805,1,1,1,1.3721375287884519,1,1.0,0.0,0.0,0.0
0.3049996895030243,0.6881109025892154,-1.2251371051984103,2,0,1,-0.4851565182614617,3,1.0,0.0,0.0,0.0
1.7694198379031438,0.34304092050780505,-1.2251371051984103,2,1,1,-0.48687377866721226,1,0.0,0.0,1.0,1.0
0.5978837191830482,-1.0372390078178362,-1.2251371051984103,2,1,0,-0.3985791329591734,0,1.0,0.0,0.0,1.0
2.0623038675831675,1.378250866752036,0.6297871294366727,2,0,0,0.9949347025903973,3,0.0,1.0,0.0,1.0
-0.7689084193237299,0.34304092050780505,1.532362479713471,1,0,1,-0.9561031769414983,2,1.0,0.0,0.0,0.0
-0.08551235007034085,-1.3823089898992464,1.68822168691671,1,1,0,-0.8853606797726179,3,1.0,0.0,0.0,0.0
0.6955117290763895,-0.002029061573605259,0.5193600415252236,2,1,1,-1.1607164597135209,2,0.0,1.0,0.0,1.0
-0.2807683698570234,0.34304092050780505,-1.2251371051984103,2,1,1,-0.9060607330016451,1,1.0,0.0,0.0,1.0
0.003935819113316791,-0.34709904365501554,0.022188599782222037,1,1,1,0.36147966133811255,3,0.0,1.0,0.0,0.0
0.003935819113316791,-1.3823089898992464,0.9500683608504956,2,1,1,0.17716617855907865,1,0.0,0.0,1.0,1.0
0.003935819113316791,-0.6921690257364259,0.9157894099211648,1,1,1,-1.1445918230418504,2,1.0,0.0,0.0,0.0
-0.9641644391104125,0.6881109025892154,-1.2251371051984103,2,1,0,-1.3424542259070746,4,0.0,0.0,1.0,0.0
0.5978837191830482,-1.3823089898992464,-1.2251371051984103,1,0,0,0.44479776713702573,1,0.0,0.0,1.0,0.0
-0.2807683698570234,1.0331808846706256,1.155100879258212,2,1,0,-0.14876855868111494,3,1.0,0.0,0.0,0.0
-0.476024389643706,-0.002029061573605259,-1.2251371051984103,2,1,1,0.04401219429473731,2,1.0,0.0,0.0,1.0
0.012115659823000443,-0.6921690257364259,-1.2251371051984103,2,1,1,-0.28199041197243685,4,1.0,0.0,0.0,0.0
0.4026276993963656,0.34304092050780505,0.980278405537063,2,1,0,1.2560684409159808,3,1.0,0.0,0.0,0.0
-1.159420458897095,0.34304092050780505,-1.2251371051984103,1,1,1,-0.7449434914593491,4,1.0,0.0,0.0,0.0
0.3049996895030243,-0.6921690257364259,-1.2251371051984103,2,1,0,-1.1205371256253833,2,0.0,0.0,1.0,0.0
-1.2570484687904364,0.6881109025892154,-1.2251371051984103,2,1,1,-1.6309952175588116,2,0.0,0.0,1.0,1.0
-0.8665364292170712,-0.6921690257364259,1.4192551110262517,1,0,0,0.5993795694273996,4,1.0,0.0,0.0,1.0
-0.9641644391104125,-0.002029061573605259,-1.2251371051984103,2,1,0,1.6346093310844265,1,1.0,0.0,0.0,1.0
0.012115659823000443,1.378250866752036,-1.2251371051984103,1,1,0,-0.33787655315844994,3,1.0,0.0,0.0,1.0
-0.3783963797503647,-0.6921690257364259,0.444739904610439,1,1,0,-0.10233796513864261,1,0.0,1.0,0.0,1.0
-0.3783963797503647,-1.7273789719806567,0.9508372413954254,2,1,0,1.503548845267712,1,1.0,0.0,0.0,0.0
-0.3783963797503647,-0.002029061573605259,-1.2251371051984103,2,1,1,-0.3825427260225773,3,1.0,0.0,0.0,1.0
0.4026276993963656,-0.002029061573605259,-1.2251371051984103,2,1,0,-1.2361460962995563,2,0.0,0.0,1.0,1.0
2.6480719269432154,-1.3823089898992464,0.9485691638004542,1,1,0,1.4524142320629123,1,1.0,0.0,0.0,0.0
-1.3546764786837777,0.6881109025892154,-1.2251371051984103,2,1,1,1.663630301044399,2,1.0,0.0,0.0,1.0
0.5002557092897069,-0.34709904365501554,0.49867435457326065,2,1,0,0.9168468624476288,3,0.0,0.0,1.0,1.0
-0.2807683698570234,0.34304092050780505,0.4741145017787799,1,1,0,0.8561253141239801,0,1.0,0.0,0.0,1.0
-1.3546764786837777,-0.6921690257364259,0.4523792648800538,1,0,0,-0.4954130944465175,4,0.0,0.0,1.0,0.0
0.3049996895030243,-0.6921690257364259,1.280013964666314,1,1,1,1.31029822979738,4,1.0,0.0,0.0,0.0
-0.7689084193237299,-1.3823089898992464,0.2703870800879101,2,0,0,1.259982569518144,4,0.0,1.0,0.0,0.0
0.6955117290763895,0.6881109025892154,-1.2251371051984103,1,1,1,0.1510178086718388,0,1.0,0.0,0.0,0.0
-0.476024389643706,1.0331808846706256,0.7324828474399354,2,1,0,1.524552742909836,3,1.0,0.0,0.0,0.0
-0.08551235007034085,0.6881109025892154,-1.2251371051984103,1,1,0,1.121135244005876,1,1.0,0.0,0.0,0.0
-1.745188518257143,1.378250866752036,-1.2251371051984103,2,0,0,0.9484828782241008,1,0.0,0.0,1.0,1.0
0.5978837191830482,0.34304092050780505,-1.2251371051984103,1,1,1,0.6501490820716741,3,1.0,0.0,0.0,0.0
-0.18314035996368214,-0.002029061573605259,-1.2251371051984103,2,1,1,0.36728576958471415,0,1.0,0.0,0.0,1.0
-0.5736523995370473,-0.6921690257364259,-1.2251371051984103,1,1,1,-1.6134173135940297,3,1.0,0.0,0.0,1.0
-0.7689084193237299,1.0331808846706256,-1.2251371051984103,2,0,1,0.5440812784289248,3,0.0,0.0,1.0,0.0
-1.0617924490037538,0.34304092050780505,-1.2251371051984103,1,1,1,1.1140112584738315,4,1.0,0.0,0.0,0.0
-0.18314035996368214,1.7233208488334462,0.7559709079576338,1,1,0,-0.3237298635653934,3,1.0,0.0,0.0,0.0
-0.8665364292170712,0.34304092050780505,-1.2251371051984103,2,0,1,-0.6346740729770738,4,0.0,0.0,1.0,1.0
-0.2807683698570234,-0.002029061573605259,-0.1627435729916071,1,1,0,-1.2055081032659891,2,1.0,0.0,0.0,0.0
0.3049996895030243,0.6881109025892154,0.7979289033137374,1,1,0,-1.0537002299245068,4,0.0,1.0,0.0,1.0
-0.08551235007034085,-0.6921690257364259,0.6380924794727805,1,1,0,-0.43166528361212675,0,1.0,0.0,0.0,1.0
0.5978837191830482,-0.002029061573605259,0.6772469811458098,1,0,0,-0.8482380622457908,2,0.0,1.0,0.0,0.0
-0.476024389643706,-1.0372390078178362,-1.2251371051984103,2,1,0,1.109970266998159,4,1.0,0.0,0.0,1.0
-0.476024389643706,-0.002029061573605259,0.5983907204712061,1,0,1,-1.1877697499604996,4,1.0,0.0,0.0,1.0
-1.745188518257143,1.7233208488334462,-1.2251371051984103,2,0,1,0.6172909017401161,1,1.0,0.0,0.0,1.0
-0.6712804094303886,0.34304092050780505,1.746602682682344,1,1,1,0.036944592262030354,4,1.0,0.0,0.0,1.0
-0.9641644391104125,1.0331808846706256,-1.2251371051984103,2,1,1,1.5519194488429473,0,1.0,0.0,0.0,0.0
2.5504439170498743,0.34304092050780505,0.8466372058057139,1,1,1,-0.2645160517795866,2,0.0,1.0,0.0,1.0
1.2812797884364373,-0.002029061573605259,1.0914686133899836,1,0,0,-0.03614391093947295,1,0.0,0.0,1.0,0.0
2.4528159071565327,-0.6921690257364259,1.009710928773513,1,0,1,0.010712517241514723,0,1.0,0.0,0.0,0.0
-0.18314035996368214,-1.3823089898992464,0.21016269121559691,2,1,1,1.6149408870655015,2,0.0,1.0,0.0,1.0
0.10974366971634174,1.378250866752036,1.009102385024841,1,1,0,-0.11618777124444642,2,1.0,0.0,0.0,0.0
-1.8428165281504842,0.34304092050780505,-1.2251371051984103,2,1,0,1.6550775854828437,3,1.0,0.0,0.0,1.0
-0.2807683698570234,0.34304092050780505,-1.2251371051984103,2,1,0,0.7132293401176111,4,0.0,0.0,1.0,0.0
0.10974366971634174,0.6881109025892154,0.5095620551263466,1,1,1,-0.2905895917140018,0,0.0,1.0,0.0,1.0
-0.3783963797503647,0.34304092050780505,-1.2251371051984103,2,1,0,-1.7209890252654065,2,1.0,0.0,0.0,1.0
-0.476024389643706,-0.6921690257364259,-1.2251371051984103,2,1,1,0.07525509178416101,0,1.0,0.0,0.0,1.0
-0.3783963797503647,-0.6921690257364259,1.2821191451968235,1,1,0,1.7218065868331356,0,1.0,0.0,0.0,1.0
0.6955117290763895,-0.002029061573605259,0.7570415801170773,1,1,1,1.3480621226175988,2,1.0,0.0,0.0,1.0
0.5002557092897069,1.0331808846706256,0.5018601283025033,1,0,1,-1.4444662461067326,4,0.0,1.0,0.0,0.0
0.4026276993963656,-1.3823089898992464,0.4724234446302221,2,1,0,-1.2787029346097616,2,1.0,0.0,0.0,1.0
-0.2807683698570234,-1.7273789719806567,-1.2251371051984103,2,1,0,-0.04545310511714078,0,1.0,0.0,0.0,0.0
-0.5736523995370473,-0.34709904365501554,0.5603636969083904,1,0,0,0.23603873095537622,1,1.0,0.0,0.0,1.0
0.9883957587564134,0.6881109025892154,0.05501667872385681,1,0,0,0.6056106421967863,0,1.0,0.0,0.0,1.0
0.3049996895030243,-0.34709904365501554,-0.18918666306668744,1,1,1,0.11244662247684499,1,1.0,0.0,0.0,0.0
-0.7689084193237299,-1.3823089898992464,-1.2251371051984103,2,1,0,-1.6632658957491235,3,1.0,0.0,0.0,0.0
0.7931397389697308,1.378250866752036,0.9794796018575019,2,1,0,0.8966238066620716,2,0.0,1.0,0.0,1.0
-1.6475605083638016,-0.6921690257364259,-1.2251371051984103,1,1,1,0.7658064311804639,4,0.0,0.0,1.0,1.0
0.10974366971634174,0.34304092050780505,0.7716829538903434,1,1,0,-0.6050334065938263,4,1.0,0.0,0.0,1.0
-0.2807683698570234,-0.002029061573605259,-0.0538945703942265,1,1,1,-0.19415536139325748,4,0.0,1.0,0.0,1.0
0.003935819113316791,0.6881109025892154,-1.2251371051984103,2,1,1,-0.2946190976620315,4,1.0,0.0,0.0,1.0
0.003935819113316791,-1.0372390078178362,0.9062876145501053,1,0,0,-0.5037213074877972,2,0.0,1.0,0.0,0.0
-0.476024389643706,0.6881109025892154,-1.2251371051984103,2,0,1,-0.0013121341079540877,2,1.0,0.0,0.0,1.0
-1.3546764786837777,0.6881109025892154,1.4217550529104221,1,1,1,-1.13288702623492,1,0.0,1.0,0.0,1.0
1.7694198379031438,-1.0372390078178362,-1.2251371051984103,3,1,0,-0.5869240359408439,1,0.0,0.0,1.0,0.0
-1.8428165281504842,1.0331808846706256,-1.2251371051984103,1,1,0,0.17181305256178475,2,0.0,0.0,1.0,1.0
-0.2807683698570234,-1.3823089898992464,0.6766789216381093,1,1,1,0.041199806230556475,3,1.0,0.0,0.0,0.0
2.745699936836557,-1.3823089898992464,-1.2251371051984103,2,0,1,0.062057524429953555,4,1.0,0.0,0.0,0.0
0.6955117290763895,-1.3823089898992464,0.627286067435163,2,0,0,0.04474587587871003,3,1.0,0.0,0.0,1.0
-0.5736523995370473,0.34304092050780505,-1.2251371051984103,1,1,0,-0.7295271289923203,3,1.0,0.0,0.0,1.0
0.003935819113316791,1.7233208488334462,0.18215255698307664,1,1,1,1.4296386047703067,3,1.0,0.0,0.0,0.0
0.4026276993963656,-0.34709904365501554,-1.2251371051984103,2,1,1,-0.7242530095033575,3,1.0,0.0,0.0,0.0
-0.2807683698570234,1.0331808846706256,0.5939420944504782,1,0,0,-1.517170158155347,0,0.0,0.0,1.0,0.0
-1.3546764786837777,-0.002029061573605259,-0.3479644160054057,1,1,0,0.5443579752312294,4,0.0,1.0,0.0,1.0
-0.7689084193237299,-1.0372390078178362,0.7221315230755291,2,0,0,-0.32369714721392584,4,0.0,0.0,1.0,0.0
-0.2807683698570234,-1.3823089898992464,0.9433422162457954,1,1,0,-0.24999416828353035,2,0.0,0.0,1.0,0.0
0.5978837191830482,-0.6921690257364259,-0.1267889265229407,1,1,0,1.1767928928010551,1,1.0,0.0,0.0,0.0
-1.6475605083638016,-1.3823089898992464,-0.003910934303271621,1,1,1,1.6428409739414205,0,1.0,0.0,0.0,0.0
-0.7689084193237299,-0.6921690257364259,0.8123796971225892,3,1,1,1.3235168539522657,3,0.0,1.0,0.0,0.0
-0.476024389643706,0.6881109025892154,1.223005912724925,1,1,1,0.597102476560634,1,1.0,0.0,0.0,0.0
0.4026276993963656,-0.6921690257364259,0.6345857121174966,3,1,0,-0.7757180926626079,0,0.0,1.0,0.0,0.0
-0.2807683698570234,-1.0372390078178362,0.36659379832884215,2,1,0,-0.10623782384282515,3,1.0,0.0,0.0,0.0
0.012115659823000443,1.0331808846706256,0.9510980687186797,2,1,0,-1.1950343461945958,1,0.0,1.0,0.0,1.0
-0.476024389643706,-0.34709904365501554,-1.2251371051984103,2,1,1,-0.5857192737003685,0,1.0,0.0,0.0,1.0
0.7931397389697308,0.6881109025892154,-1.2251371051984103,2,0,0,0.20860937668966753,1,1.0,0.0,0.0,0.0
0.10974366971634174,1.378250866752036,-1.2251371051984103,2,1,0,-1.0426857829381697,3,1.0,0.0,0.0,1.0
0.6955117290763895,1.0331808846706256,0.686949277520573,2,0,1,1.1575407121476102,4,0.0,1.0,0.0,0.0
0.10974366971634174,-1.0372390078178362,-1.2251371051984103,4,0,1,0.10084937197420667,1,1.0,0.0,0.0,1.0
0.10974366971634174,-1.3823089898992464,1.0912330687152412,2,1,1,1.1533671150346065,1,0.0,1.0,0.0,1.0
-1.2570484687904364,1.378250866752036,0.46339273860864755,1,1,0,-1.5581522610164606,0,1.0,0.0,0.0,1.0
1.8670478477964851,-1.3823089898992464,0.21537939769744113,1,0,1,-1.6948331723828842,2,1.0,0.0,0.0,0.0
0.8907677488630721,0.34304092050780505,0.5664584153673481,1,1,0,0.19797343004610576,4,0.0,1.0,0.0,0.0
0.7931397389697308,1.378250866752036,0.6373554422636344,1,1,0,-0.6495972538480448,3,0.0,0.0,1.0,0.0
-0.8665364292170712,-1.7273789719806567,0.2304312144671163,1,0,1,-1.2630170102894185,0,1.0,0.0,0.0,1.0
-0.476024389643706,-0.6921690257364259,1.0956007262540266,1,1,1,-1.019060052576848,2,1.0,0.0,0.0,1.0
-0.9641644391104125,0.34304092050780505,0.3551866833639265,1,0,0,0.20574948030660048,4,0.0,0.0,1.0,0.0
1.2812797884364373,1.378250866752036,0.9791859710978881,1,1,0,1.0930821907845318,0,0.0,1.0,0.0,1.0
0.6955117290763895,1.378250866752036,-0.1597005342147221,1,1,0,-0.3763495902990413,4,0.0,0.0,1.0,0.0
-1.5499324984704603,0.34304092050780505,1.4406586331758326,1,1,1,0.9648481889068327,3,1.0,0.0,0.0,1.0
-0.18314035996368214,1.0331808846706256,1.2119767573535836,2,1,1,1.2999993659878208,0,1.0,0.0,0.0,1.0
-0.3783963797503647,-1.3823089898992464,0.4085913178253408,1,0,1,1.1817271450856777,1,1.0,0.0,0.0,0.0
-1.452304488577119,-0.34709904365501554,0.7297660828422621,1,1,0,1.2830293248723788,4,1.0,0.0,0.0,1.0
0.20737167960968303,1.378250866752036,1.3998754808917115,1,1,0,-0.887058623609151,3,0.0,1.0,0.0,1.0
1.183651778543096,-1.0372390078178362,0.2509557645390076,2,0,1,-0.15720380861905028,3,0.0,1.0,0.0,0.0
-1.159420458897095,-0.6921690257364259,0.17883524947486804,1,1,1,0.39532890348673017,0,1.0,0.0,0.0,0.0
1.183651778543096,1.7233208488334462,0.7494926293184061,2,1,1,0.47761905456160936,1,1.0,0.0,0.0,1.0
0.5002557092897069,0.34304092050780505,0.9201452262195076,2,1,1,1.691381076060961,3,1.0,0.0,0.0,0.0
0.20737167960968303,-0.34709904365501554,0.5194744535105776,2,1,1,-0.9964988218002425,3,0.0,1.0,0.0,1.0
0.012115659823000443,-1.3823089898992464,-1.2251371051984103,2,1,0,0.9179667013928058,2,1.0,0.0,0.0,1.0
0.5978837191830482,1.0331808846706256,0.7045240785882524,1,0,0,1.6487720308069247,2,0.0,1.0,0.0,1.0
0.012115659823000443,1.0331808846706256,0.6990967900466523,2,1,1,-1.5700246421130888,0,0.0,1.0,0.0,1.0
0.4026276993963656,-0.6921690257364259,2.1783605519543783,1,1,0,0.25910880541118886,2,0.0,1.0,0.0,1.0
2.0623038675831675,-1.0372390078178362,-1.2251371051984103,1,1,1,1.1508839787628538,4,1.0,0.0,0.0,1.0
0.003935819113316791,-1.0372390078178362,0.8433043766715203,2,0,0,-1.413579399974237,4,0.0,1.0,0.0,0.0
-2.038072547937167,1.0331808846706256,0.9318387711897144,2,1,1,0.2519745525135242,2,0.0,0.0,1.0,1.0
-1.159420458897095,0.6881109025892154,-1.2251371051984103,2,1,0,-1.245248550979653,0,0.0,0.0,1.0,1.0
-0.3783963797503647,-1.0372390078178362,1.4619435829042293,1,1,0,-0.9981078398091167,3,1.0,0.0,0.0,0.0
-0.8665364292170712,0.34304092050780505,0.4950382936736888,1,1,1,1.518398762394173,2,1.0,0.0,0.0,0.0
-0.5736523995370473,0.34304092050780505,-1.2251371051984103,2,1,1,-0.04113350258455636,3,1.0,0.0,0.0,0.0
-1.3546764786837777,1.378250866752036,1.5505048602385627,2,1,1,-0.9745029922253277,1,0.0,1.0,0.0,1.0
-0.5736523995370473,-0.6921690257364259,-1.2251371051984103,2,1,0,-1.2107634282551727,4,0.0,0.0,1.0,1.0
0.003935819113316791,-0.34709904365501554,0.08754440620184274,1,0,0,0.7995827576308644,2,0.0,0.0,1.0,1.0
1.8670478477964851,-0.34709904365501554,0.6104723060910396,1,1,1,-1.1148705839419568,0,1.0,0.0,0.0,0.0
-0.6712804094303886,1.0331808846706256,0.7217745256778728,1,0,1,0.4440872306314846,4,0.0,1.0,0.0,1.0
-0.9641644391104125,0.6881109025892154,0.45830340546993853,1,0,1,0.6632109113719205,1,0.0,1.0,0.0,0.0
0.3049996895030243,1.378250866752036,0.4607369403975753,2,1,1,0.5239809089613705,4,0.0,1.0,0.0,0.0
0.012115659823000443,1.0331808846706256,-1.2251371051984103,2,1,1,-1.1013766551699349,4,0.0,0.0,1.0,1.0
0.003935819113316791,1.7233208488334462,0.9242117322108301,2,1,0,0.8766906734379233,0,1.0,0.0,0.0,0.0
2.745699936836557,0.34304092050780505,0.6536453087265716,1,1,1,-0.9624948730747386,2,0.0,1.0,0.0,1.0
1.183651778543096,-1.3823089898992464,1.141675632881713,1,1,1,-0.8144003056248158,3,0.0,1.0,0.0,1.0
-0.476024389643706,-1.0372390078178362,-1.2251371051984103,2,0,0,1.139180052071654,4,1.0,0.0,0.0,0.0
2.843327946729898,-1.7273789719806567,0.792058368339368,2,1,1,1.471491693477669,2,0.0,1.0,0.0,1.0
-0.18314035996368214,-1.0372390078178362,0.8624579031203191,1,1,0,-1.3645569056936973,1,0.0,0.0,1.0,1.0
-0.2807683698570234,1.378250866752036,-1.2251371051984103,1,1,0,-0.9478981596258579,3,1.0,0.0,0.0,1.0
0.4026276993963656,1.0331808846706256,-1.2251371051984103,1,1,0,-0.06307869142395514,3,1.0,0.0,0.0,1.0
0.8907677488630721,0.34304092050780505,0.3735294048759595,1,1,0,-0.6274629018488315,3,0.0,0.0,1.0,0.0
-1.159420458897095,-0.34709904365501554,-1.2251371051984103,1,1,1,-1.036695384179844,4,0.0,0.0,1.0,1.0
1.9646758576898262,1.0331808846706256,1.2408970669325265,2,1,0,0.014975562251615457,0,0.0,1.0,0.0,0.0
-0.9641644391104125,0.6881109025892154,-1.2251371051984103,2,1,1,-0.15980301832925417,1,1.0,0.0,0.0,1.0
-0.3783963797503647,1.0331808846706256,-1.2251371051984103,1,1,0,-0.006329917502706454,1,0.0,0.0,1.0,1.0
0.9883957587564134,-0.6921690257364259,-1.2251371051984103,2,1,0,-0.8745722888530691,1,1.0,0.0,0.0,1.0
-0.18314035996368214,-1.0372390078178362,0.7238945877673165,2,0,1,-1.344031397680212,2,0.0,1.0,0.0,0.0
-0.3783963797503647,-0.34709904365501554,-1.2251371051984103,1,1,1,0.5726788500744272,0,1.0,0.0,0.0,0.0
4.112492075343335,0.34304092050780505,0.7275338490021429,1,1,1,-0.8630791041918009,3,0.0,1.0,0.0,1.0
-0.3783963797503647,0.34304092050780505,0.9687351163070618,1,0,0,-0.40910614111327437,1,0.0,0.0,1.0,1.0
0.5978837191830482,-0.34709904365501554,-1.2251371051984103,2,0,1,0.359769535881352,1,1.0,0.0,0.0,0.0
-0.476024389643706,-0.6921690257364259,0.3130603503734283,1,0,0,-1.20785062883569,1,1.0,0.0,0.0,0.0
0.6955117290763895,-0.6921690257364259,-1.2251371051984103,2,0,1,0.07871327974353218,3,0.0,0.0,1.0,0.0
0.20737167960968303,-0.6921690257364259,-0.2839133862691062,2,1,1,0.6640124619828737,0,1.0,0.0,0.0,1.0
1.47653580822312,0.34304092050780505,0.4093045125368397,1,1,1,-0.9580717267702225,1,1.0,0.0,0.0,1.0
0.10974366971634174,0.34304092050780505,0.8471198163621154,2,0,1,-0.24851027291670486,2,0.0,1.0,0.0,0.0
1.5741638181164612,0.6881109025892154,-1.2251371051984103,2,1,1,-1.016512701764183,2,0.0,0.0,1.0,1.0
0.9883957587564134,1.0331808846706256,1.34476810805806,2,1,0,0.5028296137144967,4,1.0,0.0,0.0,0.0
0.003935819113316791,-0.002029061573605259,0.878016492977568,2,1,1,-1.685972783899018,4,0.0,1.0,0.0,0.0
-0.476024389643706,-0.6921690257364259,-1.2251371051984103,2,1,1,0.09084217095751716,2,1.0,0.0,0.0,1.0
3.1362119764099217,0.6881109025892154,-1.2251371051984103,2,1,1,0.1472636073409452,1,1.0,0.0,0.0,1.0
0.012115659823000443,-0.6921690257364259,0.6900844859527918,1,1,0,0.6379989600338645,1,0.0,1.0,0.0,1.0
-0.3783963797503647,-0.34709904365501554,0.5484523691241043,1,0,0,0.4531609714924742,4,1.0,0.0,0.0,1.0
-0.9641644391104125,0.6881109025892154,0.9680374432215477,3,1,0,0.04517971558194653,4,0.0,1.0,0.0,0.0
0.20737167960968303,-0.34709904365501554,-1.2251371051984103,2,1,1,1.1167101834467528,2,0.0,0.0,1.0,0.0
0.4026276993963656,0.6881109025892154,0.8936829341328992,1,0,0,-0.5359082805448331,2,1.0,0.0,0.0,1.0
0.003935819113316791,1.0331808846706256,-1.2251371051984103,2,1,1,1.0715457823153305,1,0.0,0.0,1.0,1.0
-0.5736523995370473,-1.3823089898992464,0.7284862687739272,1,1,0,-1.0058266364545434,4,0.0,1.0,0.0,1.0
-0.5736523995370473,-1.3823089898992464,-1.2251371051984103,2,0,0,-0.8179089602965572,2,1.0,0.0,0.0,1.0
-0.6712804094303886,-1.7273789719806567,-1.2251371051984103,2,0,0,1.5103992664140815,1,1.0,0.0,0.0,0.0
-0.9641644391104125,-0.34709904365501554,-1.2251371051984103,2,0,1,-0.8998101696398948,0,1.0,0.0,0.0,0.0
-0.7689084193237299,-0.6921690257364259,-1.2251371051984103,2,0,0,-0.9075555918266753,3,0.0,0.0,1.0,1.0
0.20737167960968303,-0.002029061573605259,0.24082302307249395,1,1,1,-1.2521259457136689,1,1.0,0.0,0.0,1.0
-0.476024389643706,-0.6921690257364259,-1.2251371051984103,2,1,1,-0.9679738178066654,2,1.0,0.0,0.0,0.0
-1.3546764786837777,-1.0372390078178362,-1.2251371051984103,2,1,0,0.40624485337237287,1,1.0,0.0,0.0,0.0
-0.08551235007034085,-0.6921690257364259,-1.2251371051984103,2,0,1,1.1764867860870587,3,1.0,0.0,0.0,0.0
-0.8665364292170712,-0.002029061573605259,-1.2251371051984103,2,0,1,0.8495098242248506,0,0.0,0.0,1.0,0.0
-0.7689084193237299,0.34304092050780505,-1.2251371051984103,1,1,0,0.7976215167742762,0,0.0,0.0,1.0,0.0
-0.08551235007034085,1.0331808846706256,-1.2251371051984103,2,1,0,-0.20395669302810635,2,1.0,0.0,0.0,1.0
0.5002557092897069,1.378250866752036,0.7059712701904056,1,1,0,-0.44451062811862035,4,1.0,0.0,0.0,1.0
0.10974366971634174,0.6881109025892154,0.586394423785909,2,1,0,-1.145110063970947,2,1.0,0.0,0.0,1.0
1.9646758576898262,1.378250866752036,0.7346056298143455,1,0,1,-1.4717565558787042,3,0.0,1.0,0.0,1.0
-0.5736523995370473,-0.002029061573605259,-1.2251371051984103,2,1,0,-0.5933206047221752,4,0.0,0.0,1.0,1.0
-0.9641644391104125,1.378250866752036,0.3594706521358025,2,1,0,-1.5564478783235216,0,0.0,1.0,0.0,0.0
2.25755988736985,-0.6921690257364259,-0.02418745839292741,1,0,0,-1.4391280861000035,0,1.0,0.0,0.0,0.0
0.20737167960968303,0.6881109025892154,1.8217315128858556,2,1,1,0.6609738438287583,4,0.0,1.0,0.0,1.0
-0.2807683698570234,-0.34709904365501554,0.08373184681297693,2,1,0,-0.17876684262960538,4,0.0,1.0,0.0,1.0
-1.159420458897095,-0.002029061573605259,-1.2251371051984103,2,1,0,-1.2152580980727374,1,1.0,0.0,0.0,1.0
1.0860237686497547,0.6881109025892154,0.1878533141721866,1,1,1,1.6629239410943644,2,0.0,1.0,0.0,1.0
-0.08551235007034085,0.34304092050780505,0.532956185804321,1,1,1,0.9442910086807563,2,0.0,0.0,1.0,1.0
0.003935819113316791,0.34304092050780505,-1.2251371051984103,2,1,1,-0.23688117617832954,0,1.0,0.0,0.0,1.0
-0.7689084193237299,0.6881109025892154,1.005417839046161,1,0,1,-1.6403193777270444,0,1.0,0.0,0.0,0.0
-0.18314035996368214,-1.0372390078178362,1.4339897745721906,2,1,1,-0.4943402417507887,3,1.0,0.0,0.0,0.0
-0.9641644391104125,-1.0372390078178362,-1.2251371051984103,1,1,1,0.7656230107844706,3,1.0,0.0,0.0,0.0
1.6717918280098025,1.0331808846706256,0.6870032031696138,2,1,0,-1.2268377722376191,4,1.0,0.0,0.0,1.0
0.20737167960968303,-1.0372390078178362,0.38336611533141784,1,1,1,-1.409008508018679,0,0.0,1.0,0.0,1.0
1.8670478477964851,1.378250866752036,1.7817626859072802,1,0,1,-1.1233951077538433,4,1.0,0.0,0.0,0.0
-0.6712804094303886,-0.34709904365501554,-1.2251371051984103,2,1,1,-0.4780377534238002,4,1.0,0.0,0.0,0.0
0.5002557092897069,-0.34709904365501554,0.5914154297669312,1,1,1,-1.5309569678822612,0,0.0,0.0,1.0,1.0
-0.5736523995370473,0.6881109025892154,0.21404757818121792,1,1,0,0.6292774420205884,2,1.0,0.0,0.0,0.0
2.159931877476509,0.34304092050780505,1.048786702199278,1,1,1,-0.9600072122011871,1,1.0,0.0,0.0,0.0
-0.2807683698570234,-1.3823089898992464,-1.2251371051984103,2,1,0,-0.8161993569092351,4,1.0,0.0,0.0,1.0
0.10974366971634174,-0.34709904365501554,0.2404893881221965,1,1,0,0.7105478174593002,0,1.0,0.0,0.0,1.0
-1.3546764786837777,1.378250866752036,1.3761005103184338,1,1,0,-0.6308426053693101,0,1.0,0.0,0.0,1.0
-0.5736523995370473,0.34304092050780505,0.22397949861050234,2,1,1,-1.0053637348859077,4,0.0,1.0,0.0,0.0
-0.5736523995370473,1.7233208488334462,-0.0155315116296727,1,1,0,-0.6561561862246907,4,0.0,0.0,1.0,0.0
-0.2807683698570234,-1.7273789719806567,0.2814776818961408,1,0,1,0.34384781019803845,1,0.0,0.0,1.0,1.0
-1.5499324984704603,1.7233208488334462,0.343869817853192,1,1,1,0.7345132410018163,4,0.0,0.0,1.0,1.0
-0.8665364292170712,1.378250866752036,1.061664851263994,1,1,0,0.09590450427767201,1,0.0,1.0,0.0,1.0
-1.0617924490037538,1.378250866752036,0.61076337658245,2,0,1,-0.3637047204568589,0,1.0,0.0,0.0,1.0
-0.7689084193237299,-1.3823089898992464,0.5703029781087604,1,1,0,1.4250142877088952,0,1.0,0.0,0.0,0.0
0.003935819113316791,1.378250866752036,1.443568057955836,2,0,1,1.2576191611709107,0,0.0,1.0,0.0,0.0
0.5002557092897069,-0.34709904365501554,-1.2251371051984103,1,0,0,-0.2681110219317955,3,0.0,0.0,1.0,1.0
-0.18314035996368214,-1.3823089898992464,-1.2251371051984103,2,0,0,-1.61709842520356,4,0.0,0.0,1.0,0.0
-1.3546764786837777,-1.7273789719806567,0.02933158805384061,1,1,1,-1.602115206347183,4,1.0,0.0,0.0,1.0
0.6955117290763895,0.34304092050780505,-1.2251371051984103,2,1,0,-0.46850476548024317,0,1.0,0.0,0.0,0.0
-0.9641644391104125,-1.0372390078178362,0.8942887575966044,1,1,1,-1.1172790642840311,1,0.0,0.0,1.0,1.0
0.20737167960968303,-0.34709904365501554,-1.2251371051984103,2,1,1,-1.3130848616086028,4,1.0,0.0,0.0,1.0
0.3049996895030243,1.378250866752036,0.718907345323231,1,1,1,-1.237005074548724,1,0.0,0.0,1.0,1.0
-0.7689084193237299,0.34304092050780505,-1.2251371051984103,2,1,1,-0.5111005849751757,3,1.0,0.0,0.0,1.0
-1.2570484687904364,-1.7273789719806567,-1.2251371051984103,2,0,1,-0.4776860526455247,2,1.0,0.0,0.0,1.0
-0.3783963797503647,-1.3823089898992464,-1.2251371051984103,2,1,0,1.1309960915566923,2,0.0,0.0,1.0,1.0
-1.3546764786837777,-0.34709904365501554,-1.2251371051984103,1,1,1,1.634675981949384,2,0.0,0.0,1.0,0.0
-1.0617924490037538,1.7233208488334462,0.04800394409710252,1,1,1,-0.4471030509261262,2,1.0,0.0,0.0,1.0
0.003935819113316791,0.34304092050780505,-1.2251371051984103,2,0,1,0.4044727756755995,0,1.0,0.0,0.0,1.0
-0.8665364292170712,-0.6921690257364259,-1.2251371051984103,2,0,1,-1.5643434824853895,2,0.0,0.0,1.0,1.0
-0.18314035996368214,1.378250866752036,1.2650370357415972,1,1,1,0.6040178083404997,3,0.0,0.0,1.0,0.0
0.6955117290763895,1.378250866752036,0.5006568022467545,1,1,0,0.679585967350834,1,0.0,1.0,0.0,1.0
-1.0617924490037538,-1.0372390078178362,1.8450166721484091,1,1,0,0.1405839029009034,4,1.0,0.0,0.0,0.0
-0.8665364292170712,1.0331808846706256,-1.2251371051984103,2,1,1,-1.0299834854577732,0,0.0,0.0,1.0,0.0
0.10974366971634174,-1.7273789719806567,1.0200001666339793,1,1,0,1.0482994224125148,1,0.0,1.0,0.0,0.0
-0.2807683698570234,-1.3823089898992464,-1.2251371051984103,2,0,0,0.5701313252386159,2,1.0,0.0,0.0,1.0
0.4026276993963656,0.34304092050780505,0.651901446046312,1,0,0,-0.5512670413505016,3,0.0,0.0,1.0,0.0
0.4026276993963656,1.378250866752036,0.8276291345942389,1,1,0,-1.172613900143188,3,1.0,0.0,0.0,1.0
-0.5736523995370473,0.34304092050780505,-1.2251371051984103,2,1,1,0.44815084511615044,4,1.0,0.0,0.0,0.0
-0.8665364292170712,1.0331808846706256,0.6549681673040816,1,0,0,-0.6682786385822699,2,1.0,0.0,0.0,1.0
-0.3783963797503647,-1.3823089898992464,0.6543959473605497,1,0,1,1.3570664282432932,4,0.0,1.0,0.0,1.0
3.6243520258766284,1.378250866752036,0.9224198645017507,1,1,1,-1.5126805350090196,1,0.0,0.0,1.0,0.0
-1.3546764786837777,1.7233208488334462,-1.2251371051984103,1,0,1,0.16559398738947928,1,1.0,0.0,0.0,1.0
-0.6712804094303886,1.7233208488334462,-1.2251371051984103,2,1,0,0.05060749750891876,2,1.0,0.0,0.0,1.0
-0.3783963797503647,0.6881109025892154,0.22465348921513179,2,1,1,-0.8472163723550162,1,0.0,1.0,0.0,1.0
-0.476024389643706,-0.6921690257364259,0.4559562795941775,1,1,0,-1.5864230171935803,4,1.0,0.0,0.0,1.0
-0.7689084193237299,-1.0372390078178362,0.18560027815291238,2,1,0,0.4742365666707931,2,0.0,0.0,1.0,0.0
-0.5736523995370473,-0.002029061573605259,1.030004254623256,1,0,1,-1.5567767820696574,0,1.0,0.0,0.0,1.0
0.3049996895030243,-0.34709904365501554,-1.2251371051984103,2,1,0,-1.6383795417174272,1,1.0,0.0,0.0,1.0
-0.7689084193237299,1.0331808846706256,0.5704367521224049,1,1,0,-1.2898266681318522,1,1.0,0.0,0.0,1.0
-0.2807683698570234,-0.002029061573605259,-1.2251371051984103,2,1,0,0.08305498321567183,4,0.0,0.0,1.0,1.0
-0.08551235007034085,-0.6921690257364259,1.309100051611448,1,1,1,-1.25559753345529,4,0.0,1.0,0.0,0.0
-0.18314035996368214,-1.7273789719806567,1.3928520251418541,1,0,1,-0.9775920770918132,2,0.0,0.0,1.0,0.0
-1.8428165281504842,-1.7273789719806567,0.9080998043880515,1,1,1,-1.677823976059569,2,0.0,0.0,1.0,0.0
-1.8428165281504842,1.378250866752036,0.4471784000577204,2,0,0,-0.4745959236401626,2,0.0,0.0,1.0,1.0
-0.5736523995370473,-0.002029061573605259,0.8444500966926852,1,1,1,-0.7621227083964076,2,0.0,1.0,0.0,0.0
1.8670478477964851,-1.3823089898992464,1.1693782148962615,1,1,1,0.25723666440540593,1,0.0,1.0,0.0,0.0
-1.745188518257143,-1.3823089898992464,1.11638130314629,2,1,1,1.6443053787158823,0,1.0,0.0,0.0,0.0
-0.3783963797503647,1.0331808846706256,1.175045848615486,2,1,0,-1.0134408451891617,1,0.0,1.0,0.0,1.0
0.3049996895030243,-0.002029061573605259,0.9707255648186923,3,1,0,0.8478033532541583,3,0.0,1.0,0.0,0.0
0.7931397389697308,0.34304092050780505,0.2905877562320308,1,0,1,-0.677447222057886,4,1.0,0.0,0.0,0.0
1.5741638181164612,1.7233208488334462,0.4776903963755643,3,1,1,0.39296949767185707,1,1.0,0.0,0.0,1.0
0.5002557092897069,-1.0372390078178362,0.8156597207250811,1,1,0,0.1395509015056322,0,0.0,1.0,0.0,0.0
0.3049996895030243,-0.6921690257364259,0.0804243003272948,1,1,0,1.528763232929813,2,0.0,0.0,1.0,1.0
-0.8665364292170712,-0.34709904365501554,-1.2251371051984103,2,1,0,-0.8882435472109708,4,1.0,0.0,0.0,1.0
0.10974366971634174,1.7233208488334462,0.9733295175986388,2,1,0,1.2136842335667104,1,0.0,1.0,0.0,0.0
-0.18314035996368214,-0.6921690257364259,-1.2251371051984103,2,1,0,1.1450334946139957,0,0.0,0.0,1.0,1.0
-0.8665364292170712,1.0331808846706256,0.14876297922101314,1,0,0,0.7370009018753674,1,1.0,0.0,0.0,0.0
0.012115659823000443,-1.0372390078178362,1.1524982066123672,1,1,1,1.329741139818954,4,1.0,0.0,0.0,0.0
-0.476024389643706,1.0331808846706256,1.270706429645212,1,1,0,0.9367566765701993,0,1.0,0.0,0.0,1.0
0.003935819113316791,-0.6921690257364259,1.1806888397532496,1,1,1,1.2774083772532314,1,0.0,1.0,0.0,1.0
-0.476024389643706,-1.7273789719806567,1.2045455788922839,1,1,0,0.03341731711365576,1,0.0,0.0,1.0,1.0
0.10974366971634174,0.34304092050780505,-1.2251371051984103,2,1,1,-0.051566364216615465,1,1.0,0.0,0.0,1.0
2.159931877476509,-1.3823089898992464,-1.2251371051984103,1,1,0,-0.6834057745804744,1,1.0,0.0,0.0,0.0
-1.2570484687904364,-0.34709904365501554,-1.2251371051984103,2,1,1,1.4066106439158514,4,1.0,0.0,0.0,0.0
-0.476024389643706,-0.002029061573605259,-1.2251371051984103,2,1,1,-1.7233184990991497,0,1.0,0.0,0.0,0.0
-0.18314035996368214,1.0331808846706256,-1.2251371051984103,3,0,0,0.1810493310412351,4,1.0,0.0,0.0,1.0
-0.08551235007034085,-0.34709904365501554,-1.2251371051984103,2,1,0,1.5540122511979897,3,1.0,0.0,0.0,1.0
0.7931397389697308,1.0331808846706256,-0.018477420231578924,1,1,0,-1.2963269547082612,0,0.0,0.0,1.0,1.0
-1.159420458897095,-0.6921690257364259,-1.2251371051984103,2,1,0,-0.9809792636075743,2,0.0,0.0,1.0,1.0
-0.6712804094303886,1.7233208488334462,1.013100563858477,2,1,0,-1.4792193644762128,0,0.0,1.0,0.0,0.0
-0.7689084193237299,0.34304092050780505,-1.2251371051984103,1,1,1,-1.4606098513013284,2,1.0,0.0,0.0,0.0
-0.9641644391104125,0.34304092050780505,-1.2251371051984103,2,1,1,-0.024031203878075745,3,1.0,0.0,0.0,0.0
-0.3783963797503647,-1.0372390078178362,0.9048737064346006,1,0,1,-0.3553827595870372,0,1.0,0.0,0.0,0.0
1.2812797884364373,1.0331808846706256,-1.2251371051984103,2,1,1,0.3978618103782686,1,0.0,0.0,1.0,1.0
-1.2570484687904364,-0.002029061573605259,0.16859145637501802,1,0,0,0.09947667739774138,3,1.0,0.0,0.0,0.0
-1.6475605083638016,1.0331808846706256,-1.2251371051984103,3,1,0,0.1203088141946612,3,0.0,0.0,1.0,1.0
-0.7689084193237299,-0.34709904365501554,-1.2251371051984103,2,1,1,-1.1711186932718656,4,1.0,0.0,0.0,0.0
-0.6712804094303886,-1.7273789719806567,0.6465615266571639,1,0,0,1.3002155027352813,4,0.0,1.0,0.0,0.0
-1.5499324984704603,0.34304092050780505,-1.2251371051984103,2,0,1,1.6756511238846536,1,0.0,0.0,1.0,0.0
-0.9641644391104125,1.0331808846706256,-1.2251371051984103,2,0,1,-1.1421504523251627,1,1.0,0.0,0.0,1.0
-0.6712804094303886,1.0331808846706256,-1.2251371051984103,2,0,0,-1.0352704826595476,0,1.0,0.0,0.0,1.0
0.20737167960968303,0.34304092050780505,-1.2251371051984103,2,0,0,0.019346153566008117,4,0.0,0.0,1.0,0.0
0.4026276993963656,1.7233208488334462,0.4598634088898183,1,1,1,-0.37306977606442615,4,0.0,1.0,0.0,1.0
-1.452304488577119,1.7233208488334462,-1.2251371051984103,2,1,1,0.9836940255141253,4,1.0,0.0,0.0,1.0
-0.8665364292170712,-0.6921690257364259,0.9249508496378918,1,1,0,-0.5575005504439337,0,0.0,1.0,0.0,1.0
0.8907677488630721,-0.6921690257364259,0.7041595604027476,1,1,0,1.562388681312542,2,0.0,1.0,0.0,0.0
-0.18314035996368214,-1.3823089898992464,0.9311220561094352,1,1,0,1.0812409598310562,0,1.0,0.0,0.0,1.0
-0.6712804094303886,-0.6921690257364259,0.9616478138688741,1,1,1,-1.4999359499041198,2,0.0,0.0,1.0,1.0
0.20737167960968303,1.378250866752036,-1.2251371051984103,2,1,0,0.7848066263183504,2,1.0,0.0,0.0,0.0
0.3049996895030243,-1.3823089898992464,-1.2251371051984103,2,0,1,-0.6058373935288252,1,1.0,0.0,0.0,0.0
-1.0617924490037538,0.34304092050780505,-1.2251371051984103,2,1,0,0.9398929217092791,4,1.0,0.0,0.0,0.0
1.183651778543096,-0.34709904365501554,0.18795284459860628,3,0,0,-1.6448145696140475,3,1.0,0.0,0.0,0.0
-0.5736523995370473,1.0331808846706256,-1.2251371051984103,1,1,1,-0.5328522600761072,0,1.0,0.0,0.0,0.0
-1.3546764786837777,1.378250866752036,1.143798575272886,2,1,0,-0.8359790017185202,1,0.0,0.0,1.0,1.0
0.3049996895030243,-1.0372390078178362,-0.9548113469253017,1,1,1,-0.3981122288581773,3,1.0,0.0,0.0,1.0
5.186400184170089,-0.6921690257364259,0.7192795443133467,1,0,1,1.6564299193512149,4,1.0,0.0,0.0,1.0
-0.2807683698570234,1.7233208488334462,-0.12411232613271338,1,1,0,-1.1712504287934662,2,0.0,1.0,0.0,0.0
-0.6712804094303886,-0.6921690257364259,0.5124346760509215,1,1,1,1.4265665741721394,2,0.0,1.0,0.0,1.0
-1.2570484687904364,-1.0372390078178362,-1.2251371051984103,2,1,1,-0.123968520129886,3,0.0,0.0,1.0,0.0
-0.3783963797503647,0.34304092050780505,0.3524031917761937,2,0,1,0.09984247405085103,4,0.0,1.0,0.0,1.0
-0.08551235007034085,0.34304092050780505,-1.2251371051984103,2,0,0,0.06985724183831836,4,0.0,0.0,1.0,1.0
-0.18314035996368214,-0.002029061573605259,1.2105241251814975,2,0,0,0.34525513538057845,1,0.0,0.0,1.0,1.0
-0.476024389643706,-1.0372390078178362,-1.2251371051984103,1,0,0,1.2844563146704286,4,0.0,0.0,1.0,1.0
-0.18314035996368214,-0.6921690257364259,-1.2251371051984103,2,1,1,1.1118121279765198,3,1.0,0.0,0.0,0.0
-0.08551235007034085,-1.3823089898992464,0.4849910011584743,2,1,0,-1.2363738925978063,4,1.0,0.0,0.0,0.0
0.003935819113316791,-1.7273789719806567,-1.2251371051984103,2,0,0,-1.23541659127109,2,1.0,0.0,0.0,1.0
1.9646758576898262,-0.34709904365501554,0.7395728701630896,1,0,1,0.6923932007883312,3,1.0,0.0,0.0,1.0
0.5002557092897069,0.34304092050780505,1.119088626754962,1,1,0,-0.618234976480394,2,0.0,1.0,0.0,0.0
0.4026276993963656,1.0331808846706256,0.31668521009960887,1,0,0,-1.5691620093778529,4,0.0,1.0,0.0,1.0
0.3049996895030243,0.6881109025892154,-1.2251371051984103,2,1,1,0.36873486032231895,1,1.0,0.0,0.0,1.0
-0.8665364292170712,1.378250866752036,-1.2251371051984103,1,1,1,0.13543525410028126,3,1.0,0.0,0.0,1.0
-0.2807683698570234,-0.6921690257364259,-1.2251371051984103,2,1,1,-1.597878264808998,1,0.0,0.0,1.0,1.0
2.3551878972631917,-0.34709904365501554,0.31316980183913734,3,1,0,0.145369017349315,0,0.0,0.0,1.0,1.0
0.8907677488630721,1.378250866752036,0.5266059205752794,1,1,0,0.9915647443661005,0,0.0,0.0,1.0,1.0
0.4026276993963656,1.0331808846706256,1.0268386430061176,1,1,1,1.152193850983576,1,0.0,1.0,0.0,1.0
0.5002557092897069,1.7233208488334462,0.9743267420639883,1,1,0,1.5516664191885123,4,0.0,1.0,0.0,1.0
0.012115659823000443,0.6881109025892154,-1.2251371051984103,2,1,0,-1.4018697305192156,0,1.0,0.0,0.0,1.0
-0.5736523995370473,-0.34709904365501554,-1.2251371051984103,1,1,1,-0.5655705257981974,3,1.0,0.0,0.0,0.0
0.5978837191830482,-0.6921690257364259,0.4409334258585569,1,0,1,1.281723455184017,3,1.0,0.0,0.0,0.0
0.4026276993963656,-0.002029061573605259,-1.2251371051984103,2,1,1,-0.624117132841843,2,0.0,0.0,1.0,1.0
-0.5736523995370473,-0.34709904365501554,-1.2251371051984103,2,1,1,-1.045536282071347,1,0.0,0.0,1.0,1.0
0.9883957587564134,1.378250866752036,1.0380446169002788,1,0,0,1.2773250201662476,0,0.0,0.0,1.0,0.0
0.003935819113316791,-1.0372390078178362,-0.24392023674259572,1,0,1,1.5013947867652406,1,0.0,1.0,0.0,1.0
1.5741638181164612,0.6881109025892154,-1.2251371051984103,3,1,0,-0.2521383074666734,2,0.0,0.0,1.0,0.0
0.4026276993963656,-1.3823089898992464,0.8677014924183023,1,0,1,0.019411760292089256,4,1.0,0.0,0.0,1.0
-0.476024389643706,0.6881109025892154,1.1741548752805913,2,0,0,0.9792157138722946,2,0.0,0.0,1.0,1.0
-0.476024389643706,0.34304092050780505,0.4780003488449772,1,0,1,0.6546077290979951,4,0.0,1.0,0.0,0.0
-1.159420458897095,1.378250866752036,-1.2251371051984103,2,0,0,0.13275390546511645,2,0.0,0.0,1.0,0.0
-1.452304488577119,-0.6921690257364259,-1.2251371051984103,2,1,0,-0.4174731739779371,0,0.0,0.0,1.0,1.0
-0.6712804094303886,-0.6921690257364259,0.4717753767411553,2,1,1,-1.4346734416060427,4,1.0,0.0,0.0,0.0
-1.745188518257143,-1.3823089898992464,-1.2251371051984103,2,1,0,-0.5942420572807939,1,1.0,0.0,0.0,1.0
0.4026276993963656,1.378250866752036,-1.2251371051984103,2,1,0,-1.432433937738835,4,1.0,0.0,0.0,0.0
-1.6475605083638016,1.0331808846706256,-1.2251371051984103,2,1,0,0.12592140870279542,4,1.0,0.0,0.0,1.0
3.1362119764099217,-0.34709904365501554,-1.2251371051984103,2,0,1,-1.4507611853707392,1,1.0,0.0,0.0,1.0
0.5978837191830482,-1.3823089898992464,-1.2251371051984103,1,1,0,1.434030426908524,3,0.0,0.0,1.0,0.0
0.003935819113316791,0.6881109025892154,0.9616297319746853,1,1,1,0.8406988583144775,1,1.0,0.0,0.0,1.0
0.5002557092897069,1.0331808846706256,-1.2251371051984103,2,1,1,1.4485302094650254,4,0.0,0.0,1.0,1.0
0.4026276993963656,1.378250866752036,0.5618961774450801,1,1,0,1.3651727744350923,2,0.0,1.0,0.0,1.0
0.012115659823000443,1.7233208488334462,1.0912178671227815,1,1,0,-1.34870322306051,0,0.0,1.0,0.0,1.0
0.20737167960968303,-1.7273789719806567,1.00964164151525,1,1,1,1.3203934865259976,0,0.0,1.0,0.0,0.0
-0.5736523995370473,0.6881109025892154,1.5484577657929248,1,1,0,0.8713921907085059,0,0.0,0.0,1.0,0.0
0.4026276993963656,0.6881109025892154,-1.2251371051984103,2,1,0,-1.0503311418159407,3,1.0,0.0,0.0,1.0
3.3314679961966043,-1.3823089898992464,0.5119259827621948,1,0,1,1.1762158320485754,3,0.0,0.0,1.0,1.0
-0.3783963797503647,-0.002029061573605259,0.7683627660804058,1,1,1,-1.4199253280200521,0,0.0,0.0,1.0,0.0
-1.159420458897095,0.6881109025892154,1.7601124179095653,1,1,1,1.2998095067354216,4,1.0,0.0,0.0,0.0
3.233839986303263,0.34304092050780505,0.7747234323990249,2,1,1,-1.6225060204455841,1,0.0,1.0,0.0,0.0
0.012115659823000443,0.34304092050780505,0.8128005412085757,1,0,1,-0.7622654073762126,4,1.0,0.0,0.0,0.0
0.3049996895030243,-0.34709904365501554,0.7929238990089886,1,1,0,0.010771511088043844,2,1.0,0.0,0.0,1.0
0.5002557092897069,0.6881109025892154,0.6023098510240519,1,1,1,-0.3924077501289001,1,0.0,1.0,0.0,1.0
-1.6475605083638016,-1.7273789719806567,0.5822475893796949,1,0,0,0.9545521094676108,3,0.0,1.0,0.0,1.0
-1.0617924490037538,1.0331808846706256,0.6928161321093994,2,1,0,0.4358084275018965,2,0.0,1.0,0.0,1.0
0.10974366971634174,-1.7273789719806567,0.6731910362608278,1,0,1,-0.7021324053326864,2,1.0,0.0,0.0,0.0
0.3049996895030243,1.0331808846706256,0.7267563275520255,2,1,0,-1.6767566921045154,2,0.0,1.0,0.0,0.0
0.9883957587564134,0.6881109025892154,0.5158073493590356,2,0,0,0.7027689828284678,3,0.0,1.0,0.0,0.0
-0.2807683698570234,-1.3823089898992464,-1.2251371051984103,2,0,1,-0.2689024792002747,2,0.0,0.0,1.0,1.0
-1.5499324984704603,-0.002029061573605259,0.5978348222374731,2,0,0,1.6682189433608594,1,1.0,0.0,0.0,0.0
0.6955117290763895,1.0331808846706256,-1.2251371051984103,2,1,1,1.45028123036112,1,0.0,0.0,1.0,0.0
0.003935819113316791,-0.6921690257364259,-1.2251371051984103,2,1,0,0.714718804225112,0,1.0,0.0,0.0,0.0
0.10974366971634174,-1.0372390078178362,-1.2251371051984103,2,1,0,1.7293452695223452,3,0.0,0.0,1.0,0.0
-0.8665364292170712,-1.0372390078178362,-1.2251371051984103,2,0,1,0.5239321824804617,3,1.0,0.0,0.0,1.0
0.003935819113316791,0.34304092050780505,0.7661998194985498,1,1,0,-0.2070563933065042,2,1.0,0.0,0.0,1.0
-0.2807683698570234,-1.3823089898992464,-0.09247013141968936,1,1,0,-1.214676512718459,1,1.0,0.0,0.0,0.0
-0.8665364292170712,-0.6921690257364259,0.45362035489180774,2,1,1,-0.9996980633182116,4,0.0,1.0,0.0,0.0
-0.08551235007034085,-1.0372390078178362,-1.2251371051984103,1,1,1,1.0704007100139687,3,0.0,0.0,1.0,0.0
0.012115659823000443,-0.6921690257364259,0.6901955375861283,1,0,1,-1.2920070041293845,4,0.0,1.0,0.0,1.0
0.10974366971634174,-0.002029061573605259,1.6834607081751283,2,1,1,0.4999413515586147,2,0.0,1.0,0.0,1.0
1.0860237686497547,-1.3823089898992464,0.7190363188339933,2,0,1,0.09887890789087529,4,0.0,1.0,0.0,0.0
-0.2807683698570234,-0.34709904365501554,0.5293959728502843,1,1,1,-0.5244838350262758,1,0.0,1.0,0.0,0.0
-0.2807683698570234,-1.3823089898992464,-1.2251371051984103,2,0,1,-0.4989314944144409,1,0.0,0.0,1.0,1.0
-0.6712804094303886,-1.3823089898992464,0.03155854134078957,1,1,0,-0.6270041768357023,1,1.0,0.0,0.0,0.0
-0.6712804094303886,-0.002029061573605259,-1.2251371051984103,1,1,1,0.8754182161936136,3,1.0,0.0,0.0,0.0
0.20737167960968303,-1.3823089898992464,1.5915427592089537,2,1,0,1.426266732291403,0,1.0,0.0,0.0,0.0
0.7931397389697308,-0.002029061573605259,-1.2251371051984103,2,1,1,0.7823920551661625,3,1.0,0.0,0.0,1.0
-0.7689084193237299,1.0331808846706256,0.5282952175394469,2,1,1,-0.850555876528745,3,1.0,0.0,0.0,1.0
-0.476024389643706,-0.002029061573605259,0.5978128999409789,2,1,0,-1.211328307387425,3,0.0,0.0,1.0,1.0
-0.2807683698570234,1.378250866752036,-1.2251371051984103,2,1,1,-1.6223036315266657,1,1.0,0.0,0.0,0.0
-0.08551235007034085,-0.6921690257364259,-1.2251371051984103,2,1,1,1.1013458539004093,1,1.0,0.0,0.0,0.0
-0.2807683698570234,-1.3823089898992464,1.0490356882820897,1,1,0,-0.36132704221164513,1,1.0,0.0,0.0,1.0
-1.159420458897095,-0.34709904365501554,1.6057757702037265,1,1,0,-0.3444311349564432,0,1.0,0.0,0.0,1.0
-0.08551235007034085,-1.3823089898992464,0.7891163001397672,2,1,1,0.12986024859170525,1,1.0,0.0,0.0,0.0
2.4528159071565327,-1.3823089898992464,-0.21735265362610934,1,1,1,0.9030764108964484,1,0.0,0.0,1.0,0.0
-1.0617924490037538,1.378250866752036,0.9404895974165618,2,1,1,-1.044033070135304,1,0.0,1.0,0.0,0.0
-0.5736523995370473,-1.0372390078178362,0.1096433612022596,1,0,1,-0.4430958199407978,4,0.0,1.0,0.0,0.0
0.5002557092897069,-0.6921690257364259,0.6442219215692512,1,0,0,1.6926136820048128,4,0.0,1.0,0.0,1.0
0.003935819113316791,1.378250866752036,0.4483847664319612,1,1,0,1.3277825093095579,1,1.0,0.0,0.0,1.0
1.0860237686497547,-0.6921690257364259,0.45871480856692404,1,1,1,-1.46349724334148,4,1.0,0.0,0.0,1.0
0.20737167960968303,0.34304092050780505,-1.2251371051984103,3,0,0,-0.770238973907535,1,1.0,0.0,0.0,1.0
-1.3546764786837777,0.34304092050780505,-1.2251371051984103,2,1,0,0.33145161943163826,0,1.0,0.0,0.0,1.0
-0.2807683698570234,-1.7273789719806567,-0.37114156395311465,1,1,1,0.06185809390451868,0,1.0,0.0,0.0,0.0
-1.0617924490037538,-0.6921690257364259,1.2113550922303675,1,0,0,-0.6288712711702482,0,0.0,1.0,0.0,0.0
1.6717918280098025,1.0331808846706256,1.5672530147099657,2,0,1,1.0689074173972537,4,0.0,0.0,1.0,0.0
-0.6712804094303886,-1.0372390078178362,-0.3127685690256172,2,1,1,-1.6440387744287173,0,0.0,1.0,0.0,1.0
-0.2807683698570234,-0.002029061573605259,-1.2251371051984103,2,1,1,0.7860985741550242,3,1.0,0.0,0.0,0.0
0.5002557092897069,-0.34709904365501554,0.2328677897132448,2,0,0,-1.3255463110547918,3,0.0,1.0,0.0,0.0
-0.18314035996368214,1.7233208488334462,-1.2251371051984103,2,1,0,0.19046624554634112,4,0.0,0.0,1.0,0.0
-0.476024389643706,-1.7273789719806567,-1.2251371051984103,2,0,1,-1.6814690648778559,1,1.0,0.0,0.0,1.0
2.0623038675831675,0.6881109025892154,-0.042020846549182644,1,1,0,1.0712532494067304,0,1.0,0.0,0.0,0.0
0.003935819113316791,1.0331808846706256,-1.2251371051984103,2,0,1,0.12679587501196618,1,1.0,0.0,0.0,1.0
-1.745188518257143,1.0331808846706256,-1.2251371051984103,2,1,1,0.16940561635858714,1,1.0,0.0,0.0,0.0
-0.2807683698570234,-0.002029061573605259,1.0463339652601134,1,1,1,1.4750993673195434,3,1.0,0.0,0.0,1.0
-0.8665364292170712,-1.3823089898992464,0.4142779935393305,1,1,0,-1.3716953351468684,3,0.0,1.0,0.0,0.0
1.47653580822312,1.378250866752036,-1.2251371051984103,1,0,1,-0.41344488619193004,0,1.0,0.0,0.0,0.0
0.5002557092897069,-1.0372390078178362,0.5525784013511634,2,1,0,-0.004208401328556995,4,1.0,0.0,0.0,1.0
1.183651778543096,-0.34709904365501554,-1.2251371051984103,2,0,0,0.4038781385853634,4,0.0,0.0,1.0,1.0
-0.3783963797503647,1.378250866752036,0.8157664519058236,2,1,0,-1.738675519673357,0,0.0,1.0,0.0,0.0
-1.0617924490037538,0.6881109025892154,-1.2251371051984103,2,1,0,-0.4594611306235296,1,1.0,0.0,0.0,1.0
0.8907677488630721,1.0331808846706256,-1.2251371051984103,2,0,1,-0.9643316873818624,2,1.0,0.0,0.0,1.0
-0.476024389643706,-0.34709904365501554,1.0533913445636698,1,1,1,-1.5505993084292706,2,0.0,1.0,0.0,1.0
-1.3546764786837777,-1.7273789719806567,-1.2251371051984103,2,1,1,0.015568807156682685,1,1.0,0.0,0.0,0.0
-0.7689084193237299,0.34304092050780505,-1.2251371051984103,2,1,1,-0.08167097630737523,1,0.0,0.0,1.0,0.0
1.0860237686497547,-0.34709904365501554,-1.2251371051984103,2,1,1,-1.731845807281374,4,1.0,0.0,0.0,0.0
-0.476024389643706,0.34304092050780505,0.7159265530670489,2,1,1,-0.7144401923408659,4,0.0,1.0,0.0,1.0
0.3049996895030243,-0.6921690257364259,0.9760595635876192,2,1,1,-0.260254921024093,1,0.0,1.0,0.0,0.0
-0.5736523995370473,1.0331808846706256,0.08183532814107061,2,0,0,-1.1390505780236184,2,0.0,1.0,0.0,1.0
0.5002557092897069,1.378250866752036,0.38092922005176383,2,0,0,-1.1317978153634574,3,0.0,1.0,0.0,1.0
-0.9641644391104125,1.7233208488334462,-1.2251371051984103,2,1,1,-0.5609740524401623,4,0.0,0.0,1.0,1.0
-0.18314035996368214,-0.6921690257364259,0.12695189437675222,1,0,0,-0.3551366908584467,0,1.0,0.0,0.0,1.0
-0.476024389643706,1.378250866752036,0.8890317268905518,1,0,1,0.08752981439458066,3,1.0,0.0,0.0,0.0
-0.18314035996368214,0.6881109025892154,0.4544061972135873,1,0,1,-0.3392704785587399,4,1.0,0.0,0.0,1.0
1.9646758576898262,-1.3823089898992464,0.6784635885928655,1,1,1,0.35570418116522506,4,1.0,0.0,0.0,1.0
-0.6712804094303886,0.34304092050780505,1.3611923886016926,1,1,0,-0.15482891474417398,0,0.0,0.0,1.0,1.0
-0.18314035996368214,1.0331808846706256,-1.2251371051984103,2,1,1,1.4433350964843936,2,0.0,0.0,1.0,0.0
0.8907677488630721,-1.0372390078178362,-1.2251371051984103,2,0,1,0.6540116998225902,0,1.0,0.0,0.0,0.0
1.47653580822312,-1.3823089898992464,0.012662481863227376,1,0,0,0.6580415538169122,1,0.0,1.0,0.0,0.0
-1.159420458897095,1.378250866752036,-1.2251371051984103,2,1,0,-0.06874331885277468,2,1.0,0.0,0.0,0.0
-0.8665364292170712,1.378250866752036,0.5658897157925965,1,1,1,1.3124188758557986,1,0.0,0.0,1.0,1.0
1.0860237686497547,1.0331808846706256,-1.2251371051984103,1,1,0,0.4524962030743584,3,1.0,0.0,0.0,0.0
0.9883957587564134,-0.002029061573605259,1.4625476461835447,1,0,0,0.6929894040868819,2,1.0,0.0,0.0,0.0
0.3049996895030243,0.6881109025892154,1.1915488574063826,2,1,0,0.3306062149878668,0,1.0,0.0,0.0,1.0
0.7931397389697308,-1.7273789719806567,-1.2251371051984103,1,1,1,-1.6364560638835437,2,1.0,0.0,0.0,0.0
0.012115659823000443,-0.34709904365501554,0.5342374400235205,2,1,1,-1.0286661302417686,0,1.0,0.0,0.0,0.0
2.6480719269432154,1.0331808846706256,-1.2251371051984103,2,1,1,0.28484265216440974,0,0.0,0.0,1.0,1.0
-0.6712804094303886,0.34304092050780505,-1.2251371051984103,1,1,1,-0.975509542102391,4,0.0,0.0,1.0,1.0
0.8907677488630721,-1.7273789719806567,0.10759530665604576,2,0,1,-0.9785596457841494,0,0.0,0.0,1.0,1.0
-1.159420458897095,1.0331808846706256,-1.2251371051984103,2,1,1,-1.488270830374501,0,1.0,0.0,0.0,0.0
-0.7689084193237299,-0.002029061573605259,-1.2251371051984103,1,0,0,0.8280637337684772,2,1.0,0.0,0.0,0.0
-0.7689084193237299,-0.002029061573605259,0.7184564180858505,1,1,1,-1.3912705027594816,0,0.0,0.0,1.0,1.0
1.2812797884364373,0.34304092050780505,1.841827538067149,1,1,1,0.5383063203254757,0,1.0,0.0,0.0,0.0
3.233839986303263,-0.6921690257364259,-1.2251371051984103,2,1,1,1.2334957246117326,1,1.0,0.0,0.0,0.0
-0.18314035996368214,-0.6921690257364259,0.2896060533926665,2,1,0,0.36301437146360027,3,0.0,1.0,0.0,1.0
0.003935819113316791,-1.0372390078178362,0.6545585243914861,1,1,0,1.4765496762191714,3,1.0,0.0,0.0,1.0
-0.5736523995370473,-1.3823089898992464,0.5902956324613288,1,0,0,0.7401632504863627,0,1.0,0.0,0.0,0.0
-0.3783963797503647,0.6881109025892154,-0.3860700077987231,1,1,0,1.0558370609628478,4,0.0,1.0,0.0,0.0
-1.0617924490037538,-0.6921690257364259,1.0511597507906016,1,1,0,-0.9629913611105723,4,0.0,0.0,1.0,0.0
0.003935819113316791,-1.0372390078178362,1.196760443351819,1,0,0,1.6839586408333491,3,1.0,0.0,0.0,1.0
0.3049996895030243,-1.3823089898992464,0.3518060092176757,2,0,1,-0.11018762718993935,0,0.0,1.0,0.0,0.0
-0.5736523995370473,-0.6921690257364259,0.9776096459682094,2,1,1,1.240402877303732,1,0.0,1.0,0.0,0.0
0.7931397389697308,-1.0372390078178362,-1.2251371051984103,2,1,1,0.33811148523302426,2,0.0,0.0,1.0,1.0
0.012115659823000443,-0.6921690257364259,-1.2251371051984103,2,1,1,0.7826791933572336,3,1.0,0.0,0.0,0.0
0.003935819113316791,0.6881109025892154,0.4167788955240775,1,1,0,1.0942211722757802,1,0.0,1.0,0.0,1.0
0.3049996895030243,0.34304092050780505,-1.2251371051984103,2,1,0,-1.1416318633497735,0,1.0,0.0,0.0,1.0
-0.2807683698570234,1.0331808846706256,-1.2251371051984103,2,1,0,1.330064822870707,4,1.0,0.0,0.0,1.0
-0.3783963797503647,0.34304092050780505,0.40295088695578085,1,0,0,-0.2644123339845087,4,0.0,1.0,0.0,1.0
1.0860237686497547,-0.6921690257364259,-1.2251371051984103,2,0,0,-0.09448917320307672,3,1.0,0.0,0.0,1.0
-0.7689084193237299,0.34304092050780505,1.0107697596925145,1,0,1,0.6166658105993121,1,0.0,1.0,0.0,1.0
-0.5736523995370473,-1.7273789719806567,0.3440667984881157,1,1,0,-0.8347462217515221,2,1.0,0.0,0.0,1.0
-0.3783963797503647,1.378250866752036,-1.2251371051984103,2,1,1,-0.521649694068832,3,1.0,0.0,0.0,0.0
0.20737167960968303,-1.0372390078178362,0.8765464189783441,2,0,1,-1.6244119219417112,1,0.0,1.0,0.0,1.0
-0.5736523995370473,-0.002029061573605259,0.7883126959573243,1,0,1,0.788658976703647,0,1.0,0.0,0.0,0.0
-0.476024389643706,-0.002029061573605259,0.5722423812730789,2,1,1,-1.4337088313071904,1,1.0,0.0,0.0,0.0
-1.3546764786837777,-0.002029061573605259,-1.2251371051984103,2,0,0,1.574531146331923,0,1.0,0.0,0.0,0.0
0.012115659823000443,-1.7273789719806567,0.1645062284224558,1,0,1,1.0345858764301101,3,1.0,0.0,0.0,1.0
0.20737167960968303,-0.34709904365501554,1.0125430654571164,1,1,1,1.098872114878546,1,0.0,0.0,1.0,0.0
-0.6712804094303886,-0.002029061573605259,0.4150401533802255,1,0,0,0.10281705168720058,3,0.0,1.0,0.0,1.0
-0.7689084193237299,-1.3823089898992464,1.0572066242375024,2,1,1,1.31413074154402,2,0.0,1.0,0.0,1.0
-0.3783963797503647,0.6881109025892154,-0.2895291745572052,2,1,1,1.2543564012046138,3,0.0,1.0,0.0,1.0
-0.9641644391104125,0.6881109025892154,-1.2251371051984103,2,0,1,0.44371882363118326,2,1.0,0.0,0.0,1.0
0.9883957587564134,-0.002029061573605259,-1.2251371051984103,1,1,0,0.8625787884740872,2,0.0,0.0,1.0,1.0
-0.7689084193237299,-1.0372390078178362,-1.2251371051984103,2,1,1,0.20830535825342447,4,1.0,0.0,0.0,0.0
0.003935819113316791,0.34304092050780505,0.8111398872449372,1,1,1,-0.14331571742110374,0,1.0,0.0,0.0,0.0
1.6717918280098025,-0.002029061573605259,0.7584302055840705,1,1,1,-0.6924173891783049,2,0.0,0.0,1.0,1.0
2.159931877476509,-0.002029061573605259,-1.2251371051984103,1,0,0,-1.1962004752966362,1,1.0,0.0,0.0,1.0
-0.9641644391104125,-1.0372390078178362,-1.2251371051984103,2,0,1,-0.035835889970869575,1,1.0,0.0,0.0,1.0
-0.8665364292170712,-1.3823089898992464,-0.19946565985433873,1,1,1,-0.39322583293873326,2,1.0,0.0,0.0,1.0
0.6955117290763895,-1.7273789719806567,0.20041847044899794,1,0,1,-0.21644441996935695,4,0.0,1.0,0.0,0.0
-0.7689084193237299,-1.3823089898992464,-1.2251371051984103,2,1,0,-1.3973750607016509,3,1.0,0.0,0.0,0.0
-0.9641644391104125,1.378250866752036,0.6993545770514145,1,1,1,1.2789110671198365,0,1.0,0.0,0.0,1.0
0.5002557092897069,-0.002029061573605259,-0.05143719296894276,1,1,0,0.9882297647941707,2,1.0,0.0,0.0,1.0
-0.5736523995370473,-1.0372390078178362,-1.2251371051984103,2,1,0,0.9208516571089118,2,1.0,0.0,0.0,0.0
-0.3783963797503647,-1.7273789719806567,-1.2251371051984103,2,1,1,0.958966902661114,1,1.0,0.0,0.0,0.0
0.7931397389697308,-1.3823089898992464,1.013289543655264,1,1,1,-0.08109130520770406,3,0.0,0.0,1.0,1.0
0.10974366971634174,-1.3823089898992464,0.7211342986101799,1,1,1,-1.6901289786974107,2,0.0,0.0,1.0,1.0
0.5002557092897069,-0.34709904365501554,0.8487759898563974,1,0,0,-0.531014923699545,3,1.0,0.0,0.0,0.0
-1.2570484687904364,1.0331808846706256,1.082923878276828,1,1,1,1.4621464765087582,2,0.0,0.0,1.0,1.0
-1.452304488577119,-1.3823089898992464,1.6984499583905746,1,1,1,1.243526418753146,1,1.0,0.0,0.0,1.0
-0.2807683698570234,-0.002029061573605259,-1.2251371051984103,2,1,1,0.9153549620160827,3,0.0,0.0,1.0,0.0
-1.3546764786837777,-0.6921690257364259,-1.2251371051984103,2,1,0,1.378775467673429,2,1.0,0.0,0.0,0.0
3.3314679961966043,0.34304092050780505,0.3311739278812282,1,0,1,0.07552830812354366,2,1.0,0.0,0.0,0.0
-0.08551235007034085,-0.002029061573605259,-1.2251371051984103,2,0,0,-0.11595423218237537,2,1.0,0.0,0.0,0.0
-0.6712804094303886,0.6881109025892154,1.4855404548205857,1,1,0,-0.669002574870061,1,0.0,0.0,1.0,0.0
0.3049996895030243,-1.0372390078178362,-1.2251371051984103,1,0,0,1.0851174994336608,2,0.0,0.0,1.0,0.0
-1.2570484687904364,-0.6921690257364259,1.2841771207823265,1,1,1,0.6455660084958885,0,1.0,0.0,0.0,1.0
-0.5736523995370473,-0.34709904365501554,-1.2251371051984103,2,1,1,-0.46999962430527353,3,1.0,0.0,0.0,0.0
-0.476024389643706,-0.6921690257364259,-1.2251371051984103,2,1,1,-1.6790656312070185,0,1.0,0.0,0.0,0.0
1.7694198379031438,1.0331808846706256,0.6362750090816643,1,1,1,0.30149718931596575,3,0.0,0.0,1.0,1.0
-0.3783963797503647,-0.34709904365501554,0.507351583565959,2,1,0,1.2980454341033691,2,0.0,1.0,0.0,0.0
-1.745188518257143,1.378250866752036,-1.2251371051984103,2,1,1,-1.2886781153675682,3,0.0,0.0,1.0,0.0
0.6955117290763895,0.34304092050780505,1.3639105933502302,1,1,0,1.4368210620794422,0,1.0,0.0,0.0,1.0
0.4026276993963656,-1.0372390078178362,-1.2251371051984103,1,1,1,1.2121655335706643,3,1.0,0.0,0.0,1.0
-0.3783963797503647,-1.0372390078178362,-1.2251371051984103,2,1,0,0.08010041824112436,3,0.0,0.0,1.0,1.0
-0.18314035996368214,-0.34709904365501554,1.0584910787919564,1,1,0,-1.1268715681435555,1,0.0,1.0,0.0,0.0
-0.2807683698570234,1.0331808846706256,1.221507035708409,2,1,0,1.335641568610744,3,0.0,1.0,0.0,1.0
-0.476024389643706,1.378250866752036,-1.2251371051984103,2,1,1,0.2371382091924591,2,1.0,0.0,0.0,1.0
-0.3783963797503647,-0.34709904365501554,-1.2251371051984103,2,0,0,0.4456149798311283,2,1.0,0.0,0.0,0.0
0.8907677488630721,1.0331808846706256,0.6169019396343964,1,1,0,0.6818065026951166,3,0.0,1.0,0.0,0.0
-0.2807683698570234,-0.6921690257364259,-1.2251371051984103,1,1,0,-0.5983373439780507,0,1.0,0.0,0.0,0.0
0.4026276993963656,1.7233208488334462,0.5482150642649719,1,0,0,-0.4788697580853217,3,0.0,1.0,0.0,0.0
0.3049996895030243,0.6881109025892154,0.6515431685145537,3,0,0,-1.0173126861668216,4,1.0,0.0,0.0,0.0
0.10974366971634174,0.34304092050780505,-1.2251371051984103,2,1,0,1.2784673080972722,0,1.0,0.0,0.0,1.0
0.6955117290763895,1.7233208488334462,0.5355447769750454,2,1,1,0.5849972524945188,2,0.0,1.0,0.0,0.0
-0.8665364292170712,-0.6921690257364259,-1.2251371051984103,2,1,0,-0.3008717493015348,1,0.0,0.0,1.0,1.0
0.4026276993963656,-0.34709904365501554,1.026005595739332,1,0,1,-1.396456740559662,1,0.0,1.0,0.0,0.0
1.183651778543096,-0.6921690257364259,0.9541116644112217,1,1,1,-0.5789565602196352,1,1.0,0.0,0.0,0.0
-0.3783963797503647,1.0331808846706256,0.789233112376562,2,1,0,-0.8008633931357064,3,0.0,1.0,0.0,0.0
-0.6712804094303886,1.0331808846706256,-1.2251371051984103,2,1,0,0.6643495448168764,2,0.0,0.0,1.0,0.0
-1.3546764786837777,-1.0372390078178362,1.523479629180661,1,1,0,-1.3510118141167209,2,0.0,1.0,0.0,1.0
-0.476024389643706,-0.002029061573605259,0.934361595470956,1,1,1,0.8975219401191128,1,1.0,0.0,0.0,1.0
0.4026276993963656,-1.3823089898992464,0.30392403328845013,1,0,1,1.7209923325325172,0,0.0,1.0,0.0,1.0
0.20737167960968303,-0.34709904365501554,0.25990998254799597,1,0,1,-0.4635207425758352,4,0.0,1.0,0.0,0.0
0.9883957587564134,-1.3823089898992464,0.27609871841688605,2,1,1,0.558426876477978,0,1.0,0.0,0.0,1.0
-0.6712804094303886,0.6881109025892154,0.1471335285261075,1,1,1,-0.08524575977463604,2,1.0,0.0,0.0,0.0
0.003935819113316791,-1.0372390078178362,0.04515932610600604,2,0,0,1.533375194347852,1,0.0,0.0,1.0,1.0
-1.0617924490037538,-1.3823089898992464,-1.2251371051984103,1,1,0,-1.0445241634536084,3,0.0,0.0,1.0,1.0
-1.3546764786837777,1.7233208488334462,0.8312323920574508,1,1,0,0.36862975034207246,3,0.0,0.0,1.0,0.0
1.5741638181164612,-1.3823089898992464,0.07692041327374023,1,0,1,1.4122763154835476,2,0.0,0.0,1.0,1.0
-0.5736523995370473,0.6881109025892154,1.839553379835194,1,1,1,1.1603727648273006,4,1.0,0.0,0.0,1.0
-0.08551235007034085,0.34304092050780505,-1.2251371051984103,1,1,1,0.9136309147076338,0,0.0,0.0,1.0,1.0
-1.452304488577119,-0.6921690257364259,-1.2251371051984103,2,1,0,1.2671634606189641,4,1.0,0.0,0.0,1.0
-0.7689084193237299,0.34304092050780505,-0.13708344493657715,2,0,0,-0.8744603919701245,4,1.0,0.0,0.0,1.0
-0.7689084193237299,1.378250866752036,0.6495072752423076,1,1,1,0.14436055321764427,0,0.0,1.0,0.0,0.0
-0.3783963797503647,-0.34709904365501554,0.7826941873842589,1,1,1,-0.1497298625401915,2,1.0,0.0,0.0,1.0
0.012115659823000443,1.7233208488334462,0.852604710938299,1,1,1,-0.06847201676799893,1,0.0,1.0,0.0,0.0
0.003935819113316791,-0.34709904365501554,0.4882146988604845,2,1,1,-1.2076325778336223,1,0.0,0.0,1.0,0.0
-0.476024389643706,0.6881109025892154,0.4807014317999028,2,1,1,-1.2876289298197094,2,1.0,0.0,0.0,1.0
-0.8665364292170712,-1.0372390078178362,-1.2251371051984103,2,0,1,-1.2606656095392663,4,0.0,0.0,1.0,1.0
-1.0617924490037538,-0.6921690257364259,0.08097843837663772,2,1,1,0.9816964138200016,2,0.0,1.0,0.0,0.0
1.0860237686497547,-1.3823089898992464,0.034796640551445594,1,1,1,-1.5202761232670048,4,0.0,0.0,1.0,1.0
0.4026276993963656,0.34304092050780505,-1.2251371051984103,2,1,1,0.8540756695091716,1,0.0,0.0,1.0,1.0
0.5978837191830482,-0.6921690257364259,-0.47090209447757414,1,1,1,-0.7507896250295545,2,1.0,0.0,0.0,0.0
0.8907677488630721,-1.0372390078178362,-1.2251371051984103,1,1,0,1.2015562124684558,4,0.0,0.0,1.0,1.0
1.5741638181164612,-1.7273789719806567,-1.2251371051984103,3,0,0,-0.6885902721491938,1,1.0,0.0,0.0,0.0
0.003935819113316791,-1.0372390078178362,0.5794316143891273,2,1,1,0.6784649102436342,0,1.0,0.0,0.0,0.0
-0.3783963797503647,-1.0372390078178362,-1.2251371051984103,3,1,1,-0.10843782445586726,3,1.0,0.0,0.0,1.0
0.20737167960968303,-1.3823089898992464,0.11592913967592,1,0,1,0.21166522313524744,1,0.0,0.0,1.0,0.0
2.25755988736985,1.7233208488334462,0.8188970198519234,2,1,1,-0.2649768650704689,0,1.0,0.0,0.0,1.0
0.20737167960968303,-1.7273789719806567,-1.2251371051984103,2,1,0,-0.5999179962141099,1,0.0,0.0,1.0,1.0
1.6717918280098025,1.0331808846706256,0.7448436623107372,3,0,1,0.5174447736168643,3,0.0,0.0,1.0,0.0
-0.7689084193237299,-1.3823089898992464,0.8379258932425534,1,1,1,-1.6972393904240592,2,0.0,1.0,0.0,0.0
0.4026276993963656,-0.6921690257364259,0.19578518508407672,1,0,0,-0.9531056282498631,3,0.0,0.0,1.0,1.0
0.012115659823000443,1.378250866752036,-1.2251371051984103,2,1,0,-1.4153702721707895,4,1.0,0.0,0.0,1.0
-0.18314035996368214,-0.6921690257364259,0.7868208596783688,2,1,0,0.5959520095417425,2,0.0,1.0,0.0,0.0
-0.476024389643706,-1.3823089898992464,-0.21551118072058303,1,1,1,-1.0395049878736875,2,1.0,0.0,0.0,0.0
-1.0617924490037538,1.0331808846706256,-1.2251371051984103,2,1,1,-0.8312025884274138,4,1.0,0.0,0.0,1.0
2.3551878972631917,-1.3823089898992464,1.420749827606936,2,0,0,0.702680057000809,0,1.0,0.0,0.0,0.0
-0.7689084193237299,0.6881109025892154,0.734257113305114,2,1,1,1.3989724199870706,3,0.0,0.0,1.0,1.0
-0.476024389643706,-0.002029061573605259,-1.2251371051984103,2,0,1,-1.5364068507487887,3,1.0,0.0,0.0,1.0
0.003935819113316791,0.6881109025892154,-1.2251371051984103,2,0,0,-0.07646385572966229,1,1.0,0.0,0.0,0.0
-0.5736523995370473,1.0331808846706256,-1.2251371051984103,2,0,0,-0.15730839652985848,4,0.0,0.0,1.0,1.0
1.7694198379031438,-1.3823089898992464,0.6957541998899319,1,1,0,0.5567212756230161,0,0.0,1.0,0.0,1.0
-0.3783963797503647,-1.0372390078178362,0.041014251884181764,1,1,1,0.4632148107123194,4,1.0,0.0,0.0,0.0
1.183651778543096,1.7233208488334462,-1.2251371051984103,3,1,0,1.2297488322529753,0,1.0,0.0,0.0,1.0
-0.18314035996368214,1.0331808846706256,-1.2251371051984103,1,1,0,0.02532123828747648,0,1.0,0.0,0.0,1.0
0.5978837191830482,-0.34709904365501554,0.20096908812956074,1,1,1,1.7206964931841409,1,0.0,0.0,1.0,0.0
-0.8665364292170712,1.378250866752036,-0.06673719573761604,1,1,0,-0.40551552153971804,0,0.0,1.0,0.0,0.0
1.5741638181164612,0.6881109025892154,0.6757596253362108,1,1,1,-0.09323307413450055,1,1.0,0.0,0.0,1.0
0.7931397389697308,-1.3823089898992464,1.7124432642747742,2,0,1,-1.1543301582978096,2,0.0,1.0,0.0,1.0
-0.18314035996368214,0.34304092050780505,1.4609746814058835,1,1,0,0.2655377424976953,2,0.0,1.0,0.0,0.0
0.3049996895030243,-1.0372390078178362,-1.2251371051984103,2,0,0,1.7334958955800632,3,0.0,0.0,1.0,0.0
0.003935819113316791,-0.002029061573605259,-1.2251371051984103,2,0,0,-0.47699100419998697,4,1.0,0.0,0.0,0.0
0.6955117290763895,1.0331808846706256,-1.2251371051984103,2,1,1,-0.6898341895975425,2,0.0,0.0,1.0,1.0
1.2812797884364373,1.0331808846706256,-1.2251371051984103,2,0,1,1.3547616656962966,1,1.0,0.0,0.0,1.0
-0.08551235007034085,0.6881109025892154,0.33437122281738735,1,0,0,1.5452590609721226,3,1.0,0.0,0.0,1.0
-0.7689084193237299,-0.002029061573605259,0.34476799194240965,1,0,1,0.3413885150973017,1,0.0,0.0,1.0,1.0
0.20737167960968303,-1.0372390078178362,0.9971923373746571,1,1,0,0.5143602133521773,2,0.0,1.0,0.0,0.0
0.4026276993963656,-1.0372390078178362,-1.2251371051984103,2,1,1,1.1298323987786976,3,1.0,0.0,0.0,1.0
-0.3783963797503647,-1.0372390078178362,0.8318542171974295,4,1,0,-0.4333277267268547,4,1.0,0.0,0.0,0.0
0.3049996895030243,-1.3823089898992464,1.1310983648483286,2,1,1,-0.6500897393515181,1,1.0,0.0,0.0,1.0
-0.2807683698570234,-0.6921690257364259,-1.2251371051984103,1,0,0,-0.6131228725404537,4,1.0,0.0,0.0,1.0
-1.159420458897095,1.378250866752036,-1.2251371051984103,2,1,0,0.8783080445578105,2,1.0,0.0,0.0,0.0
0.7931397389697308,-0.002029061573605259,0.45896267453239686,1,0,0,-0.007960688404843463,0,0.0,1.0,0.0,1.0
-0.18314035996368214,0.34304092050780505,0.8407001038580479,1,1,1,-1.3296795347978991,2,1.0,0.0,0.0,0.0
0.20737167960968303,-0.6921690257364259,-1.2251371051984103,2,1,0,0.49618923850547425,4,1.0,0.0,0.0,1.0
-1.5499324984704603,0.6881109025892154,1.2993123062853855,1,0,0,0.8245270613702128,3,1.0,0.0,0.0,1.0
-0.8665364292170712,-0.34709904365501554,-1.2251371051984103,1,0,1,1.0630339621931097,3,1.0,0.0,0.0,1.0
0.9883957587564134,0.34304092050780505,0.4833749918716384,1,1,0,0.4023369896034697,4,1.0,0.0,0.0,1.0
-0.5736523995370473,-1.0372390078178362,-1.2251371051984103,2,1,1,1.0074079856105216,2,0.0,0.0,1.0,1.0
2.6480719269432154,1.0331808846706256,0.758036244314223,1,1,1,-0.6024914504986905,1,0.0,0.0,1.0,1.0
0.7931397389697308,-1.3823089898992464,-1.2251371051984103,1,0,0,0.49602043605375373,0,0.0,0.0,1.0,1.0
1.5741638181164612,0.34304092050780505,0.6278042017128909,1,1,0,1.046694058889709,4,0.0,1.0,0.0,0.0
0.4026276993963656,1.0331808846706256,1.3598805711808108,2,0,1,1.3540349450381677,1,0.0,0.0,1.0,1.0
2.4528159071565327,-0.34709904365501554,-1.2251371051984103,2,1,1,-1.6913981295019447,3,1.0,0.0,0.0,1.0
-1.745188518257143,1.0331808846706256,1.4452717564286497,2,0,1,1.639021687953884,4,1.0,0.0,0.0,0.0
-0.3783963797503647,0.34304092050780505,0.37120356122964165,1,1,1,-1.5103122540136948,0,1.0,0.0,0.0,1.0
-0.2807683698570234,-0.6921690257364259,-1.2251371051984103,2,1,0,1.647190682478281,4,1.0,0.0,0.0,1.0
-0.2807683698570234,0.6881109025892154,-1.2251371051984103,1,0,1,-1.0144496573671244,3,1.0,0.0,0.0,0.0
0.9883957587564134,-0.6921690257364259,-1.2251371051984103,2,1,1,0.7402598333324505,1,1.0,0.0,0.0,1.0
1.8670478477964851,-1.3823089898992464,0.45178320243887504,1,1,1,0.9362772428026841,3,1.0,0.0,0.0,1.0
-0.8665364292170712,1.378250866752036,-1.2251371051984103,2,1,1,-1.0451696153025067,0,1.0,0.0,0.0,0.0
0.20737167960968303,0.6881109025892154,-1.2251371051984103,2,1,0,-0.6975162673591414,1,1.0,0.0,0.0,1.0
-0.2807683698570234,-1.3823089898992464,-1.2251371051984103,1,0,1,0.6108687515563079,0,0.0,0.0,1.0,1.0
-0.5736523995370473,1.0331808846706256,0.7273424689539149,1,0,0,1.081303956209946,3,0.0,0.0,1.0,1.0
-0.9641644391104125,-0.34709904365501554,0.902360003108835,1,1,1,0.8063456451347437,2,1.0,0.0,0.0,1.0
0.20737167960968303,-1.7273789719806567,0.34182880404453814,1,1,0,-0.26763385046517907,1,1.0,0.0,0.0,1.0
-0.2807683698570234,1.7233208488334462,0.4822887980862097,2,0,0,1.7042810638353312,1,0.0,1.0,0.0,1.0
-0.18314035996368214,0.34304092050780505,0.7613201083190205,2,1,0,-0.13144281425503707,3,0.0,0.0,1.0,0.0
-0.18314035996368214,-0.002029061573605259,-1.2251371051984103,2,1,0,-0.30082128258916485,0,1.0,0.0,0.0,1.0
-0.7689084193237299,0.6881109025892154,1.169047780281219,2,1,1,0.07228886725882437,2,0.0,0.0,1.0,1.0
-0.5736523995370473,-1.0372390078178362,0.2869097709406229,1,0,1,0.0258748059152321,4,1.0,0.0,0.0,0.0
-0.18314035996368214,-1.7273789719806567,-1.2251371051984103,2,0,0,0.20404248726647,1,1.0,0.0,0.0,1.0
1.2812797884364373,-1.0372390078178362,-1.2251371051984103,1,1,0,0.643064947840087,0,1.0,0.0,0.0,0.0
0.20737167960968303,-0.002029061573605259,0.3891241585215861,1,0,1,0.5966508864964948,2,0.0,0.0,1.0,1.0
-0.6712804094303886,0.6881109025892154,-1.2251371051984103,2,1,1,-1.3245293197889623,2,0.0,0.0,1.0,1.0
1.7694198379031438,1.0331808846706256,0.2744875096329319,1,1,1,1.388199343104379,4,0.0,1.0,0.0,0.0
-0.5736523995370473,-0.34709904365501554,-0.09636189910610796,1,0,0,-0.20511638327374096,3,0.0,1.0,0.0,0.0
-1.2570484687904364,-0.34709904365501554,1.0404075844355503,2,0,0,-0.03602731543158357,4,1.0,0.0,0.0,0.0
-0.3783963797503647,-1.0372390078178362,0.8897125982159791,1,0,1,1.121336588785918,1,1.0,0.0,0.0,1.0
-0.18314035996368214,-0.6921690257364259,0.34992981267463646,1,0,0,-0.429508092693026,0,1.0,0.0,0.0,1.0
-0.2807683698570234,0.6881109025892154,-1.2251371051984103,1,1,1,-1.0365972351254418,4,1.0,0.0,0.0,1.0
-0.3783963797503647,0.6881109025892154,1.7036056984858179,1,1,1,-0.7718055302687599,1,1.0,0.0,0.0,1.0
-0.2807683698570234,-1.7273789719806567,0.12602155691822517,1,1,1,1.4108052978295336,2,0.0,0.0,1.0,0.0
-0.9641644391104125,-0.002029061573605259,-0.018682241687876643,2,0,1,-0.7911894464438054,2,0.0,1.0,0.0,1.0
1.8670478477964851,1.378250866752036,-1.2251371051984103,1,0,1,1.1880711588768853,2,1.0,0.0,0.0,1.0
1.7694198379031438,-0.6921690257364259,1.5843724080709083,2,1,0,-0.022932421733577412,2,0.0,0.0,1.0,0.0
-1.159420458897095,-0.002029061573605259,0.8587899988849634,2,1,1,1.6018418168119888,1,1.0,0.0,0.0,1.0
0.10974366971634174,-1.0372390078178362,1.6634358904532505,1,1,0,1.3856225823800228,0,1.0,0.0,0.0,1.0
-0.8665364292170712,-0.6921690257364259,0.5526457684082736,2,0,0,0.700802695300643,0,1.0,0.0,0.0,1.0
-0.6712804094303886,-1.3823089898992464,-1.2251371051984103,1,0,1,-0.16031603856396762,2,0.0,0.0,1.0,1.0
-0.7689084193237299,0.34304092050780505,0.2330276464592147,1,1,0,1.3385232178870745,2,1.0,0.0,0.0,1.0
-0.476024389643706,-1.0372390078178362,-1.2251371051984103,2,0,0,1.1312552120212405,2,1.0,0.0,0.0,0.0
-0.7689084193237299,-1.0372390078178362,0.5704452330108296,2,1,1,1.4134367018217664,3,1.0,0.0,0.0,0.0
0.012115659823000443,0.34304092050780505,-1.2251371051984103,2,1,0,1.0468075219809687,3,1.0,0.0,0.0,1.0
0.7931397389697308,0.34304092050780505,1.0522059403853472,1,0,0,-0.0034192063609769147,1,0.0,0.0,1.0,0.0
-1.2570484687904364,0.6881109025892154,0.25672788920429634,2,1,0,1.6067584927588547,0,1.0,0.0,0.0,0.0
0.20737167960968303,-0.34709904365501554,0.6190823280433901,1,0,0,0.6274616845141432,1,0.0,0.0,1.0,1.0
0.4026276993963656,1.378250866752036,0.6413670625053396,2,1,1,-0.6996327368620537,4,0.0,1.0,0.0,0.0
0.10974366971634174,1.378250866752036,-1.2251371051984103,2,0,1,-1.167925716587156,0,1.0,0.0,0.0,0.0
-0.7689084193237299,1.0331808846706256,1.7364252965390279,1,0,0,0.26030747684155076,3,0.0,0.0,1.0,0.0
1.0860237686497547,1.0331808846706256,-1.2251371051984103,2,1,1,-0.740936782543459,1,1.0,0.0,0.0,0.0
2.745699936836557,-0.6921690257364259,1.2382591905988807,1,1,1,-1.617729781177624,1,0.0,0.0,1.0,1.0
-0.2807683698570234,-1.3823089898992464,1.204631667910634,1,1,1,0.6092438974411384,4,1.0,0.0,0.0,0.0
1.5741638181164612,1.0331808846706256,0.6466311339489524,3,1,0,0.37740347529917934,0,1.0,0.0,0.0,0.0
2.0623038675831675,-0.6921690257364259,-1.2251371051984103,2,1,1,-0.11371907889382027,0,0.0,0.0,1.0,1.0
-0.3783963797503647,1.378250866752036,1.1050807593453538,1,1,0,1.0929017287820224,1,0.0,1.0,0.0,0.0
0.003935819113316791,1.7233208488334462,-1.2251371051984103,2,1,0,1.5594812766105883,4,1.0,0.0,0.0,0.0
0.9883957587564134,1.0331808846706256,0.7196699852144144,2,1,0,-0.937255252056452,0,0.0,1.0,0.0,1.0
-0.8665364292170712,-1.3823089898992464,0.8263934851524182,1,1,1,-0.7827449732791265,2,1.0,0.0,0.0,1.0
0.5978837191830482,-1.3823089898992464,-1.2251371051984103,1,1,0,-0.5680019771955575,2,1.0,0.0,0.0,1.0
0.5002557092897069,1.0331808846706256,-1.2251371051984103,2,1,0,0.837196990545434,1,0.0,0.0,1.0,1.0
-0.3783963797503647,0.34304092050780505,0.0595600346681224,1,1,0,-0.4820576880987942,1,0.0,0.0,1.0,1.0
-1.0617924490037538,1.0331808846706256,1.8376288582298097,2,1,0,-0.29829533662347074,2,1.0,0.0,0.0,1.0
0.3049996895030243,0.6881109025892154,0.3722214278573835,1,1,1,-1.1077988053537435,0,1.0,0.0,0.0,1.0
0.012115659823000443,1.0331808846706256,0.9856544887145887,1,1,1,0.17557160447133097,2,0.0,0.0,1.0,1.0
1.2812797884364373,-1.0372390078178362,-1.2251371051984103,2,1,0,-0.7490259004437942,4,0.0,0.0,1.0,1.0
0.5002557092897069,0.34304092050780505,-1.2251371051984103,2,1,1,1.0357934230409236,4,1.0,0.0,0.0,1.0
-1.6475605083638016,-0.002029061573605259,-1.2251371051984103,2,0,1,0.08259347383220492,4,1.0,0.0,0.0,1.0
-1.3546764786837777,-0.002029061573605259,-1.2251371051984103,2,1,0,-0.9235692017311317,4,1.0,0.0,0.0,1.0
-0.08551235007034085,-0.6921690257364259,-1.2251371051984103,2,1,1,0.21078431796967093,3,1.0,0.0,0.0,1.0
-1.2570484687904364,-0.34709904365501554,0.2397817939973931,2,0,1,-1.256833271815772,2,1.0,0.0,0.0,0.0
0.003935819113316791,-1.3823089898992464,0.5499050012961905,1,1,1,-1.6986903954162713,3,1.0,0.0,0.0,1.0
0.012115659823000443,0.34304092050780505,0.4046624262499684,2,1,0,-1.6232151647659565,1,0.0,1.0,0.0,0.0
-0.18314035996368214,-0.34709904365501554,0.5168495385347126,1,1,0,-0.3623936300741142,2,0.0,1.0,0.0,0.0
0.3049996895030243,1.378250866752036,1.1127197995814435,1,1,0,-1.1799729909456185,1,0.0,1.0,0.0,0.0
-1.0617924490037538,-0.34709904365501554,1.0437823379615796,1,1,1,-1.363952001237841,0,1.0,0.0,0.0,0.0
-0.3783963797503647,-0.6921690257364259,0.7177643455870322,1,1,1,-1.322213245737469,4,1.0,0.0,0.0,0.0
0.3049996895030243,0.6881109025892154,0.36323872686462866,1,1,1,-0.5703022151407554,2,1.0,0.0,0.0,1.0
0.10974366971634174,-0.002029061573605259,0.9869650260013683,2,1,0,1.0274077696996278,1,0.0,1.0,0.0,1.0
0.6955117290763895,-1.0372390078178362,-1.2251371051984103,2,1,1,1.1962874876970226,0,1.0,0.0,0.0,1.0
-0.3783963797503647,-1.3823089898992464,0.3883109533333794,1,1,1,1.12470184838527,3,0.0,0.0,1.0,1.0
-0.2807683698570234,0.34304092050780505,1.0217992350973812,1,1,1,0.2202123699561273,3,0.0,1.0,0.0,1.0
-0.6712804094303886,-1.3823089898992464,-1.2251371051984103,1,1,0,0.11263073896542267,2,1.0,0.0,0.0,0.0
1.3789077983297786,-1.3823089898992464,0.36129884365002196,1,1,1,-0.4852370909781075,3,0.0,1.0,0.0,1.0
-1.3546764786837777,-0.002029061573605259,0.6336212910885075,1,1,0,-1.513442060296369,0,1.0,0.0,0.0,1.0
1.0860237686497547,1.378250866752036,0.41560389243533247,1,1,1,1.5516540635451392,2,1.0,0.0,0.0,0.0
-0.476024389643706,-1.3823089898992464,-1.2251371051984103,2,1,0,-1.5781628345406251,2,1.0,0.0,0.0,1.0
-0.9641644391104125,-0.34709904365501554,0.3266249713502671,1,0,1,0.7139219522391038,2,1.0,0.0,0.0,0.0
1.183651778543096,-1.0372390078178362,0.4587117682484321,1,1,0,-1.1383163743702072,2,1.0,0.0,0.0,0.0
1.0860237686497547,-1.7273789719806567,0.7854312741107993,1,1,0,-0.7454881839066534,1,1.0,0.0,0.0,1.0
0.3049996895030243,1.378250866752036,0.8989135620731011,2,0,0,1.2927852364660943,3,1.0,0.0,0.0,1.0
1.9646758576898262,-0.002029061573605259,1.2164156223517846,1,1,0,-0.49682616239287897,3,0.0,1.0,0.0,1.0
0.20737167960968303,-0.34709904365501554,0.5768102197820426,1,0,0,1.577618142920655,1,1.0,0.0,0.0,0.0
-0.08551235007034085,1.0331808846706256,-0.16995040795155605,1,1,1,-0.5618563497909077,0,1.0,0.0,0.0,1.0
-0.3783963797503647,1.0331808846706256,1.6236818059702625,1,0,1,-1.0127772949330687,3,1.0,0.0,0.0,0.0
-0.2807683698570234,0.34304092050780505,1.1293133778600466,1,1,1,-1.160588726724281,3,0.0,1.0,0.0,1.0
0.012115659823000443,0.34304092050780505,-1.2251371051984103,2,1,1,-0.7221198337784192,1,1.0,0.0,0.0,1.0
-0.5736523995370473,1.7233208488334462,0.41000090548825185,2,1,0,-1.342546806220802,3,0.0,1.0,0.0,0.0
-0.476024389643706,-1.0372390078178362,-0.0038461275143648888,1,1,0,0.48303187049801666,3,1.0,0.0,0.0,0.0
-1.159420458897095,-0.6921690257364259,-1.2251371051984103,2,0,1,0.44061686105188597,1,1.0,0.0,0.0,0.0
0.3049996895030243,1.378250866752036,-1.2251371051984103,2,1,1,-1.2471401825777997,3,0.0,0.0,1.0,1.0
0.20737167960968303,-1.3823089898992464,1.0702011054887248,1,1,0,1.6748466148802164,3,1.0,0.0,0.0,0.0
-0.9641644391104125,1.378250866752036,-1.2251371051984103,2,0,1,-0.2548267910508285,2,0.0,0.0,1.0,0.0
1.2812797884364373,-0.002029061573605259,-1.2251371051984103,1,0,0,1.4419589214450057,4,1.0,0.0,0.0,0.0
-0.08551235007034085,0.34304092050780505,0.4901437009352255,2,0,0,-1.0687908210620296,1,1.0,0.0,0.0,0.0
-0.5736523995370473,-0.34709904365501554,0.2606988651882675,1,1,1,1.0342830761558899,2,0.0,0.0,1.0,0.0
0.5002557092897069,0.34304092050780505,-0.3797504657881262,1,1,1,0.21352100596529658,1,0.0,0.0,1.0,0.0
0.003935819113316791,-0.6921690257364259,0.8345791426500021,1,0,0,0.25083557102227594,3,0.0,0.0,1.0,1.0
-0.5736523995370473,-0.6921690257364259,1.2362340184497371,1,1,0,-0.3689889332882959,3,1.0,0.0,0.0,1.0
0.4026276993963656,-0.002029061573605259,0.4124454815725172,1,1,1,-0.36074841525085055,3,1.0,0.0,0.0,1.0
-0.476024389643706,-0.002029061573605259,0.7343220801107835,2,1,0,0.6700491508980629,3,1.0,0.0,0.0,1.0
-0.476024389643706,-1.0372390078178362,0.5617649636996394,1,1,0,-0.7543880756446855,3,1.0,0.0,0.0,0.0
0.3049996895030243,-1.0372390078178362,1.2770707763493736,2,0,1,0.9814106678140997,2,0.0,0.0,1.0,0.0
0.012115659823000443,-0.002029061573605259,1.0080896389335066,2,1,0,-0.67422326925317,2,1.0,0.0,0.0,0.0
-0.476024389643706,0.34304092050780505,1.0439966004068788,2,1,1,1.4463992960409862,4,0.0,1.0,0.0,1.0
-1.5499324984704603,1.7233208488334462,-1.2251371051984103,2,1,1,1.2132841543538184,2,1.0,0.0,0.0,1.0
-0.18314035996368214,1.7233208488334462,1.0209213831370307,2,1,1,0.5078748927663332,1,0.0,0.0,1.0,0.0
0.7931397389697308,-0.002029061573605259,0.4160304971247773,1,1,0,-0.13350063795771253,1,0.0,0.0,1.0,1.0
-0.7689084193237299,1.378250866752036,1.0682546615868462,1,1,0,-0.2906198717414237,2,0.0,1.0,0.0,1.0
-1.2570484687904364,-0.6921690257364259,0.8628248215572647,1,1,0,0.390351319438728,1,0.0,1.0,0.0,1.0
3.429096006089946,0.6881109025892154,0.4566790753114404,1,1,1,-0.9433283118091765,2,0.0,1.0,0.0,1.0
0.3049996895030243,-0.6921690257364259,0.426400223416898,1,1,0,-1.2073290814668174,3,0.0,0.0,1.0,0.0
0.3049996895030243,1.378250866752036,-1.2251371051984103,1,1,0,-0.4577090655885581,1,1.0,0.0,0.0,1.0
-0.3783963797503647,0.6881109025892154,-1.2251371051984103,1,1,0,1.519896057543249,2,0.0,0.0,1.0,0.0
0.5002557092897069,0.6881109025892154,-1.2251371051984103,2,0,0,-0.7392668564334485,4,1.0,0.0,0.0,1.0
-1.2570484687904364,-1.3823089898992464,1.1567650535906306,2,1,1,-1.3220279110868685,0,0.0,1.0,0.0,1.0
-0.6712804094303886,1.378250866752036,0.7091412022601374,2,0,1,-0.3738528802218925,4,1.0,0.0,0.0,1.0
0.003935819113316791,-1.3823089898992464,0.5642866678635419,2,1,0,-1.5262673921410606,3,0.0,0.0,1.0,0.0
-0.6712804094303886,-0.6921690257364259,1.0977636728358822,2,0,0,0.19215496615613067,0,0.0,1.0,0.0,1.0
0.5002557092897069,-1.0372390078178362,0.6176700200955128,1,1,1,-0.04702122768668063,1,0.0,1.0,0.0,1.0
-0.8665364292170712,0.34304092050780505,0.4571007194812408,2,1,1,-0.6509753431420395,4,0.0,1.0,0.0,1.0
-0.2807683698570234,1.0331808846706256,0.646953887759384,2,1,0,1.190956810685576,4,0.0,1.0,0.0,1.0
-0.18314035996368214,1.378250866752036,-1.2251371051984103,2,0,1,-0.40496700058319934,1,1.0,0.0,0.0,1.0
0.003935819113316791,1.0331808846706256,1.1387422055873002,3,1,0,1.2594032464647649,3,1.0,0.0,0.0,1.0
-0.3783963797503647,1.378250866752036,-1.2251371051984103,2,0,0,-1.3060445812098342,4,1.0,0.0,0.0,0.0
-0.18314035996368214,1.378250866752036,0.7745784572119891,1,1,0,-0.6993203653147977,0,1.0,0.0,0.0,1.0
0.8907677488630721,0.6881109025892154,-1.2251371051984103,2,1,1,-0.6381682837276886,0,1.0,0.0,0.0,0.0
0.9883957587564134,-1.0372390078178362,-1.2251371051984103,1,1,0,-0.2700087443400554,2,0.0,0.0,1.0,0.0
1.2812797884364373,1.0331808846706256,0.5338089151329227,1,1,1,-0.06188628482685297,4,1.0,0.0,0.0,1.0
-0.3783963797503647,-0.002029061573605259,-1.2251371051984103,2,1,0,0.014140251150318016,1,1.0,0.0,0.0,0.0
-0.2807683698570234,-0.34709904365501554,-1.2251371051984103,2,1,0,0.7527515628060611,1,0.0,0.0,1.0,1.0
-0.3783963797503647,-1.0372390078178362,0.9167395894582703,1,1,1,-0.6093919903111379,1,1.0,0.0,0.0,1.0
1.5741638181164612,-1.0372390078178362,1.3261904819383357,1,1,0,0.005335202026912442,2,1.0,0.0,0.0,0.0
-0.8665364292170712,-0.002029061573605259,-1.2251371051984103,2,0,1,1.0007891892716159,2,0.0,0.0,1.0,1.0
-1.452304488577119,0.6881109025892154,-1.2251371051984103,2,1,0,1.14777783962805,3,1.0,0.0,0.0,0.0
0.3049996895030243,-1.0372390078178362,-0.31741273553040417,2,0,1,1.4820475894740235,4,1.0,0.0,0.0,1.0
0.5002557092897069,-0.002029061573605259,0.7055400250148413,1,1,0,-0.3147855959251049,4,0.0,0.0,1.0,1.0
0.5978837191830482,0.34304092050780505,-1.2251371051984103,2,1,1,-0.8568221019736446,0,1.0,0.0,0.0,0.0
-0.2807683698570234,1.0331808846706256,0.33960409099226746,2,0,1,-1.3730629830520968,2,1.0,0.0,0.0,1.0
2.3551878972631917,-1.0372390078178362,0.7076602471210476,2,1,1,-0.8384555251107211,1,0.0,0.0,1.0,1.0
-1.2570484687904364,0.34304092050780505,0.5175913762467408,1,1,0,-0.3103271229219299,1,1.0,0.0,0.0,0.0
-0.5736523995370473,-1.7273789719806567,-1.2251371051984103,1,0,0,1.3080361029211784,4,1.0,0.0,0.0,0.0
-0.5736523995370473,-1.3823089898992464,0.17257251341504118,1,1,0,1.2554896399320405,3,1.0,0.0,0.0,0.0
0.9883957587564134,-1.3823089898992464,-1.2251371051984103,2,1,0,1.6020746597814757,1,1.0,0.0,0.0,1.0
2.4528159071565327,1.378250866752036,0.5848048172649238,1,1,0,-1.2599054764370856,3,1.0,0.0,0.0,1.0
-0.7689084193237299,1.378250866752036,-1.2251371051984103,2,0,1,1.4562542268048353,0,0.0,0.0,1.0,1.0
-0.6712804094303886,0.6881109025892154,-0.11424441240852197,1,1,0,0.12390204411540896,4,1.0,0.0,0.0,0.0
0.8907677488630721,-1.0372390078178362,-1.2251371051984103,2,1,1,-1.6090258395021046,2,0.0,0.0,1.0,1.0
0.20737167960968303,-0.6921690257364259,-1.2251371051984103,2,1,1,1.0391957495703958,1,1.0,0.0,0.0,0.0
-1.5499324984704603,-0.34709904365501554,0.6252335324195925,2,1,0,-0.5216982465265948,2,0.0,0.0,1.0,1.0
0.3049996895030243,-0.34709904365501554,-1.2251371051984103,2,1,0,-1.4112648921310587,2,1.0,0.0,0.0,1.0
-0.8665364292170712,0.6881109025892154,1.1159290957748076,1,0,0,-0.061458361910584194,2,1.0,0.0,0.0,1.0
-1.745188518257143,-0.002029061573605259,0.5855680972231582,1,1,1,-0.8046487446097526,0,0.0,0.0,1.0,0.0
-1.5499324984704603,-0.34709904365501554,-1.2251371051984103,2,1,0,1.6723043107387885,1,1.0,0.0,0.0,0.0
0.20737167960968303,1.0331808846706256,-1.2251371051984103,2,1,0,0.5529200880426746,2,0.0,0.0,1.0,1.0
1.183651778543096,-0.34709904365501554,0.051984201053312216,2,0,1,-0.5589494671583924,4,0.0,0.0,1.0,1.0
0.9883957587564134,-0.002029061573605259,1.2515450623750395,2,0,0,1.6685017309732777,3,0.0,1.0,0.0,0.0
0.9883957587564134,1.0331808846706256,-1.2251371051984103,1,1,1,1.4354396663456714,0,1.0,0.0,0.0,0.0
2.4528159071565327,1.7233208488334462,0.8279851718913189,1,0,1,-0.5975728602972173,3,1.0,0.0,0.0,0.0
-1.2570484687904364,0.6881109025892154,2.0706001433938677,1,1,0,0.9753104604505828,0,1.0,0.0,0.0,1.0
0.003935819113316791,-0.6921690257364259,-0.23884226479404072,1,0,0,0.1289144327926319,0,1.0,0.0,0.0,1.0
1.9646758576898262,0.6881109025892154,0.5574011465631599,1,0,1,1.5782242655385343,1,0.0,1.0,0.0,0.0
-0.8665364292170712,1.0331808846706256,-1.2251371051984103,2,1,0,1.478537194570821,1,0.0,0.0,1.0,0.0
2.3551878972631917,-0.002029061573605259,-1.2251371051984103,1,1,1,1.2738003553650645,3,0.0,0.0,1.0,0.0
-1.6475605083638016,-0.6921690257364259,0.504917728604797,1,0,1,-0.8187933459250559,1,0.0,0.0,1.0,0.0
-0.18314035996368214,-1.3823089898992464,1.0577173977441445,1,0,1,-0.2037748388404281,1,1.0,0.0,0.0,1.0
-2.038072547937167,-0.6921690257364259,-1.2251371051984103,2,1,1,-0.23292980662290047,4,0.0,0.0,1.0,1.0
-0.476024389643706,-0.6921690257364259,0.3804384486404631,3,1,0,-0.90179385948233,3,0.0,1.0,0.0,1.0
-0.476024389643706,-0.34709904365501554,-1.2251371051984103,2,0,0,-0.6871350906014752,1,1.0,0.0,0.0,0.0
-0.18314035996368214,-0.002029061573605259,0.24975899917053088,3,1,0,1.3526264016936047,2,0.0,1.0,0.0,0.0
0.10974366971634174,1.378250866752036,0.29972439335053425,2,0,1,-0.059062585258175496,1,0.0,1.0,0.0,1.0
0.3049996895030243,1.378250866752036,-1.2251371051984103,2,1,0,-1.126036083019112,4,1.0,0.0,0.0,0.0
-1.452304488577119,1.0331808846706256,0.5114939375028169,2,0,0,1.3766776186471499,1,0.0,1.0,0.0,1.0
0.5002557092897069,-1.0372390078178362,0.5774850104704857,2,1,0,0.4570796246964357,4,0.0,0.0,1.0,0.0
-0.2807683698570234,1.7233208488334462,-1.2251371051984103,1,0,0,0.35352488930656933,0,1.0,0.0,0.0,0.0
-1.159420458897095,-1.0372390078178362,-1.2251371051984103,2,1,1,-1.5167558090444742,3,0.0,0.0,1.0,1.0
0.003935819113316791,1.0331808846706256,0.6471478280758161,1,0,1,0.40490035054557627,2,0.0,1.0,0.0,1.0
0.5002557092897069,-0.002029061573605259,-1.2251371051984103,4,0,0,0.2991990396485212,2,1.0,0.0,0.0,1.0
0.5002557092897069,-0.002029061573605259,-1.2251371051984103,2,0,1,-1.5867254694215083,3,1.0,0.0,0.0,1.0
-0.6712804094303886,0.34304092050780505,-1.2251371051984103,2,0,0,-1.1620049270872723,3,1.0,0.0,0.0,0.0
-0.18314035996368214,0.34304092050780505,0.9910604950267453,1,0,1,-1.4163909179226872,1,1.0,0.0,0.0,0.0
2.0623038675831675,1.378250866752036,-1.2251371051984103,4,1,1,-1.509920875958108,1,1.0,0.0,0.0,1.0
-0.18314035996368214,1.378250866752036,0.37906582484974305,1,1,1,0.7944850976120502,0,0.0,0.0,1.0,1.0
-0.08551235007034085,-1.3823089898992464,1.6729285648688341,2,1,0,1.4646668537337768,0,0.0,0.0,1.0,1.0
-0.5736523995370473,-0.6921690257364259,1.153663768712111,1,0,0,-1.0083210842307928,1,1.0,0.0,0.0,1.0
-0.3783963797503647,1.0331808846706256,0.9956196926305215,1,1,1,1.4920640137174561,0,0.0,1.0,0.0,1.0
-0.476024389643706,-0.6921690257364259,-1.2251371051984103,2,1,1,0.4149865580705967,4,1.0,0.0,0.0,0.0
-1.159420458897095,-1.0372390078178362,0.3130931538097885,2,1,1,-1.6427059311527097,3,0.0,1.0,0.0,0.0
-0.3783963797503647,-0.6921690257364259,1.1160934329901337,1,1,1,0.08812427746167073,1,1.0,0.0,0.0,1.0
0.003935819113316791,0.34304092050780505,1.2180852372541362,1,0,0,1.4492054192719073,3,0.0,0.0,1.0,1.0
0.012115659823000443,-1.0372390078178362,0.44462901299386526,1,0,0,-0.3632990725032914,4,0.0,0.0,1.0,1.0
0.20737167960968303,-0.6921690257364259,-1.2251371051984103,2,1,0,-0.801145136609248,1,0.0,0.0,1.0,0.0
-0.6712804094303886,1.0331808846706256,0.7749650577107509,2,1,1,-1.2674361540615742,4,1.0,0.0,0.0,1.0
-1.2570484687904364,1.0331808846706256,1.1132420942950028,1,1,1,1.3037332066106204,3,0.0,1.0,0.0,1.0
1.6717918280098025,-0.6921690257364259,1.0087484279456767,1,1,1,-0.24356140268780965,3,0.0,1.0,0.0,0.0
-0.9641644391104125,0.6881109025892154,1.494961441726465,1,1,0,-1.6724934730712686,2,1.0,0.0,0.0,0.0
-0.8665364292170712,-1.0372390078178362,0.8775881281037331,1,1,1,-0.912352539849022,1,1.0,0.0,0.0,1.0
-0.9641644391104125,1.7233208488334462,0.8618047146948447,2,0,0,0.10262179771727227,4,0.0,1.0,0.0,0.0
1.7694198379031438,-1.7273789719806567,0.9642280841679366,1,0,1,0.1418151166595866,1,0.0,0.0,1.0,0.0
1.0860237686497547,-1.0372390078178362,-1.2251371051984103,2,0,0,-1.5593761658030072,3,0.0,0.0,1.0,1.0
-1.9404445380438253,1.378250866752036,-1.2251371051984103,1,1,0,1.5533580981917856,4,0.0,0.0,1.0,0.0
1.5741638181164612,1.0331808846706256,0.8932913731144927,2,1,1,1.2178240701893697,0,1.0,0.0,0.0,1.0
1.0860237686497547,-1.3823089898992464,0.08616442164003708,1,0,1,-0.6399407094707541,2,1.0,0.0,0.0,1.0
-0.9641644391104125,0.34304092050780505,-1.2251371051984103,2,0,1,-0.09742912023335154,0,0.0,0.0,1.0,0.0
2.25755988736985,-0.6921690257364259,-1.2251371051984103,2,1,0,0.09756572923037717,0,1.0,0.0,0.0,1.0
-0.6712804094303886,-0.6921690257364259,-1.2251371051984103,2,0,0,0.5081033851571674,3,1.0,0.0,0.0,1.0
-0.7689084193237299,-1.3823089898992464,0.621567868418915,1,0,0,0.7856917080394338,1,0.0,0.0,1.0,1.0
0.3049996895030243,0.34304092050780505,0.6614597273346158,2,0,0,0.8681541420289555,1,0.0,1.0,0.0,0.0
-0.9641644391104125,0.6881109025892154,1.1302947606658857,1,1,1,-0.2688158156735152,3,0.0,1.0,0.0,0.0
0.012115659823000443,-1.3823089898992464,-0.09449690373645997,2,1,1,-0.41597587882886133,3,1.0,0.0,0.0,1.0
-1.2570484687904364,-0.34709904365501554,-1.2251371051984103,2,1,0,1.4810984672351741,0,1.0,0.0,0.0,0.0
0.7931397389697308,1.7233208488334462,1.9519333123190312,2,1,0,1.5804675979149563,3,1.0,0.0,0.0,1.0
0.9883957587564134,-1.3823089898992464,-1.2251371051984103,2,1,1,0.03642948374956349,3,0.0,0.0,1.0,0.0
-1.0617924490037538,-1.0372390078178362,-1.2251371051984103,2,0,0,-1.3048899376354366,1,1.0,0.0,0.0,1.0
0.3049996895030243,-0.6921690257364259,1.617188965805626,3,0,1,-1.461564890327145,3,0.0,0.0,1.0,1.0
0.003935819113316791,-0.6921690257364259,1.1570966083230125,2,0,1,-0.5079163094477713,4,1.0,0.0,0.0,1.0
-0.7689084193237299,-0.6921690257364259,0.43418823925909145,3,0,0,0.954369385164202,2,1.0,0.0,0.0,0.0
0.8907677488630721,-0.6921690257364259,1.1325727593001462,1,1,1,0.9933081082437666,2,1.0,0.0,0.0,0.0
4.014864065449993,1.0331808846706256,-1.2251371051984103,2,0,1,-1.1523026146225561,4,0.0,0.0,1.0,1.0
0.10974366971634174,1.378250866752036,0.9170240992624088,1,1,1,-0.8668355678235939,4,1.0,0.0,0.0,0.0
-1.159420458897095,-0.002029061573605259,0.8041309930204886,2,0,1,0.3179157510814053,1,0.0,0.0,1.0,1.0
-0.2807683698570234,-0.6921690257364259,0.021557173636479264,1,1,0,-0.5767391572919827,0,0.0,0.0,1.0,1.0
-0.476024389643706,0.34304092050780505,-1.2251371051984103,1,0,0,-1.3511760919666427,2,1.0,0.0,0.0,1.0
-1.3546764786837777,-1.0372390078178362,1.3073909125687015,3,1,1,1.7224412492469756,2,0.0,1.0,0.0,0.0
1.8670478477964851,-0.002029061573605259,1.2103073024679947,1,1,1,-0.2498526874657483,1,1.0,0.0,0.0,1.0
-0.5736523995370473,0.6881109025892154,0.6059375910519615,2,1,1,0.9159290643750784,1,0.0,1.0,0.0,0.0
1.7694198379031438,1.0331808846706256,0.9820851548050764,1,1,1,-0.2767733720753959,1,1.0,0.0,0.0,0.0
-0.8665364292170712,-0.6921690257364259,1.1014504590492402,1,0,1,1.7047589313945315,4,0.0,0.0,1.0,1.0
0.003935819113316791,-0.002029061573605259,1.4194940160530112,1,1,0,-1.5012921122817053,4,0.0,0.0,1.0,0.0
-0.2807683698570234,0.6881109025892154,-1.2251371051984103,2,0,0,-0.35230777059538604,4,0.0,0.0,1.0,1.0
0.20737167960968303,0.6881109025892154,1.6046858960327552,3,1,0,1.1511062063204285,4,1.0,0.0,0.0,0.0
-0.3783963797503647,0.34304092050780505,0.5777509583301472,1,0,1,0.38641421978127927,2,1.0,0.0,0.0,0.0
-0.6712804094303886,-0.002029061573605259,0.9039014445842375,2,1,0,-0.19131425950996964,4,1.0,0.0,0.0,1.0
2.25755988736985,-0.6921690257364259,-1.2251371051984103,1,1,1,0.022343528234497194,2,0.0,0.0,1.0,1.0
-1.2570484687904364,0.6881109025892154,0.6349639917445964,2,1,1,-0.0910905011596727,2,0.0,1.0,0.0,1.0
0.20737167960968303,0.6881109025892154,-1.2251371051984103,2,1,0,-0.9830588402035126,2,0.0,0.0,1.0,1.0
0.7931397389697308,-0.002029061573605259,1.0180914866881052,2,1,1,1.2865839216546913,1,0.0,1.0,0.0,1.0
-1.2570484687904364,-0.6921690257364259,0.41336717812585655,1,1,0,0.3304605576145781,2,0.0,1.0,0.0,0.0
0.012115659823000443,-1.0372390078178362,1.7988099117082308,2,0,1,1.3184439052201986,1,0.0,1.0,0.0,1.0
0.20737167960968303,-1.3823089898992464,-1.2251371051984103,2,1,0,-1.687412129340441,1,0.0,0.0,1.0,0.0
1.6717918280098025,1.378250866752036,1.0494582925524665,1,0,0,-1.0596528656601278,0,1.0,0.0,0.0,1.0
-1.3546764786837777,-1.3823089898992464,-1.2251371051984103,2,0,0,-0.21885516261233057,3,1.0,0.0,0.0,0.0
-0.3783963797503647,-1.3823089898992464,-1.2251371051984103,1,1,1,-0.2979845312845296,1,0.0,0.0,1.0,1.0
1.183651778543096,-0.34709904365501554,0.8735909093706741,1,1,0,-1.2267918301270477,2,0.0,1.0,0.0,1.0
0.003935819113316791,-1.3823089898992464,0.8041495549649657,2,1,1,-1.224839290427765,3,0.0,1.0,0.0,1.0
-1.159420458897095,-1.0372390078178362,0.8269663451630007,1,1,1,-1.544423923066637,1,1.0,0.0,0.0,1.0
4.307748095130018,0.34304092050780505,0.7487757542213644,1,0,1,-0.12956232013824123,3,0.0,1.0,0.0,1.0
0.4026276993963656,-1.3823089898992464,-1.2251371051984103,1,0,1,0.20267727568528704,2,1.0,0.0,0.0,0.0
0.003935819113316791,-0.6921690257364259,0.6049811708611091,1,0,1,-0.5841791688573513,3,1.0,0.0,0.0,1.0
-0.6712804094303886,1.0331808846706256,1.4998078694193457,2,0,1,-1.4743334906262069,0,0.0,1.0,0.0,1.0
-0.3783963797503647,-0.002029061573605259,0.9648043045305367,1,0,0,-0.2761740363602149,4,0.0,1.0,0.0,1.0
-0.2807683698570234,1.378250866752036,0.8523539646710971,1,1,1,-0.6869286991501963,1,1.0,0.0,0.0,1.0
-0.7689084193237299,-0.6921690257364259,-1.2251371051984103,2,1,1,0.20725338833522805,3,1.0,0.0,0.0,0.0
1.183651778543096,0.34304092050780505,1.082911236952572,4,1,0,0.9878263791415021,3,1.0,0.0,0.0,0.0
0.003935819113316791,-0.002029061573605259,1.3836933057100937,2,1,1,0.6139996019778585,3,0.0,1.0,0.0,1.0
1.47653580822312,-0.34709904365501554,0.6702488080444643,1,1,1,0.5776482550345625,1,0.0,1.0,0.0,0.0
1.183651778543096,0.34304092050780505,-1.2251371051984103,2,0,1,1.64197364258124,4,1.0,0.0,0.0,1.0
-1.159420458897095,1.378250866752036,-1.2251371051984103,2,1,0,0.4604508010827553,1,1.0,0.0,0.0,0.0
-0.18314035996368214,-1.0372390078178362,0.8168302433444696,1,1,0,-0.030163605523621684,0,1.0,0.0,0.0,1.0
-1.5499324984704603,-0.002029061573605259,-1.2251371051984103,2,1,0,1.0418690931408399,0,1.0,0.0,0.0,0.0
-0.6712804094303886,0.6881109025892154,-1.2251371051984103,1,0,1,-0.3706155276349266,4,0.0,0.0,1.0,1.0
-0.7689084193237299,0.6881109025892154,1.3538802626118658,2,1,0,-1.527568041135039,2,1.0,0.0,0.0,1.0
0.3049996895030243,1.0331808846706256,0.42883039799251726,1,0,1,1.5051270611797254,0,0.0,1.0,0.0,0.0
-0.476024389643706,-1.3823089898992464,1.2413524746392637,1,1,1,-0.690012911368591,4,1.0,0.0,0.0,0.0
3.1362119764099217,-1.3823089898992464,-0.3768356004381899,2,1,1,0.20609752659880776,2,0.0,1.0,0.0,1.0
4.112492075343335,0.34304092050780505,-1.2251371051984103,2,1,1,-0.48906229375261145,3,1.0,0.0,0.0,0.0
0.4026276993963656,-0.002029061573605259,0.8969368750030658,2,1,0,-1.172575441027899,3,0.0,1.0,0.0,1.0
-0.3783963797503647,1.378250866752036,1.1235972590617143,2,1,1,-1.686339102621566,0,0.0,1.0,0.0,1.0
-1.5499324984704603,-1.0372390078178362,0.2678508143985991,2,0,1,0.46651272335412924,3,0.0,1.0,0.0,1.0
-1.0617924490037538,1.378250866752036,-1.2251371051984103,2,1,1,0.4295324567608151,1,1.0,0.0,0.0,0.0
0.3049996895030243,0.34304092050780505,-1.2251371051984103,2,1,0,0.23473755989195927,1,0.0,0.0,1.0,1.0
0.5002557092897069,0.34304092050780505,1.2318902034085992,1,0,0,-1.132533063155745,2,1.0,0.0,0.0,1.0
-0.08551235007034085,1.0331808846706256,0.09352119230666636,1,1,0,-1.518458451505952,0,0.0,1.0,0.0,0.0
0.003935819113316791,-0.6921690257364259,-1.2251371051984103,2,1,1,1.0169303581421663,4,1.0,0.0,0.0,1.0
0.012115659823000443,-0.002029061573605259,-1.2251371051984103,2,1,1,-0.005551163923892693,3,0.0,0.0,1.0,1.0
-0.8665364292170712,0.34304092050780505,-1.2251371051984103,2,1,0,-0.20103536647446474,0,1.0,0.0,0.0,0.0
1.8670478477964851,-0.34709904365501554,0.2619133924174075,1,0,1,-0.2650503028381247,3,0.0,0.0,1.0,1.0
-1.2570484687904364,-1.3823089898992464,1.161426661922555,1,0,1,0.4057944814702566,2,1.0,0.0,0.0,1.0
-0.6712804094303886,1.378250866752036,-1.2251371051984103,3,0,1,-1.076259024377067,3,0.0,0.0,1.0,1.0
0.9883957587564134,1.378250866752036,-1.2251371051984103,2,1,0,1.3567383946128877,3,0.0,0.0,1.0,0.0
-0.08551235007034085,-1.7273789719806567,1.086314313445605,1,0,1,0.6420984232866274,3,1.0,0.0,0.0,1.0
0.20737167960968303,-1.0372390078178362,-1.2251371051984103,1,1,1,-0.7574985653581419,3,1.0,0.0,0.0,1.0
-1.2570484687904364,1.378250866752036,0.7191990558816923,1,1,1,0.8075702460138748,3,1.0,0.0,0.0,0.0
0.3049996895030243,0.6881109025892154,-1.2251371051984103,2,0,1,-0.42061342164937715,4,1.0,0.0,0.0,0.0
1.5741638181164612,0.6881109025892154,-1.2251371051984103,2,1,1,-1.4271673012451547,2,1.0,0.0,0.0,0.0
-0.7689084193237299,1.7233208488334462,0.9935514759722033,1,1,0,1.5735841123708267,4,0.0,1.0,0.0,1.0
-0.5736523995370473,-1.7273789719806567,0.8630670869360418,2,1,1,-0.4450671541398597,3,1.0,0.0,0.0,0.0
0.6955117290763895,1.378250866752036,1.0673772896767837,2,0,0,1.6135408708550978,2,1.0,0.0,0.0,1.0
1.2812797884364373,-0.34709904365501554,-1.2251371051984103,2,1,1,0.31410290395027485,3,1.0,0.0,0.0,1.0
0.8907677488630721,-0.6921690257364259,0.2349603289194985,1,1,0,-0.7023934400518418,1,1.0,0.0,0.0,1.0
0.8907677488630721,-1.0372390078178362,0.5051075084853978,2,1,1,0.0620364676292749,3,0.0,1.0,0.0,0.0
-0.476024389643706,0.6881109025892154,-1.2251371051984103,2,0,0,0.5274129934488264,3,1.0,0.0,0.0,1.0
0.4026276993963656,-1.3823089898992464,0.5453930086374206,1,0,0,0.146610150427326,4,0.0,0.0,1.0,0.0
0.7931397389697308,1.378250866752036,1.09351506776857,1,1,0,-0.679806801895905,0,1.0,0.0,0.0,1.0
-0.2807683698570234,0.6881109025892154,0.8313820077306056,1,1,1,-0.97125276192555,4,1.0,0.0,0.0,0.0
1.6717918280098025,1.0331808846706256,0.9745179620954538,1,1,0,0.5302008442494066,2,0.0,1.0,0.0,0.0
-0.476024389643706,1.0331808846706256,-0.5505531584126705,1,1,0,-1.3883730173768563,2,1.0,0.0,0.0,0.0
0.10974366971634174,0.6881109025892154,-1.2251371051984103,1,1,0,1.2173465506764616,0,1.0,0.0,0.0,0.0
0.5002557092897069,-1.3823089898992464,1.0332853983430867,1,1,0,1.5551273915182215,2,0.0,1.0,0.0,1.0
-0.7689084193237299,-0.34709904365501554,0.6685374287670395,1,0,0,1.0649287262078861,2,1.0,0.0,0.0,1.0
0.7931397389697308,-0.6921690257364259,0.7489151288217044,2,0,0,1.2462808571096742,4,1.0,0.0,0.0,0.0
-1.3546764786837777,-0.34709904365501554,1.4261183899966132,2,1,0,-1.4776575067399327,3,1.0,0.0,0.0,0.0
1.47653580822312,0.6881109025892154,-1.2251371051984103,2,1,1,0.4291757093113026,3,1.0,0.0,0.0,0.0
-0.18314035996368214,1.7233208488334462,-1.2251371051984103,2,0,0,-0.2978665435914714,3,1.0,0.0,0.0,1.0
0.5002557092897069,1.0331808846706256,-1.2251371051984103,2,1,1,0.9442528976117597,2,1.0,0.0,0.0,1.0
0.012115659823000443,-0.6921690257364259,0.5845950352889815,1,1,1,-0.6968633325149606,2,1.0,0.0,0.0,1.0
0.7931397389697308,-1.3823089898992464,0.5330761983763704,2,1,0,-0.2918034031580746,4,0.0,0.0,1.0,1.0
0.012115659823000443,0.34304092050780505,0.5325639847188633,1,1,0,-1.3067450243729013,0,1.0,0.0,0.0,0.0
-0.2807683698570234,1.378250866752036,-1.2251371051984103,2,0,1,0.7862865191528159,0,1.0,0.0,0.0,1.0
-0.8665364292170712,0.34304092050780505,-1.2251371051984103,2,1,1,1.3958708054540658,4,1.0,0.0,0.0,1.0
0.012115659823000443,-1.0372390078178362,0.5306369028452753,1,1,1,1.3859701066027919,3,1.0,0.0,0.0,1.0
-0.18314035996368214,-1.3823089898992464,0.48514605740156225,2,0,0,1.200886397379103,3,1.0,0.0,0.0,0.0
2.159931877476509,-0.6921690257364259,0.8804209048543875,4,0,1,-0.5941376433931318,1,1.0,0.0,0.0,0.0
-0.476024389643706,-0.6921690257364259,0.10511568690074197,1,1,1,-1.3751074069725222,2,0.0,0.0,1.0,1.0
-0.2807683698570234,1.7233208488334462,0.5917940294275564,1,1,1,0.6003074608424243,1,0.0,1.0,0.0,1.0
0.003935819113316791,1.7233208488334462,1.2386872354391902,2,1,0,-0.653778856025769,4,1.0,0.0,0.0,1.0
-0.7689084193237299,-1.7273789719806567,0.6646703036620818,2,1,0,0.048476236038587535,3,1.0,0.0,0.0,0.0
0.003935819113316791,0.6881109025892154,0.7335199160792053,1,0,1,-1.0952952423061975,0,0.0,1.0,0.0,1.0
3.233839986303263,-0.34709904365501554,-1.2251371051984103,2,1,1,-0.8720620049705242,3,0.0,0.0,1.0,0.0
2.25755988736985,0.6881109025892154,0.06983951150606173,1,0,1,-0.6245492323136184,0,0.0,0.0,1.0,1.0
0.10974366971634174,-1.0372390078178362,-1.2251371051984103,2,1,1,1.1205226825315913,3,0.0,0.0,1.0,1.0
-0.2807683698570234,1.7233208488334462,1.1071144123829222,2,1,1,-0.06471520508991385,2,0.0,1.0,0.0,0.0
-1.2570484687904364,-0.34709904365501554,-1.2251371051984103,2,1,1,1.6917627088203662,2,1.0,0.0,0.0,1.0
3.917236055556652,0.6881109025892154,-1.2251371051984103,1,1,1,1.047787272293532,1,1.0,0.0,0.0,0.0
0.7931397389697308,-1.0372390078178362,-1.2251371051984103,1,1,0,-0.9087201547204008,4,0.0,0.0,1.0,1.0
0.10974366971634174,0.6881109025892154,0.3142612761777362,1,0,0,1.0576312395991765,1,0.0,1.0,0.0,0.0
0.003935819113316791,-1.3823089898992464,0.7491209103785785,1,1,0,-0.32973105175877704,2,0.0,1.0,0.0,0.0
-0.3783963797503647,-0.34709904365501554,0.6259497674495833,1,1,1,-0.17574301644290874,0,0.0,0.0,1.0,0.0
2.6480719269432154,-0.34709904365501554,0.1583646250520176,1,1,1,0.7151834460252089,3,1.0,0.0,0.0,1.0
2.940955956623239,-0.002029061573605259,0.6609311919673102,1,1,1,-0.6630041710470148,3,1.0,0.0,0.0,0.0
0.012115659823000443,1.7233208488334462,-1.2251371051984103,2,1,1,0.45044916880674124,3,1.0,0.0,0.0,0.0
-0.08551235007034085,0.34304092050780505,-1.2251371051984103,2,1,1,1.0148638332821855,3,1.0,0.0,0.0,1.0
0.012115659823000443,0.34304092050780505,-1.2251371051984103,2,0,1,-1.2704451882808523,0,1.0,0.0,0.0,0.0
0.012115659823000443,-0.34709904365501554,0.8194186744984316,2,0,1,0.8937656505104657,4,1.0,0.0,0.0,1.0
0.10974366971634174,0.6881109025892154,1.0246497737086993,1,0,1,0.6104643217647627,2,1.0,0.0,0.0,0.0
0.003935819113316791,-0.34709904365501554,0.18526824337024234,1,1,0,0.16148634504884896,4,0.0,0.0,1.0,0.0
-1.159420458897095,-0.34709904365501554,-1.2251371051984103,2,1,1,0.6039334071146398,0,0.0,0.0,1.0,0.0
-0.476024389643706,-0.6921690257364259,-1.2251371051984103,2,1,1,-0.4060264534966783,3,0.0,0.0,1.0,1.0
1.6717918280098025,0.6881109025892154,-0.41047240409867514,3,0,0,-0.04786019327404636,3,0.0,0.0,1.0,1.0
-0.6712804094303886,-0.002029061573605259,0.48396417359201954,1,1,1,-0.406880733120901,3,0.0,1.0,0.0,0.0
-0.6712804094303886,-0.002029061573605259,-1.2251371051984103,2,1,1,0.8238384517810806,3,0.0,0.0,1.0,1.0
-0.2807683698570234,-0.002029061573605259,-1.2251371051984103,2,1,1,-0.06087695057945189,4,0.0,0.0,1.0,1.0
2.5504439170498743,1.378250866752036,0.41569238170512357,1,1,0,1.4115172265202436,0,0.0,0.0,1.0,0.0
-0.6712804094303886,-1.3823089898992464,-1.2251371051984103,2,0,1,-1.2506062015787458,0,1.0,0.0,0.0,0.0
-0.5736523995370473,1.7233208488334462,0.6682959634720761,2,1,1,1.6105718619594238,3,1.0,0.0,0.0,1.0
0.10974366971634174,1.378250866752036,0.43270552393561157,2,0,0,0.7059687464158753,1,0.0,1.0,0.0,1.0
0.012115659823000443,0.6881109025892154,0.7104597403850539,1,0,0,-1.3412750450690767,1,1.0,0.0,0.0,0.0
-1.2570484687904364,-0.002029061573605259,-0.407191260378844,1,1,1,-0.520759739699658,4,1.0,0.0,0.0,0.0
0.8907677488630721,1.0331808846706256,-1.2251371051984103,2,1,0,-0.5088389801684129,0,0.0,0.0,1.0,1.0
0.5002557092897069,0.34304092050780505,-1.2251371051984103,2,1,1,1.603843257015327,3,1.0,0.0,0.0,0.0
2.4528159071565327,-1.0372390078178362,-1.2251371051984103,1,1,1,-1.6410889080791147,0,1.0,0.0,0.0,0.0
-0.9641644391104125,1.0331808846706256,0.7162889910346381,1,1,0,0.5756335890721205,2,0.0,1.0,0.0,0.0
-0.476024389643706,1.0331808846706256,-1.2251371051984103,1,1,0,-0.4923885721672363,2,0.0,0.0,1.0,1.0
-0.18314035996368214,-1.7273789719806567,0.5968974440413858,2,1,1,0.2961303154901298,4,0.0,1.0,0.0,0.0
-0.476024389643706,-1.3823089898992464,1.4201363233386195,1,1,0,0.9591477127099158,3,1.0,0.0,0.0,1.0
0.003935819113316791,0.6881109025892154,-1.2251371051984103,2,0,1,-1.6790353511795963,1,1.0,0.0,0.0,1.0
-0.7689084193237299,0.34304092050780505,-1.2251371051984103,2,0,0,0.42143359356429805,0,1.0,0.0,0.0,1.0
1.8670478477964851,-1.3823089898992464,-1.2251371051984103,1,1,1,-0.7217166221488971,2,1.0,0.0,0.0,0.0
-0.08551235007034085,0.34304092050780505,-1.2251371051984103,2,1,1,-0.10378618576051708,3,0.0,0.0,1.0,1.0
-0.08551235007034085,0.6881109025892154,-1.2251371051984103,2,1,1,0.6641304496759319,4,0.0,0.0,1.0,0.0
0.8907677488630721,-0.002029061573605259,0.8452868243450139,1,0,1,0.8279391331958669,0,1.0,0.0,0.0,1.0
0.10974366971634174,0.6881109025892154,1.3482217498481166,1,0,1,1.2053295563454212,0,1.0,0.0,0.0,1.0
2.745699936836557,-1.3823089898992464,0.18912320720123219,1,0,1,-0.7121467412983661,0,0.0,0.0,1.0,1.0
-0.7689084193237299,-1.0372390078178362,-1.2251371051984103,2,0,1,0.7836585956235053,3,1.0,0.0,0.0,0.0
-0.5736523995370473,1.7233208488334462,0.0020669719188912486,1,0,1,-1.2178679231948537,4,0.0,1.0,0.0,0.0
0.10974366971634174,1.378250866752036,-1.2251371051984103,2,0,0,0.3682047858192874,3,0.0,0.0,1.0,1.0
0.20737167960968303,1.0331808846706256,-1.2251371051984103,2,1,0,0.6867738193774987,4,1.0,0.0,0.0,0.0
-0.476024389643706,-0.002029061573605259,0.6764821010199482,1,1,1,-0.8276436410664485,2,1.0,0.0,0.0,1.0
3.233839986303263,-0.6921690257364259,0.3574776433559685,1,1,1,-0.33287652012460023,0,0.0,0.0,1.0,1.0
-0.7689084193237299,1.378250866752036,1.2485127447212574,1,0,1,-0.20490598929010173,4,0.0,1.0,0.0,1.0
-0.9641644391104125,1.0331808846706256,1.017827619046359,1,1,1,-1.0825891163165866,3,1.0,0.0,0.0,0.0
-0.08551235007034085,-0.34709904365501554,0.8399613064645117,1,1,0,0.9878956403536515,4,0.0,1.0,0.0,0.0
-0.9641644391104125,-1.3823089898992464,1.2444627204564964,1,1,1,0.6638640202392473,3,0.0,1.0,0.0,0.0
0.4026276993963656,1.0331808846706256,0.9091570351394256,1,1,0,1.3399630853979356,1,0.0,1.0,0.0,1.0
-0.6712804094303886,1.7233208488334462,1.1352903239816334,1,1,1,1.035637846348307,1,0.0,0.0,1.0,1.0
0.3049996895030243,-1.3823089898992464,0.3509595205428206,1,1,0,-1.0504867185085571,1,0.0,1.0,0.0,1.0
1.7694198379031438,-0.6921690257364259,0.2002827762342008,1,1,1,-0.8213948179361591,4,1.0,0.0,0.0,1.0
-1.159420458897095,-0.34709904365501554,0.46955914457730935,2,1,1,1.6593543783214866,1,0.0,1.0,0.0,1.0
-0.08551235007034085,1.0331808846706256,-1.2251371051984103,2,1,0,1.3929973352656027,1,0.0,0.0,1.0,1.0
0.4026276993963656,1.0331808846706256,-1.2251371051984103,2,1,0,-1.577952614580132,3,1.0,0.0,0.0,1.0
-0.7689084193237299,-0.34709904365501554,1.0368033668717622,1,0,0,0.6544342280213298,3,0.0,0.0,1.0,1.0
-0.2807683698570234,1.7233208488334462,-1.2251371051984103,2,1,0,-0.7739957855856202,3,0.0,0.0,1.0,1.0
-0.8665364292170712,0.6881109025892154,-1.2251371051984103,2,0,1,0.743192993460027,3,1.0,0.0,0.0,1.0
0.10974366971634174,1.378250866752036,-1.2251371051984103,1,0,0,0.8922015304732862,2,1.0,0.0,0.0,0.0
1.47653580822312,-1.7273789719806567,0.9230831339832773,1,0,1,-1.5135685751235863,3,0.0,0.0,1.0,1.0
-0.6712804094303886,0.34304092050780505,0.3616257578962845,1,1,0,0.48734451210475704,1,1.0,0.0,0.0,1.0
0.9883957587564134,-1.3823089898992464,1.0593804519592243,1,1,1,-1.6038864139282258,4,1.0,0.0,0.0,1.0
-0.18314035996368214,1.0331808846706256,-1.2251371051984103,1,1,1,-1.4613788595839603,3,1.0,0.0,0.0,0.0
-0.2807683698570234,0.34304092050780505,1.1013037236778147,2,1,1,1.2109169174973706,1,0.0,1.0,0.0,0.0
0.20737167960968303,-1.0372390078178362,0.6915872033716134,2,0,0,0.3463955090569955,3,0.0,0.0,1.0,1.0
-0.5736523995370473,1.0331808846706256,-1.2251371051984103,2,1,0,0.6634588943551181,1,1.0,0.0,0.0,1.0
0.003935819113316791,-0.6921690257364259,0.012703286137724226,2,1,1,-1.3834417234857177,2,0.0,1.0,0.0,1.0
0.003935819113316791,-1.0372390078178362,-1.2251371051984103,2,1,0,-0.13649557630215617,1,1.0,0.0,0.0,0.0
-0.476024389643706,1.378250866752036,1.220026880653133,1,1,0,-1.404219565061053,0,0.0,0.0,1.0,1.0
0.4026276993963656,1.378250866752036,0.023355442016067807,1,0,1,-1.2132305543974837,1,0.0,0.0,1.0,1.0
3.0385839665165806,0.34304092050780505,0.690021599365038,2,1,1,-0.449806500500846,4,0.0,1.0,0.0,1.0
0.5978837191830482,0.34304092050780505,0.9647761415802956,1,1,0,-0.931294089186672,0,1.0,0.0,0.0,1.0
-0.18314035996368214,-1.3823089898992464,-1.2251371051984103,2,1,1,-0.9052967713902501,0,1.0,0.0,0.0,0.0
-0.5736523995370473,1.0331808846706256,1.2008379904997704,1,1,0,-1.670450441336012,4,0.0,1.0,0.0,1.0
0.003935819113316791,0.34304092050780505,2.0394832837128947,2,1,0,0.15938466751335556,0,0.0,1.0,0.0,1.0
0.10974366971634174,-0.34709904365501554,0.6731225490863783,1,0,0,-0.14628211596958612,1,0.0,0.0,1.0,1.0
-0.3783963797503647,1.378250866752036,-1.2251371051984103,2,1,0,1.6010421804556425,1,1.0,0.0,0.0,1.0
0.003935819113316791,-0.6921690257364259,-1.2251371051984103,2,1,1,-0.06172096283805451,4,1.0,0.0,0.0,0.0
2.4528159071565327,-1.7273789719806567,0.35659963137885503,1,0,1,-1.0032331695081609,2,1.0,0.0,0.0,1.0
0.003935819113316791,-1.3823089898992464,-1.2251371051984103,2,0,1,0.9828595845285587,3,1.0,0.0,0.0,1.0
-1.3546764786837777,-1.3823089898992464,0.9784858977609331,1,1,1,-0.4208311246051527,1,0.0,1.0,0.0,0.0
3.3314679961966043,1.0331808846706256,-1.2251371051984103,1,1,1,-1.1447929937987462,0,1.0,0.0,0.0,0.0
2.4528159071565327,-1.3823089898992464,0.24493193350594053,1,0,1,-0.08628989865125784,0,0.0,1.0,0.0,1.0
1.183651778543096,0.6881109025892154,0.9558108824146788,1,1,0,-1.070452394061027,1,1.0,0.0,0.0,0.0
-0.18314035996368214,0.34304092050780505,0.4456624012475921,1,1,0,1.5948610523291875,1,0.0,1.0,0.0,0.0
-0.7689084193237299,-1.0372390078178362,1.3991866087281477,2,1,1,-0.6854127835244875,0,1.0,0.0,0.0,0.0
0.003935819113316791,0.34304092050780505,1.0120626951353935,1,1,1,0.9055861727095551,0,1.0,0.0,0.0,0.0
-0.2807683698570234,-0.6921690257364259,0.047814164216501705,1,0,1,1.3554234757209287,3,1.0,0.0,0.0,0.0
2.745699936836557,1.378250866752036,1.1521464897678808,1,0,1,-0.22872088281123798,4,0.0,0.0,1.0,1.0
0.8907677488630721,0.6881109025892154,-1.2251371051984103,2,1,0,-0.9020390580951901,0,0.0,0.0,1.0,0.0
-0.18314035996368214,0.6881109025892154,0.991151224531215,2,1,0,-0.7511479386873819,2,0.0,1.0,0.0,0.0
1.0860237686497547,-1.0372390078178362,-1.2251371051984103,2,0,1,0.8126212678295328,4,1.0,0.0,0.0,1.0
0.10974366971634174,0.34304092050780505,0.3022691399282701,1,0,1,1.384963556725728,3,1.0,0.0,0.0,0.0
2.843327946729898,-0.34709904365501554,-1.2251371051984103,2,1,1,-1.547985132728502,2,1.0,0.0,0.0,1.0
-0.5736523995370473,0.34304092050780505,0.13051098721344973,2,1,1,0.22047444881415934,2,1.0,0.0,0.0,0.0
0.20737167960968303,-1.3823089898992464,-1.2251371051984103,2,0,1,1.613442373754403,4,0.0,0.0,1.0,1.0
3.6243520258766284,1.7233208488334462,0.7160883300141715,1,0,1,-0.6179074649194269,4,1.0,0.0,0.0,1.0
0.20737167960968303,-1.0372390078178362,0.8205415121225259,1,1,0,1.2526861270483107,2,0.0,1.0,0.0,1.0
0.20737167960968303,-0.002029061573605259,0.4491450060717035,1,1,1,-0.0840237692426963,1,0.0,0.0,1.0,1.0
1.0860237686497547,0.34304092050780505,-1.2251371051984103,1,1,0,-0.11852298784201112,1,1.0,0.0,0.0,1.0
-0.3783963797503647,-0.002029061573605259,0.09426447016955927,2,0,0,-1.4291612584532103,4,0.0,1.0,0.0,0.0
0.012115659823000443,-0.34709904365501554,-1.2251371051984103,1,1,1,0.8205283575190435,2,1.0,0.0,0.0,0.0
0.10974366971634174,1.378250866752036,0.2632983374988579,2,1,0,1.5876034170209357,4,1.0,0.0,0.0,1.0
1.8670478477964851,1.0331808846706256,1.2815595665775477,1,0,0,-1.296129960506872,4,1.0,0.0,0.0,1.0
-0.08551235007034085,-1.0372390078178362,1.0517298905162178,1,0,1,0.33515674623533076,1,1.0,0.0,0.0,0.0
-0.8665364292170712,-1.0372390078178362,0.2319334518356494,2,1,0,0.5672047779905914,1,0.0,1.0,0.0,0.0
0.5002557092897069,-0.6921690257364259,-1.2251371051984103,2,1,0,-0.23396454824963253,3,1.0,0.0,0.0,1.0
-0.3783963797503647,1.7233208488334462,0.8258601492822305,2,1,0,-0.7184743969138403,2,0.0,1.0,0.0,1.0
-0.476024389643706,1.378250866752036,-1.2251371051984103,2,1,0,0.31968138992177286,1,0.0,0.0,1.0,1.0
0.3049996895030243,-0.6921690257364259,0.7233129268347835,2,1,1,1.1509422765167985,2,0.0,1.0,0.0,1.0
-0.476024389643706,1.0331808846706256,-1.2251371051984103,2,1,0,-0.09765761262418544,4,1.0,0.0,0.0,0.0
-0.2807683698570234,-1.3823089898992464,0.3893606632969048,1,1,1,-0.5621711576622092,1,1.0,0.0,0.0,1.0
-0.476024389643706,-0.6921690257364259,-1.2251371051984103,2,1,1,-0.6812779935730652,0,1.0,0.0,0.0,0.0
-0.476024389643706,1.0331808846706256,-1.2251371051984103,2,0,1,0.7869721703484641,0,1.0,0.0,0.0,0.0
0.012115659823000443,-1.3823089898992464,0.840175888943336,2,1,1,1.5231478540513412,4,1.0,0.0,0.0,0.0
-1.745188518257143,-1.3823089898992464,0.14809762952157116,1,1,1,0.5694519388762271,2,0.0,0.0,1.0,0.0
0.6955117290763895,-0.6921690257364259,0.4223177157493022,2,1,0,0.935510148774659,3,0.0,1.0,0.0,0.0
-0.6712804094303886,0.6881109025892154,-1.2251371051984103,3,0,1,-1.561073065500664,1,0.0,0.0,1.0,0.0
-0.3783963797503647,-1.7273789719806567,0.006831471029253115,1,1,1,-1.4467717047463133,1,0.0,1.0,0.0,1.0
0.5002557092897069,-1.7273789719806567,0.8546774080659738,2,1,1,-1.1657488610525457,3,0.0,1.0,0.0,1.0
-0.2807683698570234,-0.34709904365501554,0.5197592833482416,1,0,0,-0.10136482770563113,4,0.0,1.0,0.0,0.0
0.10974366971634174,-1.3823089898992464,-1.2251371051984103,2,1,1,0.3318118473440727,3,1.0,0.0,0.0,0.0
1.2812797884364373,-0.6921690257364259,0.31416398598599476,4,1,0,1.714040803938261,0,0.0,0.0,1.0,1.0
-1.8428165281504842,-1.3823089898992464,0.06411363168520264,1,0,0,-0.5526548759406781,2,1.0,0.0,0.0,1.0
0.20737167960968303,-0.6921690257364259,-0.30110814752529574,1,1,0,-1.6766098165692038,0,0.0,1.0,0.0,0.0
0.3049996895030243,-1.0372390078178362,-1.2251371051984103,2,1,0,-0.1342665138237148,4,1.0,0.0,0.0,0.0
0.10974366971634174,0.6881109025892154,-1.2251371051984103,1,1,1,-1.2960445151421351,1,0.0,0.0,1.0,0.0
-0.7689084193237299,-0.34709904365501554,1.0469292276174782,2,1,0,-1.2923430428245106,3,0.0,1.0,0.0,1.0
0.20737167960968303,0.6881109025892154,0.41903065140925005,1,0,1,1.6451161525535791,3,0.0,0.0,1.0,1.0
0.4026276993963656,-1.7273789719806567,-1.2251371051984103,2,1,0,-0.711827408825266,3,0.0,0.0,1.0,0.0
-0.5736523995370473,1.0331808846706256,1.8242487365804012,1,1,1,-0.354700762877457,3,1.0,0.0,0.0,0.0
-0.5736523995370473,0.34304092050780505,0.18772450067818708,1,1,0,-0.5812454866603363,2,1.0,0.0,0.0,1.0
-0.3783963797503647,-0.6921690257364259,-1.2251371051984103,1,1,0,1.5860638342473568,4,1.0,0.0,0.0,0.0
-0.5736523995370473,1.0331808846706256,-0.02559544588821126,1,1,1,-1.1765525660089515,3,1.0,0.0,0.0,0.0
0.20737167960968303,-1.3823089898992464,-0.0648569987755085,1,1,0,-1.2991837186746984,4,0.0,0.0,1.0,1.0
0.10974366971634174,0.6881109025892154,-1.2251371051984103,1,1,0,0.7182399885633733,4,0.0,0.0,1.0,0.0
-0.08551235007034085,-0.002029061573605259,0.9776170067392951,2,1,0,-0.4767176138374581,4,0.0,1.0,0.0,0.0
1.2812797884364373,-1.3823089898992464,-1.2251371051984103,1,0,1,-1.5965489019959123,0,1.0,0.0,0.0,0.0
-0.6712804094303886,-0.002029061573605259,0.4194055706843323,2,0,1,0.3037286881184528,4,0.0,0.0,1.0,1.0
0.5978837191830482,-0.34709904365501554,-1.2251371051984103,1,0,1,1.297121893266997,2,0.0,0.0,1.0,1.0
0.9883957587564134,1.0331808846706256,-0.16775513798362807,2,0,0,-0.15353992530098423,4,0.0,0.0,1.0,0.0
-0.18314035996368214,-0.34709904365501554,-1.2251371051984103,2,1,0,-0.6811032743343771,3,1.0,0.0,0.0,1.0
-0.18314035996368214,-1.7273789719806567,0.4649236189777099,2,1,1,0.5798501699022118,4,0.0,1.0,0.0,0.0
0.003935819113316791,-1.3823089898992464,-1.2251371051984103,2,1,1,-1.5616167138090915,4,0.0,0.0,1.0,1.0
-1.3546764786837777,-1.0372390078178362,0.5573781041493263,1,0,1,-0.908095759672181,0,1.0,0.0,0.0,0.0
-1.3546764786837777,-1.3823089898992464,0.767596125770154,2,0,1,-1.542818907590123,4,1.0,0.0,0.0,1.0
1.7694198379031438,1.378250866752036,-1.2251371051984103,2,1,1,0.12760925919685465,2,1.0,0.0,0.0,0.0
1.7694198379031438,-1.7273789719806567,-1.2251371051984103,2,0,1,0.2854358970694772,0,1.0,0.0,0.0,1.0
-1.0617924490037538,-0.002029061573605259,-0.08746224681321141,1,1,1,0.5242440319582794,2,0.0,1.0,0.0,1.0
0.4026276993963656,0.6881109025892154,-1.2251371051984103,2,1,0,-0.16481001228894793,4,1.0,0.0,0.0,0.0
-1.2570484687904364,-1.0372390078178362,-1.2251371051984103,2,0,0,-0.8758256035513076,3,1.0,0.0,0.0,0.0
-1.2570484687904364,1.7233208488334462,1.3748594203066802,1,1,1,-1.4256207575457318,1,1.0,0.0,0.0,0.0
0.3049996895030243,1.7233208488334462,1.4316444088808198,1,1,0,-0.036308014766248814,1,0.0,1.0,0.0,0.0
0.5002557092897069,0.6881109025892154,-1.2251371051984103,2,1,0,-1.3391733675335828,3,1.0,0.0,0.0,1.0
-0.476024389643706,-1.3823089898992464,0.882873801810315,1,1,1,0.14206692815199856,4,0.0,1.0,0.0,0.0
0.20737167960968303,-0.34709904365501554,0.8007573596117981,1,1,1,1.154041454725758,2,0.0,0.0,1.0,0.0
-1.3546764786837777,0.6881109025892154,0.5093913172405109,1,1,0,0.4854796800711105,4,1.0,0.0,0.0,1.0
0.3049996895030243,-0.34709904365501554,-1.2251371051984103,2,0,1,-0.2505421671706108,3,0.0,0.0,1.0,1.0
-0.2807683698570234,1.0331808846706256,-1.2251371051984103,2,1,0,-0.15187173942243506,2,0.0,0.0,1.0,0.0
0.5978837191830482,0.34304092050780505,0.04315175580076328,1,1,0,-0.7836653816988687,1,0.0,0.0,1.0,0.0
-0.8665364292170712,-0.002029061573605259,0.8801055118150418,2,1,0,1.222677053664762,1,0.0,1.0,0.0,0.0
0.003935819113316791,1.378250866752036,-0.1728097474848239,1,1,1,0.7902822646105017,3,1.0,0.0,0.0,0.0
-0.6712804094303886,-1.3823089898992464,1.0931171060796543,1,0,0,1.5202750799554625,0,1.0,0.0,0.0,1.0
2.6480719269432154,-0.002029061573605259,-1.2251371051984103,1,1,0,-0.884492652319853,1,1.0,0.0,0.0,0.0
-0.9641644391104125,-0.34709904365501554,0.03716920909248127,2,1,1,-1.2782320279764052,1,0.0,1.0,0.0,0.0
-1.3546764786837777,-1.7273789719806567,0.33885025202303437,2,1,1,1.0466413298764394,0,0.0,1.0,0.0,0.0
-0.9641644391104125,-0.34709904365501554,0.9472408646530112,1,0,0,0.21638490488072396,0,0.0,1.0,0.0,1.0
-0.476024389643706,-0.002029061573605259,-1.2251371051984103,1,1,0,-1.2703435587635274,0,1.0,0.0,0.0,0.0
-0.5736523995370473,1.0331808846706256,1.1067825376170146,1,1,0,-1.0269746252616414,0,0.0,0.0,1.0,1.0
-0.6712804094303886,0.6881109025892154,-1.2251371051984103,2,1,1,0.09727058597458554,4,1.0,0.0,0.0,0.0
0.003935819113316791,0.6881109025892154,-1.2251371051984103,2,1,1,-0.567482344081292,4,1.0,0.0,0.0,0.0
-1.5499324984704603,-0.002029061573605259,0.12355585862127902,2,1,1,-0.6530728441220266,4,1.0,0.0,0.0,1.0
-0.08551235007034085,0.34304092050780505,0.6824043214086802,1,1,0,1.2074484621723793,4,0.0,0.0,1.0,1.0
-1.5499324984704603,1.7233208488334462,-0.09833442574031225,1,0,1,-0.1650346761705678,1,0.0,0.0,1.0,0.0
-0.5736523995370473,0.6881109025892154,1.248334166014048,1,1,0,-1.2992089520308834,2,1.0,0.0,0.0,1.0
0.8907677488630721,1.0331808846706256,0.8678234251915045,2,1,1,-0.994180833494142,2,1.0,0.0,0.0,0.0
-0.7689084193237299,-0.34709904365501554,0.21530899032183867,2,1,0,1.6141247185102756,4,0.0,1.0,0.0,1.0
-0.7689084193237299,-0.6921690257364259,-1.2251371051984103,2,1,0,-1.4795207725652642,0,1.0,0.0,0.0,1.0
-1.0617924490037538,0.34304092050780505,-1.2251371051984103,2,0,0,1.0289812869866966,1,1.0,0.0,0.0,0.0
1.183651778543096,-0.002029061573605259,-1.2251371051984103,3,1,0,1.5443398707144036,0,1.0,0.0,0.0,1.0
1.47653580822312,0.6881109025892154,0.7928867751200346,1,1,0,0.21575128660576082,3,1.0,0.0,0.0,1.0
-1.0617924490037538,0.6881109025892154,-1.2251371051984103,1,1,1,-1.5612222033368746,1,0.0,0.0,1.0,1.0
1.5741638181164612,-1.3823089898992464,-0.0042602508963168195,1,1,0,-1.0095914531973493,3,0.0,1.0,0.0,0.0
-0.08551235007034085,-1.7273789719806567,0.4271502219838254,1,0,0,1.008726907034841,2,0.0,0.0,1.0,1.0
0.012115659823000443,1.7233208488334462,-1.2251371051984103,1,1,0,1.0516448433732115,0,1.0,0.0,0.0,1.0
-0.08551235007034085,0.6881109025892154,1.9486156847772969,2,1,1,-1.498362780663343,3,1.0,0.0,0.0,1.0
-0.2807683698570234,0.34304092050780505,-1.2251371051984103,1,0,1,-1.7348139460613174,1,1.0,0.0,0.0,0.0
-1.6475605083638016,-0.002029061573605259,-1.2251371051984103,1,1,0,0.8838687801684056,0,1.0,0.0,0.0,1.0
0.10974366971634174,-0.002029061573605259,0.7896315541157662,1,1,1,-0.09145142516469172,0,1.0,0.0,0.0,1.0
-0.8665364292170712,-1.7273789719806567,0.5171780529486025,1,1,0,-1.261051418854178,0,1.0,0.0,0.0,0.0
0.20737167960968303,1.7233208488334462,1.0336928010210038,1,1,0,-0.8609107757913494,2,1.0,0.0,0.0,0.0
-0.7689084193237299,-1.0372390078178362,1.4444843139392425,2,1,1,0.6054625484994524,1,0.0,0.0,1.0,1.0
-0.3783963797503647,-1.3823089898992464,0.5389697757645732,1,1,1,1.3558414793178695,3,0.0,1.0,0.0,1.0
-0.476024389643706,-1.3823089898992464,1.0495291799783568,2,1,1,1.1898625531428761,2,1.0,0.0,0.0,0.0
0.003935819113316791,-0.34709904365501554,0.3232473375225082,1,1,1,1.720447118015774,1,0.0,0.0,1.0,0.0
-1.0617924490037538,-0.6921690257364259,-1.2251371051984103,2,1,1,1.6022222314093713,3,0.0,0.0,1.0,0.0
-0.5736523995370473,1.0331808846706256,1.4053069298691427,1,1,0,0.8750830476142178,4,1.0,0.0,0.0,1.0
-0.6712804094303886,1.378250866752036,-0.1359471659044131,1,1,0,0.746699385830869,0,0.0,1.0,0.0,0.0
1.9646758576898262,-0.002029061573605259,0.977468191149954,1,1,0,0.7412954450749129,3,0.0,1.0,0.0,0.0
0.5978837191830482,0.34304092050780505,0.8287194888154986,3,1,1,0.7591074101712043,1,0.0,1.0,0.0,0.0
-0.7689084193237299,-1.0372390078178362,-1.2251371051984103,1,1,1,1.2258521059654226,2,0.0,0.0,1.0,1.0
0.003935819113316791,1.0331808846706256,-1.2251371051984103,1,1,0,-0.04086063429146598,0,0.0,0.0,1.0,0.0
1.47653580822312,-1.3823089898992464,1.783132429396271,1,0,0,0.19252493936474716,2,0.0,0.0,1.0,0.0
1.5741638181164612,0.6881109025892154,0.8186489938696879,2,1,0,0.6802491695606347,1,0.0,1.0,0.0,0.0
-0.7689084193237299,0.34304092050780505,0.9426243810481769,1,1,0,0.11651336937814084,0,0.0,1.0,0.0,0.0
-2.038072547937167,-0.34709904365501554,0.9118974822179835,1,1,1,-0.9299469760126837,3,1.0,0.0,0.0,1.0
-0.2807683698570234,-0.34709904365501554,1.2098238918277797,2,0,0,-1.0745969293086313,0,1.0,0.0,0.0,1.0
0.4026276993963656,1.0331808846706256,-1.2251371051984103,3,0,1,0.183361576583514,1,1.0,0.0,0.0,0.0
-0.18314035996368214,1.378250866752036,-1.2251371051984103,2,1,1,-0.472546279025354,4,1.0,0.0,0.0,0.0
-0.476024389643706,-0.6921690257364259,-1.2251371051984103,1,0,1,0.36681207858102005,3,1.0,0.0,0.0,1.0
-0.6712804094303886,1.378250866752036,-1.2251371051984103,1,1,1,0.8323720247965649,3,1.0,0.0,0.0,0.0
0.5002557092897069,1.7233208488334462,0.48274708609467576,1,1,0,0.6445876503684939,3,0.0,1.0,0.0,0.0
1.2812797884364373,0.34304092050780505,1.0115941660541126,1,1,0,-1.2692226756794742,3,1.0,0.0,0.0,1.0
-0.5736523995370473,-0.6921690257364259,-1.2251371051984103,2,1,0,0.5578691322947155,0,1.0,0.0,0.0,0.0
0.4026276993963656,-0.34709904365501554,0.7516542957661604,2,0,0,0.9489306397790251,1,0.0,0.0,1.0,0.0
0.003935819113316791,1.378250866752036,-1.2251371051984103,2,1,0,-1.6721328971125418,2,1.0,0.0,0.0,0.0
0.5002557092897069,-0.6921690257364259,1.2029516519187047,1,1,0,1.1673815470366244,0,0.0,1.0,0.0,1.0
-0.476024389643706,1.7233208488334462,-1.2251371051984103,2,1,1,-0.8634981519276184,4,1.0,0.0,0.0,0.0
-1.745188518257143,-0.34709904365501554,-1.2251371051984103,2,0,0,-1.31444050191675,3,1.0,0.0,0.0,1.0
-0.7689084193237299,0.6881109025892154,-1.2251371051984103,1,1,0,-0.9286010810007183,0,0.0,0.0,1.0,0.0
-0.5736523995370473,1.0331808846706256,0.32317581002956675,1,1,1,1.294705233837056,1,0.0,1.0,0.0,1.0
1.0860237686497547,1.0331808846706256,-1.2251371051984103,2,0,1,-0.36548480321835314,2,1.0,0.0,0.0,1.0
-0.8665364292170712,0.34304092050780505,-1.2251371051984103,1,0,0,-0.5635287122249635,2,0.0,0.0,1.0,0.0
-1.452304488577119,0.6881109025892154,1.1381062989722006,1,1,1,0.36915477817386705,3,0.0,1.0,0.0,0.0
-1.159420458897095,-0.34709904365501554,-1.2251371051984103,2,1,1,1.447693680201705,1,1.0,0.0,0.0,0.0
-0.7689084193237299,-1.3823089898992464,1.0322062452952185,3,1,1,1.633687182433223,4,0.0,1.0,0.0,0.0
4.405376105023358,1.0331808846706256,0.18098443461512898,1,0,0,1.5332307551365856,0,1.0,0.0,0.0,0.0
-1.2570484687904364,1.0331808846706256,0.7635806651261432,1,1,1,-0.7006686966508087,2,1.0,0.0,0.0,0.0
0.8907677488630721,0.34304092050780505,-1.2251371051984103,2,1,1,-1.0496474048748994,1,0.0,0.0,1.0,0.0
0.3049996895030243,0.34304092050780505,0.3776027915880794,1,1,0,-1.164503551419028,4,0.0,1.0,0.0,1.0
-0.7689084193237299,-1.3823089898992464,1.2177391209963455,1,0,1,-1.4487581789590864,3,1.0,0.0,0.0,0.0
0.012115659823000443,1.0331808846706256,-1.2251371051984103,2,0,0,-0.06117209383524377,2,1.0,0.0,0.0,1.0
-0.3783963797503647,0.34304092050780505,0.1457039387678549,1,1,0,0.08954935300511338,1,0.0,1.0,0.0,1.0
0.9883957587564134,0.6881109025892154,-1.2251371051984103,1,1,0,-0.6434389227537295,3,1.0,0.0,0.0,0.0
-0.6712804094303886,1.378250866752036,1.1612938480094872,2,1,1,-1.4614014825929538,2,1.0,0.0,0.0,1.0
2.159931877476509,-0.6921690257364259,1.2903500874382607,1,0,1,-0.8703054153337543,2,1.0,0.0,0.0,1.0
3.1362119764099217,-0.34709904365501554,-1.2251371051984103,1,1,1,0.3433053800516334,2,0.0,0.0,1.0,1.0
1.0860237686497547,-0.6921690257364259,0.7136203914825472,1,0,0,-1.6766458393604475,1,1.0,0.0,0.0,1.0
-2.038072547937167,1.7233208488334462,1.203321130623854,1,0,1,0.46350699557462754,2,1.0,0.0,0.0,1.0
-0.8665364292170712,-1.0372390078178362,-1.2251371051984103,2,1,1,0.5507905668038044,1,1.0,0.0,0.0,1.0
-0.08551235007034085,0.34304092050780505,1.115632744730227,2,1,0,1.707805206567076,4,0.0,0.0,1.0,1.0
-0.9641644391104125,-0.34709904365501554,-1.2251371051984103,2,1,1,-1.092406458080877,3,0.0,0.0,1.0,1.0
-0.476024389643706,0.34304092050780505,0.7787179308471177,2,0,1,0.4849590028179684,2,0.0,1.0,0.0,0.0
0.6955117290763895,-0.34709904365501554,-1.2251371051984103,1,1,1,-1.665840916242019,3,0.0,0.0,1.0,1.0
0.3049996895030243,1.378250866752036,0.5150144662996957,2,1,1,-0.6100628495393674,3,0.0,1.0,0.0,1.0
0.9883957587564134,1.378250866752036,0.6944286210274553,2,1,0,0.04678942968340514,1,1.0,0.0,0.0,0.0
-0.3783963797503647,0.34304092050780505,-1.2251371051984103,2,1,1,-0.722203364888549,2,1.0,0.0,0.0,1.0
-0.18314035996368214,-1.3823089898992464,0.2650036361392986,2,1,1,1.6653978541393737,4,0.0,1.0,0.0,0.0
-1.5499324984704603,1.378250866752036,-1.2251371051984103,2,0,1,-0.9111472555391082,0,0.0,0.0,1.0,0.0
0.20737167960968303,-0.6921690257364259,-1.2251371051984103,2,1,1,0.14420184410839784,2,1.0,0.0,0.0,1.0
-0.9641644391104125,0.34304092050780505,1.1860881253613715,1,1,0,-0.21941656128166104,1,1.0,0.0,0.0,1.0
0.10974366971634174,-0.6921690257364259,0.8430493099517246,2,1,0,-0.4786175985466177,0,0.0,1.0,0.0,0.0
-0.7689084193237299,1.378250866752036,-1.2251371051984103,2,0,0,-0.01888690565610622,0,0.0,0.0,1.0,0.0
-0.2807683698570234,-1.0372390078178362,-1.2251371051984103,2,1,1,1.4340836779912323,2,0.0,0.0,1.0,1.0
-1.9404445380438253,1.0331808846706256,1.4332738595757253,1,1,1,0.13252663123630515,1,0.0,1.0,0.0,1.0
-0.3783963797503647,0.6881109025892154,0.6036176680258649,1,0,1,0.5095582186585936,4,0.0,1.0,0.0,0.0
1.5741638181164612,1.378250866752036,-1.2251371051984103,1,1,0,0.9219271201518321,3,1.0,0.0,0.0,1.0
0.5978837191830482,0.34304092050780505,0.36805731164079425,1,1,1,0.14779646621431444,2,0.0,1.0,0.0,1.0
-0.3783963797503647,1.378250866752036,0.8526445551122196,2,1,0,1.687082530329055,0,0.0,1.0,0.0,1.0
0.003935819113316791,-0.002029061573605259,-1.2251371051984103,2,1,0,-1.1371608606800792,4,1.0,0.0,0.0,0.0
0.003935819113316791,0.34304092050780505,0.35397471640299,1,0,0,0.5802112679303769,3,1.0,0.0,0.0,1.0
-1.745188518257143,0.34304092050780505,0.15744804903508552,2,0,0,-1.27122063541989,3,0.0,1.0,0.0,1.0
-1.5499324984704603,-0.002029061573605259,-1.2251371051984103,1,1,1,1.396412191461594,2,0.0,0.0,1.0,0.0
1.6717918280098025,-1.0372390078178362,-1.2251371051984103,1,1,1,-1.3079045405953897,4,0.0,0.0,1.0,0.0
1.3789077983297786,-0.6921690257364259,-1.2251371051984103,1,1,1,-0.15614940237680844,0,1.0,0.0,0.0,0.0
0.20737167960968303,-1.3823089898992464,-1.2251371051984103,2,1,0,-1.194029014479555,0,1.0,0.0,0.0,0.0
-0.3783963797503647,0.6881109025892154,-1.2251371051984103,2,1,0,1.044285926593927,3,0.0,0.0,1.0,1.0
-1.0617924490037538,-1.3823089898992464,0.5681777954829094,1,0,1,0.45075997414568236,0,1.0,0.0,0.0,1.0
0.7931397389697308,-0.002029061573605259,-1.2251371051984103,1,1,0,0.37562774311633795,4,0.0,0.0,1.0,1.0
0.10974366971634174,-1.3823089898992464,-1.2251371051984103,2,1,0,1.633965793490135,4,1.0,0.0,0.0,0.0
-1.0617924490037538,1.7233208488334462,1.9867987246837768,1,0,1,-0.30466040721535714,3,1.0,0.0,0.0,1.0
0.5002557092897069,1.0331808846706256,0.595146060573278,2,1,0,0.8592772213462091,2,0.0,0.0,1.0,1.0
0.7931397389697308,0.6881109025892154,-1.2251371051984103,2,1,0,1.617124355479664,3,1.0,0.0,0.0,1.0
-1.5499324984704603,0.34304092050780505,-1.2251371051984103,2,1,1,0.5883475461033058,3,0.0,0.0,1.0,1.0
0.5978837191830482,-1.3823089898992464,1.2922547669650664,1,1,0,-0.6645179983949704,1,0.0,0.0,1.0,0.0
-0.476024389643706,-0.002029061573605259,0.43613180285924097,1,1,1,1.1426140508137168,4,1.0,0.0,0.0,1.0
-1.6475605083638016,0.6881109025892154,0.7080556485417598,1,1,1,1.4814731390687352,4,0.0,0.0,1.0,1.0
-0.5736523995370473,1.0331808846706256,0.3233297461553154,1,1,1,-1.1053163651745752,2,0.0,0.0,1.0,0.0
-0.18314035996368214,1.0331808846706256,0.5099707379383657,2,1,1,-1.4881498842879588,0,0.0,1.0,0.0,1.0
0.012115659823000443,-0.002029061573605259,-1.2251371051984103,2,0,0,0.31137161067217833,1,1.0,0.0,0.0,0.0
0.5002557092897069,-1.3823089898992464,-1.2251371051984103,2,1,1,-1.547277206570152,4,1.0,0.0,0.0,0.0
0.5002557092897069,0.6881109025892154,1.3241961930244002,1,0,0,-1.3156045427410372,4,1.0,0.0,0.0,0.0
0.3049996895030243,0.34304092050780505,-1.2251371051984103,2,1,1,0.4007874875105628,1,0.0,0.0,1.0,1.0
-0.7689084193237299,1.378250866752036,0.06851345259329711,2,1,1,-0.44789433417145946,2,0.0,1.0,0.0,0.0
-0.6712804094303886,0.6881109025892154,0.36643442163316065,2,1,1,-0.85728100100992,1,0.0,1.0,0.0,1.0
0.5978837191830482,1.7233208488334462,-1.2251371051984103,2,1,0,-1.723090006708316,4,1.0,0.0,0.0,1.0
3.3314679961966043,-0.002029061573605259,0.9792786208035098,1,1,1,1.0319212340169714,3,0.0,0.0,1.0,1.0
0.7931397389697308,1.0331808846706256,1.2478256327420838,1,1,0,-1.2319585773348647,1,1.0,0.0,0.0,0.0
-0.2807683698570234,-0.34709904365501554,1.44568988022967,2,1,0,0.6698427594467837,2,1.0,0.0,0.0,0.0
-0.18314035996368214,-0.34709904365501554,-1.2251371051984103,2,1,0,-0.09630580082525253,4,1.0,0.0,0.0,1.0
0.5978837191830482,0.6881109025892154,0.9759805153068294,1,0,0,0.4216262371870347,1,1.0,0.0,0.0,1.0
-0.08551235007034085,0.34304092050780505,1.1629365800956997,1,1,1,-0.044450731795583995,3,1.0,0.0,0.0,1.0
0.10974366971634174,-1.0372390078178362,1.12984879394815,1,0,1,-0.5312837894602752,2,0.0,1.0,0.0,0.0
1.0860237686497547,-0.002029061573605259,1.194561813031874,2,1,0,1.2081534299372447,1,1.0,0.0,0.0,1.0
-1.3546764786837777,-0.6921690257364259,0.5948338678691868,1,0,1,1.6790637177797456,3,1.0,0.0,0.0,1.0
-0.18314035996368214,0.6881109025892154,0.5717125657716715,1,1,0,0.9184670179378537,2,1.0,0.0,0.0,1.0
2.745699936836557,-1.0372390078178362,-1.2251371051984103,2,0,1,0.14385310172360627,1,1.0,0.0,0.0,1.0
-0.18314035996368214,-1.3823089898992464,-1.2251371051984103,2,0,1,0.9697526832334712,0,1.0,0.0,0.0,0.0
-0.6712804094303886,1.7233208488334462,-1.2251371051984103,2,0,1,1.1872978000156007,0,0.0,0.0,1.0,1.0
-0.08551235007034085,-1.3823089898992464,0.3988278950472138,1,1,1,-0.4249720053666886,1,0.0,1.0,0.0,1.0
-0.6712804094303886,-1.0372390078178362,0.1800483365531435,1,1,0,0.6647482318445999,3,1.0,0.0,0.0,0.0
0.10974366971634174,-1.3823089898992464,0.3709652962699329,1,1,0,1.342495644243182,4,0.0,1.0,0.0,0.0
-1.159420458897095,1.0331808846706256,0.40703659495863126,1,1,1,0.285005885875455,0,1.0,0.0,0.0,0.0
0.8907677488630721,1.0331808846706256,0.843079553119881,2,1,1,1.0016392923403323,0,0.0,1.0,0.0,1.0
0.3049996895030243,1.378250866752036,1.2167738998835431,1,1,0,0.1720342359804826,0,1.0,0.0,0.0,1.0
-1.0617924490037538,1.378250866752036,-1.2251371051984103,1,1,0,0.587004435461678,2,1.0,0.0,0.0,1.0
0.003935819113316791,-1.3823089898992464,0.4773849243755077,1,1,1,0.8750212693973513,2,0.0,1.0,0.0,1.0
1.5741638181164612,-1.0372390078178362,-0.10079804381934256,1,0,1,-0.6618416964310426,2,0.0,0.0,1.0,1.0
-0.08551235007034085,0.34304092050780505,-1.2251371051984103,2,0,0,1.2773968917255885,1,0.0,0.0,1.0,0.0
-0.3783963797503647,-1.3823089898992464,-1.2251371051984103,2,0,0,-1.0138872145589175,4,0.0,0.0,1.0,1.0
-0.476024389643706,0.6881109025892154,-1.2251371051984103,2,0,0,-1.6781615809630102,2,0.0,0.0,1.0,0.0
0.10974366971634174,0.34304092050780505,0.8776630159486919,1,1,1,1.640630705962758,2,1.0,0.0,0.0,1.0
-0.6712804094303886,0.6881109025892154,-1.2251371051984103,1,0,0,-0.41966134101704405,3,0.0,0.0,1.0,0.0
-1.6475605083638016,1.0331808846706256,-1.2251371051984103,2,1,1,-0.13526036001111266,3,1.0,0.0,0.0,0.0
-0.2807683698570234,1.0331808846706256,1.0111507596045808,1,1,0,-0.3568931064720705,2,1.0,0.0,0.0,1.0
-0.3783963797503647,1.0331808846706256,-1.2251371051984103,2,1,0,1.2199783027149866,2,1.0,0.0,0.0,1.0
0.10974366971634174,1.378250866752036,-1.2251371051984103,2,0,0,-0.11593387147428127,1,1.0,0.0,0.0,1.0
-0.2807683698570234,-0.34709904365501554,1.3596616682493927,1,1,0,0.009769311789633079,3,1.0,0.0,0.0,1.0
2.3551878972631917,-0.34709904365501554,0.9844089182334785,1,0,1,1.1537388284746841,3,1.0,0.0,0.0,1.0
0.10974366971634174,1.0331808846706256,0.8333898980693739,1,0,0,1.171068575433122,3,0.0,1.0,0.0,0.0
0.003935819113316791,0.6881109025892154,-1.2251371051984103,2,0,1,-1.6567335889138315,2,1.0,0.0,0.0,0.0
-0.5736523995370473,-1.0372390078178362,2.105860317112275,1,0,0,-0.8632369431853169,0,1.0,0.0,0.0,0.0
0.3049996895030243,0.34304092050780505,0.12613532883652778,3,0,1,-0.7023259190711537,4,0.0,1.0,0.0,1.0
-1.159420458897095,-1.0372390078178362,1.439588121033152,2,0,1,0.794035769848811,2,0.0,1.0,0.0,1.0
-0.3783963797503647,-0.6921690257364259,-1.2251371051984103,2,0,0,-0.32883222220915187,4,0.0,0.0,1.0,1.0
1.0860237686497547,-0.002029061573605259,0.8437794664400733,1,1,0,1.3473900452273466,1,0.0,1.0,0.0,0.0
-0.9641644391104125,1.0331808846706256,0.27636194599158104,1,0,1,-1.5655411097768748,4,0.0,0.0,1.0,1.0
-0.08551235007034085,1.0331808846706256,-1.2251371051984103,2,0,1,0.4500563985659852,4,0.0,0.0,1.0,0.0
0.8907677488630721,-0.002029061573605259,0.9011053116722489,1,1,0,-0.3675327076017006,0,0.0,0.0,1.0,1.0
0.3049996895030243,-0.002029061573605259,-1.2251371051984103,2,0,0,-1.2952128585269056,4,1.0,0.0,0.0,0.0
0.003935819113316791,1.378250866752036,-1.2251371051984103,2,1,1,1.7248104003580307,2,1.0,0.0,0.0,1.0
0.5978837191830482,0.34304092050780505,-1.2251371051984103,2,0,1,0.8878974160007048,0,1.0,0.0,0.0,0.0
-0.08551235007034085,-1.0372390078178362,-1.2251371051984103,2,1,1,-0.7149251948490567,4,0.0,0.0,1.0,1.0
1.183651778543096,1.7233208488334462,-1.2251371051984103,1,1,1,0.4427890179615514,0,1.0,0.0,0.0,1.0
0.4026276993963656,-1.3823089898992464,0.7784635041943728,1,1,1,0.22676886600872798,1,1.0,0.0,0.0,1.0
0.4026276993963656,1.7233208488334462,1.1404251018809581,1,0,1,-1.325106554564588,4,1.0,0.0,0.0,0.0
-0.3783963797503647,1.0331808846706256,-1.2251371051984103,2,1,0,-1.5669997717875153,3,1.0,0.0,0.0,1.0
0.20737167960968303,-0.6921690257364259,0.9577606866685751,1,0,1,-0.7402121501630835,4,1.0,0.0,0.0,1.0
-0.18314035996368214,-0.002029061573605259,0.5908720128406914,1,1,0,-0.08297058116247705,2,0.0,1.0,0.0,1.0
-1.2570484687904364,0.34304092050780505,1.4352689485734746,1,1,1,0.8525373048976155,2,1.0,0.0,0.0,1.0
1.5741638181164612,-0.6921690257364259,-1.2251371051984103,1,0,1,-1.515586199479512,4,1.0,0.0,0.0,1.0
0.5002557092897069,1.0331808846706256,0.17455560115558588,1,0,1,1.5351356124938365,2,1.0,0.0,0.0,1.0
-0.2807683698570234,-1.3823089898992464,1.017292202958256,1,1,0,1.6304889850541304,0,0.0,0.0,1.0,0.0
0.012115659823000443,-0.002029061573605259,0.10858485031678383,3,1,0,-1.6084247635554627,1,0.0,1.0,0.0,0.0
0.20737167960968303,-1.3823089898992464,-1.2251371051984103,2,0,0,-0.5191028653256052,1,1.0,0.0,0.0,1.0
-1.159420458897095,-1.0372390078178362,0.720353416808045,1,0,1,0.5976125384018637,0,0.0,0.0,1.0,0.0
0.4026276993963656,1.378250866752036,-1.2251371051984103,2,0,1,-1.5481494105784237,1,1.0,0.0,0.0,0.0
0.5002557092897069,0.6881109025892154,0.015419410668346721,3,0,0,-0.7490125006615442,2,0.0,0.0,1.0,1.0
1.3789077983297786,0.6881109025892154,1.1899477296784806,2,0,0,0.3382602750229429,3,0.0,1.0,0.0,1.0
-1.0617924490037538,-0.34709904365501554,1.142665976626265,1,1,0,-0.690363916054282,4,0.0,1.0,0.0,1.0
-0.6712804094303886,1.0331808846706256,0.3936083082636407,1,1,1,0.27038011056117517,3,0.0,1.0,0.0,1.0
-0.18314035996368214,-1.0372390078178362,-1.2251371051984103,1,0,1,-0.8327769758302134,0,1.0,0.0,0.0,1.0
-0.3783963797503647,-0.002029061573605259,-1.2251371051984103,2,1,1,-0.32474737690066136,3,1.0,0.0,0.0,1.0
-0.8665364292170712,-0.34709904365501554,0.7812332343405106,1,1,0,-0.5583637052486078,0,0.0,0.0,1.0,1.0
-0.8665364292170712,-1.0372390078178362,-1.2251371051984103,2,1,1,-0.31596808320287906,1,0.0,0.0,1.0,1.0
-0.7689084193237299,0.34304092050780505,0.5830628747858173,1,1,0,-1.042602425851186,2,1.0,0.0,0.0,0.0
-1.3546764786837777,-1.0372390078178362,1.180800531453637,2,1,1,-1.1243407495297706,4,0.0,1.0,0.0,0.0
0.4026276993963656,1.378250866752036,1.0170364961714098,1,1,0,-1.5501430197401869,2,0.0,1.0,0.0,1.0
0.003935819113316791,-1.0372390078178362,1.2513336802314694,2,1,1,1.2950938275223052,4,1.0,0.0,0.0,0.0
-0.18314035996368214,1.0331808846706256,-1.2251371051984103,2,1,0,-0.9773778545989597,0,0.0,0.0,1.0,0.0
-0.08551235007034085,-1.0372390078178362,0.6834194677514553,1,0,0,1.6622179291906218,0,1.0,0.0,0.0,1.0
0.3049996895030243,1.378250866752036,-1.2251371051984103,2,0,1,-0.7351104876119094,2,1.0,0.0,0.0,1.0
-0.6712804094303886,-0.34709904365501554,0.5535535435032556,1,1,1,1.1658981737392373,1,1.0,0.0,0.0,0.0
-0.7689084193237299,-0.6921690257364259,0.8082075800678631,1,0,1,1.0539233284251461,0,1.0,0.0,0.0,0.0
0.10974366971634174,-0.6921690257364259,0.5291017020236191,1,1,0,1.548571069488767,3,0.0,1.0,0.0,0.0
-0.476024389643706,1.0331808846706256,0.6518598416880016,1,1,0,0.679221910929185,1,0.0,0.0,1.0,1.0
2.6480719269432154,-1.7273789719806567,-1.2251371051984103,2,0,1,-1.0117529946951025,2,1.0,0.0,0.0,1.0
-0.6712804094303886,-0.002029061573605259,1.1207446402324812,2,1,1,-0.47739038732029476,0,0.0,1.0,0.0,0.0
-0.08551235007034085,-0.6921690257364259,0.9023164785493717,1,0,1,0.4195132481470444,1,1.0,0.0,0.0,0.0
0.003935819113316791,-0.002029061573605259,0.6918520311139358,2,1,0,1.0273813181814198,1,0.0,0.0,1.0,1.0
0.4026276993963656,-0.6921690257364259,1.044846609450514,2,1,1,0.1891647264366319,1,0.0,1.0,0.0,1.0
-1.159420458897095,-1.3823089898992464,1.211652403375525,1,1,0,1.4425060502163556,0,1.0,0.0,0.0,1.0
-1.745188518257143,-0.34709904365501554,2.1421449181456955,2,0,1,1.6866017043763706,1,1.0,0.0,0.0,1.0
1.6717918280098025,1.378250866752036,-1.2251371051984103,1,0,0,-0.2581146103501643,3,1.0,0.0,0.0,1.0
0.4026276993963656,-0.002029061573605259,0.9194405123964332,1,1,0,1.6425226856071968,1,1.0,0.0,0.0,0.0
-0.18314035996368214,-1.3823089898992464,-0.5955538725121337,1,1,1,1.355855401169558,1,1.0,0.0,0.0,1.0
-0.9641644391104125,-0.34709904365501554,-1.2251371051984103,2,1,0,0.05208965264428338,4,1.0,0.0,0.0,0.0
0.6955117290763895,-0.6921690257364259,0.09165843717169686,1,1,0,0.2117941742865103,0,0.0,1.0,0.0,1.0
0.9883957587564134,0.34304092050780505,2.021677258423067,1,1,1,-1.445798393290156,4,1.0,0.0,0.0,1.0
-0.6712804094303886,-1.3823089898992464,-1.2251371051984103,2,0,0,-1.7096082595565212,1,1.0,0.0,0.0,1.0
-0.3783963797503647,-1.0372390078178362,0.5221924982423528,3,1,0,0.15685854752451517,1,0.0,1.0,0.0,1.0
-0.3783963797503647,0.34304092050780505,-0.11114264747971415,1,1,0,0.7477106343328774,0,1.0,0.0,0.0,0.0
2.0623038675831675,0.6881109025892154,-1.2251371051984103,2,1,1,0.19454343383640305,4,1.0,0.0,0.0,1.0
-0.18314035996368214,-0.002029061573605259,1.2262491324719884,1,1,1,1.0856169458629785,2,1.0,0.0,0.0,1.0
0.20737167960968303,-0.002029061573605259,0.3532005553048901,1,1,0,1.7331175692604335,2,0.0,1.0,0.0,0.0
-1.8428165281504842,-0.34709904365501554,-1.2251371051984103,1,1,1,-0.7764194059414055,1,1.0,0.0,0.0,1.0
-0.5736523995370473,0.34304092050780505,-1.2251371051984103,2,1,0,0.26620459919356454,4,1.0,0.0,0.0,1.0
0.3049996895030243,-1.7273789719806567,-1.2251371051984103,1,0,1,-0.14613906894348894,3,1.0,0.0,0.0,0.0
-0.476024389643706,-1.0372390078178362,1.117622073124518,1,1,1,-0.4925866105075023,3,0.0,1.0,0.0,1.0
0.10974366971634174,-1.0372390078178362,0.9104962154267344,1,0,1,-0.12554360362527014,2,1.0,0.0,0.0,1.0
-0.2807683698570234,0.34304092050780505,-1.2251371051984103,2,1,1,1.5629961961155898,4,1.0,0.0,0.0,0.0
-0.9641644391104125,-0.002029061573605259,-1.2251371051984103,2,1,0,-0.6005756296832356,4,0.0,0.0,1.0,1.0
0.3049996895030243,0.6881109025892154,-1.2251371051984103,2,0,1,-1.347035211205107,2,1.0,0.0,0.0,0.0
0.20737167960968303,-0.6921690257364259,-1.2251371051984103,2,1,0,-0.7762735745449707,3,1.0,0.0,0.0,1.0
-1.159420458897095,0.6881109025892154,1.5947914195259503,2,0,1,0.6804653063080957,0,1.0,0.0,0.0,0.0
-0.5736523995370473,-0.002029061573605259,0.3164803886433112,2,0,0,0.13806665809251417,0,0.0,1.0,0.0,1.0
1.0860237686497547,0.6881109025892154,1.0098981483859102,2,1,0,-0.9534432331533041,0,0.0,1.0,0.0,1.0
-0.08551235007034085,-0.34709904365501554,0.8233307643137171,1,1,0,-0.7298374122618232,4,0.0,1.0,0.0,1.0
0.5978837191830482,-0.002029061573605259,0.11299587239826954,2,0,0,-1.1046973648438845,0,0.0,1.0,0.0,1.0
0.20737167960968303,1.0331808846706256,-1.2251371051984103,2,1,1,1.4735342031434877,0,1.0,0.0,0.0,1.0
-0.18314035996368214,0.6881109025892154,1.0703472007930996,2,1,1,-1.4458784439373638,4,0.0,1.0,0.0,1.0
1.0860237686497547,1.0331808846706256,0.988535750544351,1,0,1,-1.6918596388854117,2,1.0,0.0,0.0,0.0
0.10974366971634174,-0.34709904365501554,0.8293040300497606,1,1,1,1.3175602156842843,3,0.0,0.0,1.0,1.0
-0.7689084193237299,-0.6921690257364259,0.9637184307786337,1,1,0,-0.7140714372942722,1,1.0,0.0,0.0,0.0
-0.5736523995370473,-1.3823089898992464,0.4193978898797212,2,1,0,-0.5163954132185249,1,0.0,1.0,0.0,1.0
-0.8665364292170712,1.0331808846706256,1.6600888198271737,2,1,1,-1.7135209959735151,1,0.0,0.0,1.0,1.0
-0.8665364292170712,1.378250866752036,-1.2251371051984103,1,1,0,-0.8837854222540878,3,1.0,0.0,0.0,1.0
-0.18314035996368214,0.34304092050780505,-1.2251371051984103,2,0,1,-1.3634506405539164,1,1.0,0.0,0.0,1.0
0.20737167960968303,-1.3823089898992464,1.6064948855354466,2,0,1,0.4424846514790163,4,0.0,1.0,0.0,1.0
0.7931397389697308,-0.002029061573605259,-1.2251371051984103,1,0,0,1.1532752308134637,2,0.0,0.0,1.0,0.0
2.843327946729898,-0.34709904365501554,0.33832251673954244,1,1,1,-0.6753918346792559,3,1.0,0.0,0.0,1.0
1.8670478477964851,-0.34709904365501554,-1.2251371051984103,1,1,1,-0.6600777978221362,4,1.0,0.0,0.0,0.0
0.10974366971634174,-1.0372390078178362,1.3749080654025505,2,1,0,0.852744566464625,4,0.0,1.0,0.0,0.0
-0.5736523995370473,-0.6921690257364259,0.38285406169067365,2,0,1,-1.1125785250846258,1,0.0,1.0,0.0,0.0
-1.8428165281504842,-1.7273789719806567,0.7754420676804569,2,1,1,0.13785974457179695,4,1.0,0.0,0.0,1.0
-1.6475605083638016,-0.34709904365501554,0.6060985679152706,1,1,1,0.12831666328576607,4,0.0,0.0,1.0,0.0
-0.18314035996368214,-0.6921690257364259,1.5216013524197065,1,0,1,-1.6536794826997125,1,0.0,0.0,1.0,0.0
0.6955117290763895,1.378250866752036,1.1591728258194673,2,1,0,1.3316825420368863,2,0.0,1.0,0.0,0.0
0.20737167960968303,-0.002029061573605259,0.5318189466715806,1,0,1,0.8564389038332587,3,1.0,0.0,0.0,0.0
-0.9641644391104125,-0.6921690257364259,1.1033122540836338,1,1,0,-1.395187241708836,2,1.0,0.0,0.0,1.0
-1.159420458897095,1.0331808846706256,-0.2380159382312898,2,1,0,0.8123336075690235,0,0.0,1.0,0.0,1.0
-0.2807683698570234,-1.0372390078178362,0.8510570288091498,2,0,0,-0.9242007317283417,4,0.0,1.0,0.0,0.0
-0.8665364292170712,-1.0372390078178362,-1.2251371051984103,2,1,1,0.7049641107934193,3,1.0,0.0,0.0,1.0
1.47653580822312,1.0331808846706256,0.7977650461486993,1,1,0,0.592396020574261,4,0.0,1.0,0.0,1.0
-0.18314035996368214,-0.002029061573605259,0.4685324770276172,2,1,1,-0.26923695168708595,0,1.0,0.0,0.0,1.0
-0.7689084193237299,-1.3823089898992464,-1.2251371051984103,2,1,1,-1.692050194230395,3,1.0,0.0,0.0,1.0
-0.3783963797503647,1.0331808846706256,0.4768858320925448,1,1,1,0.837887166342881,4,0.0,0.0,1.0,1.0
-0.2807683698570234,-0.6921690257364259,0.6582739536053733,1,0,0,-0.45833398270621634,0,0.0,1.0,0.0,0.0
0.3049996895030243,-0.6921690257364259,0.7917304939925291,1,0,1,-1.5415429698828913,2,0.0,1.0,0.0,1.0
0.012115659823000443,-1.3823089898992464,-0.04912319056306725,1,0,1,0.16091224268985324,0,1.0,0.0,0.0,0.0
-0.18314035996368214,-0.34709904365501554,-0.2869593053477204,1,0,0,1.4210568273433524,0,0.0,1.0,0.0,0.0
-0.5736523995370473,-1.3823089898992464,0.8201734735682411,1,1,0,1.098045852980846,0,1.0,0.0,0.0,1.0
-0.3783963797503647,-0.002029061573605259,1.433036554716593,2,1,0,0.4776526410288072,1,1.0,0.0,0.0,0.0
-0.7689084193237299,0.34304092050780505,0.4805822193116669,1,0,0,-0.15790442580526343,4,1.0,0.0,0.0,0.0
-0.08551235007034085,-1.3823089898992464,0.7035470162350074,2,1,0,0.15688343283440787,4,0.0,1.0,0.0,0.0
0.10974366971634174,-0.6921690257364259,0.5374544170214957,1,1,1,1.5901907931572044,1,0.0,1.0,0.0,0.0
0.003935819113316791,-1.0372390078178362,-1.2251371051984103,2,1,1,-0.12987347352347461,3,0.0,0.0,1.0,1.0
0.003935819113316791,-0.34709904365501554,-1.2251371051984103,2,0,0,1.6032072024163178,2,1.0,0.0,0.0,1.0
-1.452304488577119,-1.7273789719806567,0.2533870592319661,1,1,1,-1.4179795752234672,2,0.0,1.0,0.0,1.0
2.3551878972631917,-1.0372390078178362,0.8811502612589228,2,1,0,0.37815316701259377,1,0.0,0.0,1.0,0.0
0.5002557092897069,1.378250866752036,0.8327101468612857,1,1,0,0.2897776005416166,3,1.0,0.0,0.0,1.0
-1.5499324984704603,1.7233208488334462,0.19869717013228397,1,1,1,0.4323227438854407,1,1.0,0.0,0.0,1.0
-1.159420458897095,-0.6921690257364259,-1.2251371051984103,1,1,0,-1.1820569181202096,3,1.0,0.0,0.0,1.0
1.8670478477964851,-1.3823089898992464,-0.20914363368116642,1,1,1,-0.2994475438738228,4,1.0,0.0,0.0,1.0
0.3049996895030243,-1.3823089898992464,0.5737700613068867,1,1,1,-0.3020451873757118,4,1.0,0.0,0.0,1.0
-1.5499324984704603,1.0331808846706256,-1.2251371051984103,2,1,1,0.20638275053527158,3,1.0,0.0,0.0,1.0
0.5002557092897069,-0.6921690257364259,0.46999983074187496,1,1,0,-0.3117770837752652,3,0.0,1.0,0.0,1.0
0.20737167960968303,-1.3823089898992464,-1.2251371051984103,2,0,1,-1.2681068392666575,3,1.0,0.0,0.0,0.0
-0.6712804094303886,0.34304092050780505,1.6188268973889568,1,1,1,1.0661101693467834,4,1.0,0.0,0.0,1.0
-0.3783963797503647,0.6881109025892154,-1.2251371051984103,1,0,0,-0.8963907888421045,0,1.0,0.0,0.0,1.0
-0.9641644391104125,-0.6921690257364259,-0.482848785966424,3,1,0,0.4796030924503368,4,1.0,0.0,0.0,0.0
-1.6475605083638016,-0.6921690257364259,1.2844752320112973,1,0,0,-0.9746181955480482,0,1.0,0.0,0.0,0.0
1.5741638181164612,-0.34709904365501554,-1.2251371051984103,2,1,1,-0.7298057400492323,3,0.0,0.0,1.0,0.0
1.2812797884364373,1.378250866752036,-1.2251371051984103,1,1,1,0.10373746010694268,1,1.0,0.0,0.0,1.0
-0.9641644391104125,0.34304092050780505,0.2612126790134018,1,1,1,-0.5360093879927192,3,0.0,1.0,0.0,1.0
-0.9641644391104125,-0.6921690257364259,1.328689623738693,1,1,0,-1.0518849944874997,4,1.0,0.0,0.0,1.0
0.5002557092897069,1.0331808846706256,-1.2251371051984103,2,0,0,-0.6605060687846972,1,0.0,0.0,1.0,1.0
0.4026276993963656,0.34304092050780505,0.8352438522823933,1,1,0,-1.1143874956883733,3,1.0,0.0,0.0,1.0
-0.18314035996368214,1.378250866752036,0.5076284125654864,1,1,1,0.23969791564849738,1,1.0,0.0,0.0,1.0
-0.18314035996368214,-0.002029061573605259,0.20916818703521417,1,1,1,1.2043036898991402,2,1.0,0.0,0.0,0.0
1.47653580822312,1.0331808846706256,0.46736243445851683,1,0,1,0.7056716889054767,0,0.0,0.0,1.0,1.0
-0.2807683698570234,-1.3823089898992464,-1.2251371051984103,1,1,1,0.7584135798876892,2,0.0,0.0,1.0,0.0
-0.2807683698570234,0.6881109025892154,-1.2251371051984103,2,1,1,-0.4458335520753,3,1.0,0.0,0.0,1.0
-0.6712804094303886,-0.002029061573605259,0.9914443752405406,1,1,1,-0.7566949264694353,1,0.0,0.0,1.0,1.0
-0.08551235007034085,-1.7273789719806567,0.2578172833249796,2,1,0,-1.6833600003834177,2,0.0,0.0,1.0,1.0
-1.159420458897095,-1.0372390078178362,0.9287506076857389,1,1,1,-0.4986424419687628,3,1.0,0.0,0.0,1.0
0.012115659823000443,-1.7273789719806567,0.5307780376300053,2,0,0,0.40412664363799944,0,0.0,1.0,0.0,1.0
0.20737167960968303,-1.3823089898992464,0.21850388500655696,1,1,0,1.2870429947141127,2,0.0,1.0,0.0,1.0
0.20737167960968303,-1.7273789719806567,-1.2251371051984103,2,0,1,-1.1502286067672929,4,0.0,0.0,1.0,1.0
-1.2570484687904364,0.6881109025892154,1.1355426704164624,1,0,0,-0.8575855415156014,3,0.0,1.0,0.0,1.0
0.012115659823000443,1.7233208488334462,-1.2251371051984103,2,1,1,-1.4267740089349608,0,1.0,0.0,0.0,0.0
-0.6712804094303886,0.6881109025892154,-1.2251371051984103,2,1,1,-0.979398437348369,0,1.0,0.0,0.0,0.0
2.0623038675831675,-0.002029061573605259,0.5034932593829518,2,0,0,-1.2947167185373643,4,1.0,0.0,0.0,0.0
0.003935819113316791,0.6881109025892154,0.872397344337452,2,1,1,-0.5179195079321005,0,0.0,1.0,0.0,0.0
-0.476024389643706,1.378250866752036,-0.10017957903138132,1,1,1,-0.553031113982554,4,1.0,0.0,0.0,0.0
-0.08551235007034085,1.378250866752036,0.5566074634200063,2,0,1,1.6444045719091618,3,0.0,1.0,0.0,1.0
0.20737167960968303,-1.3823089898992464,-1.2251371051984103,2,1,0,1.3092104111110858,2,0.0,0.0,1.0,1.0
-1.3546764786837777,1.0331808846706256,-1.2251371051984103,2,1,1,-0.8348770871573921,3,0.0,0.0,1.0,0.0
-1.3546764786837777,-1.7273789719806567,0.5501352654177626,1,0,0,1.2563954304075098,3,1.0,0.0,0.0,1.0
-0.5736523995370473,0.34304092050780505,0.7789315532253656,2,1,1,1.0155388690659217,0,0.0,1.0,0.0,0.0
0.20737167960968303,-0.34709904365501554,0.19926186928796705,1,0,1,0.606430639261227,1,0.0,0.0,1.0,1.0
0.6955117290763895,-1.7273789719806567,-1.2251371051984103,2,1,1,-1.113792684574991,3,1.0,0.0,0.0,1.0
-0.5736523995370473,-1.0372390078178362,1.2119617157778868,1,1,0,-0.5054691959672621,4,1.0,0.0,0.0,1.0
-1.2570484687904364,1.7233208488334462,0.7973496426326454,1,0,1,-0.9871991988956105,1,1.0,0.0,0.0,1.0
-0.2807683698570234,-1.3823089898992464,1.155835036165629,2,1,1,1.658473647179056,4,1.0,0.0,0.0,1.0
-1.0617924490037538,-1.3823089898992464,0.5521908407518251,1,1,0,-0.47166485179033896,4,0.0,1.0,0.0,0.0
0.9883957587564134,1.0331808846706256,-1.2251371051984103,2,0,0,0.9996413325999165,4,1.0,0.0,0.0,1.0
1.2812797884364373,1.378250866752036,1.0902534460937925,1,1,1,-0.8936739394851345,2,0.0,1.0,0.0,1.0
0.10974366971634174,1.0331808846706256,1.2163386542889103,2,1,0,-0.4751849919897235,0,0.0,1.0,0.0,1.0
0.012115659823000443,0.6881109025892154,0.6973996522611108,2,0,1,-0.7114504746908054,4,1.0,0.0,0.0,0.0
-1.0617924490037538,-1.0372390078178362,0.5510131173781134,1,1,0,0.018346042545350515,3,1.0,0.0,0.0,0.0
-0.5736523995370473,-0.002029061573605259,-0.1133635201296792,1,1,0,-1.5906735325371615,1,0.0,0.0,1.0,1.0
-0.9641644391104125,-0.6921690257364259,-1.2251371051984103,2,1,1,0.7583138646249716,0,1.0,0.0,0.0,1.0
0.012115659823000443,-1.3823089898992464,0.888323972748986,2,1,0,1.5988484446758602,1,1.0,0.0,0.0,0.0
-1.3546764786837777,-1.3823089898992464,0.5579637655009276,1,1,1,1.1886483936525114,0,0.0,1.0,0.0,1.0
0.7931397389697308,1.378250866752036,-1.2251371051984103,2,1,0,0.059302738027132984,0,1.0,0.0,0.0,0.0
-0.9641644391104125,0.6881109025892154,-1.2251371051984103,2,1,0,-0.887825891660322,1,0.0,0.0,1.0,1.0
0.9883957587564134,0.34304092050780505,0.8970653684635401,3,1,0,-1.1152550010716997,1,0.0,1.0,0.0,1.0
-0.8665364292170712,-1.3823089898992464,0.12604603948292323,2,1,1,-0.6942401076105943,2,0.0,1.0,0.0,1.0
0.003935819113316791,-0.002029061573605259,-1.2251371051984103,2,0,1,-1.6291644940618015,0,0.0,0.0,1.0,0.0
0.6955117290763895,0.6881109025892154,0.5407506023170237,1,1,0,-1.660361797486946,0,0.0,1.0,0.0,1.0
-0.476024389643706,-0.002029061573605259,0.8435344807763295,1,0,0,1.1343404683785119,4,1.0,0.0,0.0,1.0
1.0860237686497547,-1.0372390078178362,0.22154500358228923,2,0,0,-0.9085567469862095,0,1.0,0.0,0.0,0.0
-1.0617924490037538,0.6881109025892154,0.7096535759344071,2,1,1,0.5372082342735616,4,1.0,0.0,0.0,1.0
-1.159420458897095,1.7233208488334462,-1.2251371051984103,3,0,0,-0.10022915265415891,1,0.0,0.0,1.0,1.0
-0.3783963797503647,1.378250866752036,0.6716439941987293,1,1,0,-1.033674168340339,0,0.0,1.0,0.0,0.0
-0.18314035996368214,-0.6921690257364259,0.5656365692739537,1,1,1,0.1736777105722851,2,0.0,1.0,0.0,0.0
0.3049996895030243,1.378250866752036,0.6965830867208864,1,1,0,1.4561720878798743,3,1.0,0.0,0.0,1.0
0.4026276993963656,0.6881109025892154,-1.2251371051984103,2,1,0,1.3576267827737465,0,1.0,0.0,0.0,1.0
-0.6712804094303886,-0.6921690257364259,0.4171170109437315,2,1,1,0.47080117574356123,3,0.0,1.0,0.0,1.0
0.012115659823000443,1.0331808846706256,0.8455097276955003,1,1,1,-0.22091542263905173,4,0.0,1.0,0.0,0.0
-0.18314035996368214,-1.3823089898992464,-1.2251371051984103,1,1,1,-0.891318884248914,0,0.0,0.0,1.0,1.0
-0.08551235007034085,1.7233208488334462,0.2951968790657793,1,1,1,0.08437216440853028,3,0.0,0.0,1.0,1.0
1.7694198379031438,1.378250866752036,1.1492658680051695,1,0,0,0.9513424265608753,4,0.0,1.0,0.0,0.0
-0.18314035996368214,1.7233208488334462,1.1012283557825675,1,1,0,-0.34754058053102305,3,0.0,0.0,1.0,1.0
-0.7689084193237299,0.6881109025892154,-1.2251371051984103,2,1,1,-0.886057816495909,0,1.0,0.0,0.0,0.0
-1.3546764786837777,-1.3823089898992464,-1.2251371051984103,2,0,1,-1.4604050260583645,3,1.0,0.0,0.0,1.0
-0.5736523995370473,1.0331808846706256,0.2575654169404385,2,1,0,-1.7232690765256564,0,0.0,1.0,0.0,1.0
2.159931877476509,1.0331808846706256,0.91592382400186,2,1,1,-0.1753373684893412,0,0.0,1.0,0.0,1.0
2.940955956623239,1.378250866752036,0.9743481843101944,1,0,1,0.18364157982559495,3,0.0,0.0,1.0,0.0
0.10974366971634174,1.7233208488334462,0.8206429627500983,1,0,0,1.268039667159596,1,1.0,0.0,0.0,1.0
-1.0617924490037538,0.34304092050780505,-1.2251371051984103,2,0,1,-0.8385531520956852,1,1.0,0.0,0.0,0.0
-0.5736523995370473,0.34304092050780505,-1.2251371051984103,1,1,0,-0.09373739321190906,1,0.0,0.0,1.0,1.0
0.003935819113316791,-0.34709904365501554,-1.2251371051984103,1,0,0,1.6449125454726383,0,0.0,0.0,1.0,0.0
2.745699936836557,-0.34709904365501554,-1.2251371051984103,3,1,1,-0.1269961748257972,4,1.0,0.0,0.0,1.0
-0.8665364292170712,1.0331808846706256,0.45839189473972963,1,1,0,-1.7145969810858739,4,1.0,0.0,0.0,0.0
-0.7689084193237299,-0.34709904365501554,-1.2251371051984103,1,1,0,1.2004527316990132,0,1.0,0.0,0.0,1.0
1.7694198379031438,-0.002029061573605259,-1.2251371051984103,2,1,1,0.38406299305427305,2,1.0,0.0,0.0,1.0
1.0860237686497547,-1.7273789719806567,0.44110528386173176,2,1,0,1.4168151871802221,2,1.0,0.0,0.0,1.0
0.5978837191830482,0.34304092050780505,-0.06510054428838748,1,0,1,0.6902149530685517,2,1.0,0.0,0.0,0.0
-0.8665364292170712,-1.3823089898992464,0.7869018281603114,1,1,1,1.6194889819889202,2,1.0,0.0,0.0,1.0
-1.159420458897095,1.378250866752036,-1.2251371051984103,1,1,0,0.7361372250012556,0,1.0,0.0,0.0,1.0
-0.9641644391104125,-0.34709904365501554,0.7275258481640063,2,1,1,1.2775602994597797,1,0.0,1.0,0.0,1.0
0.003935819113316791,-0.34709904365501554,0.5768239812236376,1,0,1,-1.711186649491681,4,1.0,0.0,0.0,1.0
-0.5736523995370473,-0.6921690257364259,0.4791497492516852,3,1,0,-0.9559743998133815,0,0.0,1.0,0.0,0.0
-1.452304488577119,0.6881109025892154,1.1457965445723646,2,1,1,0.15820113609670458,1,1.0,0.0,0.0,0.0
-0.6712804094303886,-0.002029061573605259,0.9665024024166544,1,1,0,0.5818420388325138,2,0.0,0.0,1.0,1.0
0.012115659823000443,1.378250866752036,1.0188896503006153,1,0,1,0.8052479071291216,3,1.0,0.0,0.0,1.0
0.20737167960968303,-0.34709904365501554,-0.06897375003032905,2,1,1,0.7332487888222272,3,0.0,1.0,0.0,1.0
0.003935819113316791,-1.7273789719806567,-1.2251371051984103,2,1,1,-1.5901666031125616,3,0.0,0.0,1.0,0.0
2.5504439170498743,-1.7273789719806567,-1.2251371051984103,2,1,1,1.5675049618079888,2,1.0,0.0,0.0,0.0
-0.7689084193237299,0.6881109025892154,-0.5642833967389376,1,0,1,0.04005647416065565,2,1.0,0.0,0.0,0.0
-0.9641644391104125,0.6881109025892154,0.39882437467843385,1,1,1,-1.593898529480754,1,1.0,0.0,0.0,1.0
-1.452304488577119,-1.0372390078178362,0.5415670078404853,2,0,0,-1.4713152331801858,3,0.0,1.0,0.0,0.0
0.4026276993963656,1.0331808846706256,-1.2251371051984103,2,1,1,0.7526288764880583,1,1.0,0.0,0.0,1.0
-1.2570484687904364,-1.0372390078178362,1.0586464550685697,1,1,1,0.9262594263740822,3,0.0,1.0,0.0,1.0
2.940955956623239,1.7233208488334462,0.6224554814017925,1,1,0,-1.0434020622075322,2,0.0,0.0,1.0,1.0
-1.159420458897095,0.6881109025892154,-1.2251371051984103,2,1,0,0.19302682211810998,3,1.0,0.0,0.0,1.0
0.8907677488630721,-0.6921690257364259,0.4116833217316219,2,1,0,1.4324154921126826,4,0.0,1.0,0.0,0.0
-0.18314035996368214,-0.6921690257364259,0.3714117430379569,2,1,0,-0.7920421598597132,4,0.0,0.0,1.0,0.0
-0.9641644391104125,-0.6921690257364259,-0.4881325394718531,2,1,1,1.5557343842518312,4,0.0,0.0,1.0,1.0
-0.3783963797503647,-1.0372390078178362,1.673829619259781,1,1,1,-0.6376615283262348,3,1.0,0.0,0.0,0.0
-1.2570484687904364,-1.3823089898992464,0.4814253476345048,1,0,1,-1.6239131716049782,1,0.0,1.0,0.0,1.0
-1.5499324984704603,-1.3823089898992464,0.968066726289128,2,1,1,1.1285000775721281,0,0.0,1.0,0.0,1.0
-0.18314035996368214,0.34304092050780505,0.883138309519112,1,1,0,-0.23466777578303738,2,0.0,1.0,0.0,1.0
-0.2807683698570234,-0.002029061573605259,-0.055605629638125854,2,0,0,1.66649315582095,2,0.0,1.0,0.0,1.0
0.10974366971634174,-1.3823089898992464,-1.2251371051984103,2,1,0,-1.6040091002462291,3,0.0,0.0,1.0,0.0
2.745699936836557,1.378250866752036,0.7897835700403621,1,1,0,1.3144215342211594,0,0.0,0.0,1.0,1.0
-1.159420458897095,-0.6921690257364259,1.187848629784955,1,0,1,-0.26400355361431144,2,0.0,1.0,0.0,1.0
-0.6712804094303886,1.378250866752036,1.5057324900595186,1,1,1,-1.3701421785678933,0,0.0,1.0,0.0,1.0
-0.5736523995370473,-0.34709904365501554,0.8439967692038641,1,1,1,1.2625509771314873,0,1.0,0.0,0.0,0.0
0.003935819113316791,-0.34709904365501554,1.4991810837597221,3,1,1,-0.4646407555441582,1,1.0,0.0,0.0,0.0
0.6955117290763895,0.34304092050780505,0.17278565574300106,2,1,0,0.348000002464071,1,0.0,1.0,0.0,0.0
0.012115659823000443,-1.7273789719806567,0.48772616768386207,1,1,1,0.03314566698258798,3,0.0,0.0,1.0,1.0
3.7219800357699695,-0.002029061573605259,-1.2251371051984103,2,1,1,1.065027223308581,2,1.0,0.0,0.0,1.0
-1.0617924490037538,-0.34709904365501554,0.4893028128470659,1,1,0,1.6121361560197491,2,1.0,0.0,0.0,1.0
-1.5499324984704603,-0.002029061573605259,0.45219780587111513,1,0,1,1.040605163030689,0,1.0,0.0,0.0,0.0
0.5002557092897069,0.6881109025892154,-1.2251371051984103,2,0,0,-0.6614421392875887,1,1.0,0.0,0.0,0.0
-1.2570484687904364,-1.3823089898992464,0.45903548215944,2,1,1,-1.33803682236638,2,0.0,1.0,0.0,0.0
-1.745188518257143,-0.6921690257364259,0.42305059252261734,1,1,1,0.074291351601039,3,0.0,0.0,1.0,1.0
1.5741638181164612,-0.002029061573605259,-1.2251371051984103,1,0,1,1.6778368545997149,3,1.0,0.0,0.0,0.0
0.012115659823000443,1.0331808846706256,-1.2251371051984103,1,1,0,0.645156706056253,2,1.0,0.0,0.0,0.0
0.4026276993963656,-1.0372390078178362,0.9588974457510269,2,1,0,-0.30564729247691097,3,0.0,0.0,1.0,1.0
0.10974366971634174,1.0331808846706256,-1.2251371051984103,1,1,0,1.1598813234627041,4,0.0,0.0,1.0,0.0
-0.08551235007034085,-1.3823089898992464,-1.2251371051984103,1,1,0,0.20992586178994166,1,0.0,0.0,1.0,0.0
-0.9641644391104125,-1.3823089898992464,0.8865812301860657,2,1,1,0.8233799007910979,4,0.0,1.0,0.0,1.0
1.183651778543096,1.378250866752036,0.45121162256239455,1,1,1,1.1345440754594533,1,1.0,0.0,0.0,0.0
-0.7689084193237299,0.6881109025892154,0.054403654505828423,2,1,0,-0.6870052693344819,1,1.0,0.0,0.0,1.0
-0.5736523995370473,-1.0372390078178362,-1.2251371051984103,2,1,1,-1.5295933225093932,1,0.0,0.0,1.0,1.0
0.3049996895030243,-0.002029061573605259,-1.2251371051984103,2,1,0,1.359551652792799,1,1.0,0.0,0.0,1.0
-0.08551235007034085,1.378250866752036,-0.15123820773437363,1,1,0,-0.37959477392758184,1,0.0,1.0,0.0,1.0
-0.3783963797503647,1.7233208488334462,-1.2251371051984103,1,1,1,-1.2021487604536045,0,1.0,0.0,0.0,0.0
1.2812797884364373,-1.7273789719806567,-1.2251371051984103,1,1,0,-1.1947171019992489,4,0.0,0.0,1.0,0.0
-0.08551235007034085,-0.34709904365501554,0.618597797285836,1,0,1,-0.5120244738578399,4,1.0,0.0,0.0,1.0
0.003935819113316791,1.378250866752036,0.46286868371069845,1,0,0,0.7433739775319747,3,0.0,1.0,0.0,0.0
3.0385839665165806,1.0331808846706256,-0.09835106748363634,1,1,1,-1.1119384679532567,4,1.0,0.0,0.0,1.0
-0.6712804094303886,-1.7273789719806567,0.8192889009038555,1,1,0,0.00588215677511604,1,1.0,0.0,0.0,0.0
-1.159420458897095,0.34304092050780505,1.5321170139994387,1,0,1,0.19263300773847739,1,0.0,1.0,0.0,0.0
-1.5499324984704603,0.34304092050780505,0.9527020767483106,2,0,0,1.2058028993028227,2,0.0,0.0,1.0,0.0
-0.7689084193237299,-0.6921690257364259,-1.2251371051984103,2,1,0,0.41457064275140887,0,0.0,0.0,1.0,0.0
-0.18314035996368214,0.34304092050780505,0.7829036493266758,1,1,0,0.31656550549078727,3,0.0,1.0,0.0,1.0
0.003935819113316791,0.34304092050780505,-1.2251371051984103,2,1,1,0.6268204092207512,4,1.0,0.0,0.0,0.0
-1.452304488577119,1.0331808846706256,-1.2251371051984103,2,0,0,-0.13515768635491135,2,1.0,0.0,0.0,1.0
0.3049996895030243,-0.002029061573605259,-1.2251371051984103,2,0,0,-1.325516379073662,3,0.0,0.0,1.0,0.0
-0.6712804094303886,-1.7273789719806567,-1.2251371051984103,1,1,0,0.1591328560209436,0,1.0,0.0,0.0,1.0
0.8907677488630721,1.378250866752036,0.0997085604712461,1,1,0,0.4235923506917134,4,0.0,1.0,0.0,0.0
-0.3783963797503647,-1.0372390078178362,-1.2251371051984103,2,1,1,-1.344330021398926,2,1.0,0.0,0.0,0.0
-0.08551235007034085,-1.3823089898992464,-1.2251371051984103,2,1,0,-1.0280633140636657,1,0.0,0.0,1.0,1.0
-1.159420458897095,-1.0372390078178362,-1.2251371051984103,2,1,0,0.43630178312110013,2,1.0,0.0,0.0,0.0
-0.18314035996368214,-1.0372390078178362,0.9658938586679826,2,0,1,0.9226830766985062,2,0.0,1.0,0.0,0.0
-0.476024389643706,-0.34709904365501554,-1.2251371051984103,1,1,1,-0.6527817033985952,3,1.0,0.0,0.0,0.0
-1.0617924490037538,1.0331808846706256,1.2843049741757502,2,1,0,1.7031991619360047,2,0.0,0.0,1.0,1.0
-0.6712804094303886,-1.3823089898992464,-1.2251371051984103,2,1,1,-0.999665172943598,4,0.0,0.0,1.0,0.0
0.4026276993963656,1.0331808846706256,2.002338112529498,1,1,0,0.5680353904669437,1,1.0,0.0,0.0,1.0
0.6955117290763895,0.34304092050780505,1.1785340540262927,1,1,0,0.353074343381307,1,1.0,0.0,0.0,0.0
-0.9641644391104125,-1.3823089898992464,2.127057417637931,1,1,1,0.5723301076896354,3,0.0,0.0,1.0,0.0
0.9883957587564134,1.0331808846706256,-1.2251371051984103,2,1,0,1.0725580749562156,2,0.0,0.0,1.0,1.0
-0.3783963797503647,-1.3823089898992464,0.4775217387076441,1,1,1,-0.304179929308965,2,0.0,0.0,1.0,0.0
-1.0617924490037538,0.6881109025892154,-1.2251371051984103,2,0,0,-0.7271363990111487,1,1.0,0.0,0.0,1.0
0.3049996895030243,-0.002029061573605259,1.8200743792909972,1,1,0,-0.01795448963928292,3,0.0,0.0,1.0,0.0
-0.9641644391104125,-0.34709904365501554,1.1026486645685818,1,1,0,1.5314600696249812,4,1.0,0.0,0.0,1.0
-0.2807683698570234,-1.0372390078178362,-1.2251371051984103,2,1,1,-1.5368356437807882,1,1.0,0.0,0.0,1.0
1.47653580822312,0.34304092050780505,-1.2251371051984103,1,0,1,-0.2742110552721661,2,0.0,0.0,1.0,1.0
-0.8665364292170712,1.378250866752036,0.6227281499654886,2,1,1,0.5978297192882006,3,0.0,1.0,0.0,1.0
-0.08551235007034085,1.378250866752036,0.7324161204498759,2,1,1,1.4118134139149117,4,1.0,0.0,0.0,1.0
1.183651778543096,-0.6921690257364259,0.3252886713646876,1,1,0,1.3229900858890098,2,0.0,1.0,0.0,1.0
-0.08551235007034085,-1.7273789719806567,0.7828794867955032,1,0,0,1.004673559915795,1,1.0,0.0,0.0,1.0
-1.5499324984704603,-0.002029061573605259,1.2754062819834298,1,1,0,1.0543872741326585,1,1.0,0.0,0.0,1.0
-0.18314035996368214,-1.0372390078178362,0.3819406860089962,1,1,0,-1.135310298544413,4,0.0,1.0,0.0,0.0
1.6717918280098025,-1.3823089898992464,0.5736882927411303,2,0,0,-0.11133148132927846,3,0.0,1.0,0.0,1.0
0.003935819113316791,1.378250866752036,0.7654970258766285,1,1,0,1.7129917924135483,0,0.0,1.0,0.0,0.0
0.012115659823000443,-0.002029061573605259,0.6603932156110034,3,0,0,-1.6453632645937122,1,0.0,1.0,0.0,0.0
0.5978837191830482,-1.7273789719806567,-1.2251371051984103,2,0,0,0.23085684373384824,1,0.0,0.0,1.0,0.0
-0.6712804094303886,1.378250866752036,0.7802224084503291,2,1,1,0.5195478433375268,1,1.0,0.0,0.0,0.0
1.0860237686497547,0.34304092050780505,0.3188097526584091,2,1,1,-1.3928031246072163,1,0.0,1.0,0.0,0.0
0.10974366971634174,1.0331808846706256,-1.2251371051984103,2,1,0,-0.3510943071976052,1,0.0,0.0,1.0,0.0
0.10974366971634174,-0.002029061573605259,0.975001852785957,1,1,0,-0.32412872461626285,2,1.0,0.0,0.0,0.0
0.3049996895030243,1.0331808846706256,0.8998221372518965,3,1,1,1.5912993205978847,1,0.0,1.0,0.0,0.0
0.3049996895030243,1.7233208488334462,-1.2251371051984103,2,1,0,-0.6798628373489505,3,1.0,0.0,0.0,0.0
-0.7689084193237299,-0.6921690257364259,0.7643327439109862,1,1,1,0.6973453774570019,4,0.0,0.0,1.0,0.0
0.20737167960968303,0.6881109025892154,1.1799602834325282,1,1,1,0.9685547078956938,4,0.0,0.0,1.0,0.0
0.003935819113316791,-1.3823089898992464,-1.2251371051984103,2,0,0,-0.21287677145108644,0,1.0,0.0,0.0,1.0
-0.5736523995370473,1.0331808846706256,1.4036938008840358,2,1,1,-1.6822676570953254,0,0.0,1.0,0.0,1.0
1.47653580822312,-0.002029061573605259,-1.2251371051984103,1,1,0,-1.5232580098754904,3,1.0,0.0,0.0,1.0
0.9883957587564134,-0.6921690257364259,-1.2251371051984103,1,0,0,-0.6710179369250872,0,1.0,0.0,0.0,0.0
0.4026276993963656,-1.3823089898992464,0.9454149133734702,2,0,1,0.01746026473168312,2,0.0,1.0,0.0,1.0
0.7931397389697308,0.34304092050780505,-0.08858972492342486,1,1,0,-0.738156066691869,1,1.0,0.0,0.0,1.0
0.012115659823000443,1.378250866752036,0.20842666935671156,1,1,1,-0.09538956896101676,0,1.0,0.0,0.0,0.0
0.3049996895030243,-1.0372390078178362,-1.2251371051984103,4,0,0,0.18651557208349637,1,1.0,0.0,0.0,0.0
0.4026276993963656,-1.3823089898992464,-1.2251371051984103,2,1,0,-1.1906099817280569,3,0.0,0.0,1.0,0.0
0.012115659823000443,0.6881109025892154,-1.2251371051984103,2,1,1,1.3424121131330524,4,0.0,0.0,1.0,1.0
0.7931397389697308,1.7233208488334462,1.0111950842478574,1,1,0,1.1393288418615724,0,0.0,1.0,0.0,0.0
1.5741638181164612,-1.0372390078178362,0.4258617670103028,1,0,1,1.0987234991117736,4,0.0,0.0,1.0,1.0
-0.08551235007034085,1.0331808846706256,0.8146804181371579,1,0,0,-0.6891972648828032,0,0.0,1.0,0.0,1.0
0.012115659823000443,1.378250866752036,0.7706546861730241,1,1,0,-0.4652973448744071,3,0.0,1.0,0.0,0.0
0.003935819113316791,0.6881109025892154,-1.2251371051984103,2,0,1,-0.505646873599434,0,1.0,0.0,0.0,1.0
2.3551878972631917,0.6881109025892154,-1.2251371051984103,2,1,1,-0.7887607794167829,3,1.0,0.0,0.0,0.0
1.2812797884364373,1.7233208488334462,-1.2251371051984103,1,1,1,-1.3118000487209196,3,1.0,0.0,0.0,0.0
0.5002557092897069,-1.0372390078178362,1.4694866130826791,1,1,1,-1.5000934408513436,2,1.0,0.0,0.0,1.0
0.20737167960968303,1.7233208488334462,0.9628239370749584,1,1,1,-0.7446492183192879,0,0.0,1.0,0.0,0.0
0.20737167960968303,-0.34709904365501554,0.9980933917656041,1,1,1,0.02154598015590421,2,1.0,0.0,0.0,1.0
1.47653580822312,-1.3823089898992464,0.3714221441275344,1,0,0,-1.6616325144997948,1,0.0,1.0,0.0,1.0
-1.6475605083638016,0.6881109025892154,1.177137587737926,1,1,0,0.9001938915043877,4,1.0,0.0,0.0,0.0
0.20737167960968303,-0.6921690257364259,0.8360172132966796,3,0,0,0.2314159801022793,2,0.0,0.0,1.0,1.0
-1.0617924490037538,-1.0372390078178362,0.6192983506730791,1,0,0,1.5879319727207795,2,0.0,1.0,0.0,0.0
1.3789077983297786,-0.002029061573605259,0.6057994965857234,1,1,0,1.3959919255637538,0,0.0,1.0,0.0,1.0
0.9883957587564134,-0.002029061573605259,0.8962318411464663,1,1,1,-1.1954206775789458,4,0.0,1.0,0.0,0.0
-0.5736523995370473,0.34304092050780505,-1.2251371051984103,2,1,1,-0.3900530429389719,4,1.0,0.0,0.0,1.0
-0.18314035996368214,-0.34709904365501554,0.9703692074880865,1,1,1,-1.2445080824929822,4,0.0,0.0,1.0,1.0
0.8907677488630721,-1.3823089898992464,0.329168437793901,2,0,0,0.2251379210834447,2,0.0,1.0,0.0,0.0
-0.5736523995370473,0.6881109025892154,0.35976988348211236,2,1,1,-0.7713831760931664,3,0.0,1.0,0.0,0.0
-0.6712804094303886,-1.7273789719806567,0.25447725343646305,1,1,0,-1.6646746131168324,1,0.0,1.0,0.0,0.0
0.20737167960968303,0.34304092050780505,0.30616762831872346,2,1,1,1.4615614106915578,3,1.0,0.0,0.0,1.0
-0.476024389643706,1.0331808846706256,-1.2251371051984103,2,1,1,-1.09459793155976,3,1.0,0.0,0.0,1.0
-0.6712804094303886,-1.3823089898992464,0.5072502929551493,1,1,1,-1.6261457145463418,0,0.0,1.0,0.0,0.0
0.9883957587564134,0.6881109025892154,-0.751454204023395,1,0,0,1.099322486780662,4,1.0,0.0,0.0,0.0
-0.476024389643706,-0.6921690257364259,-1.2251371051984103,2,1,1,-1.0878054601210432,1,1.0,0.0,0.0,0.0
0.012115659823000443,1.7233208488334462,-1.2251371051984103,2,1,1,-0.9955001029647538,2,1.0,0.0,0.0,0.0
-1.0617924490037538,0.34304092050780505,0.7386585343808357,1,1,1,-0.5798844516346596,3,1.0,0.0,0.0,1.0
-0.476024389643706,-0.002029061573605259,-1.2251371051984103,1,1,0,-0.5551326174949014,0,1.0,0.0,0.0,1.0
-1.0617924490037538,0.6881109025892154,0.6903630751367094,1,0,0,-1.2040506594173712,1,1.0,0.0,0.0,1.0
0.003935819113316791,1.378250866752036,-1.2251371051984103,1,0,0,-1.362689115266567,0,1.0,0.0,0.0,1.0
-1.2570484687904364,1.0331808846706256,-1.2251371051984103,2,1,1,0.4278409517806878,1,0.0,0.0,1.0,0.0
1.5741638181164612,1.378250866752036,0.9603081535312771,1,0,1,-1.6899624385465897,3,1.0,0.0,0.0,1.0
-0.5736523995370473,1.0331808846706256,1.1440029166788954,1,0,0,1.7197607707275413,4,0.0,1.0,0.0,1.0
-0.08551235007034085,-1.3823089898992464,0.8103013994082187,1,1,0,0.8142325481393063,1,0.0,1.0,0.0,1.0
0.10974366971634174,-0.002029061573605259,-1.2251371051984103,2,0,0,1.0876347442420498,3,1.0,0.0,0.0,1.0
0.10974366971634174,1.0331808846706256,0.12525715684265168,2,0,1,0.13045941028373995,2,1.0,0.0,0.0,0.0
-0.6712804094303886,-0.002029061573605259,0.32768412230279387,1,1,1,-1.34427311583015,2,1.0,0.0,0.0,1.0
-2.038072547937167,0.6881109025892154,-1.2251371051984103,2,1,1,-0.7766028263373987,2,1.0,0.0,0.0,1.0
0.20737167960968303,-0.002029061573605259,1.1185717726113356,2,0,0,1.4018458901755342,4,0.0,0.0,1.0,1.0
0.4026276993963656,0.6881109025892154,0.5525539187864653,2,1,1,-0.6212666337086654,3,0.0,1.0,0.0,0.0
-0.08551235007034085,0.6881109025892154,0.7195050079320369,1,1,0,0.2279962512581969,3,0.0,0.0,1.0,1.0
-0.6712804094303886,-1.7273789719806567,1.1483289698593702,1,1,0,1.5875216261422667,0,1.0,0.0,0.0,0.0
-0.2807683698570234,1.378250866752036,0.8172835708332911,1,1,1,-0.336153549988878,4,1.0,0.0,0.0,1.0
0.3049996895030243,-1.3823089898992464,0.18049782363965922,1,0,0,-0.14193223340957986,3,1.0,0.0,0.0,0.0
-0.08551235007034085,-0.002029061573605259,0.6516982247576416,1,0,0,-0.26360417049400336,0,1.0,0.0,0.0,0.0
0.5002557092897069,0.34304092050780505,0.1169287643927103,1,1,0,1.3633444872621274,4,0.0,0.0,1.0,1.0
-1.452304488577119,0.6881109025892154,0.4246224371829392,2,1,0,1.2685780947736407,3,0.0,1.0,0.0,0.0
-0.5736523995370473,0.34304092050780505,-1.2251371051984103,2,1,1,0.41301800824187224,0,1.0,0.0,0.0,0.0
-0.2807683698570234,1.0331808846706256,-1.2251371051984103,2,1,0,1.1969647857816577,3,0.0,0.0,1.0,1.0
0.003935819113316791,-0.34709904365501554,0.710309484644848,1,1,0,-0.5815223574857872,4,0.0,0.0,1.0,0.0
-0.5736523995370473,1.0331808846706256,0.8609743877130255,2,1,0,0.09158664197654849,0,0.0,1.0,0.0,1.0
-1.6475605083638016,-0.34709904365501554,-1.2251371051984103,2,1,0,-1.2562830106277925,2,1.0,0.0,0.0,1.0
-1.452304488577119,0.6881109025892154,0.3454051786916108,1,1,0,-1.2796926042416532,4,1.0,0.0,0.0,1.0
3.0385839665165806,-0.002029061573605259,-1.2251371051984103,1,1,1,-1.734564396869805,4,0.0,0.0,1.0,0.0
-0.8665364292170712,-0.6921690257364259,0.7609835930669938,1,1,0,1.0757900328256522,3,1.0,0.0,0.0,1.0
0.4026276993963656,-1.0372390078178362,1.108608488896556,1,1,1,1.705824301094978,1,0.0,0.0,1.0,1.0
-0.476024389643706,-0.002029061573605259,-1.2251371051984103,2,0,0,-0.5096114689139669,4,0.0,0.0,1.0,1.0
-0.3783963797503647,1.0331808846706256,-1.2251371051984103,1,1,0,0.5554195824901611,0,0.0,0.0,1.0,0.0
1.2812797884364373,-0.34709904365501554,-1.2251371051984103,1,0,1,0.7610709133286919,4,1.0,0.0,0.0,1.0
-0.08551235007034085,0.34304092050780505,-1.2251371051984103,2,1,0,1.2675769396141063,0,0.0,0.0,1.0,0.0
-1.2570484687904364,-0.34709904365501554,0.8408236367988775,1,0,0,0.8602860335241719,1,1.0,0.0,0.0,0.0
-0.8665364292170712,0.34304092050780505,-1.2251371051984103,2,1,1,-1.4253830419281541,0,1.0,0.0,0.0,1.0
-1.159420458897095,0.34304092050780505,0.9825032786060967,1,0,0,-1.5902711910233698,3,1.0,0.0,0.0,0.0
0.003935819113316791,-1.0372390078178362,1.2580119798241127,2,0,0,1.201386365877859,4,0.0,0.0,1.0,0.0
0.20737167960968303,0.6881109025892154,-1.2251371051984103,2,0,1,-0.68496693622417,3,1.0,0.0,0.0,1.0
-0.5736523995370473,-0.34709904365501554,-1.2251371051984103,2,1,1,0.9155794518745562,2,1.0,0.0,0.0,1.0
-0.476024389643706,1.378250866752036,-1.2251371051984103,2,1,0,1.2286265569837527,4,1.0,0.0,0.0,1.0
-0.6712804094303886,0.6881109025892154,-0.19971624610477795,1,0,1,0.15279319280838816,0,1.0,0.0,0.0,1.0
-1.6475605083638016,0.6881109025892154,0.23998565535311447,2,0,0,-1.5633917498993486,4,0.0,1.0,0.0,1.0
-0.476024389643706,0.34304092050780505,-1.2251371051984103,2,1,1,0.5316179147281286,3,1.0,0.0,0.0,0.0
-1.159420458897095,-0.34709904365501554,-1.2251371051984103,2,0,0,-0.2023555060608069,2,1.0,0.0,0.0,0.0
0.10974366971634174,-1.0372390078178362,0.7459015331291622,1,1,0,0.8341007707299584,0,0.0,0.0,1.0,1.0
0.10974366971634174,0.34304092050780505,1.4235677227986565,1,1,0,-1.5322990343850125,4,1.0,0.0,0.0,0.0
1.183651778543096,-0.002029061573605259,-1.2251371051984103,2,1,0,-0.7893185236000452,3,0.0,0.0,1.0,0.0
-0.3783963797503647,-1.0372390078178362,-1.2251371051984103,2,1,1,-0.6857676167193929,0,0.0,0.0,1.0,1.0
0.4026276993963656,1.0331808846706256,-1.2251371051984103,1,1,0,-1.5352774405305762,2,0.0,0.0,1.0,1.0
0.10974366971634174,0.6881109025892154,-1.2251371051984103,2,1,0,0.06123978966641249,3,1.0,0.0,0.0,0.0
-0.2807683698570234,1.0331808846706256,0.854190957107267,2,0,0,1.7147417691707665,1,1.0,0.0,0.0,0.0
1.0860237686497547,0.6881109025892154,0.758055286308988,1,1,1,-1.3332177734044783,0,0.0,1.0,0.0,0.0
0.5978837191830482,-1.0372390078178362,0.5216510015172658,1,1,1,0.4483802076227152,0,1.0,0.0,0.0,1.0
1.3789077983297786,-0.34709904365501554,-1.2251371051984103,1,1,0,-1.652711565961084,1,1.0,0.0,0.0,0.0
0.003935819113316791,1.0331808846706256,-1.2251371051984103,2,1,0,0.5687010290007901,2,1.0,0.0,0.0,0.0
-0.6712804094303886,-1.3823089898992464,1.5486067413990288,1,0,1,0.3895407196241772,0,0.0,1.0,0.0,0.0
0.003935819113316791,-1.3823089898992464,0.5024579509280721,1,0,0,1.4976315362307495,2,0.0,1.0,0.0,0.0
0.10974366971634174,-0.002029061573605259,0.4659781294441176,1,1,0,1.274503060829031,2,0.0,0.0,1.0,1.0
3.233839986303263,0.6881109025892154,1.0199255988225457,1,0,1,1.372679610888565,2,0.0,0.0,1.0,0.0
0.4026276993963656,-1.0372390078178362,0.783246405232449,1,1,1,-0.37058977220930306,4,0.0,0.0,1.0,0.0
1.3789077983297786,-1.3823089898992464,0.4153606669559788,1,1,1,1.2149577349498968,4,1.0,0.0,0.0,1.0
-0.8665364292170712,0.34304092050780505,-1.2251371051984103,2,1,0,-0.5949733025407212,1,1.0,0.0,0.0,0.0
0.012115659823000443,0.34304092050780505,1.6325296128320335,1,1,0,-0.5785961582840544,4,1.0,0.0,0.0,1.0
-1.2570484687904364,-0.34709904365501554,-1.2251371051984103,2,1,1,1.3817648372771971,1,0.0,0.0,1.0,0.0
-0.6712804094303886,-0.6921690257364259,1.202180211105571,2,1,1,1.2604667019106044,3,0.0,1.0,0.0,1.0
0.5978837191830482,-1.0372390078178362,-1.2251371051984103,2,0,1,1.3454797931525673,4,0.0,0.0,1.0,0.0
1.0860237686497547,0.34304092050780505,1.232572034834603,2,1,1,0.5313144183613239,2,1.0,0.0,0.0,1.0
0.5978837191830482,-0.002029061573605259,-0.2037112246031589,1,1,1,-0.11610354404173233,1,0.0,1.0,0.0,1.0
1.0860237686497547,-1.3823089898992464,1.019779343501408,3,0,0,-0.5368319954043512,0,0.0,0.0,1.0,0.0
-0.476024389643706,-0.6921690257364259,-1.2251371051984103,1,1,1,-1.0207294566174203,1,0.0,0.0,1.0,1.0
0.10974366971634174,-0.6921690257364259,0.5499282037267869,1,1,1,-1.209507677232889,4,0.0,0.0,1.0,1.0
-1.159420458897095,-1.3823089898992464,0.8319580680764428,1,1,1,0.570685588958956,0,1.0,0.0,0.0,1.0
2.6480719269432154,0.34304092050780505,1.695684548697031,2,1,1,1.6540967910314037,4,0.0,1.0,0.0,1.0
0.4026276993963656,0.34304092050780505,-1.2251371051984103,2,1,1,-1.6192669276271574,2,1.0,0.0,0.0,0.0
1.47653580822312,1.7233208488334462,-1.2251371051984103,1,1,1,1.3116094942032703,0,0.0,0.0,1.0,1.0
-0.9641644391104125,1.378250866752036,0.8137092764041339,1,1,1,0.5930637473858605,4,1.0,0.0,0.0,1.0
-0.5736523995370473,1.0331808846706256,-1.2251371051984103,2,1,1,-0.6474141334801747,1,0.0,0.0,1.0,1.0
-1.6475605083638016,1.7233208488334462,-1.2251371051984103,1,1,1,0.01622626660266219,0,0.0,0.0,1.0,0.0
-0.8665364292170712,-1.0372390078178362,-1.2251371051984103,3,0,1,-1.485115616712496,3,1.0,0.0,0.0,1.0
0.3049996895030243,0.34304092050780505,0.15369245561375247,1,1,0,0.9216761787751508,3,1.0,0.0,0.0,0.0
0.003935819113316791,0.6881109025892154,0.8147042606348049,2,1,1,0.7941027687600605,3,1.0,0.0,0.0,0.0
-0.5736523995370473,-0.34709904365501554,-1.2251371051984103,1,1,0,-1.2306060694433474,2,0.0,0.0,1.0,1.0
0.8907677488630721,1.7233208488334462,-1.2251371051984103,2,1,1,1.4742362125148698,0,0.0,0.0,1.0,1.0
1.3789077983297786,0.6881109025892154,-0.178512904925375,2,0,0,1.431411726605957,4,0.0,0.0,1.0,0.0
-1.452304488577119,0.34304092050780505,1.2712378453142466,1,1,0,1.5834164201256822,0,0.0,1.0,0.0,1.0
-0.18314035996368214,-1.7273789719806567,1.2192828027064264,1,1,1,-0.8942880671677342,3,0.0,0.0,1.0,0.0
-0.3783963797503647,0.6881109025892154,0.6895666717085893,2,1,1,-1.6668716553363907,1,0.0,0.0,1.0,0.0
0.012115659823000443,1.0331808846706256,0.47519509497751283,2,1,1,1.7006201389107491,2,0.0,1.0,0.0,1.0
-0.3783963797503647,0.6881109025892154,0.1769184086740946,1,1,0,-1.7443417133104915,1,1.0,0.0,0.0,1.0
-0.476024389643706,-0.6921690257364259,0.49900462917154087,1,1,0,-1.5858758884222304,0,1.0,0.0,0.0,0.0
-0.3783963797503647,-1.0372390078178362,-1.2251371051984103,2,1,1,-0.7550493635998793,4,1.0,0.0,0.0,1.0
-0.476024389643706,1.378250866752036,-1.2251371051984103,2,1,0,0.4731736332943921,3,0.0,0.0,1.0,1.0
-0.08551235007034085,-1.7273789719806567,-1.2251371051984103,1,1,0,-0.5985186760962907,1,0.0,0.0,1.0,1.0
-0.3783963797503647,1.7233208488334462,-1.2251371051984103,2,1,0,-1.560239146584535,0,1.0,0.0,0.0,1.0
0.3049996895030243,0.34304092050780505,0.5723892766612676,1,1,1,-0.6033847113076405,2,1.0,0.0,0.0,0.0
-1.3546764786837777,-0.34709904365501554,0.34529252689064716,2,1,1,-0.8365245642815551,0,0.0,1.0,0.0,1.0
0.003935819113316791,0.34304092050780505,-1.2251371051984103,2,1,0,0.05610715099523188,4,1.0,0.0,0.0,1.0
1.3789077983297786,0.6881109025892154,-1.2251371051984103,2,0,1,-0.8361234409297863,1,1.0,0.0,0.0,1.0
0.003935819113316791,-0.002029061573605259,0.26717234332461315,3,1,0,0.7075105914903536,1,0.0,1.0,0.0,0.0
1.8670478477964851,0.6881109025892154,0.6360749881282487,1,1,1,1.5717217166612258,4,0.0,1.0,0.0,1.0
0.10974366971634174,-0.002029061573605259,0.12460540856804203,1,1,0,0.7562389866539784,0,1.0,0.0,0.0,0.0
0.4026276993963656,0.34304092050780505,-1.2251371051984103,2,1,1,0.1507388495686347,1,1.0,0.0,0.0,0.0
-0.476024389643706,-1.0372390078178362,1.146322839704992,1,0,0,1.639384178167218,4,0.0,1.0,0.0,0.0
-0.7689084193237299,-1.3823089898992464,-1.2251371051984103,2,1,1,1.4744269418829992,0,1.0,0.0,0.0,1.0
-0.2807683698570234,-0.002029061573605259,-1.2251371051984103,2,1,1,0.8245039162917812,3,0.0,0.0,1.0,1.0
-0.6712804094303886,-1.3823089898992464,0.7413069718208224,1,1,1,-1.2860893470461305,4,1.0,0.0,0.0,1.0
0.4026276993963656,-0.002029061573605259,-1.2251371051984103,1,1,1,0.34297595423605914,3,0.0,0.0,1.0,0.0
0.10974366971634174,-0.002029061573605259,0.5061980227234201,2,1,0,-0.881552357243286,1,0.0,1.0,0.0,1.0
-0.6712804094303886,-0.002029061573605259,0.8767510804178792,1,1,0,0.4329173809756767,1,1.0,0.0,0.0,1.0
-0.9641644391104125,0.6881109025892154,1.625898198150871,2,1,1,0.26867398763677497,4,1.0,0.0,0.0,0.0
-1.0617924490037538,-1.3823089898992464,0.42977737719436865,1,0,1,-0.4189572433679089,3,0.0,0.0,1.0,1.0
-0.7689084193237299,0.6881109025892154,-1.2251371051984103,3,1,1,1.1540980122482418,4,1.0,0.0,0.0,1.0
-0.2807683698570234,-0.6921690257364259,0.8409753326899478,2,0,0,0.6796576648870286,2,0.0,1.0,0.0,0.0
0.6955117290763895,-1.3823089898992464,0.2447394333403733,1,1,0,0.027412996503642106,0,1.0,0.0,0.0,1.0
-0.9641644391104125,-0.6921690257364259,0.6085042599261918,1,0,0,-0.43147385815141276,0,1.0,0.0,0.0,1.0
-1.159420458897095,1.378250866752036,-1.2251371051984103,2,1,0,1.7004198382695837,1,1.0,0.0,0.0,1.0
-1.6475605083638016,-0.002029061573605259,-1.2251371051984103,1,1,0,-1.358709379938323,4,1.0,0.0,0.0,0.0
-0.08551235007034085,-1.0372390078178362,-1.2251371051984103,1,1,0,0.8006686620625509,0,1.0,0.0,0.0,0.0
0.6955117290763895,0.6881109025892154,0.969414707498387,1,1,0,0.25697771796400365,2,0.0,1.0,0.0,0.0
1.0860237686497547,1.378250866752036,0.6360020204844424,1,1,0,1.4788638360160573,4,0.0,1.0,0.0,1.0
-0.18314035996368214,0.34304092050780505,-1.2251371051984103,2,1,1,0.45416351883717726,0,1.0,0.0,0.0,1.0
-1.159420458897095,-1.7273789719806567,1.9278619907011725,1,0,0,0.8967927831369382,1,1.0,0.0,0.0,1.0
0.20737167960968303,1.0331808846706256,-0.3256052737487856,2,0,0,-0.12872352857402178,3,1.0,0.0,0.0,0.0
1.8670478477964851,-1.0372390078178362,1.0556967060643578,1,1,1,-0.20165280059684035,0,0.0,1.0,0.0,1.0
0.5978837191830482,1.378250866752036,0.42943414123830714,1,0,0,0.5132186215137374,3,0.0,1.0,0.0,1.0
-0.5736523995370473,-1.7273789719806567,1.6816715607510155,1,1,1,0.12683468217354746,4,0.0,1.0,0.0,1.0
0.4026276993963656,-0.34709904365501554,0.7893254420486588,1,1,1,-0.4441864229974292,0,0.0,1.0,0.0,0.0
1.3789077983297786,-0.34709904365501554,-1.2251371051984103,2,0,1,0.19018032551729272,3,1.0,0.0,0.0,1.0
-0.2807683698570234,0.34304092050780505,0.8920720453824704,1,0,0,-1.4777469546370299,1,0.0,0.0,1.0,0.0
0.012115659823000443,-1.7273789719806567,0.6583358800925508,1,1,0,1.697664877843617,1,1.0,0.0,0.0,0.0
-0.7689084193237299,-1.3823089898992464,0.508568030996252,1,0,1,-1.0715910275059832,2,1.0,0.0,0.0,1.0
0.8907677488630721,1.0331808846706256,1.2617323695576446,1,1,0,1.5234294235017367,0,0.0,0.0,1.0,0.0
-1.0617924490037538,-1.3823089898992464,0.6694973693266721,2,1,0,-1.4981757057812817,2,0.0,1.0,0.0,1.0
0.10974366971634174,0.6881109025892154,0.588623137257248,1,1,0,-1.1916273210401789,4,1.0,0.0,0.0,1.0
-0.08551235007034085,-1.0372390078178362,-1.2251371051984103,1,0,0,1.1847598464528255,0,0.0,0.0,1.0,1.0
-0.18314035996368214,1.378250866752036,0.45922750227471903,2,1,1,0.8548714773563036,4,1.0,0.0,0.0,1.0
-0.8665364292170712,-0.34709904365501554,-1.2251371051984103,2,1,1,-0.5936914480465221,0,1.0,0.0,0.0,1.0
-0.476024389643706,-1.7273789719806567,0.4468487655264913,1,0,1,-0.9941917969523466,1,0.0,0.0,1.0,1.0
-1.2570484687904364,-0.34709904365501554,0.6154038627016941,1,0,1,1.080048901280246,2,0.0,1.0,0.0,1.0
2.0623038675831675,-1.7273789719806567,0.8835330708727729,1,0,0,-1.5605699645852784,1,1.0,0.0,0.0,0.0
2.159931877476509,-0.002029061573605259,1.1210662739255737,1,1,1,-1.0191545471451824,4,1.0,0.0,0.0,1.0
2.0623038675831675,0.6881109025892154,0.7255947658713499,1,0,1,-1.2193016998956012,1,0.0,0.0,1.0,1.0
-0.6712804094303886,1.378250866752036,-1.2251371051984103,2,1,0,0.4541353270875083,3,0.0,0.0,1.0,1.0
0.5002557092897069,1.378250866752036,1.2336300656697905,1,1,0,1.0156561606663954,3,0.0,0.0,1.0,0.0
-0.7689084193237299,1.7233208488334462,0.6656008011373717,1,1,1,1.0032093291644792,0,0.0,0.0,1.0,0.0
0.5978837191830482,-0.002029061573605259,1.2048027258299947,1,1,0,-0.5496587194342119,1,0.0,1.0,0.0,0.0
-0.6712804094303886,1.0331808846706256,1.0903993813814046,2,0,0,1.2373572982237722,1,1.0,0.0,0.0,0.0
-0.18314035996368214,-0.34709904365501554,1.5040753564646603,2,1,0,1.703222829083875,2,1.0,0.0,0.0,1.0
-1.452304488577119,-0.002029061573605259,0.13643432771952074,1,1,1,-0.5001691470295299,2,0.0,1.0,0.0,1.0
-0.8665364292170712,-1.3823089898992464,0.8241194869372258,1,1,0,0.36798847504868043,4,0.0,0.0,1.0,1.0
-0.476024389643706,1.7233208488334462,1.5219010638163042,1,1,1,-0.8631854323340702,2,0.0,0.0,1.0,0.0
-0.6712804094303886,-0.6921690257364259,-1.2251371051984103,1,0,0,-0.08073212143414618,3,1.0,0.0,0.0,0.0
-0.476024389643706,1.0331808846706256,-1.2251371051984103,1,0,1,0.114881380313981,0,0.0,0.0,1.0,0.0
0.9883957587564134,0.34304092050780505,0.5971710727056585,1,1,0,1.6607773655871758,1,0.0,1.0,0.0,1.0
-0.476024389643706,0.34304092050780505,0.7131821055694226,2,1,0,-0.24222716722663312,1,0.0,0.0,1.0,1.0
-0.6712804094303886,1.0331808846706256,0.46140437031493287,1,1,0,-0.3875093466123751,2,0.0,1.0,0.0,1.0
0.20737167960968303,1.0331808846706256,0.5254803626662187,1,1,1,-0.5902153357031019,2,0.0,0.0,1.0,1.0
-0.2807683698570234,1.378250866752036,0.6664901743046393,3,1,0,0.3259540542230783,0,0.0,1.0,0.0,1.0
0.3049996895030243,-0.6921690257364259,1.2077529548844952,1,1,1,-0.8167664983423869,0,0.0,1.0,0.0,1.0
-0.6712804094303886,-1.7273789719806567,-1.2251371051984103,2,1,0,1.0397963034475992,2,1.0,0.0,0.0,0.0
0.7931397389697308,-1.3823089898992464,-1.2251371051984103,1,1,0,0.12956980396085824,3,0.0,0.0,1.0,0.0
-1.5499324984704603,-0.002029061573605259,-1.2251371051984103,1,0,0,1.1093780662319686,3,1.0,0.0,0.0,0.0
-0.476024389643706,-1.0372390078178362,0.3113358497214595,1,0,0,-1.5887361328515897,0,1.0,0.0,0.0,0.0
0.4026276993963656,0.6881109025892154,0.985503592907332,1,1,1,1.3395889356338129,4,0.0,0.0,1.0,1.0
-0.6712804094303886,1.0331808846706256,1.0395622158780342,1,1,1,1.1608702970020108,2,0.0,1.0,0.0,0.0
2.0623038675831675,-1.7273789719806567,1.2124894510613788,1,1,0,0.45879114233836504,4,1.0,0.0,0.0,1.0
-1.3546764786837777,-0.002029061573605259,0.2798192681671806,2,1,0,0.050283466410873875,0,0.0,1.0,0.0,0.0
-0.7689084193237299,0.34304092050780505,0.09681833770277073,2,1,0,0.8490831194706047,4,0.0,0.0,1.0,1.0
-0.2807683698570234,0.6881109025892154,0.21733464252127005,1,1,1,-0.5433281054252539,0,1.0,0.0,0.0,1.0
0.20737167960968303,-0.6921690257364259,-1.2251371051984103,4,1,1,1.6899537382166192,0,1.0,0.0,0.0,1.0
0.10974366971634174,1.0331808846706256,0.03957058065080862,1,1,0,0.7379355801930904,2,0.0,0.0,1.0,0.0
0.4026276993963656,-1.7273789719806567,-1.2251371051984103,2,0,1,-0.2585338321091279,4,0.0,0.0,1.0,0.0
-1.6475605083638016,1.378250866752036,-1.2251371051984103,2,1,0,-0.45201102571568696,0,1.0,0.0,0.0,1.0
0.6955117290763895,-0.6921690257364259,-1.2251371051984103,2,1,0,0.3458022641519283,2,0.0,0.0,1.0,0.0
1.5741638181164612,-1.0372390078178362,1.2683756254792495,1,0,1,0.14979425193158422,2,0.0,0.0,1.0,0.0
0.003935819113316791,0.6881109025892154,0.0016427674808873255,2,1,1,1.103820985107441,1,0.0,0.0,1.0,1.0
-0.18314035996368214,1.0331808846706256,0.8565449637038256,1,1,1,0.3419861105810216,3,1.0,0.0,0.0,1.0
-1.6475605083638016,1.0331808846706256,-1.2251371051984103,2,0,0,-0.012781825644498673,3,0.0,0.0,1.0,1.0
-0.08551235007034085,1.7233208488334462,0.6895993151281868,1,1,1,-1.5963656556230652,1,0.0,0.0,1.0,0.0
-1.2570484687904364,-0.34709904365501554,0.21341743216957726,2,1,0,1.3068703218654303,4,1.0,0.0,0.0,1.0
-1.6475605083638016,1.0331808846706256,0.4587087279299401,1,1,1,-1.1482473532489033,1,0.0,0.0,1.0,0.0
0.4026276993963656,-0.002029061573605259,-1.2251371051984103,2,0,0,-0.36375884165529715,0,0.0,0.0,1.0,0.0
0.003935819113316791,1.0331808846706256,-1.2251371051984103,2,1,1,0.8568078329029986,0,1.0,0.0,0.0,0.0
0.4026276993963656,-1.7273789719806567,0.05645202908556779,1,1,0,-1.0521357618410352,4,1.0,0.0,0.0,1.0
0.10974366971634174,1.0331808846706256,1.1875492384218826,1,1,0,0.2497769882245275,3,0.0,1.0,0.0,0.0
-0.5736523995370473,1.0331808846706256,-1.2251371051984103,2,0,0,0.981723039361356,0,0.0,0.0,1.0,0.0
-0.476024389643706,-1.3823089898992464,-1.2251371051984103,1,0,0,0.2448262037410254,4,1.0,0.0,0.0,0.0
-0.6712804094303886,1.378250866752036,0.014787984522603952,1,0,0,-1.1700705518628831,4,0.0,1.0,0.0,1.0
0.012115659823000443,-1.0372390078178362,0.7394446967361409,2,1,1,-0.7293736405774569,0,0.0,0.0,1.0,1.0
0.003935819113316791,-1.3823089898992464,-1.2251371051984103,2,1,1,1.697367820333218,0,0.0,0.0,1.0,1.0
-0.3783963797503647,-1.0372390078178362,0.06990655852964671,1,0,0,-1.5268766471755695,4,0.0,1.0,0.0,0.0
1.6717918280098025,0.34304092050780505,0.28271893192465736,1,0,0,0.3617083277520927,4,0.0,0.0,1.0,1.0
-1.5499324984704603,-0.6921690257364259,-0.07281223213475768,1,1,0,1.060733724247912,2,0.0,1.0,0.0,1.0
-1.0617924490037538,-1.3823089898992464,-1.2251371051984103,2,1,1,0.35676815868050266,0,0.0,0.0,1.0,0.0
1.9646758576898262,1.378250866752036,-1.2251371051984103,2,0,0,0.05952009293661651,0,1.0,0.0,0.0,1.0
0.5002557092897069,1.378250866752036,1.0693603774173281,1,0,0,0.8094084525061677,1,0.0,1.0,0.0,1.0
0.5978837191830482,-1.3823089898992464,0.4211537538171855,2,1,1,-1.1267368742284714,3,1.0,0.0,0.0,0.0
-0.18314035996368214,1.7233208488334462,0.9218366034015905,4,1,1,-0.5125402784628911,1,0.0,1.0,0.0,0.0
2.4528159071565327,-0.34709904365501554,-1.2251371051984103,2,1,1,0.8340283771011792,0,1.0,0.0,0.0,1.0
-1.452304488577119,-1.0372390078178362,1.0323565010354245,1,1,1,-1.3221697399509431,3,0.0,0.0,1.0,1.0
-0.6712804094303886,0.34304092050780505,1.7301550396913528,2,1,0,-1.4865594867557177,0,1.0,0.0,0.0,0.0
0.5978837191830482,1.0331808846706256,-0.8404016018062022,1,0,1,1.2077540468169372,0,1.0,0.0,0.0,1.0
-0.6712804094303886,1.0331808846706256,1.2893501426879446,3,1,0,1.5769098687160137,2,0.0,1.0,0.0,0.0
-0.9641644391104125,-0.6921690257364259,0.3322284383476356,1,0,1,0.5489534044503882,2,0.0,1.0,0.0,0.0
-0.08551235007034085,1.378250866752036,0.7582522669439119,1,1,0,-0.42333670986275274,2,0.0,1.0,0.0,0.0
-1.3546764786837777,-0.002029061573605259,1.2212914931290082,1,1,0,-0.7337640705305055,4,0.0,1.0,0.0,0.0
-1.452304488577119,1.0331808846706256,0.35210172019520564,1,1,0,1.524572929594784,3,0.0,0.0,1.0,0.0
-0.2807683698570234,0.34304092050780505,0.5537527643728576,1,1,1,1.5590799792356735,4,1.0,0.0,0.0,1.0
-1.159420458897095,-0.34709904365501554,0.7032218621731348,1,0,0,0.7272585640870479,1,1.0,0.0,0.0,1.0
0.8907677488630721,-0.6921690257364259,-1.2251371051984103,1,1,0,-0.7834013885862294,1,1.0,0.0,0.0,0.0
-1.5499324984704603,0.6881109025892154,0.4509567158593615,1,1,0,1.2161336093481192,0,0.0,0.0,1.0,1.0
-0.5736523995370473,1.0331808846706256,0.9619483253492858,1,1,0,-0.8020537114550551,3,1.0,0.0,0.0,1.0
0.012115659823000443,-0.34709904365501554,0.7175406421527322,1,1,1,1.0308894507837234,3,1.0,0.0,0.0,1.0
3.1362119764099217,1.0331808846706256,-1.2251371051984103,2,1,1,1.2070668294129736,1,1.0,0.0,0.0,0.0
-0.2807683698570234,-1.3823089898992464,0.9350490274836549,2,1,0,-0.9691601335936538,1,1.0,0.0,0.0,0.0
-1.745188518257143,-0.6921690257364259,1.4292011129306563,2,1,1,1.1164914363521008,2,0.0,1.0,0.0,0.0
1.2812797884364373,1.0331808846706256,-0.43923477713280124,1,1,0,-1.0184025931308684,2,1.0,0.0,0.0,0.0
0.4026276993963656,-0.6921690257364259,1.187998405474873,3,0,1,-1.3059828029929674,0,0.0,1.0,0.0,1.0
0.20737167960968303,-1.0372390078178362,0.08273974288403509,2,0,0,1.7294726544652932,4,0.0,1.0,0.0,0.0
-0.5736523995370473,-1.3823089898992464,-1.2251371051984103,2,0,0,-1.573084491091029,1,1.0,0.0,0.0,1.0
-0.08551235007034085,0.6881109025892154,0.5245842687949164,2,1,0,0.0397884785156559,3,1.0,0.0,0.0,1.0
-1.452304488577119,1.0331808846706256,0.5171530903336163,1,1,0,0.0715809411004749,2,0.0,0.0,1.0,1.0
-0.476024389643706,1.378250866752036,-1.2251371051984103,2,1,1,-0.5721430319802396,3,0.0,0.0,1.0,0.0
-0.8665364292170712,0.34304092050780505,-1.2251371051984103,2,1,0,-1.472469528708291,4,1.0,0.0,0.0,0.0
-0.476024389643706,0.6881109025892154,0.7120874308955695,1,1,0,-0.7551725719873207,3,0.0,1.0,0.0,0.0
-0.3783963797503647,0.6881109025892154,-0.010357849657003575,1,1,0,0.8723414869705011,3,1.0,0.0,0.0,1.0
0.20737167960968303,1.378250866752036,-1.2251371051984103,1,1,1,0.22428016099629974,3,1.0,0.0,0.0,1.0
2.0623038675831675,-0.6921690257364259,-0.47272788574035257,2,0,1,-0.6462927283266829,1,1.0,0.0,0.0,0.0
2.3551878972631917,-0.34709904365501554,0.6078965162613337,1,1,0,-0.46156594057565303,2,0.0,0.0,1.0,1.0
-1.5499324984704603,0.34304092050780505,0.2528852466640368,2,1,0,0.3529568777576871,0,0.0,1.0,0.0,1.0
0.5002557092897069,-0.6921690257364259,-1.2251371051984103,2,1,0,-0.20834085814789532,1,1.0,0.0,0.0,1.0
-0.18314035996368214,-0.6921690257364259,0.49857370402950196,1,1,1,1.0130164035631493,3,0.0,1.0,0.0,1.0
-0.476024389643706,0.6881109025892154,0.6585136587159467,1,1,0,-1.7033535196392644,3,1.0,0.0,0.0,1.0
-0.18314035996368214,0.6881109025892154,0.7672901737198095,2,1,0,1.0133604473229965,2,0.0,1.0,0.0,0.0
-0.476024389643706,-1.3823089898992464,0.57620983688827,1,0,0,1.135450039958069,1,1.0,0.0,0.0,1.0
-0.8665364292170712,-0.002029061573605259,-0.5061997121184606,1,1,1,-1.5593878253537965,2,1.0,0.0,0.0,1.0
0.10974366971634174,-0.6921690257364259,-0.46722650943760735,1,1,1,0.8387898244017205,2,1.0,0.0,0.0,0.0
0.003935819113316791,1.0331808846706256,1.1108663254187126,1,1,1,-1.319353523377548,0,0.0,1.0,0.0,0.0
-1.3546764786837777,-1.3823089898992464,1.1201647394843386,1,0,1,1.0620275863391926,0,0.0,1.0,0.0,0.0
1.0860237686497547,-0.002029061573605259,-1.2251371051984103,1,0,1,0.7964412917974012,0,0.0,0.0,1.0,1.0
0.3049996895030243,-0.002029061573605259,1.1356193184458114,1,1,1,-1.0712878791854707,4,1.0,0.0,0.0,0.0
-0.9641644391104125,-1.7273789719806567,1.3003933795344067,1,0,0,0.5135793714956104,3,1.0,0.0,0.0,0.0
0.5978837191830482,-0.6921690257364259,-1.2251371051984103,2,1,1,1.0282030554773212,2,0.0,0.0,1.0,1.0
-0.08551235007034085,-0.002029061573605259,-1.2251371051984103,1,1,0,0.26661511979522295,0,1.0,0.0,0.0,1.0
0.10974366971634174,-0.002029061573605259,-1.2251371051984103,2,1,0,-1.0324220718041235,3,1.0,0.0,0.0,0.0
-0.08551235007034085,1.378250866752036,-1.2251371051984103,1,1,0,-0.3765015125055897,4,0.0,0.0,1.0,1.0
-1.452304488577119,1.378250866752036,-0.1069225253961685,2,0,1,-0.6257613035262302,0,0.0,1.0,0.0,0.0
3.526724015983287,1.378250866752036,0.46478664462881086,1,0,1,0.08780598912744704,0,0.0,1.0,0.0,0.0
-0.476024389643706,1.378250866752036,-1.2251371051984103,2,1,0,1.1752969898371484,1,1.0,0.0,0.0,0.0
-0.7689084193237299,0.34304092050780505,-1.2251371051984103,2,1,0,1.1847970874060918,0,0.0,0.0,1.0,1.0
-1.159420458897095,-0.6921690257364259,0.807233077982822,1,1,0,1.0707717273614619,2,1.0,0.0,0.0,1.0
1.7694198379031438,1.0331808846706256,-1.2251371051984103,2,0,1,-0.08555395476638569,2,1.0,0.0,0.0,0.0
0.10974366971634174,-1.3823089898992464,0.4318243116232435,1,0,0,-1.5778158323872944,3,1.0,0.0,0.0,0.0
-0.2807683698570234,-1.0372390078178362,-1.2251371051984103,2,1,1,-1.4608019728546269,4,0.0,0.0,1.0,1.0
0.8907677488630721,1.7233208488334462,0.3118006984171976,1,1,0,-0.4501783879640696,4,0.0,1.0,0.0,1.0
-0.18314035996368214,0.34304092050780505,-1.2251371051984103,2,1,0,1.6291323006071068,1,1.0,0.0,0.0,0.0
0.003935819113316791,0.6881109025892154,1.8042708037700046,2,1,0,-0.9632755409081594,1,0.0,0.0,1.0,0.0
-0.476024389643706,1.378250866752036,-1.2251371051984103,2,1,0,0.1304717659271134,0,1.0,0.0,0.0,1.0
-0.3783963797503647,-0.34709904365501554,-1.2251371051984103,1,1,0,-1.5934109166253716,3,1.0,0.0,0.0,1.0
-0.18314035996368214,-1.0372390078178362,0.8615602090813894,1,0,0,-1.1456081182150957,3,0.0,0.0,1.0,0.0
-0.5736523995370473,-1.0372390078178362,-0.2964585404505759,1,1,1,-0.29660069922671345,3,1.0,0.0,0.0,0.0
0.20737167960968303,-0.34709904365501554,1.4558688665406132,1,1,0,0.4849551743087541,3,1.0,0.0,0.0,0.0
0.9883957587564134,-0.34709904365501554,0.1962289115671343,1,1,1,-1.1593442872064936,3,0.0,1.0,0.0,0.0
0.9883957587564134,1.0331808846706256,0.4278739778016647,1,1,1,-0.8597606568187506,4,1.0,0.0,0.0,1.0
0.003935819113316791,1.0331808846706256,-1.2251371051984103,1,1,1,1.136773311961041,4,1.0,0.0,0.0,0.0
1.7694198379031438,0.6881109025892154,0.40492981426049435,1,0,1,0.22804741406315138,3,0.0,1.0,0.0,1.0
-1.2570484687904364,-0.002029061573605259,1.0577049164366512,1,0,0,-0.6977324041066021,4,1.0,0.0,0.0,1.0
0.4026276993963656,-0.002029061573605259,0.8202600426368792,1,1,1,-1.4077807747229176,1,1.0,0.0,0.0,1.0
0.003935819113316791,-0.34709904365501554,-1.2251371051984103,2,1,1,0.6466298119880202,3,1.0,0.0,0.0,1.0
-0.5736523995370473,1.0331808846706256,-1.2251371051984103,1,1,1,-1.5056583530174457,0,1.0,0.0,0.0,1.0
-1.159420458897095,1.0331808846706256,0.5858399657030409,2,1,0,0.815856184092453,3,0.0,1.0,0.0,1.0
-0.7689084193237299,-0.6921690257364259,0.6917784234030787,1,0,0,1.4295811771320928,3,1.0,0.0,0.0,0.0
2.5504439170498743,-0.34709904365501554,0.696670775906864,1,1,0,0.12501178971811192,1,0.0,1.0,0.0,1.0
-0.6712804094303886,1.7233208488334462,1.311727366838754,1,1,0,1.1567499509717154,1,0.0,0.0,1.0,1.0
-0.5736523995370473,-1.3823089898992464,0.6693453534020762,1,1,1,0.9951551899165108,1,1.0,0.0,0.0,0.0
-0.3783963797503647,1.0331808846706256,0.6459803457749191,1,1,0,-0.16160990065524822,0,0.0,0.0,1.0,1.0
0.012115659823000443,-0.34709904365501554,-1.2251371051984103,1,1,0,-0.40887573446783304,2,1.0,0.0,0.0,1.0
1.0860237686497547,0.34304092050780505,0.8966592459197248,2,1,1,1.4555026208368136,3,0.0,1.0,0.0,0.0
0.6955117290763895,-0.6921690257364259,0.0802276397258966,1,1,1,-1.2531159633918523,4,0.0,0.0,1.0,0.0
0.5978837191830482,0.6881109025892154,0.9914662975370354,1,0,0,-0.709580770009068,3,0.0,1.0,0.0,0.0
1.0860237686497547,0.6881109025892154,-1.2251371051984103,1,1,0,1.4698024507984413,1,0.0,0.0,1.0,1.0
0.4026276993963656,0.6881109025892154,0.31077115056577637,1,0,1,0.25899882278285125,1,0.0,1.0,0.0,0.0
0.10974366971634174,-0.34709904365501554,1.1522490605127924,1,1,0,1.5565923183621218,3,0.0,1.0,0.0,0.0
0.4026276993963656,-0.34709904365501554,0.17699425661962995,2,1,0,0.853092786779978,2,1.0,0.0,0.0,1.0
0.5978837191830482,0.34304092050780505,1.2618051771846877,1,0,1,-1.6868117494863835,2,1.0,0.0,0.0,1.0
-0.3783963797503647,1.0331808846706256,1.6282434038254794,1,0,0,1.6888791452894292,0,0.0,1.0,0.0,0.0
-0.476024389643706,-1.0372390078178362,-1.2251371051984103,2,0,1,-1.3727339052828147,2,1.0,0.0,0.0,1.0
-1.6475605083638016,1.7233208488334462,0.5640506431385113,2,1,1,1.4385785218319427,2,0.0,1.0,0.0,1.0
-0.7689084193237299,-1.3823089898992464,-1.2251371051984103,1,1,0,0.4972627872937876,2,1.0,0.0,0.0,0.0
0.003935819113316791,-0.002029061573605259,-1.2251371051984103,2,0,0,-1.254875163375814,1,0.0,0.0,1.0,1.0
0.4026276993963656,1.7233208488334462,-1.2251371051984103,2,1,1,-0.7842542760252833,4,0.0,0.0,1.0,0.0
-0.08551235007034085,0.6881109025892154,0.05970116945285239,1,0,0,0.45552664214060706,4,1.0,0.0,0.0,1.0
-0.8665364292170712,-0.6921690257364259,1.0403975033794979,1,1,0,0.9722591386068018,4,1.0,0.0,0.0,0.0
-1.452304488577119,0.6881109025892154,1.5259146042591625,1,0,1,1.3512798105890549,4,1.0,0.0,0.0,1.0
-2.038072547937167,-0.34709904365501554,0.09928035561417387,1,1,0,-0.4971428845187878,1,1.0,0.0,0.0,0.0
-1.2570484687904364,1.0331808846706256,0.6361495559396818,1,1,1,-0.2980403927144288,3,0.0,0.0,1.0,1.0
0.6955117290763895,-0.002029061573605259,0.3089893639127493,1,1,0,-0.0366583233593555,3,1.0,0.0,0.0,1.0
0.4026276993963656,-0.6921690257364259,0.1657423579145648,1,1,1,0.8643527804254677,1,0.0,1.0,0.0,1.0
0.012115659823000443,-1.3823089898992464,1.0775538757362857,1,1,1,0.3190230603600628,0,0.0,1.0,0.0,0.0
1.2812797884364373,-0.34709904365501554,0.38712234881980195,1,1,1,1.50348550084253,3,1.0,0.0,0.0,1.0
-0.7689084193237299,1.7233208488334462,-0.5924405863764091,2,0,0,1.603446832288503,4,1.0,0.0,0.0,1.0
2.3551878972631917,1.7233208488334462,-1.2251371051984103,2,1,0,-1.2113171699060743,2,0.0,0.0,1.0,1.0
-1.5499324984704603,0.34304092050780505,0.1493740832378888,1,1,0,0.1629425707354443,1,0.0,1.0,0.0,0.0
0.012115659823000443,-0.34709904365501554,0.8115292080286656,1,1,1,-1.465782863342405,0,0.0,1.0,0.0,1.0
1.3789077983297786,0.34304092050780505,-1.2251371051984103,2,0,1,-0.04811148269702004,3,1.0,0.0,0.0,1.0
-0.3783963797503647,-0.002029061573605259,1.3605915256576315,3,1,1,-0.6366447110835513,2,0.0,1.0,0.0,1.0
-0.9641644391104125,-1.3823089898992464,-1.2251371051984103,2,1,1,1.6987638340112614,4,0.0,0.0,1.0,0.0
0.6955117290763895,1.0331808846706256,1.1885064586965488,1,0,0,-0.6240945098328494,1,0.0,1.0,0.0,1.0
-0.3783963797503647,-0.002029061573605259,1.1401194698641388,2,0,0,0.15053332823308638,0,1.0,0.0,0.0,0.0
-1.452304488577119,-1.7273789719806567,1.1478889237618555,2,0,0,1.436289943437534,2,1.0,0.0,0.0,0.0
0.10974366971634174,-0.34709904365501554,-1.2251371051984103,2,0,1,1.6364623295441376,0,1.0,0.0,0.0,1.0
0.20737167960968303,-0.6921690257364259,0.21123480352590504,1,0,0,1.7215276277299316,1,0.0,0.0,1.0,0.0
-0.3783963797503647,1.0331808846706256,-1.2251371051984103,2,1,1,0.9129950341317711,1,1.0,0.0,0.0,0.0
0.6955117290763895,-1.3823089898992464,-1.2251371051984103,2,1,1,-0.5983136768301807,1,1.0,0.0,0.0,1.0
-0.6712804094303886,-0.34709904365501554,1.5816550034061838,2,1,1,1.2601520680624487,1,0.0,0.0,1.0,0.0
0.8907677488630721,1.7233208488334462,0.028028251521383985,3,1,1,0.05802627825046273,0,1.0,0.0,0.0,1.0
2.0623038675831675,-0.002029061573605259,0.14927167250974008,1,1,0,-0.4567072143364396,4,1.0,0.0,0.0,1.0
-0.9641644391104125,1.378250866752036,0.9139954619941698,1,1,1,0.9287302070024618,4,1.0,0.0,0.0,0.0
-0.476024389643706,1.378250866752036,-1.2251371051984103,2,1,1,-0.32238744901634997,4,0.0,0.0,1.0,1.0
2.0623038675831675,-1.0372390078178362,0.7067675136017627,4,1,1,0.6574695397356691,2,1.0,0.0,0.0,0.0
-0.6712804094303886,0.34304092050780505,-1.2251371051984103,2,1,1,-0.8407434074125455,0,1.0,0.0,0.0,0.0
0.6955117290763895,-0.6921690257364259,0.5592538206420774,3,1,0,1.030168646912562,4,0.0,1.0,0.0,0.0
0.5002557092897069,1.7233208488334462,1.0722478799008368,1,0,0,0.4709868584404538,2,1.0,0.0,0.0,1.0
-1.3546764786837777,0.34304092050780505,-1.2251371051984103,2,1,1,-1.480471286989282,0,0.0,0.0,1.0,0.0
-0.5736523995370473,0.6881109025892154,-1.2251371051984103,2,1,1,-0.2121641466677921,2,1.0,0.0,0.0,0.0
-0.5736523995370473,0.34304092050780505,1.5190028402096922,1,0,0,-0.37031934024025814,2,1.0,0.0,0.0,1.0
1.183651778543096,-1.3823089898992464,1.1071236933551605,1,0,0,0.16251865035153584,3,0.0,1.0,0.0,0.0
0.20737167960968303,-1.3823089898992464,-1.2251371051984103,2,1,0,-0.17005924646801793,0,1.0,0.0,0.0,1.0
-0.7689084193237299,-0.002029061573605259,1.103702214934413,1,1,0,0.5573110400651615,0,0.0,1.0,0.0,1.0
0.5978837191830482,0.6881109025892154,0.8990246137064375,2,1,0,-1.2834320136051278,4,0.0,1.0,0.0,0.0
-1.2570484687904364,-0.34709904365501554,0.41105253565293026,1,1,1,0.7921770286252782,0,0.0,1.0,0.0,1.0
2.0623038675831675,1.0331808846706256,0.1956006857566461,1,1,1,1.6789556494060154,3,0.0,0.0,1.0,1.0
-0.18314035996368214,-0.002029061573605259,-1.2251371051984103,1,0,1,1.3630523023998198,1,1.0,0.0,0.0,1.0
-0.476024389643706,1.378250866752036,0.6496244075126278,1,1,1,0.2730372699790316,0,0.0,1.0,0.0,0.0
0.8907677488630721,1.7233208488334462,1.1801695853581826,1,0,1,0.5761354718254833,1,0.0,0.0,1.0,0.0
-0.08551235007034085,-0.6921690257364259,1.7048064642733631,1,1,1,-0.5015766462352161,4,0.0,1.0,0.0,1.0
-0.3783963797503647,1.378250866752036,0.9270649911071143,2,1,1,0.34013293809816414,1,0.0,1.0,0.0,1.0
0.20737167960968303,0.6881109025892154,-1.2251371051984103,2,1,1,1.718119210390346,4,0.0,0.0,1.0,1.0
1.2812797884364373,-1.0372390078178362,1.1984428595951895,1,0,1,-1.0351926943132392,1,1.0,0.0,0.0,1.0
-1.3546764786837777,-0.002029061573605259,0.021177933908803154,2,1,0,0.8690708959626293,1,1.0,0.0,0.0,1.0
0.012115659823000443,1.0331808846706256,1.3756495830810536,3,1,0,-1.1194573120038103,1,0.0,1.0,0.0,0.0
1.9646758576898262,0.6881109025892154,-1.2251371051984103,1,1,0,-0.19875253084387715,2,1.0,0.0,0.0,0.0
-0.2807683698570234,-1.0372390078178362,0.9224193844514625,1,0,1,1.345042995055847,0,1.0,0.0,0.0,0.0
0.7931397389697308,0.34304092050780505,0.8554787720137386,1,1,1,-0.9506766131765486,1,0.0,1.0,0.0,0.0
-0.3783963797503647,-1.0372390078178362,-1.2251371051984103,2,1,1,-0.6023691122269796,3,1.0,0.0,0.0,0.0
-1.2570484687904364,-0.34709904365501554,0.5217078074680358,1,1,1,-0.13119361310981678,1,0.0,1.0,0.0,1.0
0.003935819113316791,-0.6921690257364259,0.7284216220017833,1,0,1,-0.30550546361283637,3,0.0,1.0,0.0,0.0
0.10974366971634174,-1.3823089898992464,-1.2251371051984103,2,1,1,0.14630943843085895,1,0.0,0.0,1.0,0.0
-1.0617924490037538,1.378250866752036,0.4115561084052496,1,1,1,1.0008346093127487,2,0.0,0.0,1.0,0.0
0.4026276993963656,-0.002029061573605259,0.9223625785006927,1,1,1,0.6889833912635766,4,0.0,0.0,1.0,0.0
2.5504439170498743,-1.3823089898992464,0.9540742204887424,1,1,1,0.36805999856172905,4,0.0,1.0,0.0,1.0
-0.476024389643706,1.0331808846706256,0.45988197083429533,1,1,1,0.3965193958292252,2,1.0,0.0,0.0,1.0
-0.2807683698570234,-0.34709904365501554,1.0402770107571604,1,1,0,-0.31709436100446176,4,0.0,0.0,1.0,1.0
0.9883957587564134,1.378250866752036,0.5611986643763288,2,0,1,1.1496106514028137,0,1.0,0.0,0.0,1.0
0.003935819113316791,-1.3823089898992464,-0.014105922290488179,1,1,1,-0.7531988014642133,0,0.0,1.0,0.0,1.0
-0.5736523995370473,-0.6921690257364259,0.9246652197164141,1,1,0,-0.6476365350608952,1,1.0,0.0,0.0,0.0
0.4026276993963656,-1.0372390078178362,0.13760181002041733,1,0,1,-1.6580133551302774,1,0.0,0.0,1.0,1.0
-0.3783963797503647,0.6881109025892154,-1.2251371051984103,2,1,1,0.14547673767675295,1,0.0,0.0,1.0,0.0
-1.2570484687904364,-1.7273789719806567,0.12841108723611022,1,0,1,1.52545609706126,4,0.0,1.0,0.0,0.0
-0.8665364292170712,0.34304092050780505,0.8478560534874477,2,1,1,-1.4112699388022956,1,0.0,0.0,1.0,1.0
0.5978837191830482,-1.3823089898992464,1.6364072990433318,1,1,0,-0.6961682840694227,0,1.0,0.0,0.0,1.0
-0.6712804094303886,-0.002029061573605259,0.7422357091117221,1,1,1,-0.02131209222020647,2,0.0,1.0,0.0,1.0
0.10974366971634174,0.6881109025892154,0.3063850910992769,2,1,0,-0.8930190903863466,0,0.0,1.0,0.0,1.0
1.183651778543096,1.0331808846706256,0.048010024734086436,2,1,1,1.2498582509241267,2,1.0,0.0,0.0,1.0
0.4026276993963656,-0.34709904365501554,2.0142977653761296,1,1,0,-0.48734311909225375,4,1.0,0.0,0.0,1.0
-0.9641644391104125,1.378250866752036,-1.2251371051984103,3,0,1,-0.2865689609464233,1,0.0,0.0,1.0,1.0
-0.08551235007034085,0.6881109025892154,0.5644254023968309,2,1,0,0.4178309663936606,1,1.0,0.0,0.0,1.0
-0.8665364292170712,-1.0372390078178362,-1.2251371051984103,2,1,0,-0.29419848371789875,3,1.0,0.0,0.0,1.0
-1.2570484687904364,0.34304092050780505,-1.2251371051984103,2,0,1,-1.138646670301512,4,1.0,0.0,0.0,0.0
0.003935819113316791,0.6881109025892154,-0.07152905771440528,4,0,1,0.2236073875134633,1,1.0,0.0,0.0,0.0
-1.5499324984704603,-1.0372390078178362,-1.2251371051984103,2,1,0,0.9328416778523059,4,1.0,0.0,0.0,0.0
-1.745188518257143,-1.3823089898992464,1.2023403878850665,3,1,1,1.213970675665197,0,0.0,1.0,0.0,0.0
-0.08551235007034085,0.34304092050780505,1.2346800956668413,1,1,0,0.01636217867976909,3,1.0,0.0,0.0,1.0
-0.6712804094303886,0.34304092050780505,0.4108424336434623,2,1,1,1.6293889847476095,0,0.0,0.0,1.0,1.0
-0.6712804094303886,-1.7273789719806567,0.5281699244142275,2,1,1,1.247229283255939,0,0.0,1.0,0.0,0.0
0.003935819113316791,-1.7273789719806567,0.5184055415355241,2,1,0,0.18795839798784164,1,0.0,0.0,1.0,0.0
-0.7689084193237299,1.0331808846706256,0.6628968378807168,1,1,1,-0.8048513075518172,1,1.0,0.0,0.0,0.0
-0.5736523995370473,0.34304092050780505,0.2756821947834932,1,1,1,1.7205626693847873,0,1.0,0.0,0.0,1.0
0.10974366971634174,1.378250866752036,0.9716571824113213,4,1,0,-0.405750626810104,2,1.0,0.0,0.0,0.0
0.4026276993963656,-1.7273789719806567,0.8905637273769537,1,1,0,-1.3821701363571381,4,0.0,1.0,0.0,1.0
-0.5736523995370473,0.6881109025892154,0.9341930978197986,1,1,1,0.2898677445312984,2,1.0,0.0,0.0,1.0
-0.5736523995370473,-0.34709904365501554,0.18376056543177618,1,0,1,1.506395863937967,3,0.0,1.0,0.0,1.0
0.5002557092897069,1.7233208488334462,-1.2251371051984103,1,0,1,-0.9162353442848862,4,0.0,0.0,1.0,0.0
-0.3783963797503647,1.378250866752036,-1.2251371051984103,1,1,1,-1.200874911024126,4,1.0,0.0,0.0,1.0
-1.0617924490037538,-1.3823089898992464,-1.2251371051984103,2,1,1,0.5723316738979503,2,1.0,0.0,0.0,0.0
0.012115659823000443,-0.002029061573605259,-1.2251371051984103,2,1,1,0.24379685683182226,4,1.0,0.0,0.0,1.0
-0.476024389643706,-1.0372390078178362,0.1824890722351032,2,0,1,0.9733112825481443,1,0.0,1.0,0.0,1.0
-0.476024389643706,-0.6921690257364259,-1.2251371051984103,2,0,0,0.5377619759244635,0,0.0,0.0,1.0,1.0
0.10974366971634174,1.0331808846706256,0.2659501352908618,1,1,0,-0.4611098259097153,2,1.0,0.0,0.0,1.0
-1.6475605083638016,-1.0372390078178362,0.6149188518938518,1,1,1,-1.096119067879852,2,1.0,0.0,0.0,1.0
-0.476024389643706,-0.34709904365501554,-1.2251371051984103,2,1,0,1.7130523524683925,0,1.0,0.0,0.0,1.0
0.5002557092897069,-1.7273789719806567,1.2970883933169282,1,1,1,0.3493457234528904,2,0.0,0.0,1.0,0.0
0.012115659823000443,-1.3823089898992464,0.8792955069620897,1,1,1,1.6242532136597991,3,0.0,1.0,0.0,0.0
-1.0617924490037538,-0.002029061573605259,0.24602996853181125,1,1,0,0.7500801334902246,3,0.0,1.0,0.0,0.0
-0.476024389643706,-1.3823089898992464,0.7689810708516043,2,0,1,1.1013582095437824,2,1.0,0.0,0.0,1.0
-0.6712804094303886,-0.002029061573605259,1.1080287481651758,1,1,1,-1.693504157616091,0,1.0,0.0,0.0,1.0
-0.08551235007034085,-1.0372390078178362,0.8028009336886557,1,1,1,-0.36200555845830307,4,0.0,1.0,0.0,1.0
-0.5736523995370473,0.34304092050780505,-1.2251371051984103,2,0,0,1.2756046273438673,0,1.0,0.0,0.0,0.0
-0.8665364292170712,0.34304092050780505,-1.2251371051984103,1,1,1,0.22673371333321496,2,0.0,0.0,1.0,0.0
1.0860237686497547,-1.0372390078178362,0.41149498200188567,2,1,0,-0.18371710504366945,0,0.0,1.0,0.0,0.0
0.012115659823000443,-0.34709904365501554,-1.2251371051984103,2,1,0,1.2414337904212498,3,1.0,0.0,0.0,1.0
-0.18314035996368214,0.6881109025892154,-0.21743730249359486,2,0,1,-1.0678599712535213,2,0.0,1.0,0.0,0.0
-0.476024389643706,0.6881109025892154,0.5572604918287178,2,1,0,0.8385345324463868,3,0.0,1.0,0.0,0.0
2.159931877476509,-1.3823089898992464,-1.2251371051984103,2,1,1,1.5834616661436691,0,1.0,0.0,0.0,1.0
-0.3783963797503647,1.7233208488334462,-1.2251371051984103,2,1,1,-1.3089659077634759,1,1.0,0.0,0.0,0.0
-0.18314035996368214,-1.0372390078178362,0.5757161851752399,2,0,0,-0.9214020914927031,0,1.0,0.0,0.0,1.0
0.7931397389697308,0.6881109025892154,-1.2251371051984103,1,1,0,-1.1660641909932854,3,1.0,0.0,0.0,0.0
-0.8665364292170712,1.0331808846706256,0.6794988970477451,2,1,1,0.6530046278760886,3,0.0,1.0,0.0,0.0
-0.7689084193237299,-0.6921690257364259,0.9185162555748898,1,1,1,1.1452040372971775,2,1.0,0.0,0.0,0.0
0.003935819113316791,-1.3823089898992464,-1.2251371051984103,2,1,0,0.38285109586480737,3,1.0,0.0,0.0,1.0
-1.2570484687904364,1.378250866752036,-0.005378928084580177,1,1,0,1.1691795541821672,1,0.0,0.0,1.0,1.0
0.20737167960968303,0.34304092050780505,0.36236455528982087,2,1,0,-0.6608903118912941,4,0.0,0.0,1.0,1.0
-2.038072547937167,-1.3823089898992464,0.3573389088226794,1,1,1,-1.57983658915985,3,1.0,0.0,0.0,0.0
0.7931397389697308,0.6881109025892154,0.8637020334505647,1,1,0,-0.1298854811205558,1,0.0,1.0,0.0,1.0
0.7931397389697308,1.378250866752036,1.2126704300200293,1,0,1,-1.4393062858016137,4,1.0,0.0,0.0,1.0
-0.08551235007034085,-1.7273789719806567,0.459384318702197,1,0,1,1.3826821132803098,2,1.0,0.0,0.0,1.0
0.8907677488630721,1.0331808846706256,-1.2251371051984103,2,1,0,1.4418826993070122,3,0.0,0.0,1.0,0.0
3.429096006089946,0.34304092050780505,0.8377644363289564,1,1,1,-0.9072677575430199,4,0.0,0.0,1.0,0.0
0.3049996895030243,1.0331808846706256,0.42097021459033124,1,0,1,0.058907183416039496,2,1.0,0.0,0.0,1.0
2.3551878972631917,-1.3823089898992464,0.6105065496782643,1,0,1,-1.3203585070462964,0,1.0,0.0,0.0,0.0
-1.8428165281504842,-1.7273789719806567,0.6527586558442704,1,0,0,0.22933066074251943,1,0.0,1.0,0.0,0.0
0.003935819113316791,-0.002029061573605259,1.1219850901771837,1,1,0,0.031329909476142725,2,0.0,0.0,1.0,1.0
-1.6475605083638016,1.0331808846706256,-1.2251371051984103,2,0,0,0.7300674716883068,3,0.0,0.0,1.0,1.0
-1.5499324984704603,0.6881109025892154,1.2731042808347595,1,1,0,-0.47663042824126023,4,1.0,0.0,0.0,0.0
-0.6712804094303886,1.378250866752036,-1.2251371051984103,2,1,1,-1.4174987492707831,4,0.0,0.0,1.0,0.0
0.8907677488630721,1.378250866752036,0.6017608335111164,1,0,0,1.2685185788576734,3,0.0,1.0,0.0,1.0
0.5002557092897069,-0.34709904365501554,-1.2251371051984103,2,0,1,0.0234745046610248,1,0.0,0.0,1.0,0.0
0.012115659823000443,1.0331808846706256,-1.2251371051984103,2,1,1,0.013736865497649662,2,1.0,0.0,0.0,0.0
-1.159420458897095,1.0331808846706256,0.9159918311260213,2,1,0,-1.6380490717629763,2,0.0,0.0,1.0,0.0
0.4026276993963656,1.0331808846706256,1.8188211280052757,1,1,0,-0.04997057196684519,2,1.0,0.0,0.0,1.0
3.429096006089946,-1.7273789719806567,0.7154873070533481,1,1,1,1.0435955767733338,2,1.0,0.0,0.0,0.0
