Age,Tenure,Balance,NumOfProducts,HasCrCard,IsActiveMember,EstimatedSalary,CreditScore_binned,Geography_France,Geography_Germany,Geography_Spain,Gender_Male
22.0,6,139129.92,1,1,1,63747.51,2,0.0,1.0,0.0,0.0
39.0,2,0.0,2,1,0,40721.24,2,0.0,0.0,1.0,0.0
26.0,8,113674.2,1,1,0,197861.16,1,0.0,1.0,0.0,0.0
35.0,9,0.0,1,0,1,25448.31,4,1.0,0.0,0.0,0.0
34.0,9,0.0,1,1,0,60584.33,4,1.0,0.0,0.0,1.0
29.0,5,0.0,2,1,0,108577.97,3,1.0,0.0,0.0,1.0
31.0,3,0.0,2,0,0,89040.61,1,1.0,0.0,0.0,1.0
29.0,10,147737.63,1,0,1,94951.27,4,1.0,0.0,0.0,1.0
38.91621420206537,1,0.0,1,0,1,168486.02,0,1.0,0.0,0.0,1.0
31.0,6,0.0,2,1,1,67667.19,3,0.0,0.0,1.0,1.0
36.0,6,96643.32,1,0,0,182059.28,2,0.0,1.0,0.0,1.0
38.91621420206537,5,0.0,2,1,1,9376.89,3,0.0,0.0,1.0,0.0
25.0,5,123616.43,1,0,1,132959.33,4,0.0,1.0,0.0,0.0
50.0,9,94748.76,2,0,1,13608.18,0,1.0,0.0,0.0,1.0
55.0,9,0.0,2,1,1,94450.97,1,1.0,0.0,0.0,1.0
33.0,2,161814.64,2,1,0,169381.9,3,0.0,1.0,0.0,1.0
39.0,6,0.0,2,1,0,44265.28,4,1.0,0.0,0.0,1.0
56.0,7,0.0,1,1,1,142400.27,1,1.0,0.0,0.0,1.0
45.0,10,0.0,2,0,0,172175.9,0,1.0,0.0,0.0,1.0
41.0,10,0.0,1,1,1,144272.71,3,1.0,0.0,0.0,0.0
42.0,2,132193.94,2,1,1,162865.52,4,0.0,1.0,0.0,1.0
30.0,10,57657.49,1,0,0,79240.9,3,1.0,0.0,0.0,1.0
38.91621420206537,4,93059.34,1,1,0,7571.51,3,0.0,1.0,0.0,0.0
37.0,4,116121.84,2,0,1,181850.74,2,1.0,0.0,0.0,0.0
33.0,6,0.0,2,1,0,184954.11,0,1.0,0.0,0.0,1.0
23.0,3,146584.19,2,0,0,125445.8,4,0.0,0.0,1.0,0.0
34.0,5,128270.56,1,1,0,191092.62,3,1.0,0.0,0.0,1.0
29.0,6,0.0,2,1,1,190776.83,3,1.0,0.0,0.0,0.0
39.0,3,126935.98,2,0,1,57995.74,2,0.0,1.0,0.0,0.0
36.0,7,116338.68,1,1,1,155743.48,1,0.0,0.0,1.0,0.0
39.0,9,161993.89,1,0,0,90212.38,3,0.0,0.0,1.0,0.0
41.0,10,134318.21,2,1,1,198064.52,3,0.0,1.0,0.0,1.0
42.0,6,138650.49,2,1,0,64746.07,4,0.0,1.0,0.0,0.0
43.0,6,127146.68,1,0,0,137565.87,0,0.0,1.0,0.0,1.0
35.0,8,153137.74,1,1,0,88659.07,1,0.0,0.0,1.0,1.0
46.0,2,0.0,2,1,0,137136.46,1,1.0,0.0,0.0,1.0
28.0,2,116623.31,1,0,1,59905.29,1,0.0,1.0,0.0,1.0
35.0,4,136496.12,2,1,0,116672.02,3,0.0,1.0,0.0,1.0
34.0,6,0.0,2,1,1,175310.38,3,1.0,0.0,0.0,0.0
28.0,4,0.0,2,1,1,176750.81,2,0.0,0.0,1.0,1.0
54.0,1,144027.8,1,1,1,108731.02,3,0.0,1.0,0.0,0.0
24.0,3,0.0,2,1,1,102195.16,3,0.0,0.0,1.0,0.0
33.0,5,138664.24,1,1,0,29076.27,2,0.0,1.0,0.0,1.0
33.0,7,187257.94,1,0,1,190430.81,3,0.0,1.0,0.0,0.0
48.0,4,0.0,1,0,0,18094.96,1,1.0,0.0,0.0,0.0
35.0,3,0.0,1,1,1,48108.72,1,1.0,0.0,0.0,0.0
70.0,9,87542.89,2,1,1,42576.86,4,1.0,0.0,0.0,0.0
38.91621420206537,2,154007.21,1,1,0,158408.23,3,0.0,1.0,0.0,1.0
43.0,4,95140.44,2,1,0,123181.44,0,0.0,0.0,1.0,0.0
29.0,5,197200.04,2,1,0,141453.62,2,0.0,0.0,1.0,1.0
40.0,6,0.0,1,1,1,47886.44,3,1.0,0.0,0.0,1.0
47.0,6,127299.34,2,1,0,124694.99,4,0.0,0.0,1.0,0.0
67.0,1,0.0,2,1,1,177783.04,3,0.0,0.0,1.0,0.0
44.0,8,106022.73,2,0,0,148727.42,2,0.0,1.0,0.0,0.0
35.0,10,0.0,2,1,0,180439.75,1,1.0,0.0,0.0,0.0
29.0,7,0.0,1,1,1,130224.73,2,1.0,0.0,0.0,1.0
37.0,2,0.0,2,1,1,99692.65,3,1.0,0.0,0.0,1.0
33.0,7,123870.07,1,1,0,97794.71,3,0.0,0.0,1.0,0.0
19.0,2,0.0,2,1,1,91036.74,1,1.0,0.0,0.0,1.0
35.0,8,114212.6,1,1,1,74322.85,1,1.0,0.0,0.0,1.0
37.0,4,0.0,2,1,0,143393.24,2,1.0,0.0,0.0,0.0
37.0,2,0.0,1,0,1,8065.0,4,1.0,0.0,0.0,1.0
74.0,3,108071.36,2,1,1,16445.79,3,0.0,1.0,0.0,0.0
43.0,6,99610.92,2,1,0,187296.78,2,1.0,0.0,0.0,1.0
41.0,4,133432.59,1,0,1,151303.48,2,0.0,1.0,0.0,0.0
31.0,7,138008.06,2,1,0,129912.74,2,0.0,1.0,0.0,1.0
22.0,3,66483.32,1,0,1,110317.39,0,0.0,0.0,1.0,1.0
38.91621420206537,6,123157.95,1,1,0,172531.23,3,1.0,0.0,0.0,0.0
54.0,7,111729.47,2,0,1,84920.49,4,1.0,0.0,0.0,1.0
35.0,0,130557.24,1,1,1,47880.71,1,1.0,0.0,0.0,0.0
34.0,8,136729.51,2,0,0,47058.21,4,0.0,1.0,0.0,0.0
38.91621420206537,3,96709.07,2,0,0,41788.37,1,0.0,1.0,0.0,1.0
57.0,3,238387.56,1,0,1,147964.99,1,1.0,0.0,0.0,0.0
27.0,9,112045.67,1,1,1,119708.21,4,0.0,1.0,0.0,0.0
39.0,3,0.0,3,1,0,140469.38,1,0.0,0.0,1.0,0.0
38.91621420206537,0,115465.98,1,1,1,60622.61,3,1.0,0.0,0.0,0.0
40.0,1,139532.34,1,1,0,181294.39,1,1.0,0.0,0.0,0.0
52.0,3,0.0,1,1,0,175843.68,3,1.0,0.0,0.0,1.0
42.0,1,129776.72,2,0,1,143538.51,4,1.0,0.0,0.0,1.0
33.0,8,0.0,2,1,0,114182.07,1,0.0,0.0,1.0,0.0
39.0,4,133707.09,1,1,1,108152.75,1,1.0,0.0,0.0,1.0
42.0,1,82228.67,2,1,0,71359.78,2,1.0,0.0,0.0,0.0
25.0,9,0.0,2,0,1,88728.47,4,1.0,0.0,0.0,1.0
33.0,3,124832.51,1,1,0,195877.06,2,0.0,0.0,1.0,0.0
35.0,0,171982.95,2,0,1,167313.07,3,0.0,1.0,0.0,0.0
40.0,1,99282.63,1,0,0,134600.94,1,0.0,1.0,0.0,1.0
40.0,5,125725.02,2,1,1,50783.1,3,0.0,1.0,0.0,1.0
57.0,1,162082.31,4,0,0,27145.73,3,0.0,1.0,0.0,0.0
38.91621420206537,9,0.0,1,1,1,15928.49,0,1.0,0.0,0.0,0.0
22.0,5,130056.23,1,0,0,121894.31,3,1.0,0.0,0.0,1.0
38.91621420206537,9,96951.21,1,1,1,71776.76,4,1.0,0.0,0.0,1.0
28.0,8,0.0,2,1,0,77231.27,4,1.0,0.0,0.0,1.0
32.0,9,178095.55,1,0,0,47247.56,4,0.0,0.0,1.0,0.0
41.0,6,0.0,1,1,1,143585.29,0,1.0,0.0,0.0,0.0
34.0,10,122196.99,2,1,1,182099.71,2,0.0,1.0,0.0,0.0
74.0,3,0.0,2,1,1,161326.73,0,0.0,0.0,1.0,0.0
33.0,7,0.0,2,1,1,3729.89,1,0.0,0.0,1.0,0.0
42.0,8,129735.3,2,1,1,179565.57,3,1.0,0.0,0.0,1.0
38.0,4,0.0,2,1,1,196517.43,1,0.0,0.0,1.0,1.0
30.0,9,105443.68,1,1,1,121124.53,1,1.0,0.0,0.0,1.0
65.0,7,134714.7,2,0,1,190419.81,3,0.0,0.0,1.0,1.0
64.0,3,153469.26,3,0,0,146573.66,3,0.0,1.0,0.0,0.0
27.0,4,0.0,1,0,1,107955.67,2,0.0,0.0,1.0,1.0
31.0,0,116234.61,1,1,0,172096.08,2,1.0,0.0,0.0,1.0
21.0,2,87096.82,2,1,0,168186.11,1,0.0,1.0,0.0,0.0
41.0,6,106116.56,2,1,0,198766.61,1,0.0,1.0,0.0,1.0
39.0,7,108055.1,2,1,0,27231.26,0,0.0,1.0,0.0,1.0
46.0,1,68238.51,2,1,1,109572.58,1,0.0,1.0,0.0,0.0
30.0,2,116295.29,1,1,0,75285.47,0,1.0,0.0,0.0,1.0
43.0,1,163159.85,1,0,1,15602.8,2,1.0,0.0,0.0,1.0
35.0,3,99587.43,1,1,1,1713.1,3,1.0,0.0,0.0,0.0
24.0,4,95741.75,1,1,0,46170.75,0,1.0,0.0,0.0,1.0
41.0,10,79857.64,1,1,1,78088.17,4,0.0,1.0,0.0,1.0
73.0,8,137732.23,2,1,1,133210.44,3,1.0,0.0,0.0,0.0
38.91621420206537,9,108546.16,3,1,0,133807.77,1,1.0,0.0,0.0,1.0
51.0,2,0.0,1,0,0,53353.36,2,1.0,0.0,0.0,1.0
40.0,8,167181.01,1,1,1,185156.94,2,1.0,0.0,0.0,0.0
49.0,2,116933.11,1,1,0,195053.58,3,0.0,1.0,0.0,1.0
51.0,8,100654.8,1,1,0,171587.9,2,1.0,0.0,0.0,1.0
37.0,9,0.0,2,0,0,22710.72,4,1.0,0.0,0.0,0.0
38.91621420206537,3,137583.04,1,0,1,5791.85,0,1.0,0.0,0.0,1.0
35.0,1,151958.19,3,1,1,131238.37,4,0.0,1.0,0.0,0.0
46.0,9,0.0,2,1,0,170676.67,1,1.0,0.0,0.0,1.0
38.0,3,98205.77,1,1,0,176318.27,1,0.0,1.0,0.0,1.0
32.0,6,0.0,2,1,1,137898.57,2,1.0,0.0,0.0,1.0
29.0,4,0.0,2,1,1,100919.19,0,1.0,0.0,0.0,0.0
34.0,9,0.0,2,0,0,6534.18,0,1.0,0.0,0.0,1.0
44.0,3,138076.47,1,1,0,15523.09,4,0.0,1.0,0.0,1.0
28.0,8,0.0,2,1,0,126561.07,2,0.0,0.0,1.0,1.0
29.0,5,108541.04,1,1,1,126469.09,1,1.0,0.0,0.0,0.0
38.0,9,115442.19,2,1,0,128481.5,1,0.0,1.0,0.0,1.0
69.0,3,78833.15,2,1,1,37196.15,2,0.0,1.0,0.0,0.0
59.0,9,126224.87,1,1,1,4423.63,4,0.0,0.0,1.0,0.0
48.0,1,0.0,2,1,1,87400.53,3,1.0,0.0,0.0,0.0
41.0,9,149155.53,2,1,0,42131.26,3,0.0,1.0,0.0,0.0
48.0,1,108019.27,3,1,1,184524.65,1,1.0,0.0,0.0,1.0
41.0,8,127205.32,4,1,0,93874.87,2,0.0,1.0,0.0,1.0
34.0,9,0.0,1,1,1,93208.22,0,0.0,0.0,1.0,1.0
38.0,5,0.0,2,1,1,81452.29,3,1.0,0.0,0.0,1.0
30.0,5,156771.68,1,1,1,141148.21,0,0.0,1.0,0.0,0.0
37.0,8,151226.18,2,1,1,136129.49,4,1.0,0.0,0.0,1.0
45.0,3,0.0,1,1,1,184474.15,1,1.0,0.0,0.0,0.0
37.0,3,0.0,2,0,0,182156.81,4,1.0,0.0,0.0,0.0
33.0,4,131023.76,2,0,0,55072.93,0,0.0,1.0,0.0,1.0
39.0,5,166733.92,2,1,0,14279.44,4,0.0,0.0,1.0,0.0
38.91621420206537,8,116755.5,2,1,1,158585.17,0,1.0,0.0,0.0,0.0
57.0,5,0.0,3,0,0,38941.44,4,0.0,0.0,1.0,0.0
45.0,2,168085.38,2,0,1,115719.08,0,0.0,1.0,0.0,0.0
44.0,7,163867.86,1,1,1,112333.22,1,0.0,1.0,0.0,1.0
32.0,8,0.0,1,1,1,80410.68,2,1.0,0.0,0.0,1.0
38.91621420206537,9,135422.31,1,0,1,186418.85,1,1.0,0.0,0.0,0.0
37.0,4,0.0,2,1,1,164844.37,0,0.0,0.0,1.0,1.0
52.0,8,93590.47,1,0,1,21228.71,0,1.0,0.0,0.0,1.0
41.0,2,124227.14,1,1,1,111184.67,0,0.0,1.0,0.0,1.0
41.0,7,190238.93,1,1,1,57549.65,4,1.0,0.0,0.0,0.0
38.0,10,0.0,2,1,0,189727.12,3,0.0,0.0,1.0,0.0
27.0,2,130274.26,2,1,0,147533.09,1,0.0,1.0,0.0,1.0
40.0,6,0.0,2,1,1,139356.3,2,1.0,0.0,0.0,0.0
39.0,1,142876.98,2,1,0,44363.42,0,0.0,0.0,1.0,0.0
31.0,1,160566.11,2,0,0,27073.81,2,1.0,0.0,0.0,0.0
26.0,7,123709.46,2,1,1,169654.57,4,0.0,0.0,1.0,0.0
32.0,7,106957.28,1,1,1,134794.02,1,0.0,0.0,1.0,1.0
52.0,4,0.0,1,1,0,90964.54,2,1.0,0.0,0.0,0.0
53.0,1,113537.73,1,0,1,28367.21,3,1.0,0.0,0.0,0.0
38.0,1,0.0,2,1,1,99661.46,3,1.0,0.0,0.0,0.0
32.0,9,100606.02,1,1,0,165693.06,3,1.0,0.0,0.0,1.0
39.0,3,72647.64,1,1,0,41777.9,1,1.0,0.0,0.0,1.0
38.0,4,119624.54,2,1,1,110472.12,2,1.0,0.0,0.0,0.0
47.0,1,0.0,2,1,0,148989.15,3,1.0,0.0,0.0,1.0
37.0,2,90432.92,1,1,1,188366.04,0,0.0,1.0,0.0,1.0
33.0,3,155736.42,2,1,1,57751.21,1,0.0,1.0,0.0,1.0
37.0,1,0.0,1,1,1,126837.72,4,1.0,0.0,0.0,1.0
45.0,2,122311.21,1,1,1,19482.5,4,0.0,0.0,1.0,0.0
54.0,4,125456.07,1,1,0,83715.66,0,0.0,1.0,0.0,0.0
31.0,8,122021.92,2,1,0,33828.64,3,0.0,1.0,0.0,0.0
32.0,10,92041.87,1,1,1,43595.9,2,0.0,1.0,0.0,0.0
47.0,6,0.0,1,1,0,50695.93,2,1.0,0.0,0.0,1.0
35.0,9,112727.06,2,1,0,183752.91,0,1.0,0.0,0.0,0.0
42.0,7,139070.51,1,1,1,86945.0,0,0.0,0.0,1.0,1.0
46.0,10,0.0,2,1,1,129508.96,2,0.0,0.0,1.0,0.0
26.0,4,149879.66,1,0,0,50016.17,0,1.0,0.0,0.0,1.0
28.0,2,115062.61,1,1,0,179056.23,0,1.0,0.0,0.0,1.0
77.0,3,27517.15,2,0,1,2746.41,4,0.0,1.0,0.0,1.0
21.0,6,97956.5,1,1,1,164966.27,3,0.0,1.0,0.0,0.0
45.0,6,142084.04,4,1,0,188305.85,3,0.0,1.0,0.0,1.0
45.0,9,0.0,2,1,1,96862.56,2,1.0,0.0,0.0,1.0
32.0,1,106301.85,2,0,1,59061.25,1,0.0,1.0,0.0,0.0
24.0,1,0.0,1,1,1,169653.32,0,1.0,0.0,0.0,1.0
27.0,8,0.0,1,1,0,20066.38,1,1.0,0.0,0.0,0.0
35.0,6,110046.93,2,1,0,26318.73,0,0.0,0.0,1.0,1.0
37.0,9,112712.17,1,1,0,116097.26,4,0.0,0.0,1.0,0.0
30.0,7,0.0,2,1,1,156346.84,1,1.0,0.0,0.0,1.0
34.0,4,0.0,2,1,0,140286.69,0,0.0,0.0,1.0,0.0
36.0,1,155176.83,2,1,1,49653.37,3,1.0,0.0,0.0,1.0
22.0,5,89492.62,1,0,0,42934.43,0,1.0,0.0,0.0,0.0
46.0,7,68799.72,1,1,1,39704.14,3,0.0,0.0,1.0,1.0
49.0,4,160133.88,1,0,1,88391.97,2,0.0,1.0,0.0,1.0
28.0,3,109118.05,2,0,1,50911.41,4,1.0,0.0,0.0,0.0
38.91621420206537,3,35016.6,1,1,0,53667.08,3,0.0,1.0,0.0,1.0
44.0,2,121250.04,1,0,1,79691.4,0,0.0,0.0,1.0,1.0
41.0,6,0.0,2,0,1,134158.09,3,1.0,0.0,0.0,1.0
41.0,2,152102.18,2,1,0,181879.56,0,0.0,1.0,0.0,1.0
41.0,5,0.0,2,1,1,22750.17,4,1.0,0.0,0.0,1.0
40.0,5,0.0,2,0,0,100727.68,1,1.0,0.0,0.0,1.0
44.0,2,0.0,2,1,1,26733.86,3,1.0,0.0,0.0,0.0
28.0,5,0.0,2,0,1,86699.98,4,0.0,0.0,1.0,0.0
33.0,8,122528.18,1,1,0,196260.3,2,0.0,0.0,1.0,0.0
34.0,4,0.0,2,1,0,12833.96,0,1.0,0.0,0.0,0.0
46.0,7,137933.39,1,1,1,67976.57,3,0.0,0.0,1.0,0.0
34.0,7,0.0,1,0,0,74593.84,0,1.0,0.0,0.0,1.0
38.0,10,83727.68,1,1,0,45418.12,2,0.0,1.0,0.0,0.0
44.0,2,58781.76,1,1,0,16874.92,3,1.0,0.0,0.0,0.0
36.0,8,166287.85,1,1,1,23305.85,1,0.0,1.0,0.0,0.0
27.0,7,0.0,2,1,0,144134.64,4,1.0,0.0,0.0,0.0
58.0,4,0.0,2,1,1,191419.32,0,0.0,0.0,1.0,1.0
46.0,3,65269.23,1,0,1,189988.65,1,0.0,0.0,1.0,1.0
22.0,9,0.0,2,1,0,157072.91,1,1.0,0.0,0.0,1.0
37.0,1,135650.88,1,1,0,199428.19,1,0.0,1.0,0.0,1.0
31.0,4,0.0,2,1,1,89087.4,0,1.0,0.0,0.0,0.0
28.0,3,0.0,2,1,0,53394.12,1,1.0,0.0,0.0,0.0
40.0,0,152092.44,2,1,1,83508.93,1,0.0,1.0,0.0,1.0
35.0,7,110053.62,2,1,1,92887.06,0,0.0,1.0,0.0,1.0
42.0,0,77992.97,2,1,1,97906.38,4,0.0,1.0,0.0,1.0
43.0,4,80442.06,2,0,1,12537.42,0,0.0,1.0,0.0,1.0
28.0,6,0.0,2,1,0,14665.28,1,0.0,0.0,1.0,1.0
54.0,8,133436.52,1,1,0,56787.8,2,1.0,0.0,0.0,1.0
47.0,3,0.0,2,1,0,150802.41,3,0.0,0.0,1.0,0.0
36.0,4,143680.47,2,1,1,63531.19,0,0.0,0.0,1.0,0.0
36.0,2,113877.23,2,1,0,174921.91,0,0.0,1.0,0.0,1.0
52.0,7,0.0,1,0,1,73585.18,1,0.0,0.0,1.0,1.0
32.0,4,109421.13,2,1,1,126517.46,4,0.0,1.0,0.0,0.0
31.0,7,145056.59,1,1,1,175893.53,0,1.0,0.0,0.0,1.0
38.0,2,62276.99,1,1,1,59280.79,3,0.0,0.0,1.0,1.0
52.0,4,111284.53,1,0,1,32936.44,2,0.0,0.0,1.0,1.0
38.0,8,0.0,1,1,0,47848.56,1,1.0,0.0,0.0,1.0
38.91621420206537,4,0.0,1,1,1,100075.1,0,1.0,0.0,0.0,1.0
26.0,8,42712.87,2,1,1,28861.69,4,0.0,1.0,0.0,0.0
41.0,10,96032.22,1,1,1,75825.57,4,0.0,0.0,1.0,1.0
32.0,1,0.0,2,1,0,1703.58,3,1.0,0.0,0.0,0.0
48.0,7,138232.24,1,1,0,57594.78,2,0.0,1.0,0.0,0.0
35.0,2,137852.96,1,1,1,172269.21,2,0.0,1.0,0.0,0.0
40.0,7,0.0,2,0,0,146156.98,1,1.0,0.0,0.0,1.0
42.0,1,177728.55,1,1,0,105013.63,0,0.0,1.0,0.0,1.0
37.0,3,0.0,2,1,1,78915.68,0,0.0,0.0,1.0,1.0
34.0,6,138190.13,2,0,1,146511.2,4,0.0,0.0,1.0,0.0
35.0,0,0.0,2,0,0,76637.38,2,0.0,0.0,1.0,0.0
40.0,4,0.0,1,1,0,85455.62,0,1.0,0.0,0.0,1.0
33.0,1,132527.9,2,0,1,107429.71,0,0.0,1.0,0.0,1.0
26.0,9,128793.63,1,1,0,19262.05,3,0.0,1.0,0.0,1.0
29.0,1,0.0,1,1,1,83056.22,3,0.0,0.0,1.0,0.0
31.0,2,151290.16,1,1,1,172437.12,4,1.0,0.0,0.0,0.0
46.0,10,131414.76,1,1,0,54947.51,0,0.0,0.0,1.0,0.0
41.0,1,0.0,2,0,1,131300.68,2,1.0,0.0,0.0,0.0
27.0,2,0.0,2,1,1,153698.65,0,0.0,0.0,1.0,1.0
25.0,7,144351.86,1,1,0,116613.26,4,0.0,1.0,0.0,0.0
20.0,10,124266.86,1,0,0,100566.81,2,1.0,0.0,0.0,0.0
35.0,1,86893.28,1,0,0,59374.82,0,1.0,0.0,0.0,1.0
49.0,8,0.0,1,0,0,25867.67,4,0.0,0.0,1.0,1.0
39.0,5,0.0,2,1,1,17603.81,0,1.0,0.0,0.0,0.0
36.0,7,144852.06,1,0,0,130861.95,4,1.0,0.0,0.0,1.0
26.0,4,0.0,2,1,0,147600.54,1,1.0,0.0,0.0,1.0
42.0,8,0.0,2,1,1,105305.72,3,1.0,0.0,0.0,0.0
52.0,8,143542.36,3,1,0,141959.11,0,0.0,0.0,1.0,0.0
38.91621420206537,5,76001.57,1,1,1,158668.87,0,0.0,0.0,1.0,0.0
47.0,0,0.0,1,1,1,5557.88,4,0.0,0.0,1.0,1.0
39.0,5,114491.82,1,1,0,99689.48,4,0.0,1.0,0.0,0.0
31.0,4,77743.01,2,1,0,75335.68,1,0.0,1.0,0.0,1.0
44.0,4,0.0,2,0,0,134394.78,1,1.0,0.0,0.0,0.0
75.0,3,0.0,2,1,1,1276.87,2,1.0,0.0,0.0,0.0
29.0,8,0.0,2,0,0,147342.03,4,1.0,0.0,0.0,0.0
35.0,7,0.0,2,0,1,193022.44,2,1.0,0.0,0.0,0.0
41.0,7,0.0,2,1,1,3756.65,0,1.0,0.0,0.0,0.0
28.0,9,111167.7,1,1,0,149331.01,4,1.0,0.0,0.0,1.0
38.0,1,0.0,2,1,1,80006.65,4,1.0,0.0,0.0,1.0
38.0,1,87202.38,1,1,1,77866.91,2,0.0,0.0,1.0,1.0
30.0,5,115286.68,2,1,1,149587.92,2,0.0,1.0,0.0,1.0
27.0,4,115084.53,2,0,1,26907.43,1,0.0,1.0,0.0,1.0
29.0,3,82344.84,1,0,1,115985.38,4,1.0,0.0,0.0,0.0
33.0,8,111379.55,1,1,1,45098.62,3,0.0,0.0,1.0,0.0
30.0,6,143138.91,2,1,0,2955.46,2,0.0,1.0,0.0,1.0
23.0,5,164902.43,1,0,0,141152.28,3,0.0,0.0,1.0,1.0
32.0,1,149814.54,1,1,0,31830.06,1,0.0,1.0,0.0,1.0
31.0,2,147674.26,1,1,1,16658.76,0,1.0,0.0,0.0,0.0
24.0,2,109483.54,2,0,1,127560.77,1,0.0,1.0,0.0,0.0
37.0,5,151242.48,1,0,1,49637.65,2,0.0,1.0,0.0,0.0
37.0,10,150525.8,1,1,1,94728.49,3,1.0,0.0,0.0,1.0
39.0,7,165610.41,2,0,0,131852.01,1,0.0,1.0,0.0,0.0
35.0,7,128369.75,2,1,0,198256.15,0,0.0,1.0,0.0,0.0
27.0,3,0.0,2,0,0,159800.16,0,1.0,0.0,0.0,0.0
28.0,3,96381.68,2,1,0,181419.29,1,0.0,0.0,1.0,0.0
26.0,1,0.0,2,1,1,199638.56,0,1.0,0.0,0.0,0.0
40.0,6,114940.67,2,1,1,194895.57,4,0.0,1.0,0.0,0.0
28.0,6,165798.1,1,1,0,147090.9,2,1.0,0.0,0.0,1.0
33.0,8,115130.34,1,0,0,129525.5,4,0.0,1.0,0.0,1.0
44.0,0,131873.07,2,1,1,158036.72,0,0.0,1.0,0.0,0.0
35.0,6,96423.84,1,1,0,10488.44,0,1.0,0.0,0.0,1.0
35.0,0,155470.55,1,1,1,53718.28,3,1.0,0.0,0.0,0.0
34.0,6,0.0,2,0,0,36536.93,0,1.0,0.0,0.0,0.0
34.0,8,122359.5,1,0,0,116495.55,0,1.0,0.0,0.0,1.0
36.0,5,0.0,2,1,0,164253.35,0,1.0,0.0,0.0,1.0
40.0,10,0.0,2,1,1,194792.42,2,0.0,0.0,1.0,1.0
49.0,9,115488.52,2,1,1,138656.81,1,0.0,1.0,0.0,0.0
32.0,9,0.0,1,1,1,87566.97,4,1.0,0.0,0.0,1.0
39.0,7,0.0,2,1,0,2401.26,1,1.0,0.0,0.0,0.0
43.0,1,0.0,1,0,1,86634.3,0,1.0,0.0,0.0,0.0
43.0,5,0.0,2,1,0,109881.71,4,1.0,0.0,0.0,0.0
39.0,8,128264.03,1,1,0,61792.76,2,0.0,1.0,0.0,0.0
36.0,0,0.0,1,1,1,179540.73,0,0.0,0.0,1.0,1.0
32.0,8,0.0,2,1,0,16725.53,4,0.0,0.0,1.0,0.0
38.91621420206537,9,0.0,4,1,1,176353.87,2,1.0,0.0,0.0,0.0
41.0,7,113980.21,1,1,1,116704.25,3,1.0,0.0,0.0,1.0
70.0,1,0.0,2,0,0,99503.19,0,0.0,0.0,1.0,1.0
38.0,5,118590.41,1,1,1,5684.17,3,1.0,0.0,0.0,0.0
27.0,7,149400.27,1,0,0,167522.19,0,0.0,0.0,1.0,1.0
38.0,10,0.0,2,0,1,113597.64,1,1.0,0.0,0.0,0.0
25.0,4,0.0,2,1,1,73873.65,4,0.0,0.0,1.0,1.0
38.91621420206537,3,96814.46,2,1,1,120511.03,4,0.0,1.0,0.0,1.0
47.0,8,62094.71,3,0,0,9308.1,1,1.0,0.0,0.0,0.0
30.0,2,145127.85,1,0,0,7554.68,4,0.0,0.0,1.0,1.0
42.0,4,80380.24,1,1,0,119216.46,0,0.0,1.0,0.0,0.0
38.91621420206537,1,114959.12,1,1,0,189362.39,4,1.0,0.0,0.0,0.0
49.0,4,0.0,2,0,1,89972.25,3,1.0,0.0,0.0,0.0
29.0,8,127269.75,1,0,1,79495.01,3,0.0,1.0,0.0,1.0
38.91621420206537,1,117691.0,1,1,1,23135.65,3,0.0,1.0,0.0,1.0
37.0,9,212314.03,1,0,1,148814.54,0,1.0,0.0,0.0,1.0
52.0,5,116497.31,3,0,0,53793.1,0,0.0,1.0,0.0,1.0
35.0,9,0.0,2,0,0,170996.86,3,0.0,0.0,1.0,0.0
36.0,9,137688.71,1,1,1,46884.1,3,1.0,0.0,0.0,1.0
40.0,7,147754.68,1,1,1,110454.46,1,1.0,0.0,0.0,1.0
27.0,10,107303.72,2,0,0,44435.76,2,1.0,0.0,0.0,1.0
43.0,6,86053.52,2,1,1,113276.46,1,0.0,0.0,1.0,0.0
33.0,7,127837.54,1,0,1,60013.17,0,1.0,0.0,0.0,0.0
32.0,9,0.0,2,1,0,175252.78,4,1.0,0.0,0.0,1.0
40.0,4,0.0,2,1,0,25399.7,0,0.0,0.0,1.0,1.0
29.0,3,130830.22,1,1,0,61048.53,1,0.0,1.0,0.0,0.0
37.0,10,121532.17,2,1,1,73464.88,4,0.0,1.0,0.0,0.0
33.0,3,96926.12,2,1,0,48553.77,1,0.0,1.0,0.0,1.0
37.0,7,143258.85,2,1,0,192721.98,2,0.0,1.0,0.0,0.0
26.0,8,0.0,2,0,0,196875.87,2,1.0,0.0,0.0,1.0
33.0,4,113743.37,1,1,0,124625.08,1,1.0,0.0,0.0,0.0
55.0,6,0.0,1,0,1,73562.05,0,0.0,0.0,1.0,1.0
45.0,2,106376.85,1,0,1,158264.62,2,1.0,0.0,0.0,1.0
48.0,8,128140.17,1,1,0,175753.55,0,0.0,1.0,0.0,1.0
31.0,3,108914.17,1,1,1,183572.39,0,0.0,1.0,0.0,0.0
38.91621420206537,4,0.0,2,1,1,77550.18,1,0.0,0.0,1.0,1.0
38.0,3,145874.35,1,1,0,56311.39,0,0.0,0.0,1.0,1.0
38.91621420206537,3,0.0,2,1,1,151978.36,1,1.0,0.0,0.0,0.0
40.0,5,93499.82,2,0,0,123218.81,4,0.0,0.0,1.0,0.0
38.91621420206537,6,0.0,2,1,1,170008.74,4,0.0,0.0,1.0,0.0
33.0,2,0.0,2,1,0,2010.98,2,1.0,0.0,0.0,1.0
31.0,9,0.0,2,1,0,112395.98,1,0.0,0.0,1.0,0.0
33.0,0,83036.05,1,0,1,154990.58,4,1.0,0.0,0.0,0.0
38.91621420206537,2,127286.04,2,1,1,166929.43,0,1.0,0.0,0.0,0.0
34.0,0,185734.75,1,1,1,102036.82,3,1.0,0.0,0.0,0.0
42.0,6,88324.31,2,1,0,75248.75,0,0.0,1.0,0.0,0.0
25.0,10,111363.1,2,1,0,197264.35,0,0.0,1.0,0.0,1.0
38.0,5,136712.91,1,0,1,169920.92,4,1.0,0.0,0.0,1.0
69.0,7,71996.09,1,1,1,139065.94,4,1.0,0.0,0.0,1.0
26.0,5,0.0,2,1,0,182612.38,2,1.0,0.0,0.0,0.0
25.0,7,0.0,2,1,0,102083.78,2,1.0,0.0,0.0,1.0
30.0,2,109786.82,2,1,1,139712.81,2,0.0,1.0,0.0,1.0
34.0,5,0.0,2,1,0,185561.89,1,1.0,0.0,0.0,0.0
33.0,4,0.0,1,1,0,79304.38,1,1.0,0.0,0.0,0.0
41.0,7,139706.31,1,1,0,63337.19,4,0.0,1.0,0.0,1.0
30.0,6,122641.56,2,1,0,65618.01,2,0.0,1.0,0.0,1.0
43.0,5,86394.14,1,1,1,130001.13,3,1.0,0.0,0.0,1.0
49.0,1,102286.6,3,1,0,69409.37,0,0.0,1.0,0.0,0.0
54.0,3,134388.11,1,0,0,49954.79,0,0.0,1.0,0.0,1.0
32.0,3,107594.11,2,1,1,102416.84,2,0.0,0.0,1.0,1.0
71.0,0,88084.13,2,1,1,154337.47,4,1.0,0.0,0.0,0.0
64.0,4,116954.32,1,1,1,91149.48,2,0.0,0.0,1.0,0.0
30.0,5,111375.32,2,1,0,2704.09,3,0.0,1.0,0.0,1.0
37.0,6,117271.8,2,1,0,104217.96,2,1.0,0.0,0.0,1.0
78.0,5,121206.96,1,1,1,76016.49,4,1.0,0.0,0.0,0.0
38.0,6,121021.05,1,1,1,12182.15,3,0.0,0.0,1.0,0.0
38.0,1,94456.0,2,0,1,55034.02,3,1.0,0.0,0.0,1.0
32.0,8,137649.47,1,0,0,198714.29,0,1.0,0.0,0.0,0.0
34.0,9,101861.36,2,0,0,187011.96,4,0.0,1.0,0.0,0.0
34.0,9,0.0,2,1,0,117034.32,4,0.0,0.0,1.0,0.0
38.0,0,38848.19,2,0,0,94003.11,3,0.0,1.0,0.0,1.0
37.0,8,0.0,2,1,0,20968.88,2,1.0,0.0,0.0,0.0
48.0,5,87070.23,1,0,1,85646.41,0,0.0,0.0,1.0,1.0
40.0,10,0.0,2,1,0,103832.58,2,0.0,0.0,1.0,1.0
46.0,1,0.0,1,1,1,115779.48,0,1.0,0.0,0.0,0.0
34.0,5,154983.98,1,1,0,27738.01,2,0.0,0.0,1.0,1.0
38.91621420206537,2,116322.27,4,1,0,35640.12,2,0.0,1.0,0.0,0.0
36.0,5,156021.31,1,0,0,122662.98,4,1.0,0.0,0.0,0.0
37.0,3,0.0,2,1,1,50578.4,0,1.0,0.0,0.0,1.0
57.0,4,112044.72,1,1,1,41229.73,0,0.0,1.0,0.0,0.0
34.0,6,114543.27,1,1,1,97755.29,2,1.0,0.0,0.0,1.0
32.0,2,0.0,1,1,0,136458.19,4,1.0,0.0,0.0,0.0
50.0,7,159453.64,2,0,0,54560.79,2,0.0,0.0,1.0,1.0
21.0,8,133974.36,2,1,0,50294.09,3,0.0,1.0,0.0,1.0
77.0,9,0.0,3,1,1,81514.06,2,1.0,0.0,0.0,1.0
38.91621420206537,5,0.0,1,0,1,157003.99,3,0.0,0.0,1.0,0.0
40.0,8,0.0,2,1,1,42495.81,2,1.0,0.0,0.0,1.0
64.0,10,98362.35,2,1,1,21630.21,3,0.0,1.0,0.0,0.0
31.0,8,0.0,2,1,0,188637.05,3,0.0,0.0,1.0,0.0
43.0,0,118994.84,1,1,0,181499.77,3,0.0,1.0,0.0,0.0
28.0,9,0.0,2,1,1,164864.67,4,1.0,0.0,0.0,0.0
41.0,4,0.0,2,1,0,22299.27,3,0.0,0.0,1.0,1.0
38.0,2,126444.08,2,1,1,82662.73,0,0.0,1.0,0.0,1.0
38.91621420206537,2,75339.64,1,1,1,70665.16,0,1.0,0.0,0.0,0.0
36.0,4,97157.96,1,0,1,63185.05,3,1.0,0.0,0.0,0.0
59.0,4,129321.44,1,1,1,93624.55,4,0.0,0.0,1.0,1.0
23.0,1,107787.47,1,0,1,116378.82,2,1.0,0.0,0.0,1.0
27.0,7,43658.33,2,1,1,3025.49,4,1.0,0.0,0.0,0.0
25.0,3,0.0,2,0,1,173948.4,2,1.0,0.0,0.0,1.0
42.0,3,83492.07,2,1,0,37914.12,2,0.0,0.0,1.0,0.0
38.91621420206537,7,77776.39,1,1,0,177737.07,3,0.0,1.0,0.0,1.0
46.0,4,127559.97,2,1,1,126952.5,0,0.0,1.0,0.0,1.0
37.0,5,146093.39,2,0,0,160593.41,1,1.0,0.0,0.0,1.0
31.0,3,94263.91,2,1,0,168895.06,1,1.0,0.0,0.0,1.0
24.0,7,109558.36,1,1,0,183515.13,4,1.0,0.0,0.0,1.0
38.91621420206537,3,92347.96,1,1,1,163116.75,0,1.0,0.0,0.0,1.0
34.0,7,98675.74,1,1,0,138906.85,1,0.0,1.0,0.0,0.0
23.0,4,163549.63,1,0,1,21085.12,2,0.0,1.0,0.0,0.0
62.0,5,112181.08,1,0,1,61513.87,3,0.0,0.0,1.0,1.0
26.0,8,96659.64,2,1,1,138775.69,2,0.0,0.0,1.0,1.0
43.0,8,0.0,1,1,1,93180.09,0,1.0,0.0,0.0,1.0
57.0,1,109679.72,1,0,1,753.37,3,0.0,0.0,1.0,0.0
28.0,5,138668.18,1,1,1,54144.01,3,0.0,0.0,1.0,1.0
35.0,2,172274.01,1,1,0,22374.97,4,1.0,0.0,0.0,1.0
77.0,8,149083.7,1,1,1,190146.83,4,0.0,0.0,1.0,1.0
43.0,9,94752.49,1,1,0,184006.36,2,0.0,1.0,0.0,1.0
40.0,7,0.0,2,0,1,131283.6,1,0.0,0.0,1.0,0.0
39.0,8,0.0,2,1,0,56214.09,3,1.0,0.0,0.0,1.0
43.0,1,106870.12,2,1,0,100564.37,0,0.0,1.0,0.0,0.0
49.0,1,110864.38,2,1,1,124532.9,3,0.0,0.0,1.0,0.0
44.0,10,129608.57,1,1,0,5472.7,0,0.0,1.0,0.0,1.0
46.0,3,131764.96,1,1,1,108500.66,0,0.0,0.0,1.0,1.0
52.0,7,65971.61,2,1,0,14608.0,3,1.0,0.0,0.0,0.0
38.0,0,106831.69,1,0,1,148977.72,4,1.0,0.0,0.0,0.0
35.0,6,0.0,1,1,0,25488.43,3,0.0,0.0,1.0,0.0
39.0,3,157371.54,1,0,1,97734.3,4,1.0,0.0,0.0,0.0
47.0,0,117879.32,1,1,1,8214.46,1,1.0,0.0,0.0,1.0
31.0,4,0.0,2,0,1,25684.85,0,1.0,0.0,0.0,1.0
45.0,1,123086.39,1,1,1,41042.4,0,0.0,1.0,0.0,0.0
38.91621420206537,0,0.0,1,1,0,32589.45,1,1.0,0.0,0.0,1.0
46.0,5,89364.91,1,0,1,139162.15,3,0.0,0.0,1.0,0.0
37.0,4,98459.6,1,0,0,90821.66,3,0.0,1.0,0.0,1.0
40.0,6,61671.19,1,0,1,150659.35,4,0.0,0.0,1.0,0.0
63.0,1,146202.93,1,1,1,126688.83,3,0.0,0.0,1.0,1.0
40.0,4,97990.49,2,0,0,106691.02,4,0.0,1.0,0.0,0.0
29.0,3,0.0,2,1,1,63687.06,3,1.0,0.0,0.0,1.0
30.0,6,0.0,2,0,0,41642.29,2,1.0,0.0,0.0,0.0
30.0,7,0.0,2,1,1,18826.34,3,1.0,0.0,0.0,0.0
34.0,2,101506.66,1,0,0,198030.24,1,0.0,0.0,1.0,1.0
35.0,5,121863.61,1,1,1,23481.69,1,0.0,1.0,0.0,1.0
33.0,1,0.0,2,1,0,85439.73,4,1.0,0.0,0.0,1.0
26.0,6,114450.32,1,1,1,14081.64,1,0.0,1.0,0.0,1.0
36.0,6,169831.46,2,1,1,27758.36,4,0.0,1.0,0.0,0.0
39.0,0,0.0,2,1,1,83295.09,1,1.0,0.0,0.0,0.0
26.0,8,109958.15,1,1,1,136592.24,2,0.0,0.0,1.0,0.0
55.0,4,111362.76,3,1,0,16922.28,0,0.0,1.0,0.0,1.0
45.0,1,187841.99,2,1,1,147224.27,1,1.0,0.0,0.0,0.0
32.0,8,0.0,2,1,1,41399.33,3,0.0,0.0,1.0,1.0
46.0,9,180226.24,1,1,0,13464.64,4,1.0,0.0,0.0,1.0
40.0,3,128398.38,1,1,0,168658.3,3,0.0,0.0,1.0,0.0
56.0,1,0.0,3,1,0,187734.49,3,0.0,0.0,1.0,1.0
29.0,5,147092.65,1,1,0,10928.3,2,1.0,0.0,0.0,1.0
39.0,8,0.0,2,0,0,42392.24,1,0.0,0.0,1.0,1.0
41.0,4,119703.1,2,1,1,109783.29,1,0.0,1.0,0.0,0.0
33.0,8,91301.72,1,0,1,130824.57,1,1.0,0.0,0.0,0.0
31.0,4,105239.1,1,1,1,19700.24,4,1.0,0.0,0.0,1.0
26.0,2,93844.69,1,1,0,28415.36,4,1.0,0.0,0.0,1.0
35.0,10,57369.61,1,1,1,101699.77,0,1.0,0.0,0.0,1.0
35.0,1,0.0,2,0,1,3385.04,4,1.0,0.0,0.0,1.0
36.0,7,0.0,2,1,0,104786.59,3,0.0,0.0,1.0,0.0
38.91621420206537,9,0.0,3,1,1,169719.35,0,1.0,0.0,0.0,1.0
44.0,6,108122.39,2,1,0,108488.33,1,0.0,1.0,0.0,1.0
40.0,2,117641.43,2,0,0,92198.05,1,0.0,1.0,0.0,0.0
31.0,9,111589.67,1,1,0,150037.19,0,0.0,1.0,0.0,1.0
27.0,2,172463.45,1,1,1,40315.27,0,0.0,0.0,1.0,1.0
25.0,3,134467.26,1,1,1,113266.09,0,1.0,0.0,0.0,0.0
40.0,2,168001.34,2,1,1,167400.29,3,1.0,0.0,0.0,1.0
24.0,5,172231.93,1,0,1,155144.12,0,0.0,0.0,1.0,0.0
35.0,5,0.0,2,1,1,62634.94,2,0.0,0.0,1.0,1.0
45.0,5,83195.12,1,1,1,48682.1,2,1.0,0.0,0.0,1.0
48.0,2,0.0,2,1,1,3149.1,3,0.0,0.0,1.0,0.0
22.0,5,93547.23,2,0,1,961.57,0,0.0,1.0,0.0,1.0
32.0,6,140348.56,2,1,1,163254.39,4,0.0,1.0,0.0,0.0
58.0,3,106458.31,4,1,0,128881.87,0,0.0,1.0,0.0,0.0
37.0,4,132446.08,2,1,0,87071.18,4,1.0,0.0,0.0,0.0
56.0,3,154669.77,1,0,1,115462.27,1,0.0,0.0,1.0,1.0
37.0,6,0.0,2,1,0,110782.88,1,1.0,0.0,0.0,0.0
37.0,7,158411.95,4,1,1,117690.58,0,0.0,1.0,0.0,0.0
40.0,4,0.0,2,0,0,173321.65,4,1.0,0.0,0.0,1.0
34.0,4,71379.53,2,1,1,154000.99,4,1.0,0.0,0.0,0.0
28.0,6,123692.0,1,1,1,70548.96,0,0.0,0.0,1.0,1.0
38.0,1,82083.52,1,0,1,10333.78,4,0.0,1.0,0.0,0.0
25.0,5,157780.84,2,1,1,58426.81,1,0.0,1.0,0.0,0.0
33.0,0,108477.49,1,1,1,109096.71,0,1.0,0.0,0.0,1.0
50.0,0,159304.07,1,0,1,155915.24,1,0.0,0.0,1.0,1.0
38.0,7,0.0,2,0,0,90839.61,4,0.0,0.0,1.0,1.0
31.0,10,118613.34,1,1,0,168469.65,2,0.0,1.0,0.0,0.0
29.0,9,0.0,2,1,0,50679.48,3,0.0,0.0,1.0,1.0
42.0,10,128707.31,1,1,0,63092.65,0,0.0,1.0,0.0,0.0
51.0,4,126725.25,1,1,0,195259.31,4,0.0,1.0,0.0,1.0
74.0,8,114888.74,2,1,1,66732.63,0,0.0,1.0,0.0,0.0
42.0,4,97495.8,2,0,0,2002.5,3,0.0,1.0,0.0,0.0
31.0,8,107818.63,1,1,0,199725.39,0,0.0,1.0,0.0,0.0
24.0,4,130806.42,2,1,0,80241.14,0,0.0,1.0,0.0,1.0
48.0,4,0.0,1,0,1,30165.06,4,1.0,0.0,0.0,0.0
35.0,8,0.0,1,1,1,165162.4,3,0.0,0.0,1.0,0.0
34.0,4,148375.19,2,1,1,21521.38,3,0.0,1.0,0.0,1.0
27.0,9,0.0,2,1,0,132734.87,4,1.0,0.0,0.0,0.0
39.0,1,0.0,1,1,1,28184.7,0,1.0,0.0,0.0,1.0
42.0,5,0.0,3,1,0,83008.49,0,0.0,0.0,1.0,0.0
44.0,5,124601.58,2,1,1,46998.13,3,0.0,1.0,0.0,1.0
33.0,7,174571.36,1,0,1,43943.09,2,1.0,0.0,0.0,1.0
37.0,7,135847.47,1,1,0,144880.81,2,1.0,0.0,0.0,1.0
24.0,2,95675.62,2,0,0,162699.7,0,0.0,1.0,0.0,0.0
58.0,4,0.0,1,1,0,176036.01,3,0.0,0.0,1.0,0.0
52.0,2,79468.96,1,1,1,84606.03,1,1.0,0.0,0.0,0.0
39.0,10,129674.89,2,1,0,80552.36,1,1.0,0.0,0.0,1.0
25.0,4,0.0,1,1,0,145524.36,1,1.0,0.0,0.0,1.0
37.0,7,132730.17,1,1,0,199293.01,4,0.0,0.0,1.0,1.0
30.0,9,0.0,2,1,1,148887.69,1,1.0,0.0,0.0,1.0
38.91621420206537,9,0.0,2,0,0,135630.32,2,1.0,0.0,0.0,0.0
36.0,5,190479.48,2,0,0,179351.89,1,0.0,1.0,0.0,1.0
34.0,4,124379.14,1,1,0,106892.91,2,1.0,0.0,0.0,0.0
36.0,5,117559.05,2,1,1,111573.3,2,1.0,0.0,0.0,1.0
39.0,4,0.0,2,1,0,167183.07,0,1.0,0.0,0.0,1.0
44.0,3,107764.75,1,1,0,185667.72,2,1.0,0.0,0.0,1.0
33.0,3,105663.56,2,0,1,33330.89,4,0.0,1.0,0.0,0.0
29.0,4,148654.84,2,1,1,28805.09,4,1.0,0.0,0.0,0.0
31.0,7,117687.35,1,1,1,159344.43,4,1.0,0.0,0.0,1.0
29.0,0,0.0,1,1,1,84012.81,1,1.0,0.0,0.0,0.0
30.0,9,0.0,2,1,0,151869.35,3,1.0,0.0,0.0,1.0
30.0,8,0.0,2,1,0,199644.2,4,1.0,0.0,0.0,1.0
43.0,6,0.0,2,1,1,57675.88,4,1.0,0.0,0.0,1.0
36.0,6,70438.01,2,0,1,56937.43,0,0.0,0.0,1.0,1.0
29.0,3,130181.47,2,1,0,31811.44,3,1.0,0.0,0.0,0.0
37.0,1,100443.36,2,0,1,101693.73,0,1.0,0.0,0.0,1.0
41.0,6,101179.23,2,1,1,35230.61,2,0.0,0.0,1.0,0.0
34.0,2,0.0,2,1,1,181270.84,0,1.0,0.0,0.0,0.0
25.0,4,121166.89,1,0,1,115288.24,1,0.0,0.0,1.0,0.0
41.0,2,125785.23,1,1,1,70523.92,2,1.0,0.0,0.0,0.0
26.0,4,62610.96,2,0,1,179365.1,4,1.0,0.0,0.0,0.0
35.0,0,133377.8,1,0,1,64050.19,4,0.0,1.0,0.0,1.0
31.0,5,86006.3,1,1,1,73922.95,2,0.0,0.0,1.0,0.0
38.91621420206537,5,110029.77,1,1,0,56246.69,0,0.0,1.0,0.0,1.0
37.0,4,0.0,2,0,0,25684.93,3,0.0,0.0,1.0,1.0
31.0,1,96399.31,2,1,0,106534.15,4,1.0,0.0,0.0,1.0
29.0,2,0.0,2,1,0,179032.68,2,0.0,0.0,1.0,0.0
67.0,7,0.0,2,0,1,163714.92,3,0.0,0.0,1.0,1.0
27.0,3,107375.82,1,1,1,62703.38,2,1.0,0.0,0.0,0.0
31.0,7,0.0,2,1,1,143204.41,4,1.0,0.0,0.0,1.0
36.0,8,127397.34,1,1,0,151335.24,3,0.0,0.0,1.0,1.0
37.0,5,107106.33,2,1,0,172063.09,0,0.0,1.0,0.0,1.0
38.0,4,0.0,2,1,1,136390.88,3,0.0,0.0,1.0,0.0
25.0,3,108244.82,2,1,1,103573.96,2,0.0,1.0,0.0,0.0
34.0,9,154495.79,1,1,0,191395.88,4,1.0,0.0,0.0,1.0
38.91621420206537,2,115463.16,1,1,0,150679.65,0,0.0,0.0,1.0,1.0
18.0,6,0.0,2,1,1,27308.58,1,1.0,0.0,0.0,1.0
39.0,5,86350.87,2,0,0,105080.53,4,0.0,1.0,0.0,1.0
39.0,4,0.0,1,0,0,172939.3,3,1.0,0.0,0.0,0.0
29.0,2,0.0,2,1,1,41671.81,2,1.0,0.0,0.0,1.0
18.0,4,0.0,2,1,1,47799.15,4,1.0,0.0,0.0,1.0
52.0,8,123925.23,1,0,0,111342.66,1,0.0,0.0,1.0,0.0
33.0,3,0.0,2,0,1,141426.78,4,0.0,0.0,1.0,0.0
70.0,1,0.0,2,1,1,41610.62,4,0.0,0.0,1.0,0.0
47.0,0,126597.89,2,1,1,38798.79,2,0.0,1.0,0.0,0.0
43.0,2,100013.51,1,1,0,24275.32,2,1.0,0.0,0.0,1.0
29.0,9,144553.5,2,1,0,143454.95,3,0.0,1.0,0.0,1.0
31.0,9,82674.15,1,1,0,41970.72,4,1.0,0.0,0.0,1.0
67.0,8,0.0,2,1,1,51219.8,4,0.0,0.0,1.0,0.0
47.0,10,134032.01,1,1,0,144290.97,3,0.0,0.0,1.0,0.0
34.0,7,132944.53,1,1,1,31802.92,4,0.0,0.0,1.0,1.0
45.0,4,0.0,1,1,0,95273.73,0,1.0,0.0,0.0,0.0
28.0,7,155519.59,1,1,0,1843.24,2,0.0,0.0,1.0,1.0
39.0,6,48023.83,1,1,0,74870.99,0,1.0,0.0,0.0,0.0
35.0,1,125141.24,2,1,1,148537.07,3,0.0,1.0,0.0,1.0
33.0,7,68423.89,1,1,1,64872.55,3,0.0,0.0,1.0,1.0
60.0,4,0.0,1,1,0,197727.14,1,1.0,0.0,0.0,1.0
25.0,4,0.0,2,1,0,152698.24,3,1.0,0.0,0.0,1.0
35.0,3,0.0,3,1,1,132649.85,4,1.0,0.0,0.0,0.0
47.0,2,0.0,2,1,1,182247.77,4,1.0,0.0,0.0,1.0
31.0,5,106260.67,1,1,1,2578.43,1,1.0,0.0,0.0,1.0
48.0,7,0.0,1,1,0,13921.82,1,1.0,0.0,0.0,1.0
32.0,10,0.0,1,1,0,136119.96,3,0.0,0.0,1.0,0.0
52.0,1,0.0,2,1,1,172033.57,3,1.0,0.0,0.0,1.0
34.0,1,94682.56,2,1,0,138478.2,0,0.0,1.0,0.0,1.0
25.0,2,114330.95,1,1,1,25325.07,2,0.0,1.0,0.0,0.0
39.0,5,0.0,2,0,0,116748.14,2,0.0,0.0,1.0,1.0
41.0,2,112871.19,2,0,1,65520.74,3,0.0,1.0,0.0,1.0
38.0,5,195926.39,1,1,1,85522.84,3,1.0,0.0,0.0,0.0
38.0,1,0.0,2,1,0,90605.05,2,0.0,0.0,1.0,0.0
24.0,8,143582.89,1,1,1,22527.27,3,0.0,0.0,1.0,1.0
34.0,6,0.0,2,1,1,124592.84,3,1.0,0.0,0.0,0.0
48.0,3,152827.99,1,1,0,38411.79,1,0.0,1.0,0.0,0.0
39.0,4,83765.35,2,1,0,118358.54,2,0.0,1.0,0.0,0.0
35.0,8,119182.73,1,0,0,121210.09,3,0.0,0.0,1.0,0.0
31.0,3,99513.91,1,1,1,189657.26,2,1.0,0.0,0.0,1.0
40.0,3,103499.09,2,0,0,38153.19,4,0.0,1.0,0.0,0.0
30.0,1,110824.52,1,1,1,57896.27,4,0.0,1.0,0.0,1.0
28.0,8,97840.72,1,1,1,178222.77,2,0.0,0.0,1.0,0.0
40.0,7,0.0,2,0,0,45038.74,4,0.0,0.0,1.0,1.0
38.91621420206537,7,0.0,2,1,1,131284.93,2,1.0,0.0,0.0,0.0
41.0,4,157777.58,1,1,0,67484.6,2,0.0,1.0,0.0,1.0
49.0,8,172713.44,1,1,0,113860.81,1,1.0,0.0,0.0,1.0
29.0,6,185709.28,2,1,1,77242.19,1,1.0,0.0,0.0,0.0
38.91621420206537,9,0.0,2,0,0,103042.2,3,1.0,0.0,0.0,0.0
54.0,4,89299.81,1,0,0,5558.47,1,1.0,0.0,0.0,1.0
19.0,5,0.0,1,1,1,176903.35,1,0.0,0.0,1.0,1.0
38.91621420206537,8,0.0,2,1,1,126761.2,2,1.0,0.0,0.0,0.0
61.0,8,125397.21,1,1,0,182184.09,4,0.0,1.0,0.0,0.0
49.0,9,171787.84,2,1,0,187192.23,1,0.0,1.0,0.0,1.0
37.0,9,95829.13,2,0,1,104936.88,0,0.0,1.0,0.0,1.0
45.0,2,0.0,4,1,0,101039.53,2,1.0,0.0,0.0,0.0
33.0,5,0.0,2,1,0,138017.68,3,1.0,0.0,0.0,1.0
33.0,0,0.0,1,1,0,92277.47,2,0.0,0.0,1.0,0.0
50.0,4,165438.26,1,1,0,120770.75,3,1.0,0.0,0.0,1.0
22.0,8,0.0,1,0,1,167553.06,0,1.0,0.0,0.0,0.0
37.0,8,0.0,2,1,1,170338.35,3,1.0,0.0,0.0,1.0
39.0,7,135483.17,1,1,0,140881.2,2,0.0,0.0,1.0,0.0
37.0,1,0.0,2,1,1,82867.55,3,1.0,0.0,0.0,1.0
34.0,7,0.0,1,1,1,16250.61,0,0.0,0.0,1.0,1.0
34.0,6,37266.67,2,0,0,156917.12,2,0.0,1.0,0.0,0.0
38.91621420206537,7,141287.15,1,1,0,118142.79,0,0.0,0.0,1.0,0.0
32.0,1,151922.94,1,1,0,8877.06,4,0.0,1.0,0.0,1.0
46.0,3,0.0,2,1,0,76515.79,0,1.0,0.0,0.0,1.0
24.0,4,137295.19,2,1,1,91195.12,1,1.0,0.0,0.0,0.0
33.0,1,0.0,2,0,0,69608.48,3,1.0,0.0,0.0,0.0
41.0,1,126773.43,1,1,1,55551.26,1,0.0,0.0,1.0,1.0
44.0,9,77637.35,2,1,1,111346.22,2,0.0,0.0,1.0,1.0
63.0,10,0.0,2,0,1,502.7,4,1.0,0.0,0.0,0.0
26.0,8,123126.29,1,1,0,74425.41,4,0.0,1.0,0.0,0.0
26.0,6,0.0,2,0,0,166495.2,1,0.0,0.0,1.0,0.0
26.0,2,0.0,2,1,1,25042.1,4,0.0,0.0,1.0,1.0
61.0,8,65190.29,1,1,1,64308.49,0,1.0,0.0,0.0,0.0
37.0,1,130922.81,2,0,0,2186.83,0,0.0,0.0,1.0,0.0
46.0,10,0.0,2,0,0,109184.24,0,1.0,0.0,0.0,0.0
31.0,0,107884.81,2,1,1,183487.98,1,0.0,1.0,0.0,1.0
46.0,1,0.0,3,1,1,177431.59,4,0.0,0.0,1.0,0.0
22.0,9,0.0,1,1,0,29135.89,2,0.0,0.0,1.0,0.0
39.0,7,0.0,2,1,0,26848.25,3,1.0,0.0,0.0,1.0
37.0,1,0.0,1,1,0,4606.97,0,1.0,0.0,0.0,0.0
37.0,10,185063.7,2,1,1,134526.87,4,1.0,0.0,0.0,1.0
55.0,8,0.0,2,1,1,14392.68,3,1.0,0.0,0.0,0.0
34.0,8,117451.47,1,1,0,65374.86,2,0.0,0.0,1.0,0.0
25.0,6,0.0,2,1,1,21215.67,4,1.0,0.0,0.0,1.0
31.0,8,0.0,2,1,1,99086.74,4,0.0,0.0,1.0,1.0
62.0,7,121286.27,1,0,1,6776.92,1,0.0,0.0,1.0,1.0
31.0,4,99607.37,2,0,1,35877.03,1,1.0,0.0,0.0,1.0
26.0,0,146286.22,1,1,0,105105.35,1,1.0,0.0,0.0,0.0
34.0,9,0.0,2,0,0,14121.61,3,1.0,0.0,0.0,1.0
47.0,6,106901.94,1,1,1,2079.2,2,0.0,1.0,0.0,1.0
60.0,8,0.0,2,1,1,102925.76,2,1.0,0.0,0.0,1.0
30.0,4,145222.99,2,0,0,145160.96,0,0.0,0.0,1.0,0.0
33.0,6,132603.36,1,1,0,55775.72,1,0.0,1.0,0.0,1.0
54.0,8,69712.74,1,1,1,69381.05,4,1.0,0.0,0.0,1.0
45.0,9,170295.04,2,0,0,164741.81,0,0.0,1.0,0.0,1.0
38.91621420206537,3,105426.5,2,0,1,89773.45,4,0.0,1.0,0.0,0.0
35.0,8,102918.38,1,1,1,45959.86,3,0.0,0.0,1.0,1.0
38.91621420206537,9,157960.49,2,0,0,136602.8,4,1.0,0.0,0.0,1.0
40.0,10,137456.28,2,1,1,14113.11,1,0.0,1.0,0.0,1.0
38.91621420206537,5,113226.47,1,1,0,56770.76,1,1.0,0.0,0.0,1.0
44.0,7,89118.26,1,1,0,104240.77,4,0.0,0.0,1.0,1.0
56.0,2,168883.08,1,0,1,18897.78,2,0.0,0.0,1.0,1.0
31.0,10,113292.17,1,1,1,122639.73,3,1.0,0.0,0.0,1.0
28.0,4,0.0,2,1,0,10899.63,1,0.0,0.0,1.0,0.0
34.0,7,118028.35,1,1,0,51226.32,2,0.0,1.0,0.0,1.0
34.0,6,0.0,2,1,1,177896.92,1,1.0,0.0,0.0,1.0
61.0,5,108166.09,2,0,1,8643.21,1,1.0,0.0,0.0,1.0
39.0,7,119565.92,1,1,0,87067.73,4,0.0,0.0,1.0,0.0
32.0,7,0.0,2,1,1,777.37,2,1.0,0.0,0.0,1.0
48.0,1,108076.33,1,1,0,118855.26,1,0.0,1.0,0.0,0.0
41.0,10,122189.66,2,1,0,98301.61,0,0.0,1.0,0.0,0.0
30.0,6,135370.12,1,1,1,179689.05,0,0.0,0.0,1.0,1.0
41.0,4,0.0,2,1,0,126551.48,2,1.0,0.0,0.0,0.0
35.0,6,115576.44,1,0,1,27922.45,4,1.0,0.0,0.0,0.0
60.0,9,0.0,1,1,1,57088.97,3,1.0,0.0,0.0,1.0
38.0,3,96143.47,1,0,0,98994.92,1,0.0,0.0,1.0,1.0
29.0,7,80922.75,1,1,0,7820.78,2,0.0,0.0,1.0,0.0
43.0,7,97473.87,2,1,1,159823.16,0,0.0,0.0,1.0,1.0
35.0,6,126803.34,2,1,1,161133.4,0,0.0,1.0,0.0,1.0
35.0,6,112689.95,1,1,0,176962.31,3,1.0,0.0,0.0,1.0
42.0,7,162318.61,1,1,0,121061.89,3,0.0,1.0,0.0,1.0
56.0,9,123785.24,1,1,0,99504.03,2,1.0,0.0,0.0,0.0
26.0,1,77780.29,1,0,1,183049.41,4,1.0,0.0,0.0,0.0
40.0,3,0.0,2,1,0,134281.11,4,1.0,0.0,0.0,1.0
44.0,1,83325.77,1,0,1,80828.78,1,0.0,0.0,1.0,1.0
37.0,7,168066.87,1,1,0,35450.53,3,0.0,0.0,1.0,0.0
51.0,8,70754.18,1,1,1,92920.04,3,1.0,0.0,0.0,0.0
39.0,3,111695.62,1,0,0,136643.84,3,1.0,0.0,0.0,0.0
50.0,9,0.0,4,1,1,194700.81,4,1.0,0.0,0.0,1.0
38.91621420206537,6,0.0,2,0,0,12048.67,2,0.0,0.0,1.0,0.0
35.0,5,150725.53,2,0,1,113656.85,2,0.0,1.0,0.0,0.0
27.0,2,0.0,2,1,0,63495.86,1,1.0,0.0,0.0,0.0
38.0,2,103391.38,1,0,1,90878.13,0,0.0,1.0,0.0,1.0
50.0,6,94684.27,1,1,1,50488.91,1,0.0,0.0,1.0,0.0
39.0,10,102556.18,2,1,0,171971.25,3,0.0,1.0,0.0,0.0
60.0,6,0.0,1,1,0,17978.68,4,1.0,0.0,0.0,0.0
40.0,4,166082.15,2,0,1,44406.17,4,0.0,1.0,0.0,1.0
30.0,8,154159.51,1,1,0,40441.1,2,0.0,1.0,0.0,0.0
42.0,6,0.0,1,1,0,180702.12,1,1.0,0.0,0.0,0.0
42.0,9,0.0,2,1,1,51362.82,2,1.0,0.0,0.0,0.0
38.91621420206537,0,180303.24,2,1,0,163587.9,1,0.0,1.0,0.0,0.0
25.0,4,123816.5,1,1,1,90162.35,3,1.0,0.0,0.0,0.0
36.0,3,116275.12,1,1,1,63795.8,3,1.0,0.0,0.0,1.0
29.0,10,0.0,2,1,1,95025.27,4,0.0,0.0,1.0,1.0
40.0,8,77701.64,1,0,1,19512.38,4,0.0,1.0,0.0,0.0
72.0,1,0.0,2,0,1,111981.19,2,1.0,0.0,0.0,1.0
47.0,7,0.0,2,1,1,177624.01,3,1.0,0.0,0.0,0.0
51.0,8,122522.32,1,0,0,181297.65,0,1.0,0.0,0.0,0.0
28.0,9,118945.09,1,0,0,16064.25,3,0.0,0.0,1.0,1.0
46.0,10,0.0,2,1,0,153015.42,3,0.0,0.0,1.0,1.0
35.0,2,117438.92,2,1,1,16910.98,3,0.0,1.0,0.0,0.0
33.0,0,132255.99,2,0,1,74588.41,2,1.0,0.0,0.0,1.0
28.0,10,105173.99,1,0,1,29835.37,1,0.0,1.0,0.0,0.0
39.0,2,0.0,2,1,1,82526.92,3,1.0,0.0,0.0,1.0
38.91621420206537,5,124053.03,1,1,0,118591.67,3,0.0,1.0,0.0,0.0
51.0,7,148074.79,1,1,0,146411.41,4,0.0,1.0,0.0,0.0
33.0,7,98630.31,2,1,1,40250.82,2,0.0,1.0,0.0,1.0
47.0,9,0.0,2,1,0,113163.17,4,1.0,0.0,0.0,1.0
43.0,7,102365.49,1,1,0,194690.77,0,0.0,1.0,0.0,0.0
23.0,2,0.0,1,1,1,6847.73,4,0.0,0.0,1.0,1.0
33.0,4,0.0,1,0,1,130474.03,1,1.0,0.0,0.0,1.0
27.0,9,152328.88,2,0,0,126494.82,3,0.0,1.0,0.0,0.0
29.0,9,0.0,2,1,0,111565.45,3,1.0,0.0,0.0,0.0
45.0,6,124240.93,1,1,1,146372.51,0,0.0,1.0,0.0,1.0
65.0,2,151659.52,2,0,1,6930.17,4,1.0,0.0,0.0,0.0
52.0,8,0.0,2,0,1,179291.85,4,0.0,0.0,1.0,1.0
44.0,2,117028.6,2,0,1,144680.18,2,0.0,1.0,0.0,1.0
36.0,5,97665.61,1,1,0,118372.55,0,1.0,0.0,0.0,0.0
50.0,5,162702.35,1,0,0,150548.5,0,1.0,0.0,0.0,1.0
29.0,0,133702.89,1,1,0,55582.54,3,0.0,0.0,1.0,1.0
27.0,4,95331.83,2,1,0,132104.76,0,0.0,1.0,0.0,1.0
38.0,1,122214.0,1,0,1,88965.46,2,1.0,0.0,0.0,1.0
32.0,7,128551.36,2,0,1,189402.71,4,1.0,0.0,0.0,0.0
35.0,9,100107.99,1,1,0,83949.68,2,1.0,0.0,0.0,1.0
61.0,4,149525.34,2,1,0,123663.63,3,0.0,1.0,0.0,0.0
28.0,8,0.0,2,1,0,106390.01,4,1.0,0.0,0.0,1.0
28.0,1,79460.98,2,1,1,167973.63,0,0.0,1.0,0.0,1.0
40.0,2,137430.82,2,0,0,176768.59,4,0.0,1.0,0.0,1.0
31.0,9,119825.75,2,1,1,101139.3,3,0.0,0.0,1.0,0.0
55.0,7,0.0,1,0,0,171762.87,4,0.0,0.0,1.0,0.0
37.0,2,110777.26,2,1,0,2383.59,4,0.0,1.0,0.0,1.0
34.0,4,134007.9,1,1,1,193209.11,0,1.0,0.0,0.0,1.0
35.0,4,88109.81,1,1,1,32825.5,1,0.0,1.0,0.0,1.0
31.0,7,0.0,1,1,1,149970.59,3,0.0,0.0,1.0,1.0
41.0,10,150148.51,1,0,0,6936.27,2,0.0,0.0,1.0,1.0
38.91621420206537,4,0.0,2,1,0,163471.01,3,1.0,0.0,0.0,1.0
38.91621420206537,2,69014.49,2,0,0,164621.43,3,0.0,1.0,0.0,1.0
72.0,5,148666.99,1,1,0,2605.65,4,0.0,1.0,0.0,0.0
32.0,8,206663.75,1,0,0,16281.94,0,1.0,0.0,0.0,0.0
46.0,5,56580.95,2,0,1,45424.13,3,0.0,0.0,1.0,0.0
36.0,8,0.0,2,1,0,55207.41,3,0.0,0.0,1.0,1.0
42.0,6,0.0,2,1,0,197202.48,2,1.0,0.0,0.0,0.0
29.0,5,0.0,2,1,1,143301.49,4,1.0,0.0,0.0,0.0
42.0,3,137479.13,1,1,0,25669.1,1,0.0,1.0,0.0,1.0
28.0,4,0.0,2,1,1,123885.88,3,1.0,0.0,0.0,1.0
41.0,8,126145.54,2,1,1,138051.19,3,0.0,1.0,0.0,1.0
34.0,8,127095.14,2,0,0,479.54,4,0.0,0.0,1.0,0.0
54.0,1,123544.0,1,1,1,120314.75,1,0.0,1.0,0.0,1.0
53.0,3,113781.5,2,1,1,106345.05,2,0.0,1.0,0.0,0.0
37.0,8,0.0,2,1,1,933.38,4,0.0,0.0,1.0,1.0
39.0,6,0.0,2,1,0,93275.61,3,0.0,0.0,1.0,0.0
34.0,2,137390.11,2,1,0,9677.0,0,1.0,0.0,0.0,1.0
32.0,3,102128.27,1,1,0,63981.37,4,0.0,1.0,0.0,1.0
39.0,6,119787.76,1,1,1,164248.33,4,0.0,1.0,0.0,0.0
33.0,0,101084.36,1,1,0,42749.85,0,0.0,1.0,0.0,0.0
38.0,7,0.0,2,0,0,69227.42,4,1.0,0.0,0.0,0.0
35.0,3,83286.56,1,1,0,125553.52,1,0.0,0.0,1.0,0.0
32.0,6,114512.59,1,1,0,15796.66,4,0.0,0.0,1.0,0.0
56.0,4,99097.33,1,1,1,85016.64,4,0.0,0.0,1.0,0.0
33.0,1,118114.28,2,0,1,156660.21,4,0.0,0.0,1.0,0.0
28.0,6,146098.43,3,1,0,100615.14,0,0.0,0.0,1.0,0.0
24.0,8,145081.73,1,1,1,130075.07,2,1.0,0.0,0.0,0.0
50.0,9,94504.35,1,0,1,5078.9,3,0.0,1.0,0.0,1.0
26.0,3,105099.45,1,1,1,184520.0,1,0.0,1.0,0.0,0.0
36.0,2,89800.14,1,1,1,105922.69,4,1.0,0.0,0.0,1.0
36.0,10,0.0,2,1,1,180318.6,1,0.0,0.0,1.0,1.0
23.0,1,0.0,2,1,0,91573.19,2,1.0,0.0,0.0,1.0
59.0,4,0.0,2,1,1,170528.63,3,1.0,0.0,0.0,0.0
37.0,8,114754.08,1,1,0,136050.44,0,0.0,1.0,0.0,0.0
21.0,1,121827.43,2,1,1,99818.31,2,0.0,1.0,0.0,0.0
29.0,1,43504.42,1,1,1,119327.75,4,1.0,0.0,0.0,1.0
38.0,2,117810.79,1,0,1,65632.33,4,1.0,0.0,0.0,1.0
65.0,1,0.0,1,1,1,177655.68,2,0.0,0.0,1.0,0.0
37.0,6,152496.82,1,1,1,99907.29,1,0.0,1.0,0.0,1.0
31.0,6,116891.72,1,1,0,107137.3,1,0.0,1.0,0.0,1.0
37.0,3,212778.2,1,0,1,69372.88,4,1.0,0.0,0.0,0.0
29.0,9,0.0,1,1,1,81634.45,0,1.0,0.0,0.0,1.0
33.0,3,0.0,2,1,1,42556.33,4,0.0,0.0,1.0,1.0
35.0,2,90194.34,2,1,0,57064.57,1,0.0,1.0,0.0,0.0
47.0,2,103108.8,1,0,1,166475.44,1,0.0,1.0,0.0,0.0
43.0,6,0.0,3,0,0,125154.57,0,1.0,0.0,0.0,0.0
26.0,4,118287.01,2,0,0,60427.3,1,0.0,1.0,0.0,1.0
58.0,1,143212.22,1,0,0,102628.56,3,0.0,1.0,0.0,0.0
27.0,5,0.0,2,0,0,120893.07,2,1.0,0.0,0.0,1.0
37.0,1,0.0,2,1,1,68987.55,2,1.0,0.0,0.0,0.0
42.0,3,134936.97,2,0,0,135178.91,0,1.0,0.0,0.0,1.0
44.0,2,114427.86,1,1,1,136330.26,0,1.0,0.0,0.0,0.0
38.0,10,101648.5,2,1,0,172001.44,4,0.0,1.0,0.0,0.0
33.0,4,72535.45,1,1,1,103931.49,3,0.0,0.0,1.0,0.0
65.0,2,0.0,2,1,1,48071.61,0,1.0,0.0,0.0,1.0
36.0,1,0.0,2,0,1,17135.6,1,1.0,0.0,0.0,1.0
30.0,7,101231.77,2,0,0,156529.44,3,0.0,1.0,0.0,1.0
51.0,8,81710.46,1,1,1,116520.07,4,1.0,0.0,0.0,1.0
49.0,7,0.0,1,1,0,13566.48,0,1.0,0.0,0.0,0.0
62.0,10,64667.95,2,0,1,140454.14,4,1.0,0.0,0.0,0.0
28.0,4,130142.79,1,1,0,38190.78,4,1.0,0.0,0.0,0.0
41.0,5,28082.95,1,1,0,69586.27,2,0.0,0.0,1.0,0.0
48.0,0,0.0,2,0,0,149772.61,3,1.0,0.0,0.0,0.0
40.0,8,0.0,2,1,0,62112.7,0,1.0,0.0,0.0,0.0
39.0,5,0.0,2,0,0,102763.69,3,0.0,0.0,1.0,0.0
58.0,2,133745.44,4,1,0,28373.86,4,0.0,1.0,0.0,1.0
49.0,7,0.0,3,0,1,87822.14,0,1.0,0.0,0.0,0.0
40.0,7,0.0,2,1,1,34453.17,2,1.0,0.0,0.0,0.0
31.0,5,137411.29,1,0,1,161854.98,0,1.0,0.0,0.0,0.0
31.0,5,100082.14,1,0,1,49809.88,2,1.0,0.0,0.0,1.0
26.0,3,0.0,2,1,0,155248.62,1,0.0,0.0,1.0,0.0
19.0,9,0.0,2,1,0,3453.4,0,1.0,0.0,0.0,1.0
38.0,8,0.0,1,1,1,98208.62,0,1.0,0.0,0.0,1.0
47.0,6,121797.09,1,0,1,5811.9,0,1.0,0.0,0.0,1.0
32.0,4,102954.68,2,0,1,134942.45,2,0.0,1.0,0.0,0.0
34.0,2,0.0,2,1,1,83087.13,0,1.0,0.0,0.0,1.0
59.0,2,0.0,2,1,1,171364.18,1,0.0,0.0,1.0,0.0
42.0,4,0.0,2,1,1,38152.01,2,0.0,0.0,1.0,0.0
54.0,8,0.0,1,1,1,162719.69,2,1.0,0.0,0.0,1.0
32.0,6,0.0,2,1,1,43001.46,1,0.0,0.0,1.0,0.0
36.0,4,0.0,2,1,1,8037.03,4,1.0,0.0,0.0,1.0
43.0,9,98807.45,1,0,0,184570.04,4,0.0,1.0,0.0,0.0
50.0,8,98173.02,1,0,0,22457.25,4,0.0,1.0,0.0,0.0
44.0,7,108724.98,1,0,1,72330.46,3,1.0,0.0,0.0,1.0
45.0,7,0.0,2,0,1,75204.21,2,1.0,0.0,0.0,1.0
28.0,5,0.0,1,1,1,151925.25,2,1.0,0.0,0.0,1.0
40.0,7,99165.84,1,0,1,119333.95,2,0.0,1.0,0.0,1.0
40.0,9,137409.19,1,1,0,175877.7,2,1.0,0.0,0.0,0.0
24.0,10,122200.31,2,1,0,43705.56,4,0.0,1.0,0.0,0.0
25.0,4,115142.9,1,1,1,148098.95,2,0.0,1.0,0.0,1.0
31.0,8,0.0,2,1,1,59650.42,3,1.0,0.0,0.0,1.0
43.0,3,184926.61,1,1,0,122937.57,2,0.0,0.0,1.0,1.0
39.0,3,135139.33,1,0,1,113086.08,4,1.0,0.0,0.0,0.0
53.0,1,75225.53,2,0,0,144849.1,0,0.0,0.0,1.0,0.0
30.0,10,69413.44,1,1,1,74637.57,4,1.0,0.0,0.0,1.0
39.0,6,130694.89,2,1,1,153955.38,2,1.0,0.0,0.0,0.0
33.0,8,149564.61,1,0,0,149913.84,2,0.0,1.0,0.0,1.0
23.0,8,73314.04,2,1,0,63446.47,3,0.0,1.0,0.0,1.0
30.0,4,114779.35,1,0,0,183171.47,3,1.0,0.0,0.0,1.0
27.0,3,150905.03,2,1,0,16998.72,2,0.0,1.0,0.0,0.0
33.0,4,124067.32,1,1,1,77906.87,3,0.0,1.0,0.0,1.0
34.0,9,176311.36,1,1,0,160213.27,0,0.0,1.0,0.0,0.0
33.0,4,79281.61,1,1,0,117547.76,4,0.0,0.0,1.0,1.0
36.0,3,74974.89,1,1,1,12099.67,1,0.0,1.0,0.0,0.0
43.0,1,105799.32,2,1,0,34888.04,4,1.0,0.0,0.0,1.0
41.0,6,0.0,2,1,1,99136.49,1,1.0,0.0,0.0,1.0
43.0,4,0.0,2,0,1,162137.5,4,1.0,0.0,0.0,0.0
34.0,4,175111.11,1,1,1,74858.3,1,1.0,0.0,0.0,1.0
24.0,1,0.0,2,0,1,69052.87,4,0.0,0.0,1.0,0.0
40.0,4,0.0,2,1,0,114093.73,1,0.0,0.0,1.0,0.0
38.0,0,132122.42,2,0,0,31730.32,1,0.0,1.0,0.0,0.0
60.0,3,115924.89,1,1,0,93524.19,4,0.0,1.0,0.0,0.0
40.0,7,117304.29,1,0,0,196278.32,0,0.0,1.0,0.0,0.0
47.0,3,0.0,2,1,0,174303.29,3,1.0,0.0,0.0,1.0
42.0,2,143145.87,2,1,0,43612.06,2,0.0,0.0,1.0,1.0
38.0,0,0.0,2,1,1,332.81,3,1.0,0.0,0.0,0.0
34.0,1,121151.05,1,0,0,119357.93,2,0.0,0.0,1.0,1.0
33.0,9,0.0,2,1,0,49374.82,1,1.0,0.0,0.0,1.0
28.0,1,143124.63,2,1,0,81723.8,1,0.0,1.0,0.0,0.0
28.0,8,0.0,1,0,0,176713.47,3,0.0,0.0,1.0,1.0
26.0,8,0.0,2,0,0,191420.71,1,0.0,0.0,1.0,1.0
26.0,4,155739.76,1,1,0,171552.02,4,1.0,0.0,0.0,1.0
37.0,9,133292.45,1,1,0,111175.09,1,0.0,0.0,1.0,0.0
32.0,7,0.0,2,0,1,37731.95,4,1.0,0.0,0.0,1.0
58.0,5,98668.18,1,1,1,60887.58,2,1.0,0.0,0.0,1.0
35.0,8,112808.18,1,0,1,17848.3,3,1.0,0.0,0.0,0.0
31.0,8,164870.81,2,1,1,9567.39,3,0.0,0.0,1.0,0.0
46.0,2,127655.22,1,1,0,139994.68,0,0.0,1.0,0.0,1.0
25.0,8,135161.67,1,1,1,136071.05,4,0.0,1.0,0.0,0.0
34.0,1,129398.01,2,0,0,44965.44,4,0.0,1.0,0.0,0.0
46.0,8,0.0,3,1,0,90747.94,4,1.0,0.0,0.0,1.0
28.0,3,100032.52,1,1,0,5159.21,1,0.0,1.0,0.0,0.0
27.0,1,74298.43,1,1,1,52581.96,1,0.0,1.0,0.0,1.0
53.0,1,84903.33,2,0,1,26015.8,1,0.0,0.0,1.0,1.0
29.0,7,123229.46,1,1,0,181221.09,4,0.0,1.0,0.0,0.0
38.91621420206537,1,144848.74,1,1,1,179012.3,2,0.0,1.0,0.0,1.0
38.91621420206537,3,106288.54,1,1,1,36639.25,1,0.0,1.0,0.0,1.0
39.0,7,0.0,2,1,1,170392.59,2,1.0,0.0,0.0,1.0
28.0,8,179960.2,1,1,0,89938.08,4,1.0,0.0,0.0,1.0
35.0,1,103060.63,1,1,0,179866.01,1,0.0,1.0,0.0,0.0
31.0,4,93249.4,1,1,0,77335.75,0,1.0,0.0,0.0,1.0
38.0,10,84651.79,1,1,1,184754.26,1,0.0,1.0,0.0,1.0
25.0,6,0.0,2,0,1,96758.58,0,1.0,0.0,0.0,0.0
53.0,1,109330.06,1,1,1,75860.01,1,0.0,0.0,1.0,0.0
31.0,1,0.0,2,1,1,169802.73,2,0.0,0.0,1.0,0.0
46.0,8,182364.53,1,0,0,139266.48,4,0.0,0.0,1.0,1.0
40.0,10,0.0,2,0,1,69303.15,4,1.0,0.0,0.0,0.0
30.0,2,0.0,2,1,1,145537.32,3,0.0,0.0,1.0,1.0
71.0,3,0.0,2,1,1,146895.36,4,1.0,0.0,0.0,1.0
47.0,0,137138.2,2,0,1,53784.22,1,0.0,1.0,0.0,0.0
29.0,4,105957.44,1,1,0,15470.91,2,0.0,1.0,0.0,0.0
27.0,0,0.0,2,0,1,157891.86,4,1.0,0.0,0.0,1.0
44.0,2,138843.7,1,1,0,37688.31,0,0.0,1.0,0.0,0.0
32.0,2,131945.94,1,0,1,159737.56,0,0.0,0.0,1.0,1.0
34.0,2,0.0,1,0,0,35982.42,1,1.0,0.0,0.0,0.0
35.0,8,0.0,2,1,1,131772.51,1,1.0,0.0,0.0,1.0
42.0,7,0.0,1,1,0,77786.37,0,1.0,0.0,0.0,1.0
41.0,10,113270.2,2,1,1,185387.14,0,0.0,1.0,0.0,1.0
31.0,9,0.0,1,0,1,76254.83,2,1.0,0.0,0.0,0.0
31.0,3,153316.14,1,1,0,59927.99,2,0.0,0.0,1.0,1.0
43.0,9,79120.27,1,0,0,548.52,3,0.0,1.0,0.0,0.0
45.0,5,127864.4,1,1,0,87107.57,2,1.0,0.0,0.0,1.0
40.0,6,156218.19,1,0,1,33607.72,2,1.0,0.0,0.0,1.0
42.0,0,115915.53,2,0,1,125435.47,0,0.0,1.0,0.0,1.0
35.0,2,0.0,2,1,1,118983.18,1,1.0,0.0,0.0,1.0
48.0,2,0.0,2,1,1,148608.39,2,1.0,0.0,0.0,0.0
33.0,1,123082.08,1,1,0,134960.98,3,1.0,0.0,0.0,1.0
42.0,2,133616.39,1,1,0,28615.8,4,1.0,0.0,0.0,0.0
35.0,4,0.0,1,1,0,158937.55,0,1.0,0.0,0.0,1.0
37.0,8,98218.04,2,1,0,182354.46,3,0.0,1.0,0.0,0.0
40.0,6,0.0,1,1,1,22735.45,0,1.0,0.0,0.0,1.0
48.0,4,112070.86,3,1,0,173568.3,1,1.0,0.0,0.0,0.0
36.0,2,0.0,2,0,1,167749.54,3,1.0,0.0,0.0,0.0
34.0,4,106005.54,1,0,1,142995.32,2,1.0,0.0,0.0,1.0
38.0,1,124271.26,1,1,0,75969.19,1,1.0,0.0,0.0,1.0
24.0,7,128736.39,1,0,1,37147.61,1,1.0,0.0,0.0,0.0
40.0,1,0.0,2,1,1,187343.4,3,1.0,0.0,0.0,1.0
25.0,10,0.0,2,1,0,69361.95,0,0.0,0.0,1.0,0.0
48.0,3,120320.54,1,0,0,96463.25,2,1.0,0.0,0.0,1.0
50.0,5,88379.81,3,0,1,64157.24,1,0.0,1.0,0.0,0.0
28.0,2,109161.25,1,1,0,152987.42,0,0.0,0.0,1.0,1.0
48.0,2,115290.27,1,0,0,98912.69,4,1.0,0.0,0.0,0.0
38.91621420206537,0,0.0,2,0,1,184514.01,4,0.0,0.0,1.0,0.0
45.0,10,144677.19,3,1,0,22512.44,4,0.0,1.0,0.0,1.0
38.91621420206537,3,99286.98,1,0,1,85578.63,4,1.0,0.0,0.0,0.0
33.0,6,0.0,2,1,0,111590.35,0,1.0,0.0,0.0,1.0
50.0,4,137104.47,1,1,0,127166.49,1,1.0,0.0,0.0,1.0
38.0,1,0.0,2,1,0,46176.22,1,1.0,0.0,0.0,1.0
35.0,1,172170.36,1,1,1,159777.37,2,1.0,0.0,0.0,1.0
38.0,3,0.0,1,0,0,143938.27,0,1.0,0.0,0.0,1.0
35.0,5,0.0,2,1,0,31050.02,1,1.0,0.0,0.0,0.0
38.0,4,129499.42,1,1,1,154071.27,1,0.0,1.0,0.0,0.0
35.0,6,161613.94,2,1,1,148238.16,1,1.0,0.0,0.0,1.0
43.0,4,0.0,3,1,0,115136.51,3,1.0,0.0,0.0,0.0
69.0,1,0.0,2,1,1,131804.86,3,1.0,0.0,0.0,0.0
30.0,1,124037.28,1,1,1,142210.94,4,0.0,0.0,1.0,0.0
22.0,8,0.0,2,0,1,142670.61,0,1.0,0.0,0.0,0.0
47.0,5,157099.47,2,1,1,65481.86,1,0.0,1.0,0.0,0.0
33.0,0,137811.75,1,1,1,184856.89,2,1.0,0.0,0.0,0.0
52.0,1,106723.28,1,0,0,109960.4,0,1.0,0.0,0.0,1.0
39.0,3,151914.93,1,0,0,56459.45,1,0.0,0.0,1.0,1.0
26.0,5,166297.89,1,1,1,181694.44,4,0.0,0.0,1.0,0.0
50.0,5,0.0,4,1,1,83866.35,0,0.0,0.0,1.0,0.0
35.0,5,0.0,2,0,1,13066.3,1,1.0,0.0,0.0,0.0
28.0,9,0.0,2,0,0,94141.75,0,1.0,0.0,0.0,0.0
53.0,7,0.0,2,1,0,41371.68,1,1.0,0.0,0.0,0.0
31.0,1,117992.59,1,1,1,183598.77,1,0.0,1.0,0.0,0.0
28.0,6,0.0,1,0,1,8814.69,2,1.0,0.0,0.0,0.0
28.0,4,128206.79,1,1,1,54272.12,3,1.0,0.0,0.0,1.0
32.0,6,130935.56,1,1,0,9241.83,2,0.0,1.0,0.0,0.0
32.0,9,160680.41,1,1,0,30886.35,4,0.0,1.0,0.0,1.0
34.0,7,113014.7,2,1,1,56646.28,1,1.0,0.0,0.0,1.0
36.0,2,114628.4,1,0,1,168290.06,0,1.0,0.0,0.0,1.0
30.0,8,80964.57,2,1,0,174738.2,2,1.0,0.0,0.0,1.0
31.0,3,0.0,2,0,1,27731.05,2,1.0,0.0,0.0,1.0
36.0,6,112518.71,2,0,1,110421.31,2,1.0,0.0,0.0,0.0
36.0,6,86607.39,1,0,0,19825.09,2,0.0,0.0,1.0,0.0
38.0,2,0.0,2,1,0,96.27,3,1.0,0.0,0.0,1.0
44.0,1,0.0,2,0,0,69244.24,0,1.0,0.0,0.0,1.0
43.0,0,93143.39,1,1,0,167554.86,3,1.0,0.0,0.0,0.0
29.0,8,0.0,1,1,0,66367.33,3,1.0,0.0,0.0,1.0
42.0,8,119839.69,1,0,1,51016.02,4,0.0,1.0,0.0,1.0
32.0,4,0.0,2,1,0,147040.25,4,1.0,0.0,0.0,0.0
40.0,5,90594.55,1,0,1,181598.25,1,0.0,1.0,0.0,1.0
54.0,9,117444.51,1,1,1,186238.85,3,1.0,0.0,0.0,1.0
44.0,5,95671.75,2,1,1,106564.88,1,1.0,0.0,0.0,0.0
51.0,7,90373.28,2,1,0,179861.79,0,0.0,1.0,0.0,1.0
44.0,3,0.0,2,1,1,34416.79,0,1.0,0.0,0.0,1.0
22.0,6,0.0,3,0,1,168412.07,2,0.0,0.0,1.0,0.0
40.0,1,0.0,2,1,1,145613.17,3,0.0,0.0,1.0,1.0
58.0,7,170113.0,2,0,1,10494.64,3,0.0,1.0,0.0,1.0
52.0,7,0.0,2,1,1,173952.5,1,1.0,0.0,0.0,1.0
71.0,4,137260.78,1,0,1,94433.08,2,0.0,0.0,1.0,1.0
39.0,2,112957.26,2,1,0,97593.16,0,1.0,0.0,0.0,1.0
44.0,6,128747.69,1,1,0,146955.71,0,1.0,0.0,0.0,0.0
30.0,4,85755.86,1,1,0,145115.95,1,1.0,0.0,0.0,0.0
21.0,8,98373.26,1,1,0,18203.0,2,1.0,0.0,0.0,0.0
35.0,2,104508.1,1,1,1,147636.46,1,1.0,0.0,0.0,0.0
37.0,7,0.0,1,1,0,159486.76,3,1.0,0.0,0.0,1.0
38.0,6,132129.72,1,0,1,76068.95,2,1.0,0.0,0.0,0.0
33.0,4,0.0,2,1,0,149474.69,4,1.0,0.0,0.0,0.0
45.0,8,0.0,2,1,1,99251.24,4,1.0,0.0,0.0,0.0
28.0,1,69459.05,2,1,1,128461.29,2,0.0,1.0,0.0,1.0
31.0,7,111855.04,2,1,1,36278.89,0,1.0,0.0,0.0,0.0
34.0,5,0.0,2,1,0,27022.57,1,1.0,0.0,0.0,0.0
44.0,5,136836.49,1,1,0,192359.9,0,1.0,0.0,0.0,0.0
22.0,2,126362.57,2,1,1,97382.8,2,1.0,0.0,0.0,0.0
38.0,1,0.0,2,1,0,47764.99,4,1.0,0.0,0.0,0.0
34.0,7,160426.07,1,0,1,188533.11,2,0.0,1.0,0.0,0.0
31.0,2,160997.54,2,0,1,64831.36,3,0.0,1.0,0.0,1.0
41.0,8,37702.79,1,1,1,195775.48,1,0.0,1.0,0.0,1.0
28.0,3,128929.88,1,1,1,198069.71,2,0.0,0.0,1.0,0.0
43.0,4,110182.54,2,1,1,87537.32,4,0.0,1.0,0.0,1.0
60.0,5,162039.78,1,1,1,84361.72,2,1.0,0.0,0.0,0.0
41.0,3,138306.34,1,1,0,106761.47,0,0.0,1.0,0.0,0.0
32.0,1,132178.67,1,0,0,11865.76,2,0.0,1.0,0.0,1.0
45.0,5,0.0,2,1,0,131906.44,3,1.0,0.0,0.0,0.0
42.0,8,151836.36,2,1,0,68695.38,4,0.0,1.0,0.0,1.0
28.0,5,97612.12,1,1,1,96498.14,3,1.0,0.0,0.0,1.0
38.91621420206537,1,156848.13,2,1,1,99475.95,3,0.0,1.0,0.0,0.0
37.0,3,103457.76,1,0,0,1114.12,4,0.0,1.0,0.0,0.0
38.91621420206537,8,100812.33,2,1,0,147358.27,1,1.0,0.0,0.0,0.0
40.0,6,0.0,1,1,0,28280.8,4,1.0,0.0,0.0,0.0
67.0,9,0.0,3,1,1,72318.77,2,1.0,0.0,0.0,1.0
34.0,9,0.0,2,1,1,95686.6,3,1.0,0.0,0.0,1.0
34.0,4,124314.45,1,0,0,97782.92,3,1.0,0.0,0.0,1.0
32.0,3,109109.33,1,0,1,4993.94,1,0.0,0.0,1.0,1.0
47.0,9,95523.16,1,1,0,73294.48,4,0.0,1.0,0.0,0.0
39.0,8,151391.68,1,1,0,27274.6,1,0.0,1.0,0.0,0.0
21.0,2,123200.78,1,1,1,180712.28,3,0.0,0.0,1.0,1.0
30.0,2,119755.0,1,1,1,21852.91,1,0.0,1.0,0.0,1.0
34.0,9,92899.27,2,1,0,97465.89,4,1.0,0.0,0.0,0.0
18.0,7,0.0,1,0,1,59645.24,2,0.0,0.0,1.0,1.0
53.0,6,0.0,2,1,1,124218.27,1,1.0,0.0,0.0,0.0
50.0,4,122227.71,1,0,1,14217.77,2,0.0,1.0,0.0,1.0
73.0,6,66573.17,1,1,1,62768.8,3,1.0,0.0,0.0,1.0
38.0,5,142658.04,2,0,1,135337.11,1,0.0,1.0,0.0,0.0
35.0,8,0.0,2,1,0,64833.28,0,1.0,0.0,0.0,1.0
42.0,6,158414.85,1,1,1,131886.46,1,0.0,1.0,0.0,0.0
40.0,5,139973.65,1,1,1,667.66,2,0.0,1.0,0.0,0.0
23.0,9,143054.85,1,0,1,62980.96,4,0.0,0.0,1.0,0.0
38.0,5,146756.68,1,1,0,78268.61,4,0.0,1.0,0.0,1.0
41.0,8,0.0,3,1,1,79866.73,1,0.0,0.0,1.0,0.0
32.0,4,0.0,2,1,0,59668.81,1,1.0,0.0,0.0,0.0
55.0,8,155059.1,2,1,1,144584.29,3,0.0,1.0,0.0,1.0
18.0,1,132694.73,1,1,0,167689.56,1,0.0,1.0,0.0,1.0
33.0,6,0.0,2,0,0,38550.4,4,1.0,0.0,0.0,1.0
35.0,2,127862.93,2,1,0,139083.7,3,0.0,1.0,0.0,1.0
29.0,7,146011.4,1,0,0,50249.16,2,1.0,0.0,0.0,0.0
40.0,9,112701.04,1,0,0,29213.63,1,1.0,0.0,0.0,1.0
36.0,3,139180.2,1,0,0,123880.19,4,1.0,0.0,0.0,1.0
29.0,2,45022.23,1,1,1,173495.77,2,0.0,0.0,1.0,1.0
38.0,8,0.0,1,1,0,103760.53,2,0.0,0.0,1.0,0.0
43.0,6,97067.69,1,0,1,60920.03,4,0.0,1.0,0.0,0.0
29.0,5,112564.62,1,1,0,42334.38,3,1.0,0.0,0.0,0.0
36.0,8,146943.38,2,1,1,130041.45,2,0.0,0.0,1.0,1.0
35.0,9,108308.0,1,1,0,129031.19,0,1.0,0.0,0.0,0.0
36.0,5,81210.72,2,0,1,108003.38,4,1.0,0.0,0.0,1.0
39.0,3,0.0,1,1,1,95625.03,3,0.0,0.0,1.0,1.0
38.0,7,110555.37,2,1,0,46522.68,3,0.0,1.0,0.0,1.0
57.0,9,114023.64,2,1,1,71167.17,0,1.0,0.0,0.0,0.0
39.0,6,0.0,2,1,1,81409.0,0,0.0,0.0,1.0,1.0
45.0,5,83888.54,1,0,1,34121.81,3,0.0,0.0,1.0,1.0
44.0,5,0.0,3,0,0,5459.07,0,0.0,0.0,1.0,0.0
36.0,7,85660.96,1,0,0,134778.01,0,0.0,0.0,1.0,0.0
40.0,2,0.0,1,1,0,78387.32,3,0.0,0.0,1.0,1.0
42.0,0,0.0,2,0,1,140724.64,3,1.0,0.0,0.0,0.0
58.0,3,114327.59,2,1,1,42831.11,4,0.0,1.0,0.0,1.0
30.0,5,136650.89,1,1,1,41865.72,3,0.0,1.0,0.0,0.0
39.0,5,80615.46,2,0,0,180962.32,3,0.0,1.0,0.0,1.0
39.0,6,133261.13,1,1,1,78065.9,3,0.0,0.0,1.0,1.0
31.0,6,0.0,1,0,0,61326.43,3,1.0,0.0,0.0,0.0
44.0,3,164113.04,2,1,1,12120.79,0,0.0,1.0,0.0,1.0
40.0,2,110086.69,1,1,0,159773.14,2,0.0,1.0,0.0,0.0
41.0,8,120586.54,1,0,1,20491.15,0,0.0,1.0,0.0,1.0
40.0,9,0.0,1,1,1,96670.2,2,1.0,0.0,0.0,1.0
40.0,1,99004.24,1,1,1,152845.99,0,0.0,0.0,1.0,1.0
31.0,5,0.0,2,0,1,13998.88,3,0.0,0.0,1.0,0.0
40.0,1,141136.79,1,1,1,67803.83,1,1.0,0.0,0.0,1.0
53.0,10,110240.04,1,0,0,183980.56,2,1.0,0.0,0.0,0.0
34.0,3,120777.88,1,1,1,131729.52,1,1.0,0.0,0.0,0.0
47.0,4,0.0,2,1,0,197528.62,3,1.0,0.0,0.0,1.0
44.0,6,168165.84,1,0,1,197193.49,3,1.0,0.0,0.0,0.0
45.0,9,106431.97,2,1,1,164117.69,3,0.0,1.0,0.0,0.0
29.0,2,0.0,1,1,1,168924.41,1,0.0,0.0,1.0,1.0
33.0,2,103516.87,1,1,0,113907.8,4,1.0,0.0,0.0,0.0
60.0,2,116563.58,1,1,0,120257.7,3,1.0,0.0,0.0,1.0
43.0,3,122717.53,2,1,1,87000.39,2,0.0,1.0,0.0,0.0
38.0,8,85982.07,1,1,0,9238.35,0,1.0,0.0,0.0,1.0
28.0,3,99705.69,2,0,0,146723.72,3,0.0,1.0,0.0,0.0
31.0,7,0.0,2,1,1,175697.87,0,1.0,0.0,0.0,0.0
36.0,4,59893.85,2,1,0,43999.64,2,0.0,0.0,1.0,1.0
28.0,0,96020.86,1,1,1,57992.49,3,0.0,0.0,1.0,1.0
35.0,8,127290.61,1,1,0,16081.62,4,0.0,0.0,1.0,1.0
38.0,9,88977.39,2,0,1,133403.07,0,0.0,1.0,0.0,1.0
52.0,4,86891.84,1,1,0,90877.76,2,0.0,1.0,0.0,0.0
34.0,4,106328.08,1,1,0,88680.65,3,1.0,0.0,0.0,0.0
33.0,10,66948.67,2,1,1,140759.03,1,0.0,0.0,1.0,0.0
48.0,2,107247.69,1,1,1,103712.05,2,0.0,1.0,0.0,1.0
38.91621420206537,9,0.0,2,1,1,48644.94,4,1.0,0.0,0.0,1.0
73.0,7,0.0,2,0,0,130883.9,0,1.0,0.0,0.0,0.0
41.0,5,0.0,2,1,1,134626.3,4,0.0,0.0,1.0,1.0
45.0,9,43134.65,1,0,1,77330.35,3,1.0,0.0,0.0,1.0
34.0,8,111905.43,1,0,1,197221.81,0,0.0,1.0,0.0,0.0
49.0,1,150777.72,2,1,1,135757.27,0,0.0,0.0,1.0,1.0
45.0,1,0.0,2,1,0,46807.62,3,1.0,0.0,0.0,0.0
25.0,5,157993.15,2,1,0,146041.45,4,1.0,0.0,0.0,1.0
37.0,8,138292.64,2,0,0,152422.91,2,0.0,1.0,0.0,1.0
28.0,4,0.0,2,1,1,176925.69,1,1.0,0.0,0.0,1.0
46.0,10,85216.61,1,1,0,117369.52,0,1.0,0.0,0.0,0.0
38.0,2,116248.88,1,1,0,105140.92,1,1.0,0.0,0.0,1.0
38.91621420206537,4,93960.35,1,1,0,36579.53,2,0.0,1.0,0.0,1.0
43.0,3,55853.33,2,0,1,94811.85,3,0.0,0.0,1.0,0.0
34.0,10,0.0,2,0,1,183387.12,1,0.0,0.0,1.0,1.0
39.0,7,0.0,2,1,0,83084.33,1,1.0,0.0,0.0,1.0
56.0,3,116251.24,1,0,1,42429.88,2,0.0,1.0,0.0,0.0
33.0,3,117413.95,1,1,1,12766.74,0,1.0,0.0,0.0,1.0
39.0,6,0.0,2,1,0,141069.88,2,1.0,0.0,0.0,0.0
55.0,3,161608.81,1,1,0,8080.85,4,0.0,1.0,0.0,0.0
39.0,7,171646.76,1,0,1,100791.36,4,0.0,0.0,1.0,0.0
51.0,3,0.0,1,1,0,173989.47,2,1.0,0.0,0.0,0.0
38.0,8,0.0,2,1,0,84049.16,2,1.0,0.0,0.0,0.0
45.0,2,91549.78,1,1,1,47139.44,4,0.0,0.0,1.0,1.0
45.0,4,122793.96,1,1,1,62002.04,1,0.0,1.0,0.0,0.0
54.0,1,79415.67,1,0,1,139735.54,3,0.0,0.0,1.0,1.0
29.0,3,185379.02,1,1,0,64679.07,3,0.0,1.0,0.0,1.0
32.0,1,145980.23,1,0,1,56636.28,2,0.0,1.0,0.0,0.0
29.0,9,131240.61,1,1,1,163746.09,4,1.0,0.0,0.0,0.0
29.0,6,0.0,2,0,0,168023.6,4,1.0,0.0,0.0,1.0
33.0,10,0.0,1,0,0,158336.36,3,0.0,0.0,1.0,1.0
33.0,9,168964.77,1,0,1,118982.51,4,0.0,0.0,1.0,0.0
37.0,2,133968.96,2,1,0,148689.65,1,1.0,0.0,0.0,0.0
49.0,10,0.0,1,1,0,82967.97,3,1.0,0.0,0.0,0.0
34.0,5,98683.47,2,1,0,15733.19,2,0.0,0.0,1.0,0.0
41.0,10,76319.64,1,1,1,141175.18,4,1.0,0.0,0.0,0.0
29.0,9,144287.6,2,1,0,32063.3,0,0.0,1.0,0.0,1.0
27.0,6,62339.81,2,0,0,53874.67,0,1.0,0.0,0.0,0.0
24.0,4,0.0,2,0,1,34335.55,2,1.0,0.0,0.0,0.0
31.0,7,124593.23,1,1,0,86079.67,1,0.0,1.0,0.0,1.0
35.0,7,74623.5,3,1,0,129451.29,2,1.0,0.0,0.0,1.0
59.0,4,155766.05,1,1,1,110275.17,1,0.0,0.0,1.0,1.0
29.0,3,88814.4,2,1,1,62487.97,1,1.0,0.0,0.0,0.0
44.0,1,63438.91,1,1,0,64375.4,3,1.0,0.0,0.0,1.0
30.0,5,98014.74,1,1,1,12757.14,2,1.0,0.0,0.0,1.0
23.0,5,184244.86,1,1,0,103099.22,2,0.0,1.0,0.0,1.0
35.0,7,0.0,2,1,0,13218.6,2,1.0,0.0,0.0,1.0
40.0,10,121355.99,1,1,0,138360.29,0,0.0,0.0,1.0,1.0
46.0,8,0.0,1,0,0,162668.33,4,1.0,0.0,0.0,0.0
35.0,9,107944.33,2,0,0,48478.47,3,1.0,0.0,0.0,0.0
61.0,5,62055.17,3,1,0,166305.16,2,1.0,0.0,0.0,0.0
18.0,9,90544.0,1,0,1,4777.23,3,0.0,1.0,0.0,1.0
26.0,7,106397.75,1,0,0,103563.23,0,1.0,0.0,0.0,1.0
27.0,1,62092.9,1,1,1,105887.04,2,1.0,0.0,0.0,1.0
37.0,8,113143.12,1,0,0,3363.36,0,1.0,0.0,0.0,0.0
34.0,5,86055.17,2,1,1,104220.5,4,0.0,1.0,0.0,1.0
39.0,6,0.0,2,1,1,164018.98,1,0.0,0.0,1.0,0.0
27.0,9,94667.29,2,0,1,4470.52,1,0.0,1.0,0.0,1.0
51.0,3,154962.99,3,0,1,191932.27,1,0.0,0.0,1.0,0.0
38.91621420206537,4,182491.57,1,1,0,185830.72,0,0.0,1.0,0.0,0.0
32.0,5,67495.04,2,0,1,77370.37,4,0.0,1.0,0.0,0.0
42.0,3,0.0,2,1,1,128449.33,2,0.0,0.0,1.0,0.0
33.0,10,138335.96,1,1,1,80483.76,4,0.0,1.0,0.0,0.0
39.0,6,0.0,2,1,0,12266.06,3,0.0,0.0,1.0,1.0
47.0,7,114603.76,2,1,0,153194.32,2,0.0,1.0,0.0,0.0
59.0,5,0.0,1,1,1,137273.97,2,1.0,0.0,0.0,1.0
66.0,7,0.0,2,1,1,74580.8,1,1.0,0.0,0.0,1.0
48.0,4,123593.22,2,1,0,82469.06,2,0.0,1.0,0.0,1.0
41.0,4,112152.89,1,0,1,36242.19,0,0.0,0.0,1.0,0.0
48.0,8,120782.7,1,1,0,63940.68,1,0.0,1.0,0.0,0.0
20.0,3,187294.46,1,1,0,103456.47,1,0.0,0.0,1.0,1.0
31.0,10,0.0,2,1,0,160990.27,3,1.0,0.0,0.0,0.0
42.0,3,87807.29,2,1,1,64613.81,4,0.0,1.0,0.0,1.0
34.0,0,0.0,2,1,0,185555.63,2,1.0,0.0,0.0,0.0
38.91621420206537,5,0.0,2,1,1,48606.92,1,1.0,0.0,0.0,1.0
36.0,1,117864.85,2,1,0,27619.06,3,0.0,1.0,0.0,1.0
30.0,1,139676.95,2,0,1,16146.0,3,0.0,1.0,0.0,0.0
25.0,3,0.0,2,0,0,187048.72,1,1.0,0.0,0.0,1.0
31.0,3,98360.03,1,0,0,20973.8,2,1.0,0.0,0.0,0.0
76.0,7,0.0,2,0,1,188772.45,3,1.0,0.0,0.0,0.0
37.0,0,120764.08,1,1,1,117023.08,0,1.0,0.0,0.0,1.0
67.0,8,103101.56,2,1,1,154002.02,0,1.0,0.0,0.0,1.0
38.0,9,135979.01,4,1,1,76582.95,1,1.0,0.0,0.0,0.0
47.0,10,99835.17,1,0,1,89103.05,2,0.0,0.0,1.0,1.0
37.0,7,0.0,2,1,0,75248.3,2,1.0,0.0,0.0,1.0
25.0,8,139330.1,1,0,0,54372.37,0,0.0,1.0,0.0,1.0
38.91621420206537,7,0.0,2,1,1,173851.11,4,1.0,0.0,0.0,1.0
36.0,7,0.0,2,1,0,184866.86,4,1.0,0.0,0.0,0.0
34.0,9,150856.79,1,0,1,8236.78,3,1.0,0.0,0.0,1.0
33.0,7,131647.01,2,0,0,79775.19,1,0.0,1.0,0.0,0.0
45.0,2,151421.44,1,0,1,115333.43,2,0.0,1.0,0.0,1.0
52.0,0,136298.65,1,1,0,144593.3,2,0.0,0.0,1.0,1.0
29.0,8,80204.11,2,1,0,70223.22,4,0.0,1.0,0.0,0.0
22.0,2,0.0,2,1,0,28123.99,0,1.0,0.0,0.0,1.0
21.0,3,0.0,2,1,1,3626.47,1,1.0,0.0,0.0,0.0
33.0,10,147493.7,2,1,0,100447.53,0,1.0,0.0,0.0,0.0
24.0,6,0.0,2,1,1,13159.9,4,1.0,0.0,0.0,0.0
28.0,6,149594.02,2,1,0,102325.19,2,0.0,0.0,1.0,1.0
38.91621420206537,3,124483.53,1,1,0,126253.31,3,0.0,0.0,1.0,1.0
35.0,1,0.0,2,1,0,3701.63,0,1.0,0.0,0.0,0.0
21.0,10,125712.2,1,0,0,175072.47,2,1.0,0.0,0.0,0.0
39.0,2,111525.02,1,1,0,199484.96,3,1.0,0.0,0.0,1.0
33.0,9,0.0,2,1,1,84174.81,2,1.0,0.0,0.0,1.0
38.0,2,135559.8,2,1,1,71856.3,0,0.0,1.0,0.0,1.0
47.0,10,0.0,2,1,0,170481.98,2,1.0,0.0,0.0,1.0
33.0,3,0.0,1,1,1,2739.71,0,0.0,0.0,1.0,1.0
27.0,1,125406.58,1,1,1,110784.42,1,1.0,0.0,0.0,0.0
35.0,8,0.0,2,0,1,67431.28,0,1.0,0.0,0.0,1.0
30.0,0,0.0,2,1,1,130553.47,0,1.0,0.0,0.0,0.0
50.0,9,130023.38,1,1,0,62989.82,4,0.0,1.0,0.0,1.0
58.0,2,101579.28,1,1,1,72168.53,4,1.0,0.0,0.0,1.0
60.0,9,0.0,3,1,1,75246.21,3,1.0,0.0,0.0,1.0
26.0,1,0.0,2,1,1,104435.94,3,1.0,0.0,0.0,1.0
64.0,5,0.0,1,1,0,136079.64,0,0.0,0.0,1.0,0.0
55.0,6,0.0,1,0,0,91943.94,2,0.0,0.0,1.0,0.0
25.0,5,190066.54,1,0,0,51345.39,3,1.0,0.0,0.0,0.0
54.0,3,140014.42,1,0,1,86350.97,0,1.0,0.0,0.0,1.0
42.0,5,49508.79,3,1,1,100324.01,2,0.0,1.0,0.0,0.0
38.0,5,118866.36,1,1,1,163317.5,3,0.0,0.0,1.0,1.0
45.0,7,118626.55,2,1,0,147132.46,4,1.0,0.0,0.0,1.0
34.0,8,108653.93,1,0,1,144725.14,0,0.0,0.0,1.0,1.0
37.0,5,160389.82,1,0,1,183542.08,2,1.0,0.0,0.0,0.0
48.0,6,119769.77,1,0,1,66032.65,2,1.0,0.0,0.0,0.0
33.0,2,132150.26,2,1,0,23067.97,4,1.0,0.0,0.0,1.0
26.0,4,65848.36,2,1,0,30149.21,1,0.0,0.0,1.0,1.0
32.0,7,175454.0,1,0,1,77349.92,3,0.0,1.0,0.0,1.0
57.0,2,119035.35,2,1,1,29871.79,0,0.0,0.0,1.0,0.0
55.0,8,85845.43,2,1,1,128918.42,1,0.0,0.0,1.0,1.0
44.0,3,0.0,2,0,1,78439.73,4,0.0,0.0,1.0,1.0
33.0,3,89276.48,1,1,0,6959.0,4,1.0,0.0,0.0,1.0
19.0,9,83495.11,1,1,1,143022.31,1,0.0,1.0,0.0,0.0
44.0,10,0.0,2,1,0,170634.49,4,1.0,0.0,0.0,0.0
55.0,5,0.0,1,0,0,10034.77,0,1.0,0.0,0.0,0.0
65.0,10,126306.64,3,0,0,7861.68,1,0.0,1.0,0.0,1.0
40.0,3,0.0,2,0,0,124874.23,0,1.0,0.0,0.0,1.0
59.0,9,101609.77,1,0,0,161479.19,4,0.0,1.0,0.0,0.0
35.0,7,0.0,2,1,0,150784.29,1,1.0,0.0,0.0,1.0
38.0,7,101985.81,2,0,0,43801.27,4,0.0,1.0,0.0,1.0
44.0,2,133776.86,2,0,1,49865.04,3,0.0,1.0,0.0,0.0
29.0,7,174851.9,1,1,1,79178.31,0,1.0,0.0,0.0,1.0
54.0,3,0.0,1,1,0,130805.54,3,1.0,0.0,0.0,0.0
38.0,5,0.0,2,0,0,103305.01,4,1.0,0.0,0.0,1.0
31.0,2,0.0,2,1,1,107759.31,3,1.0,0.0,0.0,1.0
28.0,9,152812.58,1,1,0,166682.57,2,0.0,1.0,0.0,0.0
31.0,8,149085.9,2,1,1,197077.36,4,0.0,1.0,0.0,1.0
29.0,10,88378.6,1,1,0,88550.28,3,1.0,0.0,0.0,0.0
36.0,8,92310.54,2,1,1,72924.56,4,0.0,1.0,0.0,1.0
46.0,1,0.0,2,1,0,104272.04,1,0.0,0.0,1.0,0.0
45.0,6,93796.42,2,1,1,162321.26,0,0.0,1.0,0.0,1.0
33.0,7,138705.02,2,1,0,37136.15,2,1.0,0.0,0.0,1.0
38.91621420206537,6,0.0,2,1,1,8991.17,3,1.0,0.0,0.0,1.0
48.0,9,0.0,1,1,0,149892.79,0,1.0,0.0,0.0,0.0
43.0,10,112751.13,1,1,1,28332.0,0,1.0,0.0,0.0,1.0
45.0,2,109730.22,1,1,1,123882.73,4,1.0,0.0,0.0,0.0
34.0,6,102143.93,2,1,1,102628.98,1,0.0,1.0,0.0,0.0
29.0,9,0.0,2,1,0,13133.88,1,0.0,0.0,1.0,1.0
41.0,8,107525.07,1,1,0,18510.41,4,0.0,0.0,1.0,1.0
43.0,4,0.0,2,1,1,66406.37,3,0.0,0.0,1.0,0.0
41.0,9,109013.23,1,1,0,196499.96,1,0.0,0.0,1.0,0.0
40.0,4,0.0,2,1,1,81908.09,4,0.0,0.0,1.0,1.0
48.0,3,142055.41,2,0,1,79134.78,0,0.0,1.0,0.0,1.0
21.0,6,76467.16,1,1,1,173511.72,3,1.0,0.0,0.0,1.0
40.0,8,150679.71,2,0,1,196226.38,3,0.0,1.0,0.0,0.0
19.0,3,0.0,2,1,1,124297.32,4,1.0,0.0,0.0,0.0
38.0,8,95139.41,1,1,1,86575.46,0,1.0,0.0,0.0,0.0
22.0,4,174852.89,1,1,1,28149.06,3,1.0,0.0,0.0,0.0
39.0,5,91538.51,1,1,1,93783.0,3,0.0,1.0,0.0,1.0
30.0,1,0.0,3,1,0,164647.72,3,0.0,0.0,1.0,1.0
48.0,6,120682.53,1,1,0,30635.52,1,1.0,0.0,0.0,1.0
41.0,4,0.0,2,0,1,147606.71,0,0.0,0.0,1.0,0.0
49.0,4,82940.25,2,0,0,62413.01,0,0.0,0.0,1.0,0.0
38.0,10,0.0,1,0,0,52337.97,0,1.0,0.0,0.0,0.0
38.91621420206537,2,68892.77,2,1,0,7905.06,0,1.0,0.0,0.0,0.0
34.0,8,0.0,2,1,0,53584.03,4,1.0,0.0,0.0,0.0
39.0,4,0.0,2,1,0,91366.42,1,0.0,0.0,1.0,0.0
38.0,9,89111.63,1,0,0,157239.6,1,0.0,1.0,0.0,1.0
31.0,0,113688.63,1,1,0,33099.41,0,0.0,1.0,0.0,1.0
40.0,9,126212.64,1,1,0,70196.57,4,1.0,0.0,0.0,1.0
34.0,5,0.0,2,1,0,159311.46,2,0.0,0.0,1.0,1.0
40.0,9,71340.09,1,1,0,76192.21,0,0.0,1.0,0.0,0.0
29.0,6,0.0,2,1,1,108684.65,1,1.0,0.0,0.0,1.0
30.0,9,0.0,2,1,1,195104.91,3,1.0,0.0,0.0,0.0
40.0,7,124339.9,1,0,0,193309.58,1,1.0,0.0,0.0,1.0
39.0,10,124576.65,2,1,0,148584.61,0,0.0,1.0,0.0,1.0
34.0,8,0.0,2,1,1,133447.49,3,1.0,0.0,0.0,1.0
40.0,6,0.0,1,1,1,161848.03,2,1.0,0.0,0.0,0.0
39.0,1,111233.09,1,1,1,123995.15,0,0.0,0.0,1.0,1.0
26.0,10,109819.16,2,1,0,154491.39,1,0.0,1.0,0.0,0.0
28.0,3,106070.29,2,1,1,183893.31,3,0.0,1.0,0.0,1.0
49.0,1,0.0,1,1,0,79342.31,2,1.0,0.0,0.0,0.0
19.0,1,0.0,2,0,1,22101.86,2,1.0,0.0,0.0,0.0
28.0,7,108116.66,1,1,1,27411.19,3,1.0,0.0,0.0,1.0
37.0,5,53573.18,1,1,0,62830.97,0,1.0,0.0,0.0,0.0
35.0,8,0.0,1,1,1,67508.01,3,1.0,0.0,0.0,0.0
36.0,1,113110.26,1,1,0,98413.1,0,0.0,0.0,1.0,1.0
59.0,6,55328.4,1,1,0,83342.73,0,1.0,0.0,0.0,0.0
49.0,4,120688.61,1,1,0,24770.22,2,0.0,1.0,0.0,1.0
34.0,3,0.0,1,1,0,54726.43,2,1.0,0.0,0.0,0.0
32.0,3,63763.49,1,1,0,156593.09,4,1.0,0.0,0.0,0.0
33.0,2,80462.24,1,0,0,150422.35,2,0.0,0.0,1.0,1.0
38.0,10,0.0,2,1,1,56229.72,3,1.0,0.0,0.0,0.0
38.91621420206537,7,79259.99,1,0,1,186910.74,4,1.0,0.0,0.0,0.0
32.0,6,123912.78,2,1,1,146636.44,2,0.0,0.0,1.0,1.0
41.0,4,82596.8,1,0,1,55672.09,0,1.0,0.0,0.0,0.0
26.0,3,137998.2,2,0,1,168989.77,2,1.0,0.0,0.0,1.0
29.0,2,0.0,1,1,0,126336.72,3,1.0,0.0,0.0,1.0
61.0,2,0.0,1,0,1,127804.66,4,1.0,0.0,0.0,1.0
35.0,5,0.0,2,0,0,100365.51,4,0.0,0.0,1.0,0.0
31.0,4,138317.94,1,0,0,61843.73,0,1.0,0.0,0.0,0.0
43.0,9,0.0,2,0,0,190573.91,0,1.0,0.0,0.0,1.0
24.0,5,117154.9,1,1,1,127744.02,0,0.0,1.0,0.0,1.0
31.0,6,71269.89,2,0,1,125912.77,4,1.0,0.0,0.0,1.0
34.0,5,144094.2,1,1,0,44510.26,1,1.0,0.0,0.0,1.0
30.0,2,0.0,1,0,1,102057.86,2,1.0,0.0,0.0,1.0
31.0,5,0.0,2,1,1,41872.17,2,1.0,0.0,0.0,1.0
69.0,3,27288.43,1,1,1,110509.9,4,0.0,1.0,0.0,1.0
32.0,2,136555.01,2,1,1,129353.21,0,1.0,0.0,0.0,0.0
47.0,9,128298.74,1,0,0,149614.17,0,0.0,1.0,0.0,0.0
39.0,6,0.0,1,1,1,56999.9,0,1.0,0.0,0.0,1.0
47.0,2,118812.5,2,0,0,31121.42,3,0.0,1.0,0.0,1.0
30.0,0,100954.88,2,0,0,134175.15,0,0.0,1.0,0.0,0.0
38.91621420206537,5,57568.94,1,1,1,61128.29,4,1.0,0.0,0.0,1.0
32.0,5,0.0,1,1,1,3830.59,4,0.0,0.0,1.0,0.0
30.0,9,0.0,2,1,1,2053.42,3,1.0,0.0,0.0,1.0
48.0,0,0.0,1,1,0,85081.09,0,1.0,0.0,0.0,0.0
27.0,4,111568.01,1,0,1,22026.18,2,0.0,1.0,0.0,0.0
38.91621420206537,0,83102.72,2,1,1,54132.93,3,0.0,0.0,1.0,0.0
62.0,1,43772.66,3,1,0,187756.24,0,1.0,0.0,0.0,1.0
35.0,2,101257.16,1,1,1,118113.64,0,1.0,0.0,0.0,1.0
39.0,9,111336.89,1,1,0,16770.31,4,0.0,1.0,0.0,1.0
76.0,6,96166.88,1,1,1,191393.26,1,0.0,1.0,0.0,1.0
40.0,2,121647.54,2,1,1,64849.74,2,0.0,1.0,0.0,1.0
31.0,1,0.0,2,0,1,182270.88,3,1.0,0.0,0.0,1.0
40.0,10,0.0,1,1,1,147093.84,1,1.0,0.0,0.0,0.0
28.0,6,164365.44,1,0,1,5698.97,0,0.0,1.0,0.0,0.0
22.0,6,0.0,2,1,1,66393.89,0,1.0,0.0,0.0,0.0
54.0,7,108185.81,2,0,0,24093.4,4,0.0,0.0,1.0,1.0
38.0,2,99811.44,2,1,0,23531.5,3,0.0,0.0,1.0,1.0
30.0,1,154970.54,1,0,1,156768.45,4,0.0,0.0,1.0,0.0
46.0,10,78136.36,2,1,1,73470.98,4,0.0,1.0,0.0,1.0
27.0,5,126285.73,1,1,0,177614.17,4,0.0,1.0,0.0,1.0
49.0,5,171601.27,1,1,0,126223.84,0,0.0,1.0,0.0,0.0
38.91621420206537,0,0.0,2,1,1,31165.06,3,0.0,0.0,1.0,0.0
25.0,7,0.0,2,0,1,23180.37,4,0.0,0.0,1.0,1.0
39.0,5,0.0,1,0,1,40207.06,4,1.0,0.0,0.0,1.0
29.0,2,129177.01,2,0,1,104617.99,1,0.0,1.0,0.0,0.0
37.0,1,0.0,2,0,0,133535.99,1,0.0,0.0,1.0,1.0
56.0,9,0.0,2,1,1,169498.61,4,1.0,0.0,0.0,1.0
43.0,3,145860.98,1,1,1,142763.51,2,1.0,0.0,0.0,0.0
46.0,9,0.0,1,0,0,14679.81,4,0.0,0.0,1.0,0.0
24.0,3,110949.41,1,1,1,168515.61,3,1.0,0.0,0.0,0.0
31.0,2,101675.22,2,1,0,45033.75,0,0.0,0.0,1.0,0.0
26.0,10,72835.56,2,1,0,96792.15,1,0.0,1.0,0.0,0.0
38.0,4,111798.06,2,1,1,102184.66,3,0.0,1.0,0.0,1.0
36.0,3,121092.47,2,0,1,143783.46,1,1.0,0.0,0.0,1.0
34.0,8,98592.88,1,0,1,191790.29,4,0.0,1.0,0.0,0.0
36.0,9,0.0,1,1,1,105818.51,1,1.0,0.0,0.0,1.0
30.0,4,114027.7,1,1,1,193716.56,3,0.0,1.0,0.0,1.0
37.0,5,0.0,1,0,0,20708.6,1,1.0,0.0,0.0,0.0
36.0,2,102989.83,2,0,1,49185.57,3,0.0,0.0,1.0,1.0
39.0,1,60374.98,1,1,0,40223.74,4,0.0,0.0,1.0,1.0
30.0,7,143964.36,2,1,0,41879.99,0,0.0,1.0,0.0,0.0
27.0,7,0.0,2,1,1,163060.43,2,0.0,0.0,1.0,0.0
43.0,10,0.0,2,1,0,149629.13,0,1.0,0.0,0.0,0.0
60.0,7,124447.73,1,1,1,141364.62,2,0.0,0.0,1.0,1.0
36.0,2,136815.64,1,1,1,170041.95,4,0.0,1.0,0.0,1.0
37.0,5,144235.73,2,0,0,154957.66,1,1.0,0.0,0.0,1.0
35.0,8,0.0,1,1,0,171840.24,0,1.0,0.0,0.0,0.0
46.0,2,57037.74,1,1,1,158531.01,2,1.0,0.0,0.0,1.0
62.0,1,127706.33,2,0,1,142377.69,4,1.0,0.0,0.0,1.0
46.0,5,113402.14,2,1,1,138849.06,2,1.0,0.0,0.0,0.0
31.0,2,0.0,2,1,0,54487.43,0,1.0,0.0,0.0,0.0
45.0,4,0.0,2,1,1,193412.05,0,0.0,0.0,1.0,0.0
37.0,6,170057.62,1,0,1,54398.56,0,0.0,1.0,0.0,0.0
25.0,3,147386.72,3,1,0,45482.04,1,0.0,0.0,1.0,0.0
54.0,5,92877.33,1,1,0,2619.64,0,0.0,1.0,0.0,1.0
37.0,2,163789.49,2,1,0,75832.53,4,1.0,0.0,0.0,1.0
35.0,7,127801.88,1,0,1,84239.46,0,0.0,1.0,0.0,1.0
50.0,4,0.0,2,1,1,31840.59,0,1.0,0.0,0.0,1.0
41.0,0,0.0,2,0,1,130567.02,2,1.0,0.0,0.0,1.0
35.0,10,104088.59,2,0,0,119666.0,0,1.0,0.0,0.0,1.0
35.0,10,0.0,1,1,0,82634.41,2,0.0,0.0,1.0,0.0
34.0,8,147833.3,2,0,1,1561.58,3,0.0,1.0,0.0,1.0
38.0,7,99842.5,2,1,0,90256.06,0,0.0,0.0,1.0,1.0
36.0,3,92363.3,2,1,0,44912.7,0,0.0,0.0,1.0,0.0
37.0,6,96340.81,2,1,1,139377.24,1,0.0,1.0,0.0,0.0
29.0,8,104944.1,1,1,1,97684.46,2,0.0,1.0,0.0,0.0
57.0,3,117056.46,1,1,0,93336.93,4,0.0,1.0,0.0,1.0
42.0,1,0.0,1,0,0,123006.91,1,1.0,0.0,0.0,1.0
41.0,1,89086.31,1,1,0,24499.97,1,1.0,0.0,0.0,1.0
57.0,1,0.0,2,1,0,89248.99,0,1.0,0.0,0.0,0.0
72.0,8,0.0,2,1,1,153604.44,2,1.0,0.0,0.0,0.0
23.0,8,0.0,2,1,1,131389.39,1,0.0,0.0,1.0,0.0
22.0,9,149777.0,1,1,1,198032.93,3,1.0,0.0,0.0,0.0
33.0,2,141204.65,2,1,0,76257.46,2,1.0,0.0,0.0,1.0
35.0,2,0.0,2,1,0,103480.69,1,1.0,0.0,0.0,1.0
72.0,3,0.0,1,1,1,86733.61,3,1.0,0.0,0.0,0.0
29.0,0,98263.46,2,1,0,164717.95,2,1.0,0.0,0.0,0.0
38.0,1,0.0,2,1,1,95153.24,0,1.0,0.0,0.0,1.0
37.0,8,75150.34,4,0,1,131766.67,1,1.0,0.0,0.0,0.0
26.0,7,105514.69,2,1,0,50070.59,1,0.0,1.0,0.0,0.0
25.0,6,0.0,2,1,0,89566.64,0,1.0,0.0,0.0,0.0
47.0,1,0.0,1,1,0,21312.16,0,1.0,0.0,0.0,1.0
33.0,6,0.0,2,0,0,76551.7,1,0.0,0.0,1.0,1.0
42.0,5,141927.1,1,1,1,43018.98,1,0.0,1.0,0.0,1.0
36.0,5,148667.81,2,1,0,56092.51,0,1.0,0.0,0.0,0.0
40.0,7,114354.95,1,1,0,54018.93,0,1.0,0.0,0.0,0.0
44.0,7,85304.27,1,1,1,58076.52,0,1.0,0.0,0.0,1.0
32.0,9,100262.88,2,1,1,157921.25,0,0.0,0.0,1.0,1.0
30.0,7,92847.59,1,1,0,146154.06,3,0.0,1.0,0.0,1.0
51.0,2,100946.71,1,0,0,179614.8,4,1.0,0.0,0.0,0.0
44.0,1,133866.22,1,0,1,139049.24,3,1.0,0.0,0.0,0.0
45.0,9,101207.75,1,0,0,88211.12,4,0.0,1.0,0.0,1.0
35.0,6,126077.43,2,1,1,53954.24,3,0.0,1.0,0.0,0.0
50.0,1,0.0,1,1,0,12106.82,2,1.0,0.0,0.0,0.0
42.0,1,85839.62,1,1,0,198182.73,4,0.0,1.0,0.0,1.0
25.0,8,127974.06,2,1,1,183259.35,0,1.0,0.0,0.0,0.0
31.0,3,123212.08,2,1,1,112157.31,2,0.0,1.0,0.0,1.0
41.0,2,156067.05,1,1,1,9983.88,3,1.0,0.0,0.0,0.0
40.0,10,139180.97,1,1,1,19959.67,2,1.0,0.0,0.0,0.0
46.0,3,97042.6,1,1,1,133516.51,3,0.0,1.0,0.0,1.0
60.0,8,0.0,2,1,1,51380.9,3,1.0,0.0,0.0,1.0
37.0,4,116471.43,2,1,0,175324.74,1,0.0,1.0,0.0,0.0
39.0,9,0.0,2,1,1,18826.06,3,0.0,0.0,1.0,1.0
38.0,10,122267.85,1,0,0,145759.93,4,0.0,0.0,1.0,1.0
34.0,5,0.0,2,1,0,163830.64,2,0.0,0.0,1.0,0.0
41.0,0,0.0,1,0,0,87959.83,2,0.0,0.0,1.0,0.0
38.0,8,57068.43,2,1,0,188974.81,0,0.0,1.0,0.0,0.0
26.0,8,148610.41,3,0,1,104502.02,1,0.0,0.0,1.0,0.0
30.0,6,86449.39,1,1,1,188809.23,4,1.0,0.0,0.0,1.0
32.0,7,0.0,2,1,0,4660.91,1,1.0,0.0,0.0,1.0
48.0,1,100900.5,1,0,0,33310.72,0,0.0,1.0,0.0,1.0
45.0,9,110827.49,1,1,1,153383.54,2,0.0,1.0,0.0,0.0
37.0,9,0.0,2,1,0,31921.95,3,0.0,0.0,1.0,1.0
21.0,2,125682.79,1,0,0,57762.0,1,1.0,0.0,0.0,0.0
38.91621420206537,5,133087.76,1,1,0,64771.61,3,1.0,0.0,0.0,1.0
39.0,6,94631.26,2,1,1,148948.52,2,1.0,0.0,0.0,0.0
33.0,7,130367.87,1,1,0,15142.1,3,0.0,1.0,0.0,0.0
38.0,2,0.0,2,0,0,58010.98,0,0.0,0.0,1.0,1.0
45.0,1,148600.91,1,1,0,143397.14,1,1.0,0.0,0.0,1.0
38.91621420206537,2,95813.76,3,1,1,67944.09,4,1.0,0.0,0.0,0.0
32.0,8,155726.85,1,1,0,67789.99,0,0.0,1.0,0.0,1.0
37.0,3,0.0,1,1,0,121883.87,4,1.0,0.0,0.0,1.0
53.0,10,89550.85,1,0,1,90076.85,0,1.0,0.0,0.0,0.0
39.0,6,120193.42,1,0,0,100130.95,2,0.0,0.0,1.0,1.0
46.0,5,100727.5,1,0,1,140857.76,0,0.0,1.0,0.0,0.0
38.91621420206537,10,139930.18,1,1,1,105720.09,0,1.0,0.0,0.0,1.0
29.0,2,95984.69,2,1,1,73686.75,4,1.0,0.0,0.0,1.0
37.0,9,127480.58,2,1,0,179634.69,0,0.0,1.0,0.0,0.0
45.0,1,126495.57,2,1,1,164741.5,0,0.0,0.0,1.0,0.0
43.0,8,127132.96,1,0,1,6009.27,2,0.0,0.0,1.0,1.0
40.0,8,109219.83,1,1,0,52827.51,2,1.0,0.0,0.0,1.0
33.0,4,0.0,1,1,0,152323.04,2,1.0,0.0,0.0,0.0
45.0,5,47884.92,1,1,1,54340.24,2,1.0,0.0,0.0,0.0
46.0,0,0.0,2,1,1,125962.02,3,1.0,0.0,0.0,0.0
48.0,9,136596.85,1,1,1,185791.9,4,1.0,0.0,0.0,1.0
46.0,9,113909.69,3,1,0,92320.37,4,0.0,1.0,0.0,0.0
32.0,1,134446.04,1,0,1,111241.37,2,0.0,0.0,1.0,1.0
36.0,8,0.0,2,1,0,186136.48,0,0.0,0.0,1.0,1.0
49.0,10,0.0,2,1,1,159835.78,2,0.0,0.0,1.0,0.0
67.0,2,94203.8,1,0,1,102391.06,3,1.0,0.0,0.0,1.0
41.0,5,0.0,2,1,1,72462.25,1,1.0,0.0,0.0,0.0
44.0,0,71497.79,2,0,0,151083.8,4,0.0,1.0,0.0,0.0
64.0,9,0.0,2,1,1,103318.44,3,0.0,0.0,1.0,0.0
69.0,2,108424.19,1,1,1,178418.35,3,1.0,0.0,0.0,1.0
59.0,1,0.0,1,1,0,70649.64,1,1.0,0.0,0.0,1.0
33.0,3,0.0,2,1,0,73018.74,3,0.0,0.0,1.0,1.0
34.0,6,0.0,1,1,1,140268.45,0,1.0,0.0,0.0,0.0
50.0,5,0.0,2,1,0,110230.4,3,0.0,0.0,1.0,0.0
40.0,5,93680.43,2,1,1,179473.26,2,1.0,0.0,0.0,1.0
41.0,9,124349.34,1,1,0,135635.25,0,1.0,0.0,0.0,0.0
39.0,9,0.0,2,1,1,110043.88,3,0.0,0.0,1.0,0.0
30.0,0,127760.07,1,1,0,81537.85,0,0.0,1.0,0.0,1.0
36.0,6,71142.77,2,1,0,122433.09,2,0.0,1.0,0.0,1.0
33.0,7,118004.26,1,1,0,183983.82,4,1.0,0.0,0.0,0.0
41.0,5,0.0,1,1,1,152054.33,2,1.0,0.0,0.0,0.0
52.0,8,121161.57,1,1,0,48988.28,1,0.0,0.0,1.0,1.0
33.0,3,85227.84,1,1,1,68087.15,3,1.0,0.0,0.0,0.0
34.0,7,70731.07,1,1,1,20243.97,0,0.0,0.0,1.0,0.0
37.0,2,0.0,2,1,0,83978.86,3,0.0,0.0,1.0,1.0
44.0,3,115282.3,1,0,0,23766.4,3,1.0,0.0,0.0,1.0
39.0,1,130147.98,1,1,0,163798.41,4,1.0,0.0,0.0,0.0
25.0,4,148045.45,2,1,1,114722.42,2,0.0,1.0,0.0,1.0
59.0,4,0.0,2,1,1,27435.41,1,0.0,0.0,1.0,1.0
23.0,9,124577.33,1,1,1,7267.25,1,0.0,0.0,1.0,1.0
36.0,3,0.0,2,1,0,35156.54,2,1.0,0.0,0.0,1.0
32.0,4,96106.83,1,1,1,79812.77,4,0.0,1.0,0.0,1.0
36.0,5,146050.97,2,0,0,86424.57,1,0.0,1.0,0.0,1.0
36.0,6,94615.11,2,1,1,10627.21,3,0.0,1.0,0.0,1.0
49.0,4,128504.76,1,1,0,126812.63,1,0.0,1.0,0.0,0.0
45.0,10,125191.69,1,1,1,128260.86,0,0.0,0.0,1.0,0.0
35.0,3,0.0,2,1,1,184843.77,4,1.0,0.0,0.0,1.0
42.0,3,0.0,1,0,0,161242.99,4,0.0,0.0,1.0,0.0
39.0,2,0.0,2,1,1,137651.6,0,1.0,0.0,0.0,1.0
36.0,7,129934.64,1,0,0,75664.56,3,0.0,0.0,1.0,1.0
23.0,5,140007.19,1,0,1,31714.08,3,1.0,0.0,0.0,1.0
36.0,5,103700.69,1,1,0,194072.56,1,0.0,1.0,0.0,0.0
27.0,8,123599.49,2,1,0,1676.92,1,0.0,1.0,0.0,0.0
61.0,4,0.0,2,1,1,191313.7,3,1.0,0.0,0.0,1.0
60.0,5,0.0,1,1,1,38914.51,4,1.0,0.0,0.0,0.0
25.0,10,76968.12,2,0,1,131501.72,3,0.0,1.0,0.0,0.0
31.0,1,102523.88,1,1,1,166792.71,1,1.0,0.0,0.0,0.0
29.0,1,182781.74,2,1,1,63732.9,2,0.0,0.0,1.0,1.0
48.0,2,109349.29,1,1,0,88703.04,0,1.0,0.0,0.0,1.0
44.0,8,78128.13,2,0,1,109153.04,1,1.0,0.0,0.0,1.0
40.0,3,153639.11,1,1,1,138351.68,3,0.0,0.0,1.0,1.0
31.0,3,0.0,2,1,1,194667.92,1,0.0,0.0,1.0,0.0
35.0,7,0.0,2,1,1,43036.6,4,0.0,0.0,1.0,1.0
38.0,6,106687.76,1,1,0,173776.5,3,0.0,0.0,1.0,1.0
26.0,9,162923.85,1,1,0,98368.24,2,1.0,0.0,0.0,1.0
30.0,5,0.0,2,0,1,196108.51,1,0.0,0.0,1.0,1.0
46.0,3,0.0,2,1,1,56408.14,0,0.0,0.0,1.0,0.0
43.0,1,100421.1,1,1,1,101141.28,3,1.0,0.0,0.0,1.0
50.0,2,96888.39,1,1,0,77206.25,4,0.0,1.0,0.0,1.0
41.0,5,0.0,1,0,1,115753.94,3,0.0,0.0,1.0,1.0
32.0,7,98877.95,1,1,0,132973.21,1,1.0,0.0,0.0,0.0
38.0,8,0.0,2,1,0,136620.64,0,1.0,0.0,0.0,0.0
30.0,5,0.0,2,1,0,166376.54,3,1.0,0.0,0.0,1.0
29.0,5,0.0,2,1,1,174825.57,1,1.0,0.0,0.0,0.0
20.0,7,134397.61,1,0,0,28029.54,2,1.0,0.0,0.0,0.0
38.91621420206537,9,0.0,1,1,1,174971.64,3,1.0,0.0,0.0,0.0
37.0,1,149762.08,1,1,0,20629.4,3,1.0,0.0,0.0,1.0
46.0,8,102785.16,1,1,1,70323.68,0,0.0,1.0,0.0,0.0
20.0,9,134874.4,1,1,1,118825.56,0,0.0,1.0,0.0,1.0
36.0,9,90560.48,2,1,0,174268.87,3,0.0,1.0,0.0,1.0
44.0,0,84745.03,2,0,1,34673.98,2,0.0,1.0,0.0,0.0
51.0,4,93656.95,1,0,1,141400.51,3,0.0,0.0,1.0,0.0
37.0,6,0.0,1,1,1,17802.42,0,1.0,0.0,0.0,1.0
39.0,6,74596.15,3,1,1,85746.52,0,0.0,1.0,0.0,0.0
29.0,6,150358.97,1,1,0,62454.01,4,0.0,1.0,0.0,0.0
32.0,2,155663.31,1,1,0,97658.66,2,1.0,0.0,0.0,0.0
32.0,2,0.0,1,1,1,114565.35,4,0.0,0.0,1.0,0.0
39.0,9,134599.33,2,1,0,183095.87,2,0.0,1.0,0.0,1.0
46.0,2,109705.52,1,1,0,20276.87,3,1.0,0.0,0.0,0.0
36.0,4,120037.96,1,1,0,36275.94,0,1.0,0.0,0.0,1.0
38.91621420206537,2,0.0,2,1,1,49506.82,1,1.0,0.0,0.0,0.0
32.0,9,192122.84,1,1,1,54277.45,4,1.0,0.0,0.0,0.0
56.0,2,0.0,2,1,1,39820.13,4,1.0,0.0,0.0,0.0
29.0,6,149218.39,1,1,1,9633.01,3,1.0,0.0,0.0,0.0
40.0,1,89994.71,2,0,1,121084.27,0,0.0,1.0,0.0,0.0
44.0,8,95368.14,2,1,1,1787.85,3,0.0,1.0,0.0,1.0
51.0,8,117808.74,2,1,1,67311.12,0,0.0,1.0,0.0,1.0
38.91621420206537,7,153545.11,1,1,1,186574.68,2,0.0,1.0,0.0,1.0
26.0,10,0.0,2,1,1,6177.83,0,1.0,0.0,0.0,1.0
38.91621420206537,1,0.0,2,1,0,61995.57,2,0.0,0.0,1.0,1.0
67.0,6,0.0,2,1,1,138350.74,1,0.0,0.0,1.0,1.0
52.0,1,98443.14,2,0,0,92033.98,0,0.0,1.0,0.0,1.0
29.0,4,133434.57,2,1,0,97983.44,2,0.0,0.0,1.0,1.0
29.0,8,149318.55,1,1,0,140746.13,1,0.0,1.0,0.0,1.0
30.0,3,132005.77,1,1,0,142940.39,1,1.0,0.0,0.0,1.0
32.0,3,0.0,2,1,1,139390.99,0,1.0,0.0,0.0,0.0
61.0,2,164523.5,2,1,1,35786.76,1,0.0,1.0,0.0,1.0
38.91621420206537,1,95039.12,1,0,1,116471.14,0,0.0,1.0,0.0,0.0
33.0,7,0.0,2,0,0,82996.47,4,1.0,0.0,0.0,0.0
26.0,5,90402.77,1,1,1,3298.65,2,0.0,1.0,0.0,1.0
41.0,7,107511.52,1,0,1,46156.87,2,0.0,0.0,1.0,1.0
38.91621420206537,2,124268.64,2,0,1,84321.03,2,0.0,0.0,1.0,1.0
52.0,6,107467.56,1,1,0,126233.18,4,0.0,1.0,0.0,0.0
38.91621420206537,2,0.0,2,1,1,7667.48,2,1.0,0.0,0.0,0.0
37.0,2,137794.18,2,0,1,75232.02,4,0.0,0.0,1.0,0.0
26.0,4,139584.57,1,1,0,36308.93,2,0.0,0.0,1.0,1.0
34.0,7,0.0,2,1,0,96734.46,4,1.0,0.0,0.0,1.0
36.0,1,97234.58,1,1,0,188997.08,3,1.0,0.0,0.0,1.0
42.0,7,125437.14,2,0,0,164128.58,2,1.0,0.0,0.0,0.0
36.0,8,117152.3,1,0,0,101828.39,4,0.0,0.0,1.0,0.0
46.0,9,134950.19,3,0,0,178587.36,0,1.0,0.0,0.0,1.0
39.0,5,138106.75,1,0,0,19596.73,2,1.0,0.0,0.0,0.0
76.0,2,128410.71,2,1,1,181718.73,0,0.0,0.0,1.0,1.0
56.0,0,62732.65,1,0,1,124954.56,1,1.0,0.0,0.0,0.0
61.0,8,66250.71,1,1,1,21859.06,0,1.0,0.0,0.0,1.0
56.0,2,111920.13,3,1,0,197634.11,0,0.0,1.0,0.0,0.0
27.0,9,128940.24,1,1,0,46786.92,2,1.0,0.0,0.0,1.0
43.0,1,125537.38,1,1,0,138510.01,4,0.0,1.0,0.0,0.0
47.0,1,0.0,2,1,1,197961.93,2,0.0,0.0,1.0,1.0
38.0,2,0.0,3,1,0,67029.82,2,0.0,0.0,1.0,1.0
62.0,1,107735.93,1,0,1,58381.77,0,1.0,0.0,0.0,0.0
36.0,5,0.0,2,1,0,124795.84,0,1.0,0.0,0.0,1.0
72.0,1,160541.0,2,1,1,142223.94,2,1.0,0.0,0.0,1.0
46.0,8,0.0,1,0,0,126511.94,0,1.0,0.0,0.0,1.0
47.0,1,95120.59,1,0,0,127875.1,4,1.0,0.0,0.0,1.0
38.91621420206537,0,54980.81,1,1,1,136909.88,0,0.0,0.0,1.0,1.0
48.0,8,0.0,2,1,0,174729.3,2,0.0,0.0,1.0,1.0
38.91621420206537,0,0.0,2,1,0,44165.84,4,1.0,0.0,0.0,1.0
48.0,2,96542.16,2,0,1,197885.72,4,1.0,0.0,0.0,1.0
42.0,5,0.0,2,1,0,125305.34,0,1.0,0.0,0.0,0.0
31.0,7,123974.96,1,1,0,102153.75,2,1.0,0.0,0.0,0.0
37.0,4,0.0,1,1,1,79881.39,1,1.0,0.0,0.0,0.0
39.0,3,0.0,2,0,1,12465.51,0,0.0,0.0,1.0,1.0
38.0,9,130233.14,1,1,1,81861.1,2,0.0,0.0,1.0,1.0
59.0,2,135078.41,1,1,0,187636.06,4,0.0,1.0,0.0,1.0
31.0,3,82729.47,2,1,0,60212.51,3,0.0,1.0,0.0,0.0
42.0,0,0.0,1,1,0,136377.21,3,0.0,0.0,1.0,1.0
39.0,9,83456.79,2,0,0,38882.34,1,1.0,0.0,0.0,0.0
36.0,3,0.0,2,1,1,2243.41,3,1.0,0.0,0.0,0.0
36.0,2,127160.78,2,1,0,78140.75,2,0.0,1.0,0.0,0.0
32.0,6,0.0,2,0,0,196062.01,1,1.0,0.0,0.0,0.0
27.0,5,51522.75,1,0,1,192131.77,4,1.0,0.0,0.0,1.0
34.0,3,0.0,2,1,0,196288.46,3,1.0,0.0,0.0,1.0
30.0,4,101802.67,1,0,0,8693.8,4,0.0,1.0,0.0,1.0
39.0,6,0.0,1,1,0,24176.44,2,1.0,0.0,0.0,0.0
41.0,2,100254.76,2,1,1,12706.67,0,1.0,0.0,0.0,1.0
49.0,9,108437.89,1,0,0,127022.87,0,0.0,1.0,0.0,1.0
34.0,6,110717.38,1,1,1,9398.45,3,1.0,0.0,0.0,0.0
25.0,8,69385.17,2,1,0,87834.24,4,0.0,1.0,0.0,0.0
37.0,7,138162.41,2,1,1,113926.31,3,0.0,0.0,1.0,1.0
26.0,10,0.0,2,1,1,138423.1,2,1.0,0.0,0.0,0.0
36.0,10,0.0,2,0,1,155641.46,1,1.0,0.0,0.0,0.0
38.0,6,119413.62,2,1,0,175756.36,0,0.0,1.0,0.0,0.0
24.0,1,0.0,3,1,1,47911.03,4,1.0,0.0,0.0,1.0
39.0,5,149379.66,2,1,0,96075.55,3,1.0,0.0,0.0,0.0
28.0,2,0.0,3,1,1,78707.97,1,1.0,0.0,0.0,1.0
44.0,9,0.0,2,1,0,87677.15,1,0.0,0.0,1.0,1.0
43.0,4,139496.35,2,1,1,77128.23,1,1.0,0.0,0.0,0.0
36.0,8,0.0,2,1,1,12096.61,2,1.0,0.0,0.0,0.0
42.0,4,0.0,2,0,0,195692.3,0,0.0,0.0,1.0,1.0
40.0,5,0.0,2,1,0,88947.56,2,0.0,0.0,1.0,1.0
32.0,9,0.0,2,0,0,65089.38,2,1.0,0.0,0.0,1.0
28.0,3,123675.69,1,1,1,166458.41,2,0.0,1.0,0.0,1.0
40.0,5,118788.57,1,1,0,192867.4,1,1.0,0.0,0.0,1.0
36.0,1,104356.94,2,0,1,54184.06,0,0.0,1.0,0.0,0.0
32.0,9,95377.13,1,0,1,187551.24,2,1.0,0.0,0.0,1.0
47.0,8,105792.49,1,0,1,67830.2,0,1.0,0.0,0.0,1.0
35.0,10,159693.9,2,1,1,71173.64,3,0.0,0.0,1.0,1.0
25.0,4,108691.95,1,1,0,63030.97,3,1.0,0.0,0.0,0.0
36.0,9,0.0,2,1,1,16274.67,0,0.0,0.0,1.0,0.0
35.0,7,107749.03,1,1,1,3937.37,0,1.0,0.0,0.0,0.0
36.0,6,144773.29,2,1,0,53217.3,2,0.0,1.0,0.0,0.0
40.0,4,102833.46,2,1,1,38829.11,1,1.0,0.0,0.0,1.0
21.0,7,98993.02,1,1,1,169156.64,2,1.0,0.0,0.0,0.0
53.0,8,144453.75,1,1,0,190998.96,1,1.0,0.0,0.0,1.0
64.0,9,0.0,2,1,1,53277.15,1,1.0,0.0,0.0,1.0
39.0,2,81273.13,1,1,1,18719.67,4,0.0,0.0,1.0,1.0
37.0,0,0.0,2,0,0,30114.32,1,0.0,0.0,1.0,0.0
28.0,7,0.0,2,1,1,131097.9,2,1.0,0.0,0.0,1.0
28.0,9,0.0,2,1,1,56185.98,4,1.0,0.0,0.0,0.0
39.0,5,0.0,2,0,1,39891.84,1,1.0,0.0,0.0,1.0
39.0,4,65521.2,1,1,1,1243.97,3,0.0,0.0,1.0,1.0
30.0,7,95128.86,1,0,0,19799.26,2,1.0,0.0,0.0,1.0
38.91621420206537,3,0.0,1,1,1,12905.89,1,0.0,0.0,1.0,1.0
33.0,9,135962.4,2,1,0,121747.96,3,0.0,1.0,0.0,1.0
31.0,4,127237.25,2,0,1,143317.42,0,0.0,1.0,0.0,1.0
61.0,1,152968.73,1,0,1,82970.69,2,0.0,0.0,1.0,1.0
33.0,2,0.0,2,1,1,182738.0,2,0.0,0.0,1.0,1.0
24.0,3,0.0,2,1,1,198161.07,0,1.0,0.0,0.0,0.0
45.0,4,0.0,1,0,0,172674.36,0,1.0,0.0,0.0,0.0
35.0,9,206868.78,2,0,1,102986.15,1,0.0,1.0,0.0,0.0
41.0,1,0.0,2,1,1,91193.65,1,1.0,0.0,0.0,0.0
39.0,3,166501.17,2,1,0,93835.64,1,1.0,0.0,0.0,0.0
51.0,3,0.0,1,1,0,170426.65,2,1.0,0.0,0.0,1.0
31.0,6,0.0,1,1,0,10625.91,0,0.0,0.0,1.0,1.0
42.0,4,98298.18,1,1,1,676.06,2,1.0,0.0,0.0,1.0
37.0,10,106242.67,1,1,1,166678.28,2,1.0,0.0,0.0,1.0
23.0,5,0.0,2,1,0,117832.39,0,0.0,0.0,1.0,1.0
48.0,4,0.0,1,1,0,114020.06,3,1.0,0.0,0.0,0.0
39.0,2,0.0,1,0,1,73669.94,0,1.0,0.0,0.0,0.0
41.0,5,0.0,2,0,0,143882.25,4,1.0,0.0,0.0,1.0
38.91621420206537,4,119817.33,1,0,1,43507.1,0,0.0,1.0,0.0,1.0
35.0,8,0.0,2,1,0,167155.36,4,0.0,0.0,1.0,1.0
43.0,2,97403.18,1,1,1,107415.02,3,0.0,0.0,1.0,1.0
43.0,4,0.0,4,0,0,18522.91,0,1.0,0.0,0.0,1.0
28.0,3,75381.15,1,1,1,199727.72,4,1.0,0.0,0.0,1.0
26.0,8,0.0,2,1,1,179655.87,0,0.0,0.0,1.0,1.0
44.0,4,123322.15,1,1,0,137136.29,4,1.0,0.0,0.0,0.0
46.0,9,139859.54,1,1,0,38967.29,2,1.0,0.0,0.0,1.0
38.91621420206537,7,0.0,2,1,0,7680.23,0,0.0,0.0,1.0,1.0
49.0,1,120656.86,4,0,0,166164.3,4,0.0,1.0,0.0,0.0
28.0,8,134766.85,1,1,0,79355.87,4,0.0,0.0,1.0,1.0
38.91621420206537,6,107637.97,2,0,1,169505.83,0,0.0,1.0,0.0,1.0
38.91621420206537,5,0.0,2,0,1,105155.66,4,1.0,0.0,0.0,1.0
25.0,5,153611.83,2,1,0,35321.65,2,0.0,1.0,0.0,1.0
43.0,8,0.0,2,0,0,168035.62,3,1.0,0.0,0.0,0.0
29.0,4,99097.36,1,1,1,9796.69,2,0.0,1.0,0.0,0.0
41.0,0,148863.17,1,1,1,163911.32,3,0.0,0.0,1.0,1.0
47.0,0,109493.62,1,0,0,188324.01,2,0.0,1.0,0.0,0.0
29.0,6,117412.35,1,0,0,30338.94,2,0.0,1.0,0.0,1.0
30.0,5,100683.54,1,1,1,178361.04,1,0.0,0.0,1.0,0.0
39.0,6,0.0,1,0,0,38410.74,0,0.0,0.0,1.0,0.0
37.0,8,170840.08,2,0,0,109843.16,4,0.0,1.0,0.0,0.0
43.0,3,134985.66,1,1,0,6101.41,0,0.0,1.0,0.0,0.0
27.0,0,185267.45,2,1,1,77027.34,2,0.0,1.0,0.0,1.0
37.0,10,0.0,1,1,1,76642.68,0,1.0,0.0,0.0,1.0
39.0,10,105473.74,1,0,0,58854.88,2,0.0,0.0,1.0,1.0
40.0,6,0.0,2,0,0,106149.48,3,1.0,0.0,0.0,1.0
35.0,8,58641.43,1,0,1,198674.08,2,0.0,1.0,0.0,1.0
30.0,3,131344.52,2,1,0,54776.64,1,0.0,1.0,0.0,0.0
31.0,4,55732.92,2,1,1,103792.53,0,0.0,0.0,1.0,1.0
34.0,3,77826.8,1,1,1,168544.85,2,0.0,0.0,1.0,0.0
38.91621420206537,10,123187.51,1,0,1,146111.35,1,0.0,1.0,0.0,1.0
41.0,7,123428.69,1,1,1,164924.11,2,0.0,0.0,1.0,1.0
44.0,3,163714.52,1,1,0,96123.72,0,0.0,1.0,0.0,1.0
32.0,4,133950.37,1,1,1,48725.68,2,1.0,0.0,0.0,0.0
33.0,5,103564.83,2,1,0,121085.72,3,0.0,1.0,0.0,1.0
60.0,2,0.0,2,1,1,43821.56,3,1.0,0.0,0.0,0.0
40.0,7,130334.35,2,0,1,116951.1,3,0.0,0.0,1.0,0.0
47.0,9,0.0,1,1,0,187943.6,2,1.0,0.0,0.0,0.0
38.0,6,179886.41,2,0,0,153122.58,4,0.0,1.0,0.0,0.0
38.0,4,0.0,2,0,0,88080.43,2,1.0,0.0,0.0,1.0
49.0,5,94754.0,1,1,1,26691.31,0,0.0,1.0,0.0,1.0
38.91621420206537,2,34013.63,1,1,0,19570.63,2,0.0,0.0,1.0,0.0
45.0,6,0.0,2,1,1,181204.5,0,1.0,0.0,0.0,0.0
32.0,7,0.0,1,1,0,198055.94,1,1.0,0.0,0.0,1.0
43.0,9,0.0,1,1,0,125870.79,1,0.0,0.0,1.0,0.0
38.91621420206537,1,0.0,2,0,1,30117.44,3,0.0,0.0,1.0,1.0
39.0,7,93148.74,2,1,1,190746.38,3,0.0,1.0,0.0,0.0
45.0,3,0.0,2,1,1,30793.61,3,1.0,0.0,0.0,1.0
39.0,4,80293.81,1,1,0,97192.76,2,1.0,0.0,0.0,0.0
51.0,10,141556.96,1,1,0,130189.53,3,1.0,0.0,0.0,1.0
41.0,3,135756.96,1,1,1,103706.41,3,1.0,0.0,0.0,0.0
36.0,0,89772.3,1,1,0,177383.68,3,0.0,0.0,1.0,1.0
29.0,8,102490.27,1,0,1,181224.56,0,1.0,0.0,0.0,1.0
26.0,0,0.0,2,0,1,111906.0,4,1.0,0.0,0.0,0.0
33.0,4,0.0,2,1,1,131834.75,2,1.0,0.0,0.0,1.0
54.0,9,120633.42,1,0,0,5924.38,2,1.0,0.0,0.0,0.0
45.0,5,0.0,2,1,1,121428.2,0,1.0,0.0,0.0,1.0
27.0,1,0.0,2,1,0,93003.21,3,1.0,0.0,0.0,1.0
49.0,7,115309.75,1,1,0,111421.77,0,0.0,0.0,1.0,0.0
28.0,3,104367.5,1,1,1,29937.75,1,1.0,0.0,0.0,1.0
36.0,4,0.0,2,1,1,141210.5,0,1.0,0.0,0.0,1.0
33.0,9,84521.48,2,0,1,198017.05,2,0.0,1.0,0.0,0.0
42.0,1,0.0,2,1,0,56865.62,2,1.0,0.0,0.0,0.0
32.0,9,0.0,2,1,0,156774.75,2,1.0,0.0,0.0,0.0
23.0,3,110203.77,1,1,0,95583.45,4,1.0,0.0,0.0,1.0
81.0,1,0.0,2,1,1,59568.24,4,1.0,0.0,0.0,0.0
42.0,6,0.0,2,1,0,158302.59,1,0.0,0.0,1.0,1.0
40.0,5,169742.64,1,1,1,153537.55,3,1.0,0.0,0.0,1.0
20.0,5,0.0,2,1,1,58309.54,2,0.0,0.0,1.0,1.0
40.0,2,102967.41,1,1,0,128702.1,0,1.0,0.0,0.0,0.0
24.0,6,111769.14,2,1,0,55859.27,0,0.0,1.0,0.0,1.0
38.91621420206537,9,118546.71,1,0,1,77142.85,3,1.0,0.0,0.0,1.0
38.0,8,92219.21,1,1,0,99106.97,1,0.0,1.0,0.0,1.0
40.0,8,122038.34,1,1,0,102085.35,3,1.0,0.0,0.0,0.0
29.0,8,0.0,2,1,1,123437.05,4,1.0,0.0,0.0,1.0
56.0,1,131368.3,1,1,0,106918.67,1,1.0,0.0,0.0,0.0
38.91621420206537,7,117799.28,1,1,1,182372.35,4,1.0,0.0,0.0,1.0
51.0,8,116197.65,2,1,1,86701.4,4,0.0,1.0,0.0,1.0
34.0,1,0.0,1,1,1,75503.6,1,1.0,0.0,0.0,0.0
57.0,7,71481.79,2,1,1,84421.34,1,1.0,0.0,0.0,0.0
41.0,2,91328.71,1,1,0,115724.78,1,1.0,0.0,0.0,0.0
62.0,9,0.0,2,0,0,155870.82,2,1.0,0.0,0.0,1.0
34.0,1,0.0,2,1,1,126592.01,3,1.0,0.0,0.0,1.0
29.0,6,156569.43,1,1,0,180598.66,0,1.0,0.0,0.0,0.0
43.0,5,99906.89,1,0,0,24983.39,0,0.0,1.0,0.0,1.0
43.0,2,140431.98,1,1,0,26450.57,1,1.0,0.0,0.0,1.0
41.0,5,0.0,1,0,1,88279.6,2,1.0,0.0,0.0,1.0
30.0,3,143396.54,2,1,1,898.51,0,1.0,0.0,0.0,1.0
29.0,10,130206.28,1,1,0,184654.87,2,1.0,0.0,0.0,1.0
30.0,8,0.0,2,1,1,24113.91,4,1.0,0.0,0.0,1.0
37.0,9,145219.3,1,1,0,159132.83,2,0.0,1.0,0.0,0.0
34.0,5,0.0,2,1,0,193040.32,3,0.0,0.0,1.0,1.0
39.0,1,116537.6,1,0,0,145679.6,3,1.0,0.0,0.0,1.0
32.0,3,0.0,1,1,1,80823.02,0,1.0,0.0,0.0,0.0
51.0,10,115280.49,2,0,0,12628.61,2,0.0,1.0,0.0,0.0
35.0,2,150561.03,2,0,0,64722.61,2,0.0,1.0,0.0,0.0
38.91621420206537,6,150200.23,1,0,1,151317.27,2,0.0,0.0,1.0,0.0
26.0,3,0.0,2,1,0,4989.33,3,1.0,0.0,0.0,1.0
33.0,2,127154.14,2,0,1,105383.49,4,0.0,1.0,0.0,1.0
34.0,7,0.0,2,1,1,65219.85,4,1.0,0.0,0.0,1.0
52.0,7,0.0,1,0,1,194113.99,0,0.0,0.0,1.0,0.0
46.0,8,62400.48,1,1,1,132498.39,1,0.0,0.0,1.0,1.0
28.0,5,0.0,1,1,0,59351.68,3,1.0,0.0,0.0,0.0
40.0,0,0.0,2,1,0,62232.6,1,1.0,0.0,0.0,1.0
36.0,5,119547.46,1,1,1,42693.65,4,1.0,0.0,0.0,1.0
30.0,3,90536.81,1,0,1,63082.88,3,0.0,1.0,0.0,1.0
38.91621420206537,10,71083.98,1,1,0,137959.0,0,1.0,0.0,0.0,1.0
24.0,8,143656.55,1,0,1,180932.46,0,0.0,0.0,1.0,1.0
26.0,4,105082.07,2,1,0,132801.57,1,0.0,1.0,0.0,0.0
32.0,9,0.0,2,1,0,138889.15,1,1.0,0.0,0.0,1.0
33.0,5,0.0,2,0,1,78698.09,0,1.0,0.0,0.0,1.0
31.0,1,0.0,2,0,1,192660.55,0,1.0,0.0,0.0,1.0
57.0,6,136325.48,2,1,1,72549.27,3,1.0,0.0,0.0,1.0
56.0,1,74129.18,2,1,1,62199.78,1,0.0,1.0,0.0,0.0
51.0,5,0.0,2,0,1,184524.74,4,1.0,0.0,0.0,0.0
36.0,2,110414.48,1,1,1,48984.95,2,1.0,0.0,0.0,0.0
34.0,4,85141.79,2,1,1,29217.37,0,0.0,0.0,1.0,1.0
55.0,8,119327.93,1,0,1,119439.66,2,0.0,1.0,0.0,0.0
42.0,2,109052.04,2,1,0,6409.55,4,0.0,0.0,1.0,0.0
39.0,6,133214.13,1,0,1,20769.88,4,0.0,0.0,1.0,1.0
46.0,7,49512.55,1,1,0,133007.34,3,1.0,0.0,0.0,1.0
37.0,10,0.0,2,1,1,37411.35,2,1.0,0.0,0.0,0.0
33.0,1,0.0,3,0,1,70221.13,3,1.0,0.0,0.0,0.0
38.0,3,91241.85,1,0,1,80682.35,4,0.0,0.0,1.0,1.0
49.0,2,0.0,2,0,0,164482.92,4,1.0,0.0,0.0,0.0
36.0,6,123841.49,2,1,0,96833.0,2,1.0,0.0,0.0,1.0
29.0,9,0.0,2,1,0,27359.19,2,0.0,0.0,1.0,0.0
43.0,3,0.0,2,1,1,135008.92,1,0.0,0.0,1.0,1.0
59.0,5,119380.37,1,1,1,60429.43,1,1.0,0.0,0.0,1.0
51.0,3,0.0,3,1,1,77294.56,3,1.0,0.0,0.0,0.0
31.0,8,0.0,2,1,0,117916.63,4,0.0,0.0,1.0,0.0
55.0,6,104305.74,1,0,1,175750.21,1,1.0,0.0,0.0,1.0
33.0,5,136624.6,2,1,1,169117.74,4,0.0,1.0,0.0,0.0
31.0,8,145875.74,1,1,0,137491.23,0,1.0,0.0,0.0,1.0
31.0,2,56116.3,2,0,0,2181.94,1,0.0,1.0,0.0,0.0
30.0,3,0.0,2,1,0,107640.25,3,1.0,0.0,0.0,1.0
54.0,8,0.0,1,1,0,173912.29,4,0.0,0.0,1.0,0.0
35.0,7,0.0,2,1,0,70760.69,1,1.0,0.0,0.0,0.0
46.0,8,0.0,1,1,0,61931.21,1,0.0,0.0,1.0,1.0
42.0,9,144801.97,1,0,1,12483.39,0,1.0,0.0,0.0,0.0
48.0,3,133903.12,2,1,1,85902.39,1,0.0,1.0,0.0,0.0
38.91621420206537,1,132371.3,2,0,0,186123.57,3,0.0,1.0,0.0,0.0
72.0,2,0.0,2,0,1,130853.03,4,0.0,0.0,1.0,0.0
19.0,6,0.0,2,1,1,151581.79,3,1.0,0.0,0.0,1.0
31.0,5,142200.19,2,1,1,122221.71,0,1.0,0.0,0.0,1.0
32.0,7,125540.05,1,0,0,86786.41,0,1.0,0.0,0.0,1.0
35.0,7,0.0,1,1,1,49108.23,2,1.0,0.0,0.0,0.0
37.0,7,0.0,2,1,1,24734.25,4,0.0,0.0,1.0,1.0
38.0,4,113150.44,2,1,0,176712.59,1,0.0,1.0,0.0,0.0
52.0,8,79475.3,3,1,1,32421.32,3,1.0,0.0,0.0,1.0
38.91621420206537,7,0.0,2,0,0,192013.23,0,0.0,0.0,1.0,1.0
37.0,9,178755.84,1,1,0,199929.17,1,1.0,0.0,0.0,1.0
38.91621420206537,7,0.0,2,1,0,153566.97,2,1.0,0.0,0.0,1.0
30.0,6,0.0,2,1,1,137757.69,1,1.0,0.0,0.0,0.0
45.0,5,0.0,1,1,0,142513.5,2,1.0,0.0,0.0,1.0
29.0,4,89349.47,2,0,0,180626.68,0,1.0,0.0,0.0,0.0
25.0,7,79543.59,1,0,1,38772.82,0,1.0,0.0,0.0,0.0
38.0,5,178787.54,1,1,1,195760.53,3,0.0,1.0,0.0,1.0
39.0,2,126816.18,1,1,1,74850.93,3,0.0,0.0,1.0,0.0
35.0,6,187530.66,2,1,1,37976.36,3,1.0,0.0,0.0,0.0
34.0,6,59877.33,1,1,0,14032.62,2,0.0,0.0,1.0,0.0
60.0,7,128981.07,1,0,1,176924.21,0,0.0,1.0,0.0,0.0
66.0,6,0.0,2,1,1,160663.11,0,1.0,0.0,0.0,0.0
40.0,8,101993.12,1,0,1,94774.12,1,0.0,0.0,1.0,0.0
40.0,1,133245.52,2,1,1,54495.82,1,0.0,1.0,0.0,0.0
37.0,8,0.0,2,0,0,145004.39,3,1.0,0.0,0.0,1.0
40.0,5,203715.15,1,1,0,179978.68,3,0.0,0.0,1.0,0.0
66.0,7,123760.68,1,0,1,53157.16,4,1.0,0.0,0.0,1.0
26.0,6,156551.63,1,0,1,4410.77,3,1.0,0.0,0.0,1.0
36.0,7,0.0,2,1,1,52526.65,2,1.0,0.0,0.0,0.0
33.0,3,0.0,2,1,0,138613.21,3,0.0,0.0,1.0,1.0
46.0,2,127660.46,2,1,0,150156.82,3,0.0,0.0,1.0,0.0
38.0,9,0.0,2,0,0,20940.76,4,1.0,0.0,0.0,0.0
37.0,5,0.0,2,0,1,170226.47,0,1.0,0.0,0.0,1.0
36.0,1,82729.49,1,1,0,113810.12,2,0.0,0.0,1.0,1.0
57.0,10,0.0,2,1,1,47847.19,0,1.0,0.0,0.0,1.0
40.0,9,154309.67,1,1,1,125334.16,2,0.0,1.0,0.0,1.0
26.0,3,104258.8,1,1,1,428.23,4,1.0,0.0,0.0,0.0
27.0,3,0.0,2,1,0,28137.03,0,1.0,0.0,0.0,0.0
36.0,6,0.0,2,1,0,176728.28,0,1.0,0.0,0.0,1.0
49.0,7,122451.46,2,1,1,75808.1,0,1.0,0.0,0.0,1.0
48.0,7,141819.02,1,1,0,93550.53,4,0.0,1.0,0.0,0.0
48.0,9,0.0,1,1,0,137508.42,4,1.0,0.0,0.0,0.0
36.0,10,91760.11,1,1,1,135784.94,3,0.0,0.0,1.0,0.0
28.0,9,0.0,2,0,0,32599.35,2,1.0,0.0,0.0,1.0
47.0,6,0.0,1,1,0,50213.81,3,0.0,0.0,1.0,0.0
45.0,5,0.0,2,1,1,164886.64,1,1.0,0.0,0.0,1.0
60.0,2,0.0,2,0,1,60615.83,4,1.0,0.0,0.0,0.0
29.0,3,79715.36,1,1,0,82252.28,0,1.0,0.0,0.0,0.0
28.0,3,0.0,2,1,0,191387.76,0,0.0,0.0,1.0,0.0
36.0,9,0.0,2,1,1,104852.6,1,0.0,0.0,1.0,1.0
39.0,4,140133.08,2,0,0,131304.45,0,1.0,0.0,0.0,1.0
44.0,3,105770.7,3,1,0,60533.96,0,1.0,0.0,0.0,0.0
37.0,1,95668.82,2,1,0,100335.55,3,0.0,1.0,0.0,1.0
30.0,3,0.0,2,1,1,127939.19,0,1.0,0.0,0.0,0.0
20.0,6,167685.56,1,1,0,57929.9,2,1.0,0.0,0.0,0.0
39.0,1,160903.2,1,0,0,78774.36,1,1.0,0.0,0.0,0.0
34.0,1,101633.04,1,1,0,110431.51,1,0.0,1.0,0.0,0.0
49.0,10,0.0,1,1,1,87711.61,0,1.0,0.0,0.0,0.0
39.0,6,170184.99,2,1,0,89593.26,4,0.0,0.0,1.0,1.0
61.0,7,91070.43,1,1,1,101839.77,1,0.0,0.0,1.0,1.0
51.0,3,0.0,2,1,1,5552.37,1,1.0,0.0,0.0,1.0
26.0,5,157624.84,1,1,1,49599.27,3,1.0,0.0,0.0,0.0
60.0,4,0.0,1,1,1,13161.66,4,1.0,0.0,0.0,0.0
44.0,5,128605.32,1,0,1,171096.2,4,0.0,1.0,0.0,0.0
28.0,5,0.0,2,1,0,48382.4,0,0.0,0.0,1.0,1.0
58.0,9,91285.13,2,1,1,26767.85,3,1.0,0.0,0.0,1.0
32.0,9,113447.01,1,1,0,82084.3,2,0.0,1.0,0.0,1.0
52.0,5,97720.35,2,1,0,175070.94,0,0.0,1.0,0.0,1.0
53.0,5,141616.55,2,1,1,75888.65,0,0.0,1.0,0.0,0.0
32.0,3,0.0,2,1,1,59679.9,3,0.0,0.0,1.0,0.0
40.0,9,0.0,2,1,1,70607.1,4,1.0,0.0,0.0,0.0
42.0,2,177640.09,1,0,1,47166.55,3,0.0,1.0,0.0,1.0
41.0,5,92467.58,1,1,0,38270.47,1,0.0,1.0,0.0,0.0
40.0,5,0.0,2,1,1,122488.59,1,1.0,0.0,0.0,1.0
41.0,4,94267.9,1,0,1,152821.12,3,1.0,0.0,0.0,1.0
50.0,7,128061.0,2,1,1,62375.1,0,0.0,0.0,1.0,1.0
46.0,7,87603.35,3,0,1,96929.24,0,0.0,0.0,1.0,0.0
42.0,10,0.0,2,1,0,177938.52,1,0.0,0.0,1.0,1.0
32.0,3,0.0,2,1,1,170770.44,3,1.0,0.0,0.0,1.0
32.0,2,108698.96,2,1,1,161069.73,4,1.0,0.0,0.0,0.0
32.0,0,0.0,1,0,1,117323.31,2,1.0,0.0,0.0,1.0
35.0,4,143744.77,2,1,0,104076.51,1,1.0,0.0,0.0,1.0
35.0,8,0.0,1,1,0,76640.29,0,1.0,0.0,0.0,1.0
36.0,4,116085.06,1,1,0,58601.61,3,1.0,0.0,0.0,0.0
62.0,10,114822.64,1,0,1,8444.5,0,0.0,1.0,0.0,0.0
34.0,4,99441.21,2,0,1,4802.27,1,0.0,1.0,0.0,1.0
34.0,10,142388.61,2,0,1,68393.64,4,1.0,0.0,0.0,0.0
31.0,0,110527.17,1,1,1,87060.77,0,1.0,0.0,0.0,1.0
63.0,3,148843.56,1,1,0,69414.13,1,0.0,1.0,0.0,1.0
38.0,7,0.0,1,1,1,108469.2,1,1.0,0.0,0.0,1.0
48.0,5,134542.73,1,1,1,58203.67,0,0.0,1.0,0.0,1.0
35.0,6,161111.45,1,0,0,13946.66,0,1.0,0.0,0.0,1.0
61.0,1,104267.7,1,1,0,62845.64,1,1.0,0.0,0.0,0.0
51.0,9,119889.84,1,0,0,56767.67,0,1.0,0.0,0.0,1.0
71.0,4,0.0,2,1,1,107236.87,4,1.0,0.0,0.0,0.0
52.0,7,0.0,1,1,1,122782.5,4,1.0,0.0,0.0,0.0
37.0,3,0.0,2,1,1,180012.39,0,1.0,0.0,0.0,1.0
46.0,7,52016.08,2,1,1,72993.65,3,1.0,0.0,0.0,0.0
44.0,8,123863.64,1,1,0,144494.94,4,1.0,0.0,0.0,1.0
29.0,1,130131.08,2,0,1,196474.35,2,1.0,0.0,0.0,1.0
34.0,4,165363.31,2,1,1,25744.13,0,1.0,0.0,0.0,1.0
38.0,9,102406.76,1,0,1,57600.66,1,0.0,0.0,1.0,0.0
48.0,1,0.0,2,1,1,8908.0,1,0.0,0.0,1.0,1.0
45.0,0,0.0,1,1,0,196533.72,1,1.0,0.0,0.0,1.0
45.0,1,97486.15,2,1,0,50610.62,3,0.0,1.0,0.0,0.0
27.0,5,87099.85,2,1,0,149550.95,3,0.0,0.0,1.0,0.0
38.91621420206537,1,0.0,2,0,1,35644.79,2,1.0,0.0,0.0,1.0
38.0,3,0.0,2,1,0,66561.6,3,1.0,0.0,0.0,1.0
52.0,3,112383.03,1,1,0,85516.37,4,0.0,1.0,0.0,0.0
47.0,6,0.0,1,1,0,32080.69,3,0.0,0.0,1.0,0.0
30.0,8,73054.37,2,1,1,27012.0,1,1.0,0.0,0.0,1.0
37.0,9,101191.83,1,1,1,34551.35,3,0.0,1.0,0.0,1.0
43.0,2,134896.03,1,1,1,97847.05,3,0.0,1.0,0.0,1.0
46.0,8,92060.06,1,1,0,147222.95,0,0.0,1.0,0.0,0.0
42.0,2,109471.79,1,0,1,175161.05,3,1.0,0.0,0.0,0.0
46.0,2,104763.41,1,1,1,62368.33,3,0.0,1.0,0.0,1.0
42.0,9,0.0,1,0,0,152855.96,0,0.0,0.0,1.0,0.0
39.0,9,84719.98,1,0,0,191063.36,1,1.0,0.0,0.0,1.0
36.0,2,85996.19,1,1,0,15887.68,2,0.0,0.0,1.0,1.0
61.0,7,80538.56,1,1,0,131305.37,3,1.0,0.0,0.0,0.0
34.0,6,156478.62,1,0,1,181196.76,4,0.0,0.0,1.0,1.0
38.0,9,121858.98,1,1,0,130755.34,2,1.0,0.0,0.0,0.0
32.0,7,79523.13,1,0,1,157648.12,4,0.0,1.0,0.0,0.0
37.0,2,139265.63,2,1,1,198745.94,4,0.0,1.0,0.0,1.0
51.0,4,0.0,2,1,1,178929.84,4,1.0,0.0,0.0,0.0
24.0,7,126431.54,1,1,0,58781.11,1,1.0,0.0,0.0,1.0
26.0,8,0.0,2,1,0,166031.08,1,1.0,0.0,0.0,1.0
48.0,9,101198.01,1,1,1,49732.9,3,0.0,0.0,1.0,0.0
23.0,1,0.0,2,0,0,66088.83,2,1.0,0.0,0.0,1.0
33.0,2,0.0,2,1,1,176921.0,4,0.0,0.0,1.0,1.0
39.0,3,74896.33,1,0,0,34430.16,4,1.0,0.0,0.0,1.0
31.0,9,114722.05,2,1,1,98178.57,3,1.0,0.0,0.0,0.0
38.91621420206537,4,60013.81,1,1,1,38020.05,1,1.0,0.0,0.0,1.0
39.0,3,0.0,2,1,0,6726.53,0,1.0,0.0,0.0,1.0
25.0,7,0.0,2,1,0,30380.12,3,1.0,0.0,0.0,0.0
38.0,2,48387.0,1,1,0,184796.84,4,0.0,0.0,1.0,0.0
28.0,3,132405.52,3,1,0,104889.2,4,0.0,1.0,0.0,1.0
60.0,3,0.0,2,1,1,78194.37,4,0.0,0.0,1.0,1.0
54.0,5,0.0,1,0,1,150836.98,2,0.0,0.0,1.0,0.0
57.0,4,0.0,2,1,1,49684.09,2,0.0,0.0,1.0,0.0
38.91621420206537,6,0.0,1,1,1,24677.54,0,1.0,0.0,0.0,0.0
37.0,3,109974.22,1,1,1,36320.87,3,0.0,1.0,0.0,0.0
36.0,3,0.0,2,1,0,41295.1,1,1.0,0.0,0.0,0.0
29.0,3,0.0,2,1,0,158043.11,2,1.0,0.0,0.0,0.0
39.0,5,170288.38,1,1,1,59601.15,1,0.0,0.0,1.0,1.0
34.0,1,61687.33,2,1,0,105965.25,1,1.0,0.0,0.0,1.0
31.0,3,0.0,2,1,0,121866.87,4,1.0,0.0,0.0,1.0
36.0,6,110480.48,1,0,0,81292.33,3,1.0,0.0,0.0,0.0
43.0,10,128226.37,1,0,0,188486.94,3,0.0,0.0,1.0,1.0
33.0,2,80002.33,1,1,1,104079.62,1,0.0,1.0,0.0,1.0
40.0,4,0.0,2,1,0,132368.47,4,0.0,0.0,1.0,0.0
36.0,2,0.0,2,0,1,99770.3,0,1.0,0.0,0.0,0.0
34.0,4,158741.43,2,1,1,126192.54,2,1.0,0.0,0.0,1.0
36.0,6,125130.28,1,0,0,125961.48,2,1.0,0.0,0.0,0.0
41.0,5,128876.71,3,1,1,106939.34,3,1.0,0.0,0.0,1.0
37.0,8,155303.71,1,1,0,118716.63,2,0.0,1.0,0.0,0.0
42.0,1,50194.59,1,1,1,23399.58,0,1.0,0.0,0.0,1.0
42.0,6,0.0,2,1,1,128745.69,3,0.0,0.0,1.0,1.0
56.0,5,99529.7,1,0,1,157230.06,4,0.0,0.0,1.0,1.0
35.0,2,133607.75,1,1,1,120586.32,3,0.0,1.0,0.0,0.0
40.0,8,0.0,2,1,0,108891.3,4,0.0,0.0,1.0,0.0
49.0,10,0.0,2,1,0,187008.45,3,1.0,0.0,0.0,1.0
40.0,5,97764.41,1,1,0,98640.15,4,1.0,0.0,0.0,0.0
36.0,7,161064.64,2,0,1,84294.82,2,1.0,0.0,0.0,1.0
28.0,9,0.0,2,0,1,61761.77,3,0.0,0.0,1.0,0.0
31.0,7,102575.04,1,1,1,11043.54,2,1.0,0.0,0.0,0.0
47.0,9,110022.74,1,0,1,135655.29,4,0.0,1.0,0.0,1.0
22.0,3,0.0,1,1,1,173940.59,2,1.0,0.0,0.0,1.0
60.0,2,0.0,2,0,1,2085.32,2,1.0,0.0,0.0,1.0
31.0,4,125169.26,1,1,1,106636.89,3,1.0,0.0,0.0,0.0
24.0,1,165149.13,2,1,0,21858.28,1,0.0,0.0,1.0,1.0
19.0,0,75888.2,1,0,0,45613.75,3,0.0,1.0,0.0,1.0
39.0,4,95161.75,1,1,0,19409.77,4,0.0,0.0,1.0,1.0
37.0,9,101455.7,1,1,0,25803.59,3,1.0,0.0,0.0,0.0
35.0,9,0.0,2,1,1,195580.28,2,1.0,0.0,0.0,1.0
44.0,9,0.0,2,0,0,38433.35,1,1.0,0.0,0.0,1.0
38.91621420206537,9,104930.38,1,1,0,155921.81,2,1.0,0.0,0.0,0.0
41.0,8,0.0,1,1,0,191694.77,4,0.0,0.0,1.0,0.0
43.0,1,103018.45,1,1,0,32462.39,2,0.0,1.0,0.0,1.0
81.0,5,0.0,2,1,1,44827.47,4,1.0,0.0,0.0,1.0
55.0,2,140891.46,3,1,1,179834.45,2,0.0,1.0,0.0,0.0
62.0,8,108004.64,1,1,1,23386.77,1,0.0,0.0,1.0,0.0
44.0,8,154409.74,1,1,0,49324.03,1,1.0,0.0,0.0,1.0
37.0,3,80387.81,1,0,1,77272.62,3,1.0,0.0,0.0,1.0
29.0,8,130036.21,2,0,1,69849.55,2,0.0,1.0,0.0,0.0
56.0,6,103244.86,2,1,0,143049.72,2,0.0,1.0,0.0,0.0
30.0,5,0.0,2,1,0,13935.32,2,1.0,0.0,0.0,0.0
25.0,2,135903.33,1,1,0,73656.38,4,1.0,0.0,0.0,1.0
34.0,9,0.0,2,0,1,89013.67,0,0.0,0.0,1.0,1.0
38.0,6,132591.36,1,1,1,7387.8,3,0.0,1.0,0.0,0.0
21.0,7,116099.82,1,1,1,148087.62,1,0.0,0.0,1.0,1.0
37.0,5,0.0,2,1,0,21928.81,4,0.0,0.0,1.0,1.0
68.0,4,136525.99,1,0,0,175399.14,3,0.0,1.0,0.0,1.0
64.0,1,91216.0,1,1,1,41800.18,2,0.0,0.0,1.0,0.0
36.0,4,0.0,2,1,0,64420.5,0,1.0,0.0,0.0,0.0
26.0,7,0.0,2,1,0,176843.53,4,1.0,0.0,0.0,0.0
37.0,6,121231.39,1,1,1,146366.08,3,0.0,0.0,1.0,0.0
44.0,8,0.0,2,1,1,175314.87,2,1.0,0.0,0.0,1.0
29.0,6,157576.47,2,1,1,101102.39,2,0.0,0.0,1.0,0.0
33.0,3,161801.47,1,0,1,153288.97,4,0.0,0.0,1.0,0.0
35.0,7,0.0,1,1,1,178.19,4,1.0,0.0,0.0,0.0
24.0,3,0.0,1,1,1,198826.03,1,1.0,0.0,0.0,0.0
58.0,5,128468.69,1,0,1,137254.55,1,0.0,0.0,1.0,1.0
33.0,8,0.0,1,0,0,73564.44,3,1.0,0.0,0.0,1.0
38.91621420206537,9,0.0,3,0,1,73181.39,1,0.0,0.0,1.0,1.0
59.0,2,166968.28,1,1,0,159483.76,0,1.0,0.0,0.0,0.0
27.0,6,125427.37,2,0,0,27654.44,3,0.0,0.0,1.0,1.0
23.0,4,131254.81,1,1,0,20199.3,4,1.0,0.0,0.0,1.0
39.0,8,141675.23,1,0,1,175664.25,1,1.0,0.0,0.0,0.0
26.0,1,108348.66,1,0,0,60231.74,2,0.0,1.0,0.0,0.0
33.0,3,0.0,2,1,1,58685.59,0,0.0,0.0,1.0,0.0
30.0,2,0.0,2,0,1,3430.38,4,1.0,0.0,0.0,1.0
59.0,2,0.0,2,1,1,126160.24,1,1.0,0.0,0.0,0.0
34.0,2,90355.12,2,0,0,193597.94,2,0.0,1.0,0.0,1.0
37.0,1,128932.4,1,1,1,180712.52,3,0.0,0.0,1.0,0.0
31.0,7,117052.82,1,1,0,118508.09,0,0.0,1.0,0.0,0.0
41.0,2,138734.94,1,1,0,90020.74,1,0.0,0.0,1.0,0.0
37.0,5,94901.09,1,1,1,48233.75,2,0.0,0.0,1.0,1.0
31.0,2,137260.45,2,1,0,55387.28,3,0.0,1.0,0.0,1.0
38.0,3,126152.84,1,0,0,15378.75,3,0.0,0.0,1.0,1.0
49.0,8,116622.73,1,0,1,51011.29,3,0.0,0.0,1.0,1.0
52.0,3,0.0,1,1,0,116137.01,2,1.0,0.0,0.0,1.0
24.0,7,40224.7,1,1,1,178341.33,2,0.0,1.0,0.0,0.0
27.0,6,117307.44,2,1,1,24020.49,0,1.0,0.0,0.0,0.0
67.0,0,128843.67,1,1,1,134612.48,0,1.0,0.0,0.0,0.0
61.0,10,73688.2,1,1,1,172141.33,3,1.0,0.0,0.0,1.0
44.0,1,0.0,2,0,1,182495.7,4,1.0,0.0,0.0,0.0
71.0,8,0.0,2,0,1,147995.96,4,1.0,0.0,0.0,0.0
56.0,8,78707.16,1,1,1,99398.36,3,0.0,0.0,1.0,1.0
29.0,1,141325.56,1,1,1,93839.3,0,1.0,0.0,0.0,1.0
39.0,5,113193.51,2,1,1,52166.25,1,0.0,1.0,0.0,0.0
37.0,7,0.0,2,1,1,28690.9,1,1.0,0.0,0.0,0.0
28.0,4,0.0,2,1,0,1801.77,0,0.0,0.0,1.0,0.0
26.0,4,0.0,2,1,0,135394.62,4,1.0,0.0,0.0,1.0
27.0,7,158786.67,2,0,1,47579.25,4,1.0,0.0,0.0,0.0
39.0,5,0.0,1,1,0,77705.75,4,1.0,0.0,0.0,0.0
32.0,3,121394.42,1,1,0,164081.42,1,1.0,0.0,0.0,1.0
25.0,3,132837.7,1,1,0,131647.31,0,0.0,1.0,0.0,0.0
46.0,4,0.0,2,1,0,1907.66,0,1.0,0.0,0.0,0.0
35.0,3,99967.76,1,1,1,176882.08,3,0.0,1.0,0.0,1.0
41.0,1,103560.57,1,1,0,236.45,1,0.0,1.0,0.0,0.0
45.0,9,74989.58,1,1,1,171014.69,3,1.0,0.0,0.0,1.0
26.0,1,97331.19,1,1,0,63717.49,3,0.0,1.0,0.0,0.0
39.0,2,0.0,2,1,0,179451.42,4,1.0,0.0,0.0,0.0
24.0,9,135125.28,1,0,0,89801.9,1,1.0,0.0,0.0,1.0
35.0,5,0.0,1,1,0,155394.52,2,1.0,0.0,0.0,1.0
46.0,6,0.0,2,0,0,106781.59,2,1.0,0.0,0.0,0.0
57.0,3,113386.36,2,1,1,65121.63,4,0.0,1.0,0.0,0.0
42.0,9,121056.63,2,1,0,39122.58,4,0.0,0.0,1.0,0.0
37.0,4,212692.97,1,0,0,176395.02,1,1.0,0.0,0.0,1.0
38.0,4,0.0,2,1,0,35338.96,1,1.0,0.0,0.0,0.0
37.0,1,0.0,1,1,0,30461.55,0,1.0,0.0,0.0,1.0
37.0,7,0.0,2,1,0,13589.93,2,0.0,0.0,1.0,0.0
38.91621420206537,8,122570.69,1,0,0,199005.88,3,0.0,0.0,1.0,0.0
50.0,6,94238.75,2,1,1,50664.07,3,1.0,0.0,0.0,0.0
34.0,9,112822.26,1,0,0,150401.53,4,0.0,0.0,1.0,0.0
40.0,3,109308.79,2,1,0,120158.72,3,0.0,1.0,0.0,0.0
28.0,2,109137.12,1,1,1,58814.41,3,1.0,0.0,0.0,1.0
27.0,10,0.0,2,0,0,13007.89,4,1.0,0.0,0.0,1.0
36.0,3,141334.95,1,0,1,125870.5,4,1.0,0.0,0.0,0.0
38.0,1,116520.28,1,1,1,49833.5,3,0.0,1.0,0.0,0.0
23.0,5,0.0,2,1,1,73131.73,3,0.0,0.0,1.0,0.0
38.0,1,0.0,2,0,1,41233.97,0,0.0,0.0,1.0,0.0
60.0,1,72948.58,2,1,1,17355.36,4,0.0,1.0,0.0,0.0
70.0,7,97072.42,1,0,1,131177.22,4,1.0,0.0,0.0,0.0
38.91621420206537,6,74430.1,2,1,1,96051.1,1,0.0,1.0,0.0,0.0
45.0,10,135923.16,1,1,0,18732.84,2,0.0,0.0,1.0,0.0
27.0,8,0.0,2,1,1,49089.36,0,1.0,0.0,0.0,1.0
27.0,5,0.0,2,1,1,116081.93,3,1.0,0.0,0.0,1.0
38.91621420206537,5,139129.44,1,0,1,32635.54,0,0.0,0.0,1.0,0.0
48.0,5,144837.79,1,1,1,93151.77,0,0.0,0.0,1.0,0.0
31.0,1,84560.04,1,1,1,137784.25,2,0.0,0.0,1.0,1.0
57.0,3,101465.31,1,1,0,43568.31,0,0.0,1.0,0.0,0.0
33.0,8,0.0,2,1,1,155294.17,2,1.0,0.0,0.0,1.0
24.0,7,107418.27,1,0,1,160450.21,4,0.0,1.0,0.0,1.0
40.0,1,0.0,2,1,0,123207.17,1,1.0,0.0,0.0,0.0
38.0,2,168190.33,2,1,0,68052.08,4,1.0,0.0,0.0,0.0
46.0,1,130666.2,1,1,1,161125.67,2,1.0,0.0,0.0,1.0
38.0,7,0.0,1,1,1,27239.28,1,0.0,0.0,1.0,1.0
25.0,4,121172.97,1,1,1,56268.98,3,1.0,0.0,0.0,0.0
32.0,4,0.0,1,1,1,114951.42,0,1.0,0.0,0.0,0.0
59.0,5,138772.15,1,0,1,123872.0,0,1.0,0.0,0.0,1.0
29.0,2,91955.61,1,1,0,37065.66,2,1.0,0.0,0.0,1.0
35.0,8,0.0,2,1,1,56642.97,2,1.0,0.0,0.0,1.0
38.0,8,106922.92,2,0,1,84270.09,2,0.0,1.0,0.0,1.0
42.0,0,107856.57,2,1,0,127528.84,1,0.0,1.0,0.0,1.0
40.0,5,0.0,2,1,0,147878.05,2,1.0,0.0,0.0,1.0
36.0,2,76190.48,2,1,1,149066.14,2,0.0,1.0,0.0,1.0
36.0,7,0.0,2,1,1,60830.24,3,1.0,0.0,0.0,1.0
55.0,8,118772.71,4,0,0,135853.62,1,0.0,1.0,0.0,0.0
25.0,7,90920.75,1,0,1,112256.57,2,1.0,0.0,0.0,1.0
44.0,3,111100.98,1,1,1,28144.07,4,0.0,1.0,0.0,1.0
31.0,1,125013.72,1,1,1,187658.09,4,0.0,1.0,0.0,1.0
38.0,3,134006.77,1,1,0,89578.32,0,1.0,0.0,0.0,1.0
28.0,3,141099.43,1,1,1,15607.27,0,1.0,0.0,0.0,1.0
28.0,9,0.0,2,1,1,100240.2,3,1.0,0.0,0.0,1.0
38.0,3,145018.49,2,1,1,126702.41,4,1.0,0.0,0.0,1.0
26.0,1,120923.52,1,0,1,78854.57,0,1.0,0.0,0.0,0.0
37.0,9,114453.58,1,0,1,175820.91,2,0.0,1.0,0.0,1.0
35.0,7,117183.74,1,1,1,109733.73,0,1.0,0.0,0.0,0.0
31.0,6,0.0,2,1,0,93881.75,2,1.0,0.0,0.0,1.0
39.0,9,76769.68,1,0,0,48224.72,1,1.0,0.0,0.0,0.0
36.0,8,174060.46,1,1,1,94925.62,2,1.0,0.0,0.0,1.0
43.0,1,160474.59,1,1,1,95963.14,2,1.0,0.0,0.0,0.0
34.0,8,0.0,2,1,1,174196.68,1,1.0,0.0,0.0,1.0
37.0,6,124348.38,2,0,1,176984.34,3,1.0,0.0,0.0,1.0
38.0,2,170061.92,2,0,0,134901.34,2,1.0,0.0,0.0,0.0
30.0,1,116416.94,1,0,1,85808.22,4,0.0,1.0,0.0,1.0
28.0,2,0.0,2,1,0,167909.52,4,1.0,0.0,0.0,1.0
31.0,2,112708.2,1,0,1,186370.3,0,0.0,1.0,0.0,1.0
30.0,8,154870.28,1,1,1,54191.38,4,0.0,1.0,0.0,0.0
45.0,7,142072.02,1,1,0,37013.29,2,1.0,0.0,0.0,1.0
35.0,2,147900.43,1,1,0,140000.29,1,1.0,0.0,0.0,0.0
38.0,5,177997.07,1,0,1,19233.41,4,0.0,0.0,1.0,1.0
55.0,8,109339.17,2,1,0,96405.88,0,0.0,1.0,0.0,1.0
29.0,9,170214.23,2,1,0,49284.0,0,0.0,1.0,0.0,0.0
42.0,9,87271.41,2,1,0,172572.64,0,0.0,1.0,0.0,0.0
25.0,0,97544.29,1,0,1,59887.15,3,1.0,0.0,0.0,1.0
31.0,4,0.0,2,1,1,142029.17,4,1.0,0.0,0.0,0.0
24.0,2,120135.55,2,1,1,125449.47,4,0.0,1.0,0.0,1.0
44.0,3,106070.89,1,0,1,101617.43,3,0.0,0.0,1.0,1.0
26.0,3,0.0,1,1,0,34542.41,3,0.0,0.0,1.0,1.0
37.0,3,116465.53,1,0,1,24435.77,0,1.0,0.0,0.0,0.0
38.91621420206537,5,112146.12,1,1,0,75927.35,2,0.0,1.0,0.0,1.0
62.0,5,0.0,2,1,1,180243.56,4,0.0,0.0,1.0,1.0
72.0,2,0.0,2,1,1,70783.61,2,1.0,0.0,0.0,1.0
40.0,1,139290.41,1,1,0,182855.42,4,1.0,0.0,0.0,1.0
51.0,3,123372.3,1,1,1,115429.32,4,1.0,0.0,0.0,1.0
28.0,8,122384.22,3,1,1,89017.38,0,0.0,1.0,0.0,1.0
38.0,7,123544.21,1,1,1,157664.02,3,1.0,0.0,0.0,0.0
32.0,5,145553.07,1,1,1,31484.76,2,0.0,0.0,1.0,0.0
32.0,10,107209.73,1,1,1,112340.2,2,1.0,0.0,0.0,1.0
46.0,2,131365.37,2,1,1,180290.68,4,0.0,0.0,1.0,1.0
49.0,7,96296.78,1,1,0,190457.87,3,0.0,0.0,1.0,0.0
36.0,5,119984.07,1,1,0,191535.11,4,0.0,1.0,0.0,1.0
34.0,4,109783.69,2,1,0,134034.32,2,0.0,0.0,1.0,0.0
36.0,6,0.0,2,1,0,32845.32,0,1.0,0.0,0.0,1.0
33.0,5,122568.05,2,1,1,82820.85,4,1.0,0.0,0.0,1.0
36.0,0,164850.54,1,1,1,62722.44,4,1.0,0.0,0.0,0.0
48.0,6,149726.08,1,0,0,88307.87,0,0.0,1.0,0.0,1.0
31.0,3,121237.65,1,1,1,31022.56,4,0.0,0.0,1.0,0.0
31.0,3,136556.44,1,1,0,82152.83,2,0.0,0.0,1.0,1.0
28.0,3,0.0,1,1,0,51536.99,2,1.0,0.0,0.0,0.0
27.0,9,135637.0,1,1,0,153080.4,0,1.0,0.0,0.0,0.0
36.0,1,0.0,2,1,1,149370.93,4,1.0,0.0,0.0,1.0
45.0,1,0.0,2,1,1,199657.46,1,1.0,0.0,0.0,0.0
37.0,2,0.0,2,1,0,33877.29,0,1.0,0.0,0.0,1.0
35.0,2,0.0,2,0,1,26389.92,1,1.0,0.0,0.0,0.0
31.0,0,134644.19,1,1,1,70381.49,1,0.0,1.0,0.0,1.0
50.0,3,0.0,1,1,0,183399.12,2,1.0,0.0,0.0,0.0
30.0,3,85704.95,1,0,1,27886.06,0,1.0,0.0,0.0,1.0
26.0,6,136214.08,1,0,0,159742.33,0,1.0,0.0,0.0,0.0
26.0,2,165947.99,2,0,1,168834.38,1,1.0,0.0,0.0,0.0
33.0,1,112833.35,1,0,1,175178.56,0,1.0,0.0,0.0,1.0
28.0,4,0.0,2,1,1,123969.64,2,1.0,0.0,0.0,1.0
30.0,4,78653.05,1,1,0,1790.48,4,0.0,0.0,1.0,1.0
38.0,8,71460.67,2,1,1,10074.05,0,0.0,0.0,1.0,1.0
40.0,9,106756.01,2,1,0,151167.94,1,0.0,1.0,0.0,0.0
38.0,10,0.0,2,1,1,216.27,0,1.0,0.0,0.0,0.0
24.0,0,0.0,2,1,0,109355.73,4,1.0,0.0,0.0,0.0
34.0,5,139064.06,2,0,0,67949.32,4,1.0,0.0,0.0,1.0
45.0,9,0.0,1,0,0,148516.79,1,1.0,0.0,0.0,1.0
56.0,1,169743.83,1,0,0,155850.4,4,0.0,1.0,0.0,1.0
48.0,3,0.0,1,0,1,30730.95,0,0.0,0.0,1.0,0.0
34.0,1,102723.35,2,1,0,180844.81,0,1.0,0.0,0.0,0.0
34.0,8,0.0,2,0,1,141872.52,0,1.0,0.0,0.0,0.0
33.0,2,122394.0,1,1,1,22113.93,1,0.0,1.0,0.0,1.0
37.0,8,0.0,2,1,1,287.99,0,1.0,0.0,0.0,1.0
38.91621420206537,3,0.0,2,0,1,150465.93,3,0.0,0.0,1.0,1.0
31.0,3,0.0,2,1,1,115217.59,0,1.0,0.0,0.0,0.0
38.91621420206537,2,165536.28,2,1,1,123956.83,0,1.0,0.0,0.0,1.0
47.0,4,118907.6,1,0,1,47777.15,1,0.0,1.0,0.0,0.0
45.0,6,152880.97,1,0,0,162478.11,3,0.0,1.0,0.0,1.0
39.0,10,115301.31,1,1,0,43527.4,3,0.0,1.0,0.0,0.0
36.0,3,146053.66,1,1,1,138344.7,4,1.0,0.0,0.0,0.0
49.0,0,0.0,1,0,0,178709.98,4,1.0,0.0,0.0,0.0
30.0,1,0.0,2,1,0,8125.39,1,0.0,0.0,1.0,0.0
33.0,0,0.0,2,0,0,178122.71,4,1.0,0.0,0.0,1.0
51.0,10,98438.23,1,0,0,70778.63,3,0.0,1.0,0.0,0.0
36.0,1,0.0,1,1,0,160696.72,0,1.0,0.0,0.0,1.0
74.0,2,116800.25,1,1,1,34130.43,2,0.0,1.0,0.0,1.0
64.0,9,0.0,1,0,1,13181.37,1,1.0,0.0,0.0,0.0
37.0,3,88363.03,1,0,1,117946.3,2,1.0,0.0,0.0,1.0
29.0,9,0.0,2,1,1,142033.07,3,0.0,0.0,1.0,0.0
43.0,3,141349.43,1,1,1,100187.43,1,0.0,1.0,0.0,0.0
32.0,9,0.0,2,0,0,9751.03,4,1.0,0.0,0.0,1.0
29.0,1,96462.25,2,0,1,48986.18,4,0.0,1.0,0.0,1.0
38.91621420206537,4,0.0,1,0,1,168780.04,0,1.0,0.0,0.0,1.0
37.0,7,102708.77,1,1,0,9087.81,4,0.0,1.0,0.0,1.0
64.0,2,136770.67,1,0,1,43678.06,0,1.0,0.0,0.0,1.0
43.0,8,145618.37,1,0,1,10350.74,0,1.0,0.0,0.0,0.0
36.0,7,154872.08,2,1,1,32044.64,0,1.0,0.0,0.0,1.0
31.0,1,0.0,2,1,0,158750.13,0,0.0,0.0,1.0,0.0
52.0,1,76101.81,2,0,1,177238.35,2,0.0,1.0,0.0,1.0
37.0,8,0.0,2,0,1,100835.19,1,0.0,0.0,1.0,0.0
40.0,2,0.0,2,0,0,36371.27,2,1.0,0.0,0.0,0.0
38.91621420206537,1,141559.5,1,1,1,31257.1,3,0.0,1.0,0.0,1.0
63.0,8,0.0,2,0,1,57014.43,2,1.0,0.0,0.0,1.0
40.0,2,113228.38,2,1,1,46415.09,4,0.0,1.0,0.0,1.0
46.0,6,0.0,2,1,0,171928.04,4,0.0,0.0,1.0,0.0
76.0,2,130334.84,2,1,1,51672.08,1,0.0,1.0,0.0,1.0
38.91621420206537,8,0.0,2,0,0,133292.94,0,1.0,0.0,0.0,1.0
38.91621420206537,4,124954.94,1,0,1,131259.6,4,0.0,1.0,0.0,0.0
33.0,10,0.0,1,1,0,4861.72,4,1.0,0.0,0.0,1.0
38.0,8,153058.64,1,1,0,99377.27,0,0.0,1.0,0.0,0.0
25.0,7,0.0,2,0,1,82393.08,0,1.0,0.0,0.0,0.0
39.0,5,97854.37,2,1,0,93536.38,2,0.0,0.0,1.0,0.0
37.0,2,103195.2,2,1,0,178268.36,4,0.0,0.0,1.0,1.0
58.0,3,102346.86,1,1,1,114672.64,3,1.0,0.0,0.0,0.0
34.0,1,0.0,2,0,1,81175.25,1,0.0,0.0,1.0,1.0
46.0,2,0.0,2,1,1,105983.09,3,0.0,0.0,1.0,1.0
46.0,5,123642.36,1,1,1,49725.16,2,0.0,1.0,0.0,0.0
30.0,1,0.0,2,1,0,141860.62,4,1.0,0.0,0.0,1.0
59.0,0,178058.06,2,0,1,21063.71,2,1.0,0.0,0.0,1.0
44.0,2,0.0,2,1,0,149665.65,2,1.0,0.0,0.0,0.0
29.0,5,0.0,2,0,0,12510.53,0,1.0,0.0,0.0,1.0
32.0,7,0.0,2,0,0,155227.0,4,1.0,0.0,0.0,0.0
38.0,2,0.0,2,1,0,87168.46,1,1.0,0.0,0.0,0.0
43.0,8,71240.3,1,0,1,127734.16,2,1.0,0.0,0.0,1.0
38.0,0,0.0,1,1,0,126876.47,3,0.0,0.0,1.0,1.0
58.0,9,125801.03,2,1,0,60891.8,0,0.0,1.0,0.0,0.0
34.0,2,126558.92,1,1,0,73334.43,3,1.0,0.0,0.0,0.0
30.0,8,0.0,2,1,0,33159.37,3,1.0,0.0,0.0,1.0
27.0,5,95826.49,2,1,0,155996.96,2,0.0,1.0,0.0,1.0
38.0,5,123770.46,1,0,0,47019.66,2,0.0,1.0,0.0,0.0
36.0,2,147149.59,1,1,1,87816.86,2,1.0,0.0,0.0,0.0
32.0,4,75170.54,1,1,1,37898.5,4,1.0,0.0,0.0,0.0
49.0,2,151249.45,2,1,1,167237.94,0,0.0,1.0,0.0,0.0
40.0,10,163823.37,1,0,0,89519.47,1,1.0,0.0,0.0,1.0
42.0,2,92616.64,2,1,0,8567.18,2,0.0,1.0,0.0,1.0
42.0,8,152324.66,2,1,0,171733.22,4,0.0,1.0,0.0,0.0
35.0,6,117707.18,2,0,0,95277.15,0,1.0,0.0,0.0,0.0
41.0,5,0.0,1,1,0,28266.9,4,0.0,0.0,1.0,0.0
32.0,2,0.0,1,1,1,80130.54,0,1.0,0.0,0.0,0.0
44.0,1,0.0,2,1,1,82614.89,0,0.0,0.0,1.0,0.0
58.0,4,0.0,1,0,0,176407.15,1,1.0,0.0,0.0,1.0
37.0,7,140950.92,2,1,0,195333.98,4,0.0,1.0,0.0,1.0
37.0,3,0.0,1,1,0,158049.9,2,1.0,0.0,0.0,1.0
58.0,2,0.0,2,1,1,33277.31,1,0.0,0.0,1.0,0.0
30.0,2,88243.29,2,1,1,96658.26,2,0.0,0.0,1.0,0.0
55.0,3,44020.89,1,1,0,65864.4,3,1.0,0.0,0.0,0.0
38.91621420206537,6,92436.86,1,1,0,126033.9,0,1.0,0.0,0.0,0.0
38.0,8,0.0,2,0,1,46635.11,3,0.0,0.0,1.0,1.0
30.0,7,0.0,2,1,1,186648.19,0,1.0,0.0,0.0,0.0
22.0,7,139096.85,1,1,0,129890.94,0,1.0,0.0,0.0,0.0
38.0,10,123711.73,2,1,0,171340.68,3,1.0,0.0,0.0,0.0
34.0,1,99325.04,2,0,1,186052.15,1,1.0,0.0,0.0,0.0
33.0,5,116474.28,2,1,1,32757.55,4,0.0,0.0,1.0,1.0
38.91621420206537,5,0.0,2,0,1,153810.41,1,0.0,0.0,1.0,0.0
39.0,5,0.0,2,1,0,140941.47,0,0.0,0.0,1.0,0.0
37.0,3,175534.78,2,1,1,9241.52,0,0.0,0.0,1.0,1.0
36.0,10,0.0,2,0,1,186180.42,1,0.0,0.0,1.0,0.0
37.0,4,140211.88,1,1,1,93832.33,1,1.0,0.0,0.0,0.0
35.0,1,163700.78,3,1,1,29583.48,2,0.0,1.0,0.0,0.0
48.0,1,132759.8,1,1,0,78899.22,2,0.0,0.0,1.0,1.0
23.0,9,123575.51,1,0,1,95148.28,0,0.0,1.0,0.0,0.0
35.0,6,100768.77,1,1,0,19199.61,2,1.0,0.0,0.0,0.0
33.0,2,0.0,2,0,0,198208.0,2,1.0,0.0,0.0,0.0
27.0,2,147435.96,1,0,0,187508.06,2,0.0,1.0,0.0,0.0
39.0,8,146200.01,1,1,0,177944.64,0,1.0,0.0,0.0,1.0
31.0,8,0.0,2,0,0,86657.48,4,0.0,0.0,1.0,0.0
29.0,3,0.0,2,1,0,2743.69,2,1.0,0.0,0.0,0.0
53.0,3,0.0,2,1,1,38913.68,4,0.0,0.0,1.0,1.0
38.0,3,0.0,2,1,0,116466.19,2,1.0,0.0,0.0,0.0
39.0,7,157691.98,2,1,0,133600.89,4,0.0,0.0,1.0,1.0
28.0,1,119336.29,2,0,1,58976.85,1,0.0,1.0,0.0,1.0
40.0,6,137326.65,1,1,0,186976.6,3,0.0,1.0,0.0,0.0
33.0,7,128135.99,1,1,0,158437.73,2,0.0,1.0,0.0,1.0
31.0,9,157120.86,2,1,0,141300.53,4,1.0,0.0,0.0,1.0
26.0,2,114035.39,1,0,0,96885.19,3,0.0,1.0,0.0,0.0
63.0,9,116270.72,1,1,1,184243.25,4,1.0,0.0,0.0,0.0
51.0,6,144953.31,1,1,1,165035.17,0,1.0,0.0,0.0,1.0
23.0,6,0.0,2,1,0,153229.19,1,0.0,0.0,1.0,0.0
27.0,7,0.0,2,1,0,156150.08,0,1.0,0.0,0.0,0.0
33.0,6,145580.61,1,1,1,154598.56,4,0.0,0.0,1.0,0.0
33.0,1,0.0,2,1,1,174431.01,4,1.0,0.0,0.0,0.0
54.0,5,0.0,2,1,1,88721.84,3,1.0,0.0,0.0,1.0
38.0,1,171848.38,1,0,0,16957.45,3,0.0,0.0,1.0,0.0
59.0,8,152614.51,2,1,1,188782.3,2,0.0,1.0,0.0,0.0
38.0,8,113000.92,1,1,1,152872.39,0,1.0,0.0,0.0,1.0
34.0,7,93244.42,1,0,1,199805.63,0,0.0,1.0,0.0,0.0
32.0,5,0.0,2,0,1,75279.39,0,1.0,0.0,0.0,0.0
40.0,0,0.0,1,1,0,119059.13,1,1.0,0.0,0.0,0.0
26.0,0,0.0,1,0,0,47472.68,2,1.0,0.0,0.0,1.0
72.0,5,94216.05,1,1,1,78695.68,0,0.0,1.0,0.0,1.0
27.0,6,0.0,2,1,1,172031.22,1,0.0,0.0,1.0,0.0
40.0,6,0.0,2,1,1,181610.6,2,0.0,0.0,1.0,0.0
61.0,4,129855.72,2,1,0,170214.82,4,0.0,0.0,1.0,0.0
22.0,6,0.0,2,0,1,131827.15,2,1.0,0.0,0.0,1.0
50.0,10,0.0,2,1,1,33741.84,4,0.0,0.0,1.0,0.0
29.0,2,123757.52,2,1,0,84872.66,4,1.0,0.0,0.0,1.0
66.0,0,127120.62,1,0,1,118929.64,4,0.0,1.0,0.0,0.0
31.0,5,0.0,2,1,0,31474.27,1,1.0,0.0,0.0,1.0
35.0,5,0.0,2,1,0,95009.6,4,0.0,0.0,1.0,1.0
30.0,7,116927.89,1,1,0,21198.39,3,0.0,1.0,0.0,1.0
40.0,3,148556.74,1,0,1,146056.29,3,1.0,0.0,0.0,1.0
57.0,3,0.0,3,1,0,6554.97,0,1.0,0.0,0.0,0.0
48.0,4,0.0,2,1,1,170893.85,3,1.0,0.0,0.0,1.0
35.0,9,0.0,2,1,1,45956.05,2,0.0,0.0,1.0,1.0
34.0,1,137523.02,1,0,0,24761.36,2,0.0,0.0,1.0,1.0
20.0,1,139432.55,1,1,1,85606.83,4,1.0,0.0,0.0,1.0
56.0,2,105473.74,1,1,1,46044.7,3,0.0,0.0,1.0,0.0
32.0,3,114540.38,1,1,0,92568.07,0,0.0,1.0,0.0,1.0
32.0,1,0.0,3,1,0,85901.09,2,1.0,0.0,0.0,1.0
32.0,5,0.0,2,1,1,42135.28,1,1.0,0.0,0.0,0.0
43.0,6,85200.82,2,1,1,160574.09,0,0.0,1.0,0.0,1.0
69.0,9,0.0,1,0,1,134483.07,2,0.0,0.0,1.0,0.0
38.91621420206537,10,114835.43,1,0,1,37662.49,3,1.0,0.0,0.0,1.0
38.0,3,0.0,2,0,0,171463.83,2,1.0,0.0,0.0,1.0
18.0,2,160980.03,1,0,0,145936.28,4,1.0,0.0,0.0,1.0
38.91621420206537,2,174701.05,1,1,0,90189.72,2,1.0,0.0,0.0,1.0
36.0,2,82275.35,2,1,1,93249.26,3,1.0,0.0,0.0,1.0
38.0,9,61482.47,1,1,1,167538.66,0,0.0,1.0,0.0,0.0
71.0,9,142550.25,2,1,1,122506.78,4,0.0,1.0,0.0,1.0
31.0,5,174853.46,1,1,0,84238.63,0,0.0,0.0,1.0,0.0
38.91621420206537,6,0.0,1,1,0,187391.02,4,1.0,0.0,0.0,1.0
24.0,10,159203.71,1,1,1,102517.83,1,0.0,0.0,1.0,0.0
35.0,6,0.0,2,1,1,45206.57,1,1.0,0.0,0.0,1.0
48.0,7,168286.58,1,1,0,16645.77,0,0.0,1.0,0.0,0.0
36.0,7,128829.25,1,1,0,190588.59,1,1.0,0.0,0.0,1.0
50.0,9,0.0,2,1,1,111020.24,0,1.0,0.0,0.0,0.0
45.0,5,0.0,2,1,1,146123.19,4,1.0,0.0,0.0,0.0
41.0,7,0.0,2,1,1,74275.08,4,1.0,0.0,0.0,0.0
29.0,4,78939.15,1,1,0,122134.56,3,0.0,1.0,0.0,0.0
34.0,4,148249.54,1,0,1,33738.27,0,0.0,1.0,0.0,0.0
42.0,5,0.0,2,0,0,101905.34,0,1.0,0.0,0.0,0.0
63.0,5,0.0,1,1,0,28092.77,2,1.0,0.0,0.0,0.0
59.0,5,153861.1,1,1,1,17699.48,1,1.0,0.0,0.0,1.0
41.0,6,144974.55,1,1,1,19344.92,0,0.0,0.0,1.0,1.0
34.0,3,0.0,2,1,1,125979.36,0,1.0,0.0,0.0,1.0
39.0,9,0.0,2,1,0,143752.77,4,0.0,0.0,1.0,1.0
71.0,4,0.0,2,1,1,197562.08,1,1.0,0.0,0.0,1.0
41.0,1,85906.65,3,1,0,189159.97,2,0.0,1.0,0.0,0.0
38.91621420206537,4,137986.58,2,0,1,51308.54,3,0.0,1.0,0.0,1.0
39.0,8,0.0,1,0,1,21016.0,4,1.0,0.0,0.0,0.0
48.0,8,139480.18,1,1,1,163581.67,3,0.0,1.0,0.0,0.0
43.0,5,0.0,2,1,1,48249.88,2,1.0,0.0,0.0,1.0
42.0,4,0.0,2,1,0,121440.8,2,1.0,0.0,0.0,0.0
29.0,4,0.0,2,1,1,74346.11,2,0.0,0.0,1.0,0.0
31.0,5,0.0,2,0,1,90.07,1,1.0,0.0,0.0,1.0
35.0,4,90413.12,1,1,1,20555.21,1,1.0,0.0,0.0,0.0
43.0,8,0.0,2,1,0,100618.17,1,1.0,0.0,0.0,1.0
48.0,4,164701.68,1,1,1,21439.49,4,1.0,0.0,0.0,1.0
45.0,1,129855.32,1,0,0,24218.65,3,1.0,0.0,0.0,1.0
47.0,2,0.0,2,1,1,97057.28,0,1.0,0.0,0.0,1.0
53.0,4,199689.49,1,1,1,24207.86,0,1.0,0.0,0.0,1.0
36.0,5,78381.13,1,0,1,153831.6,4,0.0,0.0,1.0,1.0
42.0,1,0.0,2,0,0,71823.15,3,1.0,0.0,0.0,1.0
34.0,0,0.0,1,1,0,182988.94,0,0.0,0.0,1.0,1.0
58.0,5,0.0,2,0,1,49848.86,3,1.0,0.0,0.0,0.0
53.0,7,187602.18,1,1,0,186392.99,2,0.0,0.0,1.0,0.0
46.0,9,190678.02,1,1,1,14725.36,4,0.0,0.0,1.0,1.0
29.0,4,0.0,2,1,0,121846.81,1,1.0,0.0,0.0,0.0
24.0,7,0.0,2,1,1,166310.82,2,1.0,0.0,0.0,1.0
25.0,10,60205.2,2,1,0,14073.11,4,0.0,1.0,0.0,1.0
59.0,7,91680.1,2,1,0,163141.18,0,0.0,1.0,0.0,0.0
40.0,3,107949.45,1,1,0,52449.62,2,0.0,1.0,0.0,1.0
26.0,5,155143.52,1,0,1,135034.57,4,0.0,1.0,0.0,0.0
36.0,5,115350.63,1,1,1,122305.91,3,1.0,0.0,0.0,1.0
40.0,4,130661.96,1,1,1,101918.96,3,1.0,0.0,0.0,1.0
44.0,8,0.0,2,1,1,27431.62,1,1.0,0.0,0.0,0.0
37.0,8,107798.85,1,1,0,16966.73,3,1.0,0.0,0.0,1.0
20.0,4,104719.94,2,1,0,38691.34,3,1.0,0.0,0.0,1.0
37.0,0,178742.71,1,1,1,194493.57,2,0.0,0.0,1.0,1.0
30.0,0,83319.28,1,0,0,57769.2,3,0.0,0.0,1.0,0.0
38.0,0,145974.79,2,1,1,137694.23,4,1.0,0.0,0.0,1.0
57.0,6,76165.65,1,1,1,133537.53,0,1.0,0.0,0.0,1.0
28.0,8,0.0,1,1,1,103349.74,0,1.0,0.0,0.0,0.0
62.0,2,0.0,2,1,1,162889.1,3,0.0,0.0,1.0,0.0
42.0,3,150461.07,1,1,0,108139.23,2,1.0,0.0,0.0,1.0
29.0,4,130114.39,1,1,0,164017.89,0,1.0,0.0,0.0,0.0
31.0,4,98899.91,1,1,1,47832.82,4,0.0,1.0,0.0,1.0
37.0,8,105961.68,2,0,1,74158.8,3,1.0,0.0,0.0,1.0
46.0,7,117685.31,2,1,1,93360.35,4,1.0,0.0,0.0,1.0
38.0,7,0.0,1,1,1,63202.0,1,1.0,0.0,0.0,1.0
29.0,1,144591.96,1,1,1,196293.76,0,1.0,0.0,0.0,1.0
32.0,1,104254.27,1,1,1,17034.37,2,0.0,0.0,1.0,0.0
51.0,0,0.0,1,1,1,175235.99,1,0.0,0.0,1.0,1.0
40.0,6,0.0,1,0,0,183872.88,2,1.0,0.0,0.0,1.0
55.0,6,0.0,1,1,0,944.41,4,1.0,0.0,0.0,1.0
46.0,4,0.0,1,1,0,5549.11,1,0.0,0.0,1.0,1.0
21.0,3,176511.08,1,1,1,153920.22,0,1.0,0.0,0.0,0.0
35.0,2,0.0,1,1,0,44335.54,4,0.0,0.0,1.0,0.0
36.0,10,122314.39,1,1,0,9181.66,2,0.0,1.0,0.0,0.0
40.0,8,0.0,2,0,1,69080.46,4,1.0,0.0,0.0,0.0
51.0,3,88827.53,1,0,0,85250.77,2,0.0,0.0,1.0,1.0
39.0,3,0.0,1,1,0,134878.19,0,0.0,0.0,1.0,1.0
30.0,1,78133.15,1,0,1,174225.88,2,1.0,0.0,0.0,1.0
71.0,9,119496.87,1,1,0,125848.88,0,0.0,1.0,0.0,1.0
29.0,3,119670.18,1,1,0,188022.44,3,0.0,0.0,1.0,0.0
23.0,1,106012.2,2,0,1,191415.94,1,1.0,0.0,0.0,1.0
55.0,3,87485.67,1,1,1,3299.01,2,1.0,0.0,0.0,1.0
31.0,4,158978.79,1,1,0,12538.92,1,1.0,0.0,0.0,0.0
48.0,5,116060.08,1,1,0,156618.38,4,0.0,0.0,1.0,1.0
38.91621420206537,7,115315.04,1,1,0,15216.53,3,0.0,1.0,0.0,1.0
71.0,10,0.0,2,1,1,129984.2,1,0.0,0.0,1.0,0.0
49.0,3,137115.16,1,1,0,146516.86,0,0.0,1.0,0.0,1.0
36.0,3,0.0,2,0,0,110525.6,2,0.0,0.0,1.0,0.0
34.0,9,53299.96,2,1,1,42855.97,3,0.0,0.0,1.0,0.0
47.0,4,152522.47,1,0,1,164038.07,1,0.0,1.0,0.0,0.0
35.0,4,144428.87,1,1,0,134132.65,3,1.0,0.0,0.0,1.0
37.0,3,0.0,2,1,1,20603.32,0,1.0,0.0,0.0,1.0
24.0,1,0.0,2,0,1,162597.15,2,1.0,0.0,0.0,1.0
45.0,6,114422.85,2,1,1,104678.78,3,0.0,1.0,0.0,1.0
60.0,6,121730.49,1,1,1,142963.29,0,1.0,0.0,0.0,0.0
30.0,2,158584.82,3,1,0,142342.55,1,1.0,0.0,0.0,0.0
38.0,3,138731.95,1,1,1,194138.36,0,1.0,0.0,0.0,0.0
37.0,2,0.0,1,0,1,121175.86,1,1.0,0.0,0.0,1.0
53.0,7,0.0,2,1,1,80619.17,0,1.0,0.0,0.0,0.0
38.0,4,0.0,2,0,0,186884.04,1,1.0,0.0,0.0,1.0
32.0,8,0.0,2,1,0,67364.42,0,1.0,0.0,0.0,1.0
48.0,8,95808.19,1,0,0,137702.01,0,0.0,0.0,1.0,0.0
30.0,2,0.0,2,0,1,100496.84,3,1.0,0.0,0.0,0.0
75.0,1,106307.91,2,0,1,113428.77,2,0.0,1.0,0.0,0.0
38.0,4,0.0,1,1,0,95483.48,1,1.0,0.0,0.0,1.0
50.0,1,113957.01,2,1,0,196526.55,1,0.0,1.0,0.0,1.0
60.0,3,0.0,2,1,1,86981.45,2,1.0,0.0,0.0,0.0
38.0,2,63093.01,1,1,1,47089.72,0,1.0,0.0,0.0,0.0
29.0,7,106230.92,1,1,1,69903.93,3,0.0,1.0,0.0,0.0
33.0,2,0.0,2,1,1,4700.66,1,0.0,0.0,1.0,0.0
31.0,2,82787.93,2,0,0,91423.69,3,1.0,0.0,0.0,0.0
46.0,1,183276.32,1,1,1,13460.27,4,0.0,0.0,1.0,1.0
53.0,6,111201.41,1,1,1,121542.29,2,0.0,0.0,1.0,0.0
23.0,4,137964.51,1,0,1,174570.55,2,0.0,1.0,0.0,0.0
30.0,9,130682.11,2,1,1,57862.88,1,0.0,1.0,0.0,1.0
26.0,7,0.0,2,0,0,6139.74,0,0.0,0.0,1.0,1.0
33.0,8,152143.89,1,1,1,32174.03,2,0.0,1.0,0.0,1.0
41.0,10,0.0,1,1,0,133086.45,3,1.0,0.0,0.0,0.0
38.0,4,70362.52,2,1,1,104189.46,0,0.0,1.0,0.0,1.0
30.0,1,139762.13,2,1,1,23317.88,2,0.0,1.0,0.0,1.0
35.0,9,71829.34,1,1,1,68141.92,2,0.0,0.0,1.0,1.0
29.0,4,80262.6,1,1,1,20612.82,2,1.0,0.0,0.0,1.0
31.0,2,0.0,2,1,1,58803.28,3,1.0,0.0,0.0,1.0
31.0,1,0.0,2,1,0,1375.46,0,1.0,0.0,0.0,1.0
35.0,6,0.0,2,1,0,98618.79,2,0.0,0.0,1.0,0.0
39.0,6,140094.59,1,1,0,172450.04,3,0.0,0.0,1.0,0.0
47.0,1,93871.95,3,1,0,156878.42,3,1.0,0.0,0.0,1.0
29.0,2,117412.19,2,1,0,4888.91,4,0.0,0.0,1.0,1.0
39.0,7,0.0,2,0,0,14917.09,3,1.0,0.0,0.0,1.0
40.0,8,28649.64,1,1,1,95140.62,1,0.0,0.0,1.0,1.0
33.0,8,115409.6,1,0,1,1539.21,2,0.0,0.0,1.0,0.0
42.0,7,0.0,2,1,0,58268.2,3,0.0,0.0,1.0,0.0
25.0,6,104013.79,1,1,0,114774.35,0,0.0,1.0,0.0,1.0
45.0,2,179334.83,2,1,1,169303.65,1,0.0,1.0,0.0,1.0
46.0,4,0.0,1,1,0,74379.57,1,1.0,0.0,0.0,1.0
35.0,1,0.0,2,0,0,92131.54,0,1.0,0.0,0.0,0.0
50.0,9,0.0,2,0,0,37171.46,2,1.0,0.0,0.0,1.0
19.0,5,97445.49,2,1,0,122823.34,1,1.0,0.0,0.0,0.0
37.0,6,94001.61,2,1,0,140723.05,4,0.0,1.0,0.0,1.0
38.0,7,0.0,2,1,1,158580.05,3,1.0,0.0,0.0,1.0
46.0,1,0.0,1,1,0,152167.79,3,1.0,0.0,0.0,1.0
46.0,0,0.0,3,0,1,131553.82,1,1.0,0.0,0.0,0.0
30.0,7,0.0,2,1,0,72196.57,2,1.0,0.0,0.0,0.0
32.0,0,68138.37,1,1,1,170309.19,0,0.0,0.0,1.0,0.0
37.0,9,118636.92,1,1,1,73551.44,0,1.0,0.0,0.0,1.0
32.0,9,169947.41,2,1,1,27979.16,3,0.0,1.0,0.0,1.0
30.0,0,110148.49,1,1,0,5790.9,1,0.0,1.0,0.0,0.0
27.0,4,153325.1,1,1,1,199953.33,1,0.0,0.0,1.0,1.0
20.0,0,83459.86,1,1,1,146752.67,0,1.0,0.0,0.0,1.0
37.0,9,0.0,2,1,0,16733.59,3,1.0,0.0,0.0,0.0
38.91621420206537,9,115766.26,1,0,0,72155.85,1,0.0,1.0,0.0,1.0
37.0,6,0.0,2,1,0,45309.24,2,1.0,0.0,0.0,1.0
38.91621420206537,2,0.0,1,0,0,166650.32,4,1.0,0.0,0.0,1.0
68.0,9,0.0,2,1,0,110440.5,0,0.0,0.0,1.0,1.0
34.0,10,0.0,2,1,0,25662.27,1,1.0,0.0,0.0,1.0
51.0,8,186825.57,1,1,0,93739.71,1,1.0,0.0,0.0,1.0
33.0,9,0.0,2,0,0,91514.62,2,0.0,0.0,1.0,1.0
42.0,10,0.0,1,1,1,186071.14,4,0.0,0.0,1.0,1.0
33.0,3,0.0,1,1,1,144413.92,4,1.0,0.0,0.0,0.0
50.0,4,0.0,1,1,1,8546.87,4,1.0,0.0,0.0,0.0
44.0,9,0.0,2,1,0,177528.92,4,0.0,0.0,1.0,0.0
32.0,10,191775.65,1,1,0,179657.83,4,1.0,0.0,0.0,1.0
58.0,3,119024.75,2,1,0,35199.24,1,0.0,1.0,0.0,0.0
34.0,7,0.0,2,1,0,55003.79,0,1.0,0.0,0.0,1.0
46.0,4,135070.58,2,1,1,44244.49,0,0.0,1.0,0.0,0.0
46.0,8,67563.31,1,1,0,44506.09,1,0.0,0.0,1.0,0.0
35.0,5,0.0,2,1,0,56518.0,0,0.0,0.0,1.0,0.0
24.0,2,87413.19,1,1,0,63340.65,2,1.0,0.0,0.0,0.0
44.0,7,0.0,3,1,0,155853.52,3,0.0,0.0,1.0,0.0
46.0,2,122220.19,1,1,1,118024.1,4,1.0,0.0,0.0,1.0
37.0,5,142688.57,2,1,1,110953.33,0,0.0,1.0,0.0,0.0
34.0,6,144855.34,1,0,0,196555.32,1,0.0,0.0,1.0,0.0
33.0,5,174673.65,2,1,0,33300.56,0,0.0,1.0,0.0,1.0
44.0,5,140856.16,2,1,0,158735.1,4,0.0,0.0,1.0,1.0
48.0,2,0.0,1,1,1,114709.13,0,0.0,0.0,1.0,1.0
33.0,0,90124.64,1,1,0,137476.71,1,1.0,0.0,0.0,0.0
33.0,1,118897.1,2,1,1,26362.4,4,0.0,1.0,0.0,0.0
38.91621420206537,1,0.0,2,1,0,157097.09,2,1.0,0.0,0.0,1.0
37.0,2,0.0,2,1,0,143194.05,4,1.0,0.0,0.0,1.0
67.0,5,0.0,2,1,1,27330.27,2,1.0,0.0,0.0,1.0
52.0,9,135870.01,2,0,0,54038.62,3,0.0,1.0,0.0,1.0
32.0,1,116409.55,1,0,1,152790.92,1,1.0,0.0,0.0,0.0
38.91621420206537,9,125822.21,1,1,0,111698.0,0,0.0,0.0,1.0,1.0
41.0,0,141749.68,1,0,1,9201.53,1,0.0,1.0,0.0,1.0
57.0,2,145965.33,1,1,1,64448.36,0,0.0,0.0,1.0,0.0
43.0,8,64897.75,1,1,0,114996.33,1,1.0,0.0,0.0,0.0
31.0,1,0.0,2,1,0,135382.23,2,0.0,0.0,1.0,1.0
32.0,9,0.0,2,1,0,115950.96,4,1.0,0.0,0.0,1.0
40.0,7,125608.72,1,1,0,122073.48,2,1.0,0.0,0.0,1.0
46.0,1,104947.72,1,1,0,115789.25,0,1.0,0.0,0.0,0.0
45.0,7,145933.27,1,1,1,199392.14,2,1.0,0.0,0.0,0.0
47.0,9,167664.83,1,0,0,125440.11,4,1.0,0.0,0.0,0.0
44.0,8,0.0,1,0,1,159069.37,3,0.0,0.0,1.0,0.0
45.0,4,102486.21,2,1,1,158379.25,2,0.0,0.0,1.0,1.0
24.0,4,0.0,1,0,0,20515.72,0,1.0,0.0,0.0,0.0
41.0,3,33563.95,2,1,0,178994.13,0,1.0,0.0,0.0,0.0
24.0,3,110495.27,1,1,0,158615.41,3,1.0,0.0,0.0,0.0
26.0,5,83600.24,1,0,1,59195.05,3,0.0,0.0,1.0,1.0
35.0,3,0.0,1,1,1,15650.73,4,0.0,0.0,1.0,1.0
33.0,2,0.0,2,1,0,56583.88,4,1.0,0.0,0.0,0.0
45.0,3,143129.41,2,0,1,64327.26,1,0.0,1.0,0.0,1.0
52.0,2,0.0,1,1,0,159123.82,4,0.0,0.0,1.0,1.0
33.0,9,0.0,2,0,1,77519.62,1,1.0,0.0,0.0,0.0
24.0,9,101827.07,1,1,0,167256.35,4,1.0,0.0,0.0,1.0
41.0,6,104817.41,1,1,0,126013.58,4,1.0,0.0,0.0,1.0
46.0,0,107362.8,1,1,0,487.3,4,0.0,1.0,0.0,0.0
36.0,2,0.0,2,0,1,125557.95,1,0.0,0.0,1.0,1.0
27.0,3,139301.68,1,1,0,99843.98,1,1.0,0.0,0.0,1.0
38.0,4,171913.87,1,1,0,51820.87,0,1.0,0.0,0.0,0.0
43.0,2,165896.0,2,1,0,130795.52,3,1.0,0.0,0.0,1.0
39.0,9,131607.28,4,0,1,6981.43,2,0.0,1.0,0.0,1.0
21.0,1,0.0,2,0,0,28726.07,2,0.0,0.0,1.0,0.0
32.0,8,175307.32,1,1,0,187051.23,3,1.0,0.0,0.0,1.0
37.0,7,128645.67,1,1,0,92149.64,2,1.0,0.0,0.0,0.0
43.0,5,168069.73,1,1,1,146992.24,2,1.0,0.0,0.0,0.0
38.91621420206537,1,0.0,2,1,1,80792.83,0,1.0,0.0,0.0,1.0
51.0,4,101629.3,1,0,0,130541.1,2,1.0,0.0,0.0,0.0
26.0,6,79932.41,1,0,0,150242.44,3,0.0,0.0,1.0,1.0
38.0,9,0.0,1,0,1,87412.74,2,0.0,0.0,1.0,1.0
37.0,4,92208.54,1,0,1,197699.8,2,1.0,0.0,0.0,0.0
36.0,1,0.0,2,1,1,95372.64,2,1.0,0.0,0.0,1.0
34.0,9,0.0,2,1,1,65257.57,3,1.0,0.0,0.0,1.0
42.0,1,146766.72,2,0,1,164357.1,2,1.0,0.0,0.0,1.0
30.0,4,0.0,2,1,0,129149.06,2,0.0,0.0,1.0,1.0
53.0,1,131955.07,1,1,1,62514.65,0,0.0,0.0,1.0,0.0
38.91621420206537,8,0.0,2,1,1,149418.41,4,0.0,0.0,1.0,1.0
35.0,3,0.0,2,1,1,176450.19,3,0.0,0.0,1.0,1.0
35.0,8,0.0,3,0,1,88658.73,1,0.0,0.0,1.0,0.0
52.0,8,125396.24,1,1,0,10014.72,0,0.0,1.0,0.0,0.0
27.0,3,107027.52,1,1,0,173425.68,2,0.0,1.0,0.0,1.0
62.0,2,0.0,2,1,1,186489.95,3,0.0,0.0,1.0,1.0
49.0,1,102025.32,1,1,0,133051.64,0,0.0,1.0,0.0,0.0
40.0,4,0.0,2,0,1,81622.52,4,0.0,0.0,1.0,1.0
42.0,2,141642.92,2,1,0,172149.76,4,1.0,0.0,0.0,1.0
37.0,4,82500.28,1,1,1,115260.72,2,1.0,0.0,0.0,1.0
41.0,9,103522.75,2,1,1,34338.21,0,0.0,1.0,0.0,1.0
42.0,4,102936.72,1,0,0,1187.88,3,1.0,0.0,0.0,1.0
43.0,1,76408.85,2,1,0,77837.63,4,1.0,0.0,0.0,1.0
28.0,4,0.0,2,0,0,6947.09,1,0.0,0.0,1.0,1.0
32.0,2,117265.21,1,1,1,198317.23,4,1.0,0.0,0.0,1.0
39.0,10,0.0,2,1,0,10553.31,1,1.0,0.0,0.0,0.0
74.0,10,0.0,2,1,1,53949.98,1,1.0,0.0,0.0,1.0
32.0,9,133060.63,1,1,1,125167.92,0,0.0,1.0,0.0,1.0
31.0,3,142905.51,1,1,1,58134.97,3,1.0,0.0,0.0,0.0
38.91621420206537,5,155931.11,1,1,1,158338.39,2,0.0,0.0,1.0,0.0
66.0,5,121411.9,1,0,0,10070.4,3,0.0,1.0,0.0,1.0
43.0,5,153313.67,1,0,0,170563.73,1,1.0,0.0,0.0,0.0
41.0,6,153238.88,1,1,0,11663.09,0,1.0,0.0,0.0,1.0
36.0,7,95448.32,2,1,0,189085.07,3,0.0,1.0,0.0,1.0
36.0,5,131142.53,2,1,0,174918.46,0,0.0,1.0,0.0,1.0
30.0,6,0.0,2,1,0,180598.86,0,1.0,0.0,0.0,1.0
50.0,9,126547.8,1,1,1,79579.94,4,1.0,0.0,0.0,0.0
22.0,8,174185.98,2,0,1,192633.85,4,1.0,0.0,0.0,0.0
61.0,1,82182.1,1,1,0,106826.92,0,0.0,0.0,1.0,1.0
37.0,7,147361.57,1,1,1,133031.96,2,0.0,1.0,0.0,0.0
31.0,2,79589.43,1,0,0,4050.57,2,1.0,0.0,0.0,0.0
32.0,9,0.0,2,1,1,93155.75,2,1.0,0.0,0.0,0.0
34.0,5,0.0,1,0,0,43540.59,0,1.0,0.0,0.0,1.0
78.0,2,0.0,2,0,1,188435.38,2,0.0,0.0,1.0,0.0
38.0,3,127117.8,2,1,1,174822.74,4,0.0,0.0,1.0,1.0
34.0,5,130929.02,4,1,1,28238.25,2,0.0,0.0,1.0,0.0
37.0,6,169902.92,1,1,1,128256.18,1,0.0,0.0,1.0,1.0
29.0,0,172693.54,1,0,0,141798.98,3,0.0,1.0,0.0,1.0
27.0,2,131691.33,1,1,0,49480.66,2,1.0,0.0,0.0,1.0
70.0,9,116854.71,2,0,1,107125.79,2,0.0,1.0,0.0,1.0
32.0,10,0.0,1,1,1,151815.76,0,1.0,0.0,0.0,0.0
36.0,1,101609.01,2,1,1,447.73,3,0.0,1.0,0.0,0.0
33.0,10,183768.47,1,1,0,164119.35,3,1.0,0.0,0.0,1.0
26.0,4,119009.57,1,1,0,141926.43,3,1.0,0.0,0.0,1.0
42.0,6,100047.33,1,1,0,93429.95,1,0.0,1.0,0.0,1.0
48.0,5,0.0,1,1,0,100478.6,1,1.0,0.0,0.0,0.0
43.0,6,0.0,1,1,1,81250.79,0,0.0,0.0,1.0,0.0
33.0,6,0.0,2,1,1,95500.98,0,0.0,0.0,1.0,0.0
29.0,5,0.0,2,1,0,178779.52,4,1.0,0.0,0.0,0.0
38.91621420206537,7,111288.18,1,1,1,149170.25,3,0.0,1.0,0.0,0.0
23.0,6,166070.48,2,0,0,90494.72,2,0.0,1.0,0.0,0.0
55.0,10,98488.08,1,1,0,155879.57,4,1.0,0.0,0.0,0.0
45.0,3,74274.87,3,1,0,64907.48,3,0.0,0.0,1.0,1.0
36.0,8,0.0,1,0,1,158666.99,2,1.0,0.0,0.0,0.0
39.0,7,98544.11,1,1,1,52327.57,1,0.0,0.0,1.0,0.0
37.0,6,0.0,2,1,1,149705.25,4,0.0,0.0,1.0,0.0
38.0,1,147904.31,1,1,1,69370.05,2,0.0,0.0,1.0,1.0
50.0,4,0.0,2,1,1,80701.72,1,0.0,0.0,1.0,0.0
51.0,2,117306.69,4,1,1,26912.72,2,0.0,1.0,0.0,0.0
33.0,10,0.0,1,1,1,98820.09,4,0.0,0.0,1.0,0.0
35.0,1,0.0,2,1,1,3342.62,1,1.0,0.0,0.0,0.0
35.0,1,110752.15,2,1,1,47921.22,3,1.0,0.0,0.0,0.0
21.0,1,178718.19,2,1,0,22388.0,4,1.0,0.0,0.0,0.0
38.0,9,179581.31,1,1,0,23596.24,4,0.0,0.0,1.0,1.0
30.0,6,87609.68,2,0,0,137674.55,3,0.0,0.0,1.0,1.0
57.0,3,137946.39,1,1,1,72467.99,1,0.0,1.0,0.0,1.0
27.0,7,156811.74,1,1,1,149402.59,2,1.0,0.0,0.0,1.0
38.0,8,119315.75,1,1,0,150468.35,2,1.0,0.0,0.0,1.0
49.0,9,132934.89,1,1,0,171056.65,4,0.0,1.0,0.0,0.0
32.0,10,105000.23,1,1,0,190019.61,0,1.0,0.0,0.0,1.0
38.0,8,119278.01,2,0,1,19370.73,1,1.0,0.0,0.0,0.0
38.0,4,0.0,2,1,0,136259.65,2,0.0,0.0,1.0,1.0
35.0,8,0.0,2,0,0,84569.13,1,1.0,0.0,0.0,0.0
28.0,5,0.0,2,1,0,125918.17,0,1.0,0.0,0.0,0.0
38.0,4,0.0,2,1,0,56388.63,0,1.0,0.0,0.0,0.0
26.0,9,0.0,2,0,1,158918.03,0,0.0,0.0,1.0,0.0
51.0,5,135506.58,3,1,1,152479.64,4,0.0,0.0,1.0,1.0
35.0,1,123042.0,1,1,0,66245.44,1,0.0,1.0,0.0,0.0
43.0,1,141749.74,2,0,1,90905.26,3,0.0,1.0,0.0,1.0
49.0,5,122486.47,1,0,1,59748.19,4,1.0,0.0,0.0,1.0
30.0,7,112935.87,1,1,1,99017.34,0,1.0,0.0,0.0,1.0
40.0,7,128486.91,2,1,0,10109.47,1,0.0,1.0,0.0,0.0
39.0,3,137817.52,1,0,0,83997.79,4,1.0,0.0,0.0,1.0
33.0,4,0.0,2,1,1,39570.78,4,1.0,0.0,0.0,1.0
43.0,3,0.0,2,0,1,198926.36,1,1.0,0.0,0.0,1.0
32.0,0,114668.89,1,1,0,84605.0,2,1.0,0.0,0.0,0.0
37.0,8,163708.58,2,0,0,76259.23,2,0.0,0.0,1.0,1.0
38.91621420206537,2,0.0,2,0,1,102515.42,2,1.0,0.0,0.0,1.0
29.0,7,143330.56,2,1,1,126396.01,1,0.0,0.0,1.0,0.0
27.0,9,159561.93,1,0,1,103381.47,1,1.0,0.0,0.0,0.0
62.0,5,98854.34,1,0,0,86920.97,4,0.0,1.0,0.0,1.0
48.0,7,0.0,2,1,0,65069.03,3,1.0,0.0,0.0,0.0
35.0,8,132292.63,1,1,0,65682.93,1,1.0,0.0,0.0,0.0
59.0,8,91415.76,1,0,0,27965.0,1,0.0,1.0,0.0,1.0
43.0,1,133237.21,1,1,0,111032.79,3,1.0,0.0,0.0,1.0
32.0,6,94486.47,1,1,1,146949.74,3,1.0,0.0,0.0,1.0
37.0,4,0.0,1,0,0,4539.38,3,0.0,0.0,1.0,0.0
41.0,2,0.0,1,1,0,47856.78,3,1.0,0.0,0.0,0.0
32.0,10,0.0,2,1,0,191545.65,2,0.0,0.0,1.0,1.0
30.0,3,139528.23,1,1,1,33230.37,1,0.0,0.0,1.0,0.0
38.91621420206537,7,0.0,1,1,0,89666.28,4,0.0,0.0,1.0,1.0
28.0,3,0.0,1,0,0,183646.41,1,1.0,0.0,0.0,0.0
33.0,9,0.0,2,1,1,38784.42,3,1.0,0.0,0.0,0.0
36.0,8,158351.02,2,1,0,155304.53,0,1.0,0.0,0.0,1.0
29.0,4,0.0,2,1,1,180066.59,4,1.0,0.0,0.0,0.0
46.0,2,163764.84,1,1,1,165122.55,0,0.0,0.0,1.0,0.0
53.0,6,134729.99,2,1,1,132702.64,3,0.0,1.0,0.0,1.0
57.0,5,162448.69,1,0,0,9221.78,3,0.0,1.0,0.0,0.0
25.0,2,109175.14,2,1,0,114566.47,2,0.0,1.0,0.0,0.0
67.0,1,149436.73,2,0,1,106282.74,4,1.0,0.0,0.0,1.0
33.0,9,0.0,1,0,1,183358.21,0,0.0,0.0,1.0,0.0
38.0,9,129378.32,1,1,1,13549.34,4,0.0,0.0,1.0,1.0
30.0,4,0.0,2,1,0,89216.29,0,1.0,0.0,0.0,0.0
35.0,2,127283.78,1,1,1,31302.35,1,0.0,0.0,1.0,1.0
41.0,10,113220.2,2,1,1,114072.91,1,0.0,1.0,0.0,1.0
35.0,2,133161.95,1,0,1,122254.86,2,1.0,0.0,0.0,1.0
38.0,2,129728.6,1,1,0,89289.54,4,0.0,1.0,0.0,1.0
50.0,8,160139.59,2,1,1,79314.1,3,1.0,0.0,0.0,1.0
42.0,10,145988.65,2,1,1,79510.37,4,1.0,0.0,0.0,0.0
26.0,2,0.0,2,1,1,78651.55,1,1.0,0.0,0.0,0.0
48.0,8,133297.24,1,1,0,77764.37,2,1.0,0.0,0.0,0.0
53.0,10,167772.96,1,1,1,136886.86,1,0.0,1.0,0.0,1.0
38.0,7,0.0,2,1,0,1528.4,2,1.0,0.0,0.0,1.0
26.0,8,0.0,1,1,0,21760.96,2,1.0,0.0,0.0,1.0
36.0,6,0.0,2,0,1,19231.98,3,1.0,0.0,0.0,1.0
45.0,2,0.0,2,1,0,125658.28,0,1.0,0.0,0.0,1.0
54.0,2,128966.13,1,0,0,18633.4,4,0.0,1.0,0.0,1.0
31.0,8,0.0,2,1,1,43196.5,1,1.0,0.0,0.0,1.0
40.0,6,0.0,2,0,0,41248.8,4,0.0,0.0,1.0,1.0
33.0,8,73059.38,1,1,1,186281.0,4,1.0,0.0,0.0,1.0
63.0,6,116227.27,1,1,1,119404.63,0,0.0,1.0,0.0,1.0
53.0,6,109663.47,1,1,1,52110.45,3,0.0,0.0,1.0,0.0
33.0,10,138847.9,1,1,1,127256.7,0,0.0,1.0,0.0,0.0
30.0,10,0.0,2,1,1,54265.55,3,1.0,0.0,0.0,1.0
30.0,1,127187.86,1,1,1,113553.42,4,1.0,0.0,0.0,1.0
25.0,8,142862.21,1,1,1,130639.01,4,0.0,0.0,1.0,1.0
53.0,2,143923.96,1,1,0,2019.78,0,0.0,0.0,1.0,1.0
56.0,4,98365.33,1,1,1,44251.33,1,0.0,0.0,1.0,0.0
32.0,8,119023.28,1,1,0,100816.29,0,1.0,0.0,0.0,0.0
49.0,7,121205.15,4,1,1,168080.53,1,0.0,1.0,0.0,1.0
45.0,5,68375.27,1,1,0,193160.25,0,1.0,0.0,0.0,1.0
38.0,5,0.0,2,1,0,156439.56,2,1.0,0.0,0.0,0.0
40.0,4,95053.1,1,1,1,116816.54,3,0.0,0.0,1.0,1.0
36.0,1,0.0,1,0,1,94570.56,1,1.0,0.0,0.0,1.0
54.0,6,133656.91,3,1,0,145071.33,3,0.0,1.0,0.0,0.0
35.0,5,0.0,2,1,0,51112.8,1,1.0,0.0,0.0,0.0
34.0,10,0.0,1,1,0,23235.38,2,0.0,0.0,1.0,0.0
31.0,7,110071.1,1,0,0,43921.36,1,0.0,0.0,1.0,1.0
32.0,2,84906.45,1,1,0,163216.48,2,1.0,0.0,0.0,1.0
42.0,1,190569.23,1,0,1,127154.8,0,0.0,0.0,1.0,1.0
44.0,8,0.0,2,1,1,15627.51,1,0.0,0.0,1.0,1.0
40.0,7,111756.5,1,1,0,8128.32,0,0.0,1.0,0.0,1.0
49.0,10,0.0,1,1,0,184474.72,3,1.0,0.0,0.0,0.0
54.0,1,131039.97,2,1,1,199661.5,1,0.0,1.0,0.0,0.0
38.91621420206537,4,161637.75,1,1,1,20008.46,1,0.0,0.0,1.0,1.0
38.91621420206537,0,107712.57,2,1,1,92898.17,0,0.0,1.0,0.0,0.0
45.0,10,103583.05,1,1,0,132127.69,1,0.0,1.0,0.0,1.0
25.0,6,0.0,2,0,1,109988.09,0,1.0,0.0,0.0,1.0
22.0,4,0.0,2,1,0,70007.67,0,0.0,0.0,1.0,1.0
43.0,10,0.0,2,1,1,116111.51,4,1.0,0.0,0.0,0.0
39.0,8,107553.33,1,1,0,117523.41,2,0.0,0.0,1.0,0.0
38.91621420206537,6,0.0,1,1,1,20339.79,1,1.0,0.0,0.0,1.0
36.0,0,129804.17,1,1,0,53020.9,0,1.0,0.0,0.0,1.0
40.0,6,100275.88,1,1,0,138564.48,3,0.0,1.0,0.0,1.0
41.0,4,152532.3,1,0,0,10779.69,0,0.0,1.0,0.0,1.0
35.0,4,137948.51,1,1,0,113639.64,3,0.0,0.0,1.0,1.0
35.0,6,118273.83,1,0,1,3086.89,3,1.0,0.0,0.0,0.0
52.0,9,167194.36,1,1,1,62808.93,4,0.0,1.0,0.0,0.0
34.0,1,0.0,1,1,1,181177.9,1,1.0,0.0,0.0,1.0
29.0,5,106059.4,1,0,0,187976.88,4,0.0,1.0,0.0,0.0
40.0,4,0.0,2,1,1,140745.91,3,1.0,0.0,0.0,1.0
47.0,5,0.0,2,0,0,145789.71,4,1.0,0.0,0.0,1.0
28.0,2,0.0,2,1,1,117431.1,4,0.0,0.0,1.0,0.0
39.0,7,60263.23,1,1,0,170835.32,2,0.0,1.0,0.0,1.0
30.0,4,108300.27,2,0,1,44384.57,3,0.0,1.0,0.0,1.0
28.0,7,0.0,2,1,0,151316.37,2,1.0,0.0,0.0,0.0
31.0,6,0.0,1,1,1,196395.25,1,0.0,0.0,1.0,1.0
69.0,5,0.0,2,1,1,181964.6,2,1.0,0.0,0.0,1.0
27.0,7,117578.35,2,0,1,87908.01,4,0.0,1.0,0.0,1.0
57.0,1,0.0,1,1,1,195940.96,3,0.0,0.0,1.0,1.0
55.0,4,118803.35,2,1,1,128124.7,0,1.0,0.0,0.0,1.0
34.0,5,67816.72,1,1,1,29641.58,2,1.0,0.0,0.0,0.0
38.0,7,0.0,1,0,1,53534.8,3,0.0,0.0,1.0,1.0
37.0,9,0.0,1,0,0,100101.06,4,1.0,0.0,0.0,0.0
44.0,3,116967.68,1,1,0,5075.17,1,1.0,0.0,0.0,1.0
31.0,3,96288.26,1,1,0,56794.73,0,1.0,0.0,0.0,1.0
37.0,6,0.0,2,0,0,136506.86,0,0.0,0.0,1.0,1.0
35.0,5,105492.53,1,1,1,150057.2,4,0.0,0.0,1.0,1.0
63.0,0,0.0,2,0,1,27166.75,4,0.0,0.0,1.0,1.0
38.0,5,114268.22,2,1,1,89524.83,2,0.0,1.0,0.0,0.0
37.0,5,136425.18,1,1,0,81102.81,2,1.0,0.0,0.0,0.0
31.0,6,152926.6,1,1,1,50899.91,3,0.0,0.0,1.0,0.0
49.0,6,110540.43,2,0,1,107472.99,3,0.0,1.0,0.0,1.0
38.0,9,0.0,2,1,1,148750.16,1,0.0,0.0,1.0,0.0
56.0,3,127585.98,3,1,1,80593.49,3,0.0,1.0,0.0,0.0
25.0,1,0.0,2,0,1,144978.47,3,1.0,0.0,0.0,0.0
35.0,0,144037.6,1,1,0,145325.32,4,0.0,1.0,0.0,1.0
39.0,5,0.0,2,1,1,129569.92,1,0.0,0.0,1.0,1.0
42.0,3,175159.9,2,0,0,67124.48,2,1.0,0.0,0.0,0.0
38.0,5,127616.56,1,1,0,123846.07,3,1.0,0.0,0.0,0.0
37.0,0,125977.81,1,0,0,160162.42,3,0.0,1.0,0.0,0.0
41.0,10,0.0,2,1,1,166224.39,1,0.0,0.0,1.0,0.0
39.0,3,92636.96,2,1,1,125671.29,3,0.0,0.0,1.0,0.0
71.0,1,104308.77,1,1,1,25650.04,0,1.0,0.0,0.0,0.0
46.0,10,0.0,2,0,0,122953.0,0,1.0,0.0,0.0,0.0
33.0,1,0.0,2,1,1,54816.57,1,0.0,0.0,1.0,1.0
30.0,4,84958.6,2,0,1,194343.72,3,0.0,1.0,0.0,0.0
39.0,7,0.0,2,1,0,48378.4,2,1.0,0.0,0.0,1.0
34.0,3,123971.51,2,1,0,147794.63,3,1.0,0.0,0.0,0.0
53.0,2,121389.78,1,1,1,48201.64,1,1.0,0.0,0.0,0.0
24.0,9,107065.31,1,1,1,51959.82,2,1.0,0.0,0.0,1.0
42.0,9,114631.23,1,0,1,91429.74,0,1.0,0.0,0.0,1.0
43.0,2,153393.18,2,1,1,193828.27,3,0.0,1.0,0.0,0.0
44.0,2,0.0,1,1,0,159165.7,0,1.0,0.0,0.0,1.0
33.0,3,0.0,2,0,1,68064.83,2,0.0,0.0,1.0,1.0
36.0,5,0.0,2,0,0,157238.05,2,0.0,0.0,1.0,0.0
32.0,9,110728.39,1,1,1,14559.62,0,1.0,0.0,0.0,0.0
29.0,9,0.0,2,1,1,41866.26,4,1.0,0.0,0.0,0.0
44.0,6,148481.09,1,1,0,130529.13,2,1.0,0.0,0.0,0.0
38.91621420206537,9,169406.33,4,1,1,147311.47,2,1.0,0.0,0.0,0.0
48.0,5,95679.29,1,0,0,94978.1,0,0.0,0.0,1.0,0.0
39.0,7,0.0,1,0,0,81259.25,0,0.0,0.0,1.0,0.0
33.0,5,0.0,2,1,0,139947.17,2,1.0,0.0,0.0,1.0
28.0,10,132932.14,2,1,1,46630.47,4,0.0,1.0,0.0,0.0
30.0,6,112372.96,1,1,1,118029.09,2,0.0,1.0,0.0,1.0
29.0,2,0.0,2,1,1,170421.13,4,1.0,0.0,0.0,1.0
38.91621420206537,2,0.0,2,1,0,3939.87,2,1.0,0.0,0.0,0.0
33.0,10,103121.33,2,1,1,49672.01,3,0.0,0.0,1.0,0.0
35.0,6,0.0,2,1,1,68730.91,4,1.0,0.0,0.0,1.0
47.0,6,157296.02,2,0,0,147278.43,0,0.0,0.0,1.0,0.0
41.0,6,0.0,2,1,1,169203.51,4,1.0,0.0,0.0,0.0
24.0,1,103219.47,1,1,0,60420.07,1,1.0,0.0,0.0,0.0
26.0,8,0.0,2,1,0,178373.43,3,1.0,0.0,0.0,1.0
44.0,10,113581.98,1,1,0,1985.41,1,0.0,1.0,0.0,0.0
33.0,3,168560.46,2,0,0,90270.16,2,0.0,1.0,0.0,0.0
44.0,5,126147.84,1,0,1,132424.69,1,0.0,1.0,0.0,0.0
34.0,3,83074.0,1,1,0,132673.22,0,1.0,0.0,0.0,1.0
39.0,9,0.0,2,1,0,116343.09,0,1.0,0.0,0.0,0.0
35.0,9,61172.04,1,0,0,82951.12,3,0.0,0.0,1.0,1.0
45.0,7,102703.62,1,0,1,147802.94,4,0.0,1.0,0.0,1.0
45.0,8,85325.93,1,0,0,22558.74,2,1.0,0.0,0.0,0.0
47.0,10,144090.42,1,1,0,140938.95,3,0.0,1.0,0.0,0.0
32.0,8,116358.0,1,1,0,108798.36,4,1.0,0.0,0.0,1.0
56.0,6,151802.29,1,1,0,46791.09,4,0.0,1.0,0.0,1.0
29.0,9,103417.74,1,1,1,15336.4,2,1.0,0.0,0.0,0.0
42.0,6,64497.94,3,0,1,182436.81,4,0.0,1.0,0.0,0.0
39.0,3,135309.36,1,1,0,31728.86,0,0.0,1.0,0.0,1.0
49.0,4,137455.99,1,1,0,184178.29,4,0.0,1.0,0.0,0.0
28.0,10,0.0,2,0,1,126565.21,2,1.0,0.0,0.0,1.0
35.0,9,0.0,2,0,1,100556.98,3,0.0,0.0,1.0,0.0
37.0,1,115137.26,1,1,0,52484.01,2,0.0,0.0,1.0,1.0
35.0,8,0.0,2,1,0,94820.85,3,1.0,0.0,0.0,1.0
49.0,9,91502.99,1,1,0,117232.9,4,0.0,1.0,0.0,0.0
59.0,8,121669.93,2,0,0,91.75,2,0.0,1.0,0.0,0.0
54.0,5,0.0,2,1,1,4493.12,3,1.0,0.0,0.0,1.0
30.0,3,101140.76,1,1,1,50906.65,0,1.0,0.0,0.0,1.0
31.0,5,106089.2,1,0,0,99537.68,3,1.0,0.0,0.0,0.0
33.0,7,0.0,2,1,1,85411.01,0,1.0,0.0,0.0,1.0
33.0,0,72783.42,1,0,0,181051.99,2,1.0,0.0,0.0,1.0
33.0,2,182888.08,1,1,0,3061.0,3,1.0,0.0,0.0,1.0
22.0,7,125265.61,1,1,1,161253.08,1,0.0,0.0,1.0,1.0
37.0,8,141541.25,1,0,0,66013.27,4,0.0,0.0,1.0,1.0
36.0,4,0.0,1,1,0,117038.96,3,0.0,0.0,1.0,0.0
38.91621420206537,4,0.0,1,0,0,84383.22,2,1.0,0.0,0.0,0.0
37.0,4,0.0,3,1,0,7312.25,1,1.0,0.0,0.0,0.0
26.0,2,0.0,2,1,1,54869.54,0,0.0,0.0,1.0,0.0
40.0,7,145536.9,1,0,1,135334.24,3,1.0,0.0,0.0,1.0
19.0,8,108711.57,2,1,0,24857.25,4,0.0,1.0,0.0,0.0
43.0,8,121911.59,1,1,0,193312.33,4,1.0,0.0,0.0,1.0
51.0,1,119741.77,2,0,0,54954.51,2,0.0,1.0,0.0,0.0
33.0,7,97286.16,2,1,0,143433.33,2,0.0,1.0,0.0,1.0
37.0,5,98400.61,2,0,0,25017.28,3,1.0,0.0,0.0,1.0
27.0,5,147004.34,1,1,0,64381.33,3,0.0,1.0,0.0,1.0
39.0,1,94435.45,2,0,1,189430.86,4,1.0,0.0,0.0,0.0
80.0,4,0.0,2,1,1,188603.07,2,1.0,0.0,0.0,0.0
29.0,1,154640.41,1,1,1,164039.51,4,0.0,1.0,0.0,1.0
40.0,3,120105.43,1,1,0,92075.01,0,0.0,1.0,0.0,1.0
43.0,4,170172.9,1,0,1,100236.02,1,0.0,0.0,1.0,0.0
53.0,8,123845.36,2,0,1,170454.93,4,1.0,0.0,0.0,0.0
50.0,3,117206.3,1,1,0,42840.18,0,0.0,1.0,0.0,1.0
30.0,8,0.0,2,0,0,3183.15,1,1.0,0.0,0.0,1.0
31.0,9,138857.59,1,1,0,48640.77,2,1.0,0.0,0.0,0.0
45.0,6,0.0,1,1,0,130009.85,0,1.0,0.0,0.0,1.0
49.0,7,155393.98,2,1,0,13308.2,1,0.0,1.0,0.0,0.0
40.0,1,109681.61,1,1,1,193321.3,4,0.0,0.0,1.0,1.0
33.0,1,167298.42,1,0,1,145381.65,2,1.0,0.0,0.0,0.0
28.0,4,167268.98,1,1,1,169469.3,2,1.0,0.0,0.0,1.0
29.0,6,0.0,2,1,0,116696.77,1,0.0,0.0,1.0,0.0
28.0,7,76656.4,2,1,1,185483.24,1,0.0,1.0,0.0,1.0
38.91621420206537,10,90450.0,2,0,0,103379.31,3,0.0,1.0,0.0,0.0
40.0,3,165298.12,1,0,1,199862.75,0,1.0,0.0,0.0,0.0
36.0,8,92716.96,1,1,1,33693.78,4,0.0,0.0,1.0,0.0
39.0,2,139443.75,2,1,0,9234.06,1,0.0,0.0,1.0,1.0
44.0,5,0.0,3,1,1,174205.22,2,0.0,0.0,1.0,0.0
33.0,7,0.0,2,1,0,20016.59,3,0.0,0.0,1.0,0.0
36.0,3,155423.17,1,1,1,199841.32,3,1.0,0.0,0.0,1.0
34.0,4,0.0,2,1,1,60688.38,0,0.0,0.0,1.0,0.0
57.0,9,138456.03,2,1,1,103548.25,1,0.0,1.0,0.0,1.0
31.0,2,0.0,2,0,1,77326.78,3,1.0,0.0,0.0,1.0
28.0,6,0.0,2,1,0,146875.86,3,0.0,0.0,1.0,1.0
41.0,8,115144.68,1,1,0,188905.43,2,0.0,0.0,1.0,1.0
35.0,6,128100.28,1,0,0,69454.24,1,0.0,1.0,0.0,0.0
41.0,0,120549.29,2,1,0,175722.31,3,1.0,0.0,0.0,0.0
51.0,8,97750.07,3,1,1,193014.26,1,0.0,1.0,0.0,1.0
76.0,9,138489.66,1,1,1,68400.14,3,1.0,0.0,0.0,0.0
32.0,8,124450.36,2,1,1,165786.1,0,0.0,1.0,0.0,1.0
33.0,9,68193.72,1,1,0,19998.31,1,1.0,0.0,0.0,1.0
39.0,1,0.0,1,0,1,108419.41,0,0.0,0.0,1.0,1.0
43.0,1,147167.25,1,0,0,141679.73,2,0.0,0.0,1.0,1.0
28.0,7,0.0,2,1,0,823.96,2,1.0,0.0,0.0,1.0
41.0,5,165445.04,2,1,0,85787.31,0,0.0,0.0,1.0,1.0
49.0,2,78653.84,1,1,0,7698.6,4,1.0,0.0,0.0,1.0
39.0,9,0.0,2,1,0,28368.37,0,0.0,0.0,1.0,0.0
58.0,8,118723.11,1,0,0,6209.51,1,0.0,1.0,0.0,0.0
38.0,9,0.0,2,1,1,35701.06,2,0.0,0.0,1.0,0.0
52.0,7,92510.9,2,0,1,66193.61,4,1.0,0.0,0.0,0.0
67.0,1,130652.52,1,0,1,22762.23,4,1.0,0.0,0.0,0.0
38.0,4,137654.05,2,1,1,172629.67,0,1.0,0.0,0.0,0.0
41.0,7,0.0,2,1,0,171378.77,4,1.0,0.0,0.0,0.0
62.0,3,143426.34,2,1,1,143104.3,2,0.0,1.0,0.0,1.0
30.0,5,123210.56,2,1,1,102180.27,4,0.0,1.0,0.0,1.0
38.0,1,0.0,2,1,1,9209.21,1,1.0,0.0,0.0,0.0
35.0,4,141359.37,2,1,0,39519.53,0,1.0,0.0,0.0,1.0
35.0,1,0.0,2,1,0,36557.55,4,1.0,0.0,0.0,0.0
42.0,8,95386.82,1,1,1,75732.25,3,0.0,0.0,1.0,0.0
28.0,5,171069.39,2,1,1,88689.4,3,1.0,0.0,0.0,1.0
45.0,8,0.0,1,1,0,130376.68,4,1.0,0.0,0.0,1.0
29.0,9,117035.89,1,1,1,21862.19,4,1.0,0.0,0.0,1.0
35.0,3,103465.02,2,1,1,174627.06,2,1.0,0.0,0.0,0.0
37.0,6,95900.04,1,1,1,38196.24,3,0.0,1.0,0.0,0.0
28.0,8,168253.21,1,1,1,102799.14,4,0.0,0.0,1.0,0.0
38.91621420206537,10,136281.41,2,1,1,24799.47,1,0.0,1.0,0.0,1.0
38.91621420206537,1,0.0,3,0,0,174770.14,3,0.0,0.0,1.0,1.0
31.0,2,90826.27,2,1,0,60270.87,2,0.0,0.0,1.0,1.0
26.0,8,86270.93,2,1,1,90177.3,1,1.0,0.0,0.0,1.0
32.0,8,145330.43,1,1,1,132038.65,1,0.0,1.0,0.0,0.0
47.0,6,0.0,1,1,0,74835.65,1,1.0,0.0,0.0,1.0
52.0,10,76915.4,1,0,0,146359.81,4,0.0,1.0,0.0,1.0
29.0,1,135536.5,1,1,0,66825.33,4,1.0,0.0,0.0,1.0
32.0,4,0.0,2,1,1,6225.63,1,1.0,0.0,0.0,1.0
18.0,2,93816.7,2,1,0,126172.11,3,0.0,1.0,0.0,0.0
33.0,5,0.0,2,1,0,181945.52,0,1.0,0.0,0.0,1.0
50.0,5,101242.98,2,1,0,12493.61,1,0.0,1.0,0.0,0.0
39.0,6,151553.19,1,1,1,44946.29,3,1.0,0.0,0.0,0.0
38.0,3,0.0,2,0,0,78133.48,3,1.0,0.0,0.0,0.0
60.0,4,0.0,1,1,1,51637.67,4,0.0,0.0,1.0,1.0
42.0,2,0.0,2,1,1,55470.78,2,1.0,0.0,0.0,1.0
35.0,8,0.0,1,0,0,164453.98,2,1.0,0.0,0.0,0.0
42.0,2,0.0,1,1,1,168294.27,3,0.0,0.0,1.0,1.0
28.0,3,125155.83,2,1,1,106024.02,4,0.0,1.0,0.0,1.0
39.0,2,0.0,2,1,0,87372.49,2,1.0,0.0,0.0,1.0
39.0,3,160761.41,1,1,1,24156.03,4,0.0,1.0,0.0,0.0
38.0,6,0.0,2,1,1,117616.29,1,0.0,0.0,1.0,0.0
32.0,8,40172.91,1,1,1,137439.34,1,0.0,1.0,0.0,1.0
41.0,6,0.0,1,1,1,100507.81,0,1.0,0.0,0.0,0.0
34.0,5,0.0,2,0,1,111676.63,4,0.0,0.0,1.0,0.0
30.0,3,133844.22,1,1,1,31406.93,1,1.0,0.0,0.0,1.0
30.0,7,90727.79,1,1,0,122268.75,0,1.0,0.0,0.0,1.0
24.0,5,177799.83,2,0,0,79886.06,3,0.0,0.0,1.0,0.0
41.0,9,0.0,1,1,0,121299.14,0,1.0,0.0,0.0,0.0
44.0,9,0.0,2,1,0,142287.65,3,0.0,0.0,1.0,1.0
27.0,7,0.0,2,1,1,157474.1,1,1.0,0.0,0.0,1.0
40.0,10,125534.51,1,1,0,121504.18,1,0.0,1.0,0.0,0.0
29.0,1,107233.85,2,1,0,24924.92,3,0.0,1.0,0.0,1.0
22.0,3,118680.57,1,1,1,49829.8,1,0.0,0.0,1.0,1.0
68.0,9,130169.27,2,0,1,93112.2,4,0.0,1.0,0.0,0.0
31.0,1,130089.56,2,1,1,4466.21,4,0.0,1.0,0.0,0.0
31.0,4,0.0,2,0,1,79270.02,2,0.0,0.0,1.0,0.0
30.0,9,0.0,2,1,0,34180.33,4,1.0,0.0,0.0,0.0
34.0,6,107980.37,1,1,1,119374.74,3,0.0,0.0,1.0,0.0
30.0,8,0.0,2,1,0,138465.7,2,0.0,0.0,1.0,0.0
44.0,3,88902.21,1,1,0,73731.32,2,0.0,1.0,0.0,1.0
41.0,9,137891.35,1,1,0,142009.46,1,1.0,0.0,0.0,0.0
30.0,4,116377.48,1,1,1,134417.31,3,0.0,1.0,0.0,0.0
49.0,2,80816.45,1,1,1,20018.79,1,0.0,0.0,1.0,0.0
48.0,1,131659.59,2,0,1,14152.15,2,0.0,0.0,1.0,1.0
31.0,5,0.0,2,1,0,26817.23,0,1.0,0.0,0.0,0.0
23.0,0,187861.18,2,1,1,104120.17,3,0.0,1.0,0.0,1.0
34.0,1,149297.19,2,1,1,186339.74,4,0.0,1.0,0.0,0.0
27.0,3,106116.5,2,1,0,3674.71,2,0.0,1.0,0.0,0.0
36.0,3,0.0,3,1,0,65039.9,3,0.0,0.0,1.0,0.0
37.0,6,109093.41,2,1,0,1775.52,2,1.0,0.0,0.0,1.0
39.0,5,0.0,2,0,0,181461.46,2,1.0,0.0,0.0,1.0
38.91621420206537,6,146422.22,1,1,0,67142.97,3,0.0,1.0,0.0,1.0
36.0,2,100749.5,3,0,0,70758.37,3,1.0,0.0,0.0,1.0
34.0,8,0.0,2,1,1,184842.21,2,1.0,0.0,0.0,1.0
39.0,6,0.0,1,0,0,10662.58,4,1.0,0.0,0.0,0.0
39.0,5,0.0,1,1,0,6416.92,3,1.0,0.0,0.0,1.0
61.0,0,128213.96,2,1,1,188729.08,3,1.0,0.0,0.0,1.0
43.0,3,120867.18,1,1,0,18761.92,1,0.0,0.0,1.0,0.0
48.0,0,57098.96,1,1,0,85644.06,4,1.0,0.0,0.0,0.0
32.0,7,0.0,2,1,0,67926.18,0,0.0,0.0,1.0,1.0
32.0,2,120452.4,2,0,0,79602.86,4,1.0,0.0,0.0,1.0
29.0,4,85646.81,1,0,0,63233.02,0,1.0,0.0,0.0,0.0
38.91621420206537,7,139246.22,2,1,0,106799.49,0,0.0,1.0,0.0,0.0
40.0,3,162261.01,2,1,0,137028.51,1,0.0,1.0,0.0,0.0
31.0,6,117852.26,2,1,0,147668.64,4,1.0,0.0,0.0,0.0
29.0,8,95947.76,1,1,0,4696.44,0,1.0,0.0,0.0,0.0
48.0,7,75801.74,1,1,0,125762.95,1,0.0,0.0,1.0,1.0
46.0,7,91443.75,1,1,0,10958.18,0,1.0,0.0,0.0,1.0
38.0,1,117314.92,1,1,0,122021.33,4,0.0,1.0,0.0,0.0
44.0,5,0.0,2,1,0,66462.79,1,0.0,0.0,1.0,1.0
34.0,2,152797.9,1,1,0,175709.4,2,0.0,1.0,0.0,1.0
31.0,3,125167.02,1,0,0,98820.39,2,0.0,0.0,1.0,1.0
71.0,8,0.0,1,1,1,198446.91,3,0.0,0.0,1.0,1.0
30.0,2,0.0,3,1,1,172576.43,3,0.0,0.0,1.0,0.0
31.0,1,108377.75,2,1,1,9904.63,0,0.0,1.0,0.0,0.0
44.0,8,96418.09,1,0,0,131609.48,2,1.0,0.0,0.0,0.0
35.0,2,0.0,2,1,0,98621.04,1,1.0,0.0,0.0,0.0
34.0,3,0.0,2,1,0,38587.7,1,0.0,0.0,1.0,0.0
32.0,7,0.0,2,1,1,34665.79,1,1.0,0.0,0.0,1.0
35.0,8,71553.83,1,1,0,177384.45,1,0.0,1.0,0.0,1.0
40.0,6,119507.58,2,1,0,91560.63,0,0.0,1.0,0.0,0.0
36.0,3,54098.18,2,0,1,54478.52,2,0.0,0.0,1.0,1.0
50.0,2,0.0,1,0,1,93332.64,0,1.0,0.0,0.0,0.0
41.0,3,147974.16,2,1,0,170518.83,1,0.0,1.0,0.0,1.0
28.0,2,121164.11,1,1,1,59938.81,0,1.0,0.0,0.0,0.0
32.0,8,0.0,2,1,0,143598.7,4,1.0,0.0,0.0,1.0
38.0,7,0.0,2,0,0,81617.4,3,1.0,0.0,0.0,1.0
32.0,4,0.0,2,1,1,153036.97,0,1.0,0.0,0.0,1.0
29.0,1,132144.35,1,1,0,158086.33,1,1.0,0.0,0.0,0.0
36.0,7,0.0,2,0,1,138743.86,0,1.0,0.0,0.0,1.0
27.0,2,0.0,2,1,0,14546.76,1,1.0,0.0,0.0,0.0
41.0,6,0.0,3,1,1,138700.75,2,1.0,0.0,0.0,0.0
27.0,7,0.0,2,1,0,144099.48,3,1.0,0.0,0.0,0.0
40.0,4,0.0,3,1,0,31669.18,1,0.0,0.0,1.0,0.0
40.0,4,99799.76,2,1,0,197372.13,1,1.0,0.0,0.0,1.0
35.0,8,141665.63,1,0,1,192776.64,0,0.0,1.0,0.0,0.0
38.91621420206537,8,0.0,2,0,0,28276.83,3,1.0,0.0,0.0,0.0
22.0,4,0.0,3,1,1,186233.26,0,1.0,0.0,0.0,1.0
43.0,0,0.0,1,0,1,15705.27,4,1.0,0.0,0.0,0.0
34.0,3,161572.24,1,0,1,191076.22,1,0.0,0.0,1.0,1.0
45.0,6,98792.4,1,1,0,81491.7,3,0.0,1.0,0.0,0.0
43.0,5,125851.93,1,1,1,193318.33,3,1.0,0.0,0.0,0.0
34.0,10,0.0,1,1,1,114083.73,2,1.0,0.0,0.0,1.0
39.0,6,0.0,2,0,0,134441.6,2,1.0,0.0,0.0,1.0
67.0,10,129431.36,1,0,1,21343.74,0,1.0,0.0,0.0,1.0
38.91621420206537,1,138992.48,2,0,0,122373.42,0,0.0,1.0,0.0,1.0
47.0,1,115414.19,3,0,0,191734.67,3,1.0,0.0,0.0,0.0
37.0,2,168178.21,2,0,1,101273.23,1,1.0,0.0,0.0,1.0
40.0,5,80613.93,1,1,1,142838.64,4,1.0,0.0,0.0,1.0
33.0,8,0.0,2,1,0,177668.55,0,1.0,0.0,0.0,1.0
40.0,8,0.0,1,1,1,27689.77,0,1.0,0.0,0.0,0.0
33.0,5,116765.7,1,0,0,190659.17,3,0.0,1.0,0.0,0.0
32.0,4,0.0,1,1,0,94739.2,0,0.0,0.0,1.0,0.0
42.0,6,129634.25,2,1,1,177683.02,0,0.0,0.0,1.0,0.0
51.0,5,0.0,1,1,0,91624.11,3,1.0,0.0,0.0,0.0
25.0,5,113113.12,1,1,0,129181.27,4,0.0,1.0,0.0,0.0
38.0,0,128366.44,1,1,0,12796.43,4,0.0,0.0,1.0,1.0
40.0,8,83015.71,1,1,0,101089.76,3,0.0,0.0,1.0,1.0
46.0,10,0.0,1,1,0,73489.15,1,1.0,0.0,0.0,1.0
33.0,9,128152.82,1,0,0,147822.81,1,1.0,0.0,0.0,1.0
52.0,5,131694.97,1,0,1,92873.5,3,0.0,1.0,0.0,1.0
38.91621420206537,10,64404.26,2,0,0,26022.37,2,0.0,1.0,0.0,0.0
36.0,8,0.0,2,1,1,145937.99,1,1.0,0.0,0.0,1.0
41.0,9,0.0,1,1,0,32430.94,4,0.0,0.0,1.0,1.0
37.0,8,77373.87,2,0,1,174873.09,3,0.0,1.0,0.0,0.0
36.0,2,153804.44,1,1,1,87213.33,4,0.0,0.0,1.0,1.0
39.0,10,0.0,2,1,1,143030.09,4,0.0,0.0,1.0,0.0
46.0,9,95441.27,1,1,0,108761.05,2,1.0,0.0,0.0,0.0
32.0,2,0.0,2,1,0,132002.83,0,1.0,0.0,0.0,0.0
38.0,5,126645.13,1,1,1,168303.55,0,1.0,0.0,0.0,0.0
38.91621420206537,9,131519.49,2,1,1,51752.18,2,0.0,1.0,0.0,1.0
40.0,1,0.0,1,1,1,49594.19,0,1.0,0.0,0.0,0.0
39.0,4,0.0,2,0,0,186275.7,2,1.0,0.0,0.0,0.0
27.0,2,113873.22,1,1,1,85129.77,0,0.0,0.0,1.0,1.0
41.0,10,0.0,2,1,1,146257.77,3,1.0,0.0,0.0,1.0
48.0,2,127924.25,2,1,0,32202.61,1,0.0,1.0,0.0,0.0
41.0,4,0.0,2,0,0,156381.47,3,1.0,0.0,0.0,1.0
32.0,3,150923.74,2,0,1,174652.51,2,0.0,1.0,0.0,0.0
38.91621420206537,7,0.0,2,0,1,146585.53,2,1.0,0.0,0.0,1.0
33.0,6,0.0,2,0,1,72970.93,1,0.0,0.0,1.0,0.0
37.0,7,0.0,2,1,1,110899.3,3,0.0,0.0,1.0,0.0
30.0,8,136291.71,1,1,0,54113.38,4,1.0,0.0,0.0,1.0
33.0,0,124781.67,1,0,1,33700.52,4,1.0,0.0,0.0,1.0
35.0,1,123407.69,1,1,0,152541.89,1,0.0,1.0,0.0,1.0
28.0,3,157842.07,1,1,0,86911.49,0,1.0,0.0,0.0,1.0
38.91621420206537,4,0.0,2,0,0,82500.84,3,1.0,0.0,0.0,0.0
64.0,7,142028.36,1,1,0,32275.09,2,1.0,0.0,0.0,0.0
32.0,2,79368.87,2,1,1,145471.94,1,1.0,0.0,0.0,0.0
73.0,9,0.0,1,1,1,114283.33,4,1.0,0.0,0.0,1.0
55.0,1,133676.65,1,0,1,17095.49,2,0.0,0.0,1.0,0.0
38.0,4,0.0,2,1,1,35884.91,3,0.0,0.0,1.0,1.0
42.0,10,75497.51,1,0,0,149682.78,1,1.0,0.0,0.0,0.0
35.0,7,156847.29,2,1,0,31824.29,2,0.0,1.0,0.0,0.0
63.0,6,160982.89,1,1,1,168008.17,0,1.0,0.0,0.0,1.0
32.0,1,114510.85,1,1,1,126143.23,2,0.0,1.0,0.0,0.0
38.91621420206537,5,0.0,2,1,1,179843.33,3,1.0,0.0,0.0,0.0
27.0,8,98926.4,1,1,1,106969.98,4,0.0,0.0,1.0,0.0
38.0,8,105435.74,1,0,0,80575.44,0,0.0,1.0,0.0,0.0
32.0,1,0.0,2,1,0,9902.39,1,1.0,0.0,0.0,0.0
52.0,9,170228.59,2,0,0,148477.57,1,1.0,0.0,0.0,0.0
37.0,4,131834.76,2,1,0,8949.2,0,1.0,0.0,0.0,0.0
62.0,4,111065.93,2,0,1,125660.99,1,1.0,0.0,0.0,0.0
63.0,8,169832.57,1,0,0,184107.26,4,1.0,0.0,0.0,1.0
29.0,6,0.0,1,1,0,33953.87,4,1.0,0.0,0.0,1.0
31.0,9,0.0,2,1,0,36145.53,3,1.0,0.0,0.0,1.0
50.0,2,87116.71,1,1,1,104382.11,1,0.0,0.0,1.0,0.0
38.91621420206537,6,152622.34,1,1,0,99298.8,1,0.0,1.0,0.0,0.0
34.0,3,118307.57,2,1,1,136120.29,3,1.0,0.0,0.0,0.0
46.0,5,0.0,1,1,0,77677.14,1,1.0,0.0,0.0,0.0
26.0,6,0.0,1,1,0,100200.4,0,1.0,0.0,0.0,0.0
44.0,5,141428.99,2,0,0,68408.74,1,0.0,1.0,0.0,0.0
35.0,4,98270.34,1,1,0,133617.43,4,0.0,1.0,0.0,1.0
24.0,7,100169.51,1,1,0,121408.55,3,1.0,0.0,0.0,0.0
29.0,4,129514.99,1,1,1,102930.46,4,0.0,1.0,0.0,1.0
49.0,0,191808.73,1,0,0,97640.2,1,1.0,0.0,0.0,1.0
34.0,7,0.0,2,0,0,115842.1,0,1.0,0.0,0.0,1.0
44.0,3,0.0,2,1,0,30607.11,1,1.0,0.0,0.0,1.0
23.0,10,115563.71,1,1,1,91633.53,3,0.0,1.0,0.0,1.0
69.0,3,0.0,2,1,1,58320.06,3,1.0,0.0,0.0,1.0
27.0,7,135842.89,1,1,1,101418.05,2,0.0,1.0,0.0,0.0
57.0,8,107174.58,1,1,1,126369.55,2,0.0,1.0,0.0,1.0
29.0,8,0.0,2,1,0,19842.11,0,1.0,0.0,0.0,0.0
36.0,2,0.0,2,1,1,14721.8,0,0.0,0.0,1.0,0.0
36.0,9,150956.71,1,0,0,72350.17,2,0.0,1.0,0.0,1.0
33.0,1,84309.57,2,0,0,103914.4,2,1.0,0.0,0.0,1.0
51.0,1,122874.74,1,1,1,149648.45,1,0.0,0.0,1.0,1.0
37.0,9,121342.24,1,1,1,180241.44,2,0.0,1.0,0.0,1.0
43.0,5,87612.64,4,1,1,107155.4,1,0.0,1.0,0.0,1.0
38.91621420206537,5,62389.03,3,1,0,148623.43,1,0.0,1.0,0.0,1.0
67.0,5,119785.47,2,1,1,107534.32,2,0.0,0.0,1.0,1.0
39.0,1,99010.67,1,1,0,194945.8,3,1.0,0.0,0.0,0.0
46.0,5,142360.62,2,1,0,48421.4,1,0.0,1.0,0.0,1.0
37.0,5,0.0,2,1,1,127543.81,0,1.0,0.0,0.0,1.0
44.0,0,179356.28,2,1,0,2919.21,0,0.0,0.0,1.0,0.0
46.0,10,0.0,2,0,1,168369.37,1,0.0,0.0,1.0,0.0
34.0,8,0.0,2,1,1,180595.02,2,0.0,0.0,1.0,1.0
66.0,7,143773.07,1,1,1,130827.88,4,1.0,0.0,0.0,0.0
35.0,2,174894.53,1,1,1,22314.55,0,0.0,0.0,1.0,1.0
36.0,6,0.0,3,1,1,118959.64,0,0.0,0.0,1.0,1.0
37.0,2,0.0,1,0,0,120906.83,3,1.0,0.0,0.0,1.0
44.0,3,137148.68,1,1,0,92381.01,2,1.0,0.0,0.0,1.0
24.0,7,101195.23,1,0,0,133091.32,2,0.0,1.0,0.0,1.0
66.0,8,103291.25,2,1,1,130664.79,0,0.0,1.0,0.0,1.0
59.0,7,0.0,2,0,1,27597.59,3,0.0,0.0,1.0,1.0
47.0,10,0.0,2,1,0,167778.62,2,1.0,0.0,0.0,0.0
40.0,9,100480.53,1,1,0,124095.69,4,1.0,0.0,0.0,0.0
48.0,9,0.0,2,1,1,85240.61,2,1.0,0.0,0.0,0.0
34.0,6,0.0,1,1,0,582.59,1,0.0,0.0,1.0,0.0
30.0,0,133634.02,1,1,1,162053.92,4,1.0,0.0,0.0,1.0
27.0,10,98590.25,1,1,0,30912.89,4,1.0,0.0,0.0,0.0
41.0,5,0.0,2,0,1,14479.29,1,0.0,0.0,1.0,1.0
46.0,4,0.0,2,1,0,58667.16,1,0.0,0.0,1.0,0.0
33.0,9,113913.53,1,0,1,65316.5,2,1.0,0.0,0.0,0.0
55.0,0,133295.98,1,1,0,22832.71,4,0.0,0.0,1.0,0.0
27.0,2,0.0,2,1,1,199527.34,4,1.0,0.0,0.0,1.0
58.0,7,116922.25,1,1,0,120415.61,1,0.0,1.0,0.0,0.0
34.0,7,0.0,2,1,0,98949.85,3,0.0,0.0,1.0,0.0
36.0,8,178111.82,1,0,0,58719.63,3,1.0,0.0,0.0,1.0
33.0,8,114634.63,2,1,0,110114.38,0,0.0,0.0,1.0,0.0
38.0,3,99844.68,1,0,0,187915.7,0,1.0,0.0,0.0,1.0
35.0,4,108306.44,1,1,1,192486.24,2,1.0,0.0,0.0,0.0
37.0,3,96651.03,1,1,1,3232.82,1,1.0,0.0,0.0,1.0
44.0,3,0.0,2,0,1,152884.85,3,1.0,0.0,0.0,1.0
38.0,7,110615.47,1,1,1,193502.93,1,1.0,0.0,0.0,0.0
43.0,6,0.0,2,1,0,43128.95,2,1.0,0.0,0.0,1.0
48.0,5,0.0,1,1,0,160529.71,0,1.0,0.0,0.0,0.0
46.0,1,0.0,1,1,1,104469.06,0,1.0,0.0,0.0,0.0
65.0,5,117325.54,1,1,0,155799.86,2,0.0,1.0,0.0,0.0
40.0,10,102980.44,1,1,0,1285.81,2,0.0,1.0,0.0,1.0
37.0,4,0.0,2,0,0,12470.3,0,1.0,0.0,0.0,1.0
33.0,2,115761.51,1,0,1,112350.21,0,0.0,1.0,0.0,0.0
37.0,6,127103.97,1,1,1,41516.44,4,1.0,0.0,0.0,0.0
34.0,8,163757.06,1,1,1,104000.06,0,1.0,0.0,0.0,1.0
53.0,7,106261.63,1,1,0,93629.66,1,0.0,1.0,0.0,1.0
40.0,3,92055.36,1,0,1,164652.02,1,1.0,0.0,0.0,0.0
52.0,9,0.0,1,1,1,117977.45,3,0.0,0.0,1.0,1.0
32.0,5,88348.43,2,1,1,104181.78,3,0.0,1.0,0.0,1.0
32.0,10,0.0,2,1,1,116052.92,1,1.0,0.0,0.0,1.0
31.0,9,0.0,1,0,1,139048.0,1,1.0,0.0,0.0,1.0
36.0,2,116695.27,1,0,0,193201.86,2,0.0,1.0,0.0,1.0
27.0,5,190125.43,2,0,0,21793.59,4,0.0,1.0,0.0,1.0
29.0,9,0.0,2,1,1,48849.89,3,1.0,0.0,0.0,0.0
40.0,3,221532.8,1,1,0,171867.08,0,0.0,0.0,1.0,1.0
47.0,8,110783.28,1,1,1,71420.16,2,0.0,0.0,1.0,0.0
38.91621420206537,6,104450.86,1,1,1,37160.28,0,1.0,0.0,0.0,0.0
41.0,7,154902.66,1,1,1,49667.28,2,0.0,1.0,0.0,1.0
28.0,6,84121.04,1,0,1,80698.54,0,0.0,0.0,1.0,0.0
30.0,2,107316.09,1,1,0,64299.82,0,1.0,0.0,0.0,1.0
33.0,1,0.0,2,0,0,117834.91,2,0.0,0.0,1.0,0.0
25.0,4,132116.13,2,1,0,129933.5,4,1.0,0.0,0.0,0.0
29.0,3,87375.78,2,0,0,166194.53,3,1.0,0.0,0.0,0.0
31.0,5,150593.59,2,1,1,105218.45,2,0.0,1.0,0.0,1.0
32.0,5,0.0,2,1,0,90284.47,3,1.0,0.0,0.0,0.0
32.0,2,172448.77,1,1,0,188083.77,0,1.0,0.0,0.0,0.0
28.0,5,145105.64,2,1,0,185489.11,1,1.0,0.0,0.0,1.0
36.0,3,84327.77,2,1,0,17675.36,0,1.0,0.0,0.0,0.0
35.0,9,92833.89,1,1,0,99449.86,0,0.0,1.0,0.0,1.0
40.0,8,0.0,2,1,0,61581.2,0,1.0,0.0,0.0,1.0
45.0,6,148071.39,1,1,0,183575.01,3,1.0,0.0,0.0,1.0
32.0,9,147493.89,1,1,0,33656.35,0,1.0,0.0,0.0,1.0
38.91621420206537,2,134237.07,1,1,1,166423.66,0,0.0,1.0,0.0,1.0
35.0,3,121030.9,1,1,0,10008.68,0,1.0,0.0,0.0,1.0
38.0,5,167539.97,1,0,1,159207.34,0,1.0,0.0,0.0,0.0
43.0,0,0.0,2,1,1,41263.69,2,1.0,0.0,0.0,0.0
38.91621420206537,7,115101.5,1,0,0,57841.89,4,0.0,1.0,0.0,1.0
30.0,3,128770.88,2,1,1,40199.01,2,0.0,1.0,0.0,1.0
41.0,0,0.0,2,0,1,175262.49,0,1.0,0.0,0.0,0.0
36.0,0,127675.39,2,1,0,74260.16,4,0.0,1.0,0.0,0.0
51.0,3,109799.55,2,1,1,12457.76,4,0.0,0.0,1.0,1.0
24.0,2,0.0,2,1,1,84694.49,2,1.0,0.0,0.0,0.0
51.0,6,125268.03,2,1,0,165082.25,1,1.0,0.0,0.0,1.0
36.0,6,77253.5,1,0,0,35817.97,2,0.0,1.0,0.0,0.0
45.0,6,152296.83,4,0,1,108040.86,3,0.0,1.0,0.0,1.0
31.0,9,135020.21,2,1,1,23343.18,0,0.0,1.0,0.0,0.0
34.0,0,0.0,2,1,0,43169.15,4,1.0,0.0,0.0,1.0
32.0,10,112536.57,2,1,1,34350.54,2,1.0,0.0,0.0,0.0
33.0,8,100267.03,1,1,0,103006.27,1,1.0,0.0,0.0,1.0
53.0,5,98268.84,1,0,1,45038.29,1,0.0,1.0,0.0,0.0
37.0,10,143835.47,1,0,1,33326.71,3,1.0,0.0,0.0,1.0
40.0,1,0.0,1,1,1,184118.73,0,0.0,0.0,1.0,0.0
38.91621420206537,8,0.0,2,1,0,156125.72,1,0.0,0.0,1.0,1.0
38.0,10,0.0,2,1,0,58332.91,1,0.0,0.0,1.0,0.0
65.0,7,92113.61,1,1,1,142548.33,0,1.0,0.0,0.0,1.0
44.0,3,148595.55,1,1,0,74838.64,0,1.0,0.0,0.0,1.0
39.0,2,0.0,2,1,0,81995.92,0,0.0,0.0,1.0,1.0
61.0,3,113858.95,1,1,1,38129.22,1,0.0,0.0,1.0,1.0
37.0,5,0.0,1,1,0,61324.87,1,1.0,0.0,0.0,1.0
40.0,8,148897.02,1,0,0,105052.9,1,0.0,1.0,0.0,0.0
28.0,8,99986.98,1,1,0,196582.55,4,1.0,0.0,0.0,1.0
38.91621420206537,9,111060.05,2,1,0,110371.84,0,1.0,0.0,0.0,1.0
36.0,4,0.0,2,1,0,130789.15,3,1.0,0.0,0.0,0.0
45.0,4,138825.19,1,0,0,10828.78,1,1.0,0.0,0.0,1.0
28.0,9,97408.03,1,1,1,175853.64,4,0.0,0.0,1.0,1.0
37.0,7,0.0,1,0,0,32863.24,4,1.0,0.0,0.0,1.0
35.0,4,0.0,2,1,0,44830.71,4,1.0,0.0,0.0,0.0
40.0,1,173432.55,1,0,1,116766.79,2,0.0,0.0,1.0,0.0
27.0,2,138032.15,1,1,0,166317.71,2,0.0,1.0,0.0,1.0
36.0,8,112940.07,1,0,1,9855.81,4,0.0,0.0,1.0,0.0
41.0,4,90757.64,2,0,1,169183.66,4,0.0,1.0,0.0,0.0
36.0,6,100762.64,1,1,0,182156.86,2,0.0,1.0,0.0,0.0
31.0,8,0.0,2,0,0,191074.11,3,1.0,0.0,0.0,0.0
49.0,6,59532.18,1,1,0,104253.56,0,0.0,1.0,0.0,1.0
39.0,4,0.0,2,0,1,182081.45,4,0.0,0.0,1.0,0.0
45.0,1,0.0,1,0,1,190663.89,0,1.0,0.0,0.0,0.0
38.91621420206537,2,0.0,2,1,0,99593.28,3,1.0,0.0,0.0,1.0
51.0,0,58137.08,1,0,1,142538.31,4,1.0,0.0,0.0,1.0
49.0,1,120108.56,1,0,1,183421.76,3,1.0,0.0,0.0,0.0
24.0,2,0.0,2,0,1,197866.55,0,0.0,0.0,1.0,0.0
39.0,1,97700.02,1,1,1,30709.03,0,1.0,0.0,0.0,1.0
27.0,5,79336.61,1,1,1,26170.08,2,1.0,0.0,0.0,0.0
36.0,3,0.0,2,1,1,8282.22,3,1.0,0.0,0.0,0.0
46.0,4,115518.07,1,0,0,76544.9,3,0.0,1.0,0.0,0.0
44.0,0,184552.12,1,1,0,68860.3,3,0.0,0.0,1.0,1.0
36.0,8,67226.37,1,1,0,130789.6,4,1.0,0.0,0.0,1.0
34.0,3,137361.96,1,0,0,183682.09,4,1.0,0.0,0.0,1.0
29.0,1,118560.55,1,1,1,164137.36,0,1.0,0.0,0.0,0.0
46.0,4,96173.17,2,1,1,116378.31,0,1.0,0.0,0.0,0.0
28.0,1,103033.83,1,1,1,40321.87,3,0.0,1.0,0.0,1.0
28.0,9,160858.13,2,1,0,27149.27,2,0.0,1.0,0.0,1.0
38.0,7,86131.71,2,0,0,93478.96,4,0.0,0.0,1.0,1.0
42.0,2,98795.61,2,1,0,89123.99,2,0.0,0.0,1.0,1.0
54.0,8,145151.4,1,0,1,125311.17,3,0.0,1.0,0.0,0.0
40.0,3,75893.11,2,1,0,132562.23,4,1.0,0.0,0.0,0.0
41.0,2,124439.49,2,0,1,47093.11,4,0.0,1.0,0.0,1.0
38.91621420206537,8,118201.41,1,1,0,23315.59,1,0.0,0.0,1.0,1.0
62.0,9,118356.89,2,1,0,168034.83,0,0.0,1.0,0.0,1.0
36.0,10,0.0,2,1,1,100750.03,4,1.0,0.0,0.0,0.0
30.0,5,0.0,2,1,0,162523.66,0,1.0,0.0,0.0,1.0
43.0,8,0.0,1,0,0,102806.6,1,0.0,0.0,1.0,0.0
37.0,1,0.0,2,0,1,180551.76,4,0.0,0.0,1.0,1.0
31.0,2,0.0,2,1,1,33747.03,1,1.0,0.0,0.0,1.0
30.0,1,112666.67,1,0,0,11710.4,4,0.0,0.0,1.0,1.0
45.0,10,0.0,2,0,1,90977.48,0,0.0,0.0,1.0,1.0
35.0,5,0.0,1,1,1,80992.8,4,1.0,0.0,0.0,0.0
41.0,8,145150.28,1,1,0,64869.32,0,1.0,0.0,0.0,0.0
42.0,4,126772.57,1,0,1,126106.4,0,0.0,1.0,0.0,1.0
38.91621420206537,6,128663.9,1,1,0,65769.3,4,1.0,0.0,0.0,1.0
49.0,7,90218.9,1,1,0,91347.76,1,1.0,0.0,0.0,1.0
32.0,2,0.0,1,1,1,71047.51,2,1.0,0.0,0.0,0.0
33.0,7,0.0,1,1,0,188156.34,4,1.0,0.0,0.0,0.0
27.0,8,0.0,2,1,1,157932.75,4,1.0,0.0,0.0,1.0
30.0,6,117696.67,1,1,0,100843.82,1,1.0,0.0,0.0,1.0
35.0,5,95772.97,1,1,1,112781.5,0,0.0,0.0,1.0,1.0
29.0,7,83889.03,1,1,0,153059.62,2,0.0,0.0,1.0,1.0
39.0,5,0.0,2,1,1,83103.46,1,0.0,0.0,1.0,0.0
20.0,8,0.0,2,1,1,113469.65,2,0.0,0.0,1.0,1.0
35.0,3,0.0,1,1,1,152012.36,3,1.0,0.0,0.0,0.0
44.0,1,100486.18,2,1,1,62678.53,1,1.0,0.0,0.0,1.0
46.0,4,120392.99,1,1,0,177719.88,0,0.0,1.0,0.0,0.0
71.0,6,113317.1,1,1,0,108258.22,1,0.0,1.0,0.0,0.0
46.0,6,123571.77,3,0,1,57014.17,4,0.0,1.0,0.0,1.0
35.0,8,112330.83,1,1,1,91001.02,2,0.0,1.0,0.0,1.0
35.0,1,92474.05,1,1,0,178626.07,0,1.0,0.0,0.0,1.0
24.0,7,133628.09,2,1,1,98570.01,0,1.0,0.0,0.0,1.0
26.0,9,136623.19,1,1,0,153228.0,3,1.0,0.0,0.0,1.0
32.0,9,115587.49,2,0,1,101677.46,4,0.0,1.0,0.0,1.0
40.0,7,0.0,1,1,0,72852.74,3,1.0,0.0,0.0,0.0
37.0,0,0.0,2,1,1,72203.8,3,1.0,0.0,0.0,1.0
40.0,7,95312.8,1,1,1,62944.75,2,0.0,0.0,1.0,1.0
43.0,5,0.0,1,0,0,63833.09,2,1.0,0.0,0.0,1.0
34.0,8,0.0,2,1,1,16245.25,2,1.0,0.0,0.0,0.0
36.0,7,120026.98,2,0,1,100601.73,3,1.0,0.0,0.0,1.0
38.0,7,0.0,2,1,0,185827.74,2,1.0,0.0,0.0,1.0
43.0,1,0.0,1,1,0,44560.17,3,0.0,0.0,1.0,1.0
52.0,5,164978.01,1,1,1,67788.49,1,1.0,0.0,0.0,1.0
43.0,2,0.0,2,1,0,33879.26,0,1.0,0.0,0.0,1.0
20.0,4,95830.43,1,1,0,177738.98,1,1.0,0.0,0.0,1.0
32.0,2,84378.9,1,1,1,75396.43,4,1.0,0.0,0.0,0.0
49.0,4,0.0,2,1,1,196335.48,2,1.0,0.0,0.0,0.0
33.0,1,128306.83,1,1,1,113580.79,3,1.0,0.0,0.0,0.0
36.0,5,119540.15,1,0,1,80603.99,0,1.0,0.0,0.0,0.0
33.0,7,0.0,2,1,1,168261.4,1,0.0,0.0,1.0,0.0
38.0,9,0.0,2,1,1,132809.18,2,1.0,0.0,0.0,0.0
30.0,3,133446.34,1,0,0,3154.95,2,0.0,0.0,1.0,1.0
46.0,2,0.0,2,1,0,174478.54,1,0.0,0.0,1.0,1.0
47.0,2,0.0,2,1,1,186116.54,1,1.0,0.0,0.0,1.0
27.0,7,188614.07,1,1,0,171344.09,4,0.0,1.0,0.0,1.0
57.0,6,0.0,2,1,1,39297.48,0,0.0,0.0,1.0,1.0
40.0,0,0.0,1,0,0,60416.76,4,1.0,0.0,0.0,1.0
36.0,3,128960.21,2,1,1,40318.33,1,0.0,1.0,0.0,1.0
36.0,4,129440.3,2,1,0,102638.35,1,1.0,0.0,0.0,1.0
40.0,2,122295.17,2,1,1,30812.84,4,0.0,1.0,0.0,0.0
35.0,8,0.0,1,1,1,22499.29,1,1.0,0.0,0.0,1.0
37.0,1,133199.71,2,1,1,27366.77,4,0.0,1.0,0.0,0.0
33.0,3,0.0,2,1,0,191111.02,2,1.0,0.0,0.0,0.0
41.0,1,79706.25,2,1,0,165675.01,4,0.0,1.0,0.0,1.0
35.0,2,97440.02,2,1,1,139816.1,1,1.0,0.0,0.0,0.0
45.0,1,0.0,1,1,1,10908.33,2,1.0,0.0,0.0,1.0
36.0,9,106190.55,1,0,1,22994.32,2,0.0,0.0,1.0,1.0
45.0,9,0.0,2,1,0,26752.56,0,0.0,0.0,1.0,1.0
50.0,10,0.0,4,1,0,179267.94,2,1.0,0.0,0.0,0.0
36.0,6,0.0,1,1,0,164247.51,2,1.0,0.0,0.0,0.0
31.0,9,125189.75,2,1,1,139874.43,2,0.0,1.0,0.0,1.0
42.0,6,75302.85,2,0,0,57034.35,0,0.0,0.0,1.0,0.0
25.0,5,0.0,1,0,1,90860.97,3,1.0,0.0,0.0,1.0
48.0,3,73309.38,1,0,0,21228.34,3,1.0,0.0,0.0,0.0
65.0,2,131935.51,1,1,1,96399.67,4,0.0,1.0,0.0,1.0
35.0,9,113948.58,1,1,0,188891.96,2,0.0,1.0,0.0,1.0
34.0,8,139959.55,2,1,1,189875.83,0,0.0,1.0,0.0,1.0
44.0,8,0.0,2,1,1,70974.13,3,0.0,0.0,1.0,1.0
55.0,9,119618.42,1,1,1,29861.13,2,0.0,0.0,1.0,1.0
39.0,5,81042.42,1,0,1,109805.17,4,1.0,0.0,0.0,0.0
43.0,8,103409.16,1,1,0,66893.28,3,0.0,1.0,0.0,1.0
41.0,2,91621.69,1,1,1,71139.31,4,1.0,0.0,0.0,0.0
36.0,2,123601.56,2,1,0,103557.85,3,0.0,1.0,0.0,1.0
50.0,7,109062.28,1,1,1,140136.1,2,0.0,1.0,0.0,0.0
28.0,3,0.0,1,1,0,3408.7,4,0.0,0.0,1.0,0.0
53.0,7,0.0,2,0,1,117939.17,3,0.0,0.0,1.0,1.0
37.0,4,135927.06,1,0,0,180890.4,1,0.0,1.0,0.0,0.0
62.0,8,144976.5,1,0,0,175836.03,1,1.0,0.0,0.0,0.0
36.0,8,103914.17,1,1,1,110035.88,4,0.0,1.0,0.0,0.0
58.0,0,149117.31,1,1,1,162599.51,0,1.0,0.0,0.0,1.0
33.0,10,0.0,2,1,0,162022.47,4,0.0,0.0,1.0,1.0
40.0,6,132308.22,1,0,0,117122.5,4,1.0,0.0,0.0,1.0
30.0,2,143340.44,1,1,0,145796.49,0,0.0,1.0,0.0,0.0
54.0,7,128914.97,1,0,0,191746.23,3,1.0,0.0,0.0,1.0
40.0,9,0.0,1,1,0,106.67,2,1.0,0.0,0.0,1.0
28.0,8,0.0,2,0,0,77660.03,1,0.0,0.0,1.0,1.0
36.0,1,0.0,1,1,1,56905.38,1,1.0,0.0,0.0,0.0
27.0,3,0.0,3,1,1,129130.09,3,0.0,0.0,1.0,1.0
37.0,7,109908.06,2,1,0,115037.67,2,0.0,1.0,0.0,1.0
23.0,2,107433.48,1,1,0,173843.21,4,1.0,0.0,0.0,1.0
46.0,4,89743.05,1,1,0,156425.57,2,0.0,0.0,1.0,0.0
38.0,1,146343.98,1,0,1,103902.11,4,0.0,0.0,1.0,1.0
36.0,8,68348.18,2,0,1,50400.32,1,1.0,0.0,0.0,0.0
61.0,3,62391.22,1,1,1,192434.11,1,1.0,0.0,0.0,1.0
24.0,1,92476.88,1,0,0,83247.14,4,0.0,0.0,1.0,0.0
30.0,4,0.0,2,0,1,115611.97,4,1.0,0.0,0.0,0.0
21.0,8,0.0,2,1,0,68666.63,3,1.0,0.0,0.0,1.0
56.0,7,152759.0,2,1,0,133167.11,0,1.0,0.0,0.0,1.0
42.0,0,99045.93,2,1,0,47160.01,4,1.0,0.0,0.0,0.0
53.0,7,0.0,2,1,1,130132.41,2,1.0,0.0,0.0,1.0
38.0,10,82697.28,1,1,0,74846.67,2,1.0,0.0,0.0,1.0
28.0,10,0.0,2,1,0,19834.32,1,1.0,0.0,0.0,1.0
42.0,8,0.0,2,0,1,41823.22,3,0.0,0.0,1.0,1.0
40.0,4,0.0,2,1,1,147715.83,2,1.0,0.0,0.0,1.0
37.0,7,85146.48,2,1,0,86490.09,1,1.0,0.0,0.0,1.0
29.0,8,0.0,2,1,1,115994.52,4,1.0,0.0,0.0,1.0
52.0,1,171236.3,2,0,0,21834.4,4,1.0,0.0,0.0,1.0
44.0,6,155114.9,1,0,0,133871.83,3,1.0,0.0,0.0,0.0
22.0,6,101060.25,1,0,1,84699.56,3,0.0,0.0,1.0,0.0
38.0,2,129022.06,2,1,1,14374.86,3,1.0,0.0,0.0,0.0
54.0,3,167831.88,2,1,0,150159.95,0,1.0,0.0,0.0,1.0
26.0,6,0.0,2,0,0,152491.22,0,1.0,0.0,0.0,1.0
38.91621420206537,2,95507.12,1,1,1,63213.31,2,1.0,0.0,0.0,0.0
33.0,7,0.0,1,1,1,58043.02,2,1.0,0.0,0.0,1.0
43.0,0,0.0,2,1,0,27862.58,2,1.0,0.0,0.0,1.0
42.0,8,131390.75,2,1,0,71178.09,1,0.0,1.0,0.0,1.0
36.0,2,109949.05,2,0,1,71682.54,4,0.0,1.0,0.0,1.0
56.0,1,0.0,1,1,0,13228.93,4,1.0,0.0,0.0,0.0
31.0,3,133003.03,1,0,1,146339.27,2,0.0,1.0,0.0,0.0
58.0,3,137318.42,1,1,1,126144.96,0,0.0,1.0,0.0,1.0
39.0,9,0.0,1,1,0,3740.93,2,1.0,0.0,0.0,0.0
36.0,5,0.0,1,0,1,182843.24,0,0.0,0.0,1.0,1.0
38.0,5,126875.62,1,1,0,128052.29,3,1.0,0.0,0.0,0.0
38.91621420206537,7,153663.27,1,1,0,111868.23,0,0.0,1.0,0.0,1.0
39.0,3,0.0,2,1,0,50560.45,1,1.0,0.0,0.0,0.0
39.0,0,127631.62,1,0,1,22197.8,0,0.0,1.0,0.0,1.0
38.0,2,0.0,2,0,0,75578.67,4,1.0,0.0,0.0,0.0
36.0,6,143644.16,1,1,0,22102.25,4,0.0,1.0,0.0,0.0
32.0,10,80728.15,1,1,0,86306.75,4,1.0,0.0,0.0,1.0
64.0,5,0.0,3,0,1,112520.07,3,0.0,0.0,1.0,0.0
39.0,2,0.0,2,0,0,191207.03,2,0.0,0.0,1.0,0.0
32.0,6,131938.92,2,1,1,1795.93,0,0.0,1.0,0.0,0.0
25.0,7,157228.61,2,1,0,124382.9,2,0.0,0.0,1.0,1.0
59.0,2,0.0,1,1,0,179673.11,3,1.0,0.0,0.0,0.0
37.0,0,107548.94,1,1,0,71175.94,1,1.0,0.0,0.0,1.0
39.0,7,143637.58,2,0,1,174227.66,4,0.0,0.0,1.0,1.0
33.0,7,121260.19,2,1,0,77216.48,2,0.0,0.0,1.0,1.0
29.0,4,0.0,2,0,0,155711.64,4,0.0,0.0,1.0,1.0
34.0,1,116114.93,1,1,1,49492.15,2,0.0,0.0,1.0,1.0
44.0,9,126104.98,2,0,1,110718.02,1,0.0,1.0,0.0,0.0
31.0,8,0.0,2,1,0,151843.54,1,0.0,0.0,1.0,0.0
67.0,5,0.0,2,1,1,85890.16,0,0.0,0.0,1.0,1.0
61.0,3,141784.02,1,1,1,92053.75,4,0.0,1.0,0.0,1.0
55.0,7,119961.48,1,1,0,65156.83,1,0.0,1.0,0.0,1.0
38.0,6,0.0,2,1,1,145700.22,2,1.0,0.0,0.0,1.0
61.0,9,94867.18,2,1,1,157527.6,3,0.0,1.0,0.0,0.0
40.0,1,94773.11,1,1,0,114279.63,4,1.0,0.0,0.0,1.0
38.91621420206537,5,105603.21,2,1,1,157360.9,2,0.0,0.0,1.0,1.0
27.0,1,0.0,1,0,1,112311.15,0,0.0,0.0,1.0,0.0
26.0,7,0.0,2,0,1,156598.23,0,1.0,0.0,0.0,1.0
38.91621420206537,0,0.0,1,1,0,121751.04,3,0.0,0.0,1.0,0.0
38.91621420206537,6,0.0,2,1,0,164074.89,3,1.0,0.0,0.0,0.0
54.0,5,102994.04,1,1,0,176680.16,0,0.0,1.0,0.0,1.0
41.0,8,125561.97,1,0,0,164040.94,2,0.0,1.0,0.0,1.0
29.0,3,0.0,1,0,1,134462.29,3,1.0,0.0,0.0,0.0
36.0,2,152606.82,1,1,1,71692.8,2,1.0,0.0,0.0,1.0
35.0,4,148172.44,1,1,1,4175.68,0,1.0,0.0,0.0,1.0
34.0,9,91025.58,2,0,1,163783.0,3,0.0,1.0,0.0,0.0
32.0,5,133705.74,1,0,0,134455.84,2,0.0,0.0,1.0,1.0
30.0,3,0.0,1,1,0,160131.58,3,0.0,0.0,1.0,0.0
33.0,2,126524.11,1,1,0,136869.31,4,0.0,1.0,0.0,1.0
43.0,4,137638.69,1,1,0,130442.08,1,1.0,0.0,0.0,1.0
29.0,9,0.0,2,0,1,140676.98,0,0.0,0.0,1.0,0.0
42.0,9,101043.63,1,1,1,192175.52,3,0.0,0.0,1.0,1.0
31.0,2,77082.65,2,0,0,13482.28,2,0.0,1.0,0.0,1.0
25.0,7,128524.19,2,1,0,20682.46,0,0.0,1.0,0.0,0.0
37.0,5,93147.0,2,1,0,66214.13,2,1.0,0.0,0.0,1.0
28.0,1,0.0,1,1,1,162428.05,0,1.0,0.0,0.0,0.0
20.0,8,0.0,2,0,0,112572.02,2,1.0,0.0,0.0,1.0
58.0,8,125850.53,2,1,1,87008.17,3,0.0,1.0,0.0,1.0
32.0,2,0.0,1,0,0,131301.74,2,0.0,0.0,1.0,0.0
38.0,3,0.0,2,1,1,79928.41,2,1.0,0.0,0.0,1.0
61.0,8,0.0,2,1,1,159938.82,3,0.0,0.0,1.0,0.0
54.0,8,0.0,1,1,1,28737.71,1,1.0,0.0,0.0,1.0
32.0,4,0.0,2,0,1,97628.08,2,1.0,0.0,0.0,1.0
39.0,7,131468.44,1,1,0,164975.82,0,0.0,0.0,1.0,1.0
37.0,8,114737.26,1,1,1,106655.88,2,0.0,1.0,0.0,0.0
35.0,3,0.0,2,1,1,17257.72,4,0.0,0.0,1.0,0.0
30.0,1,0.0,2,0,0,135795.53,0,1.0,0.0,0.0,0.0
25.0,6,172812.72,2,1,1,108008.65,2,0.0,1.0,0.0,1.0
49.0,2,131394.56,1,0,0,194365.76,4,1.0,0.0,0.0,0.0
44.0,8,133444.97,1,0,1,5708.19,2,1.0,0.0,0.0,0.0
25.0,10,0.0,2,1,1,180808.39,2,0.0,0.0,1.0,1.0
58.0,5,106913.43,1,1,0,25881.0,3,0.0,1.0,0.0,1.0
31.0,3,108805.42,2,0,1,123825.83,3,0.0,1.0,0.0,1.0
35.0,6,74371.49,1,0,0,99595.67,4,0.0,0.0,1.0,1.0
47.0,5,158623.14,1,0,0,83499.89,3,1.0,0.0,0.0,1.0
43.0,2,161807.18,2,0,1,93228.86,4,0.0,0.0,1.0,1.0
38.0,1,115341.55,1,0,1,173632.92,1,1.0,0.0,0.0,1.0
47.0,2,88011.4,1,1,1,90655.94,3,1.0,0.0,0.0,0.0
31.0,8,76798.92,1,0,0,196021.73,2,0.0,1.0,0.0,0.0
35.0,9,0.0,2,1,0,39511.61,4,1.0,0.0,0.0,0.0
48.0,1,163760.82,1,0,0,157381.14,3,0.0,0.0,1.0,0.0
58.0,3,108888.24,3,0,1,135875.51,0,0.0,1.0,0.0,0.0
30.0,8,145241.63,1,1,1,80676.83,0,0.0,0.0,1.0,1.0
77.0,6,135120.56,1,1,0,37836.64,4,0.0,1.0,0.0,0.0
27.0,1,94920.71,1,1,1,40339.9,3,1.0,0.0,0.0,0.0
48.0,4,132403.56,1,0,0,36091.91,1,0.0,1.0,0.0,1.0
48.0,3,122388.38,2,0,0,30020.09,1,0.0,1.0,0.0,0.0
32.0,0,0.0,2,0,1,126675.62,1,0.0,0.0,1.0,0.0
43.0,2,112499.42,2,1,0,30375.18,3,1.0,0.0,0.0,1.0
40.0,6,0.0,1,1,0,155155.25,1,1.0,0.0,0.0,0.0
34.0,5,84009.47,1,1,1,137001.1,4,1.0,0.0,0.0,1.0
38.91621420206537,7,0.0,2,1,1,194270.91,4,1.0,0.0,0.0,0.0
49.0,1,0.0,1,1,0,116249.72,2,1.0,0.0,0.0,0.0
34.0,5,168094.01,1,0,0,20058.61,1,0.0,0.0,1.0,1.0
38.91621420206537,7,112615.86,1,1,1,4491.77,3,0.0,0.0,1.0,1.0
36.0,5,0.0,1,1,0,183479.12,0,1.0,0.0,0.0,0.0
45.0,7,0.0,2,0,0,167756.45,1,1.0,0.0,0.0,1.0
39.0,3,149887.49,2,1,0,63846.36,3,0.0,1.0,0.0,1.0
42.0,8,159660.8,3,1,0,113931.57,0,1.0,0.0,0.0,0.0
35.0,2,113090.4,1,1,0,195649.79,0,1.0,0.0,0.0,0.0
31.0,6,87772.52,1,1,0,188516.45,4,1.0,0.0,0.0,0.0
39.0,2,84468.67,2,1,1,121945.42,1,0.0,1.0,0.0,1.0
42.0,3,145155.37,1,1,0,72169.95,1,1.0,0.0,0.0,1.0
31.0,6,132876.55,1,1,1,130862.11,2,0.0,0.0,1.0,1.0
26.0,4,135219.57,1,0,1,59747.63,3,0.0,0.0,1.0,0.0
33.0,7,0.0,2,1,0,143450.61,1,1.0,0.0,0.0,1.0
43.0,3,0.0,2,1,1,159131.21,0,1.0,0.0,0.0,1.0
68.0,6,112595.85,1,1,0,35865.44,4,0.0,1.0,0.0,1.0
44.0,3,0.0,2,1,1,135077.01,3,0.0,0.0,1.0,1.0
23.0,7,0.0,2,1,0,196789.9,1,0.0,0.0,1.0,0.0
61.0,2,183997.7,2,1,1,161217.18,2,0.0,1.0,0.0,0.0
25.0,10,0.0,2,0,0,187925.75,4,1.0,0.0,0.0,0.0
40.0,3,193354.86,2,1,0,149188.41,2,1.0,0.0,0.0,1.0
38.91621420206537,5,147037.32,1,0,0,141763.26,2,0.0,1.0,0.0,1.0
29.0,10,0.0,1,1,1,51907.72,1,0.0,0.0,1.0,1.0
32.0,9,145303.52,1,1,0,103560.98,0,1.0,0.0,0.0,1.0
50.0,4,77065.9,2,0,1,145159.26,3,1.0,0.0,0.0,0.0
39.0,8,97819.36,1,0,1,120531.31,0,1.0,0.0,0.0,0.0
63.0,9,111179.83,1,1,1,93091.02,4,0.0,0.0,1.0,1.0
39.0,3,92224.56,1,1,1,54517.25,3,1.0,0.0,0.0,0.0
42.0,5,120233.83,1,1,0,194890.33,1,0.0,0.0,1.0,1.0
45.0,5,0.0,2,1,1,155492.87,1,1.0,0.0,0.0,1.0
40.0,7,104449.8,1,1,1,747.88,4,0.0,1.0,0.0,0.0
29.0,2,0.0,2,1,0,124489.88,4,1.0,0.0,0.0,1.0
46.0,3,0.0,2,1,1,62825.03,1,0.0,0.0,1.0,1.0
42.0,5,0.0,3,0,0,60686.4,4,1.0,0.0,0.0,1.0
58.0,5,216109.88,1,0,1,74176.71,2,0.0,0.0,1.0,0.0
23.0,7,0.0,2,1,1,168085.97,1,0.0,0.0,1.0,1.0
34.0,10,0.0,2,1,1,80234.14,3,1.0,0.0,0.0,1.0
38.91621420206537,7,119127.46,2,1,0,55809.92,1,0.0,1.0,0.0,0.0
36.0,4,0.0,2,0,1,147007.33,4,1.0,0.0,0.0,0.0
33.0,0,115777.23,1,1,1,81508.1,3,0.0,1.0,0.0,0.0
47.0,0,63723.78,2,1,1,181928.25,2,0.0,1.0,0.0,1.0
37.0,9,148466.93,2,0,1,151280.96,3,1.0,0.0,0.0,1.0
37.0,4,138476.41,2,1,1,52367.29,3,0.0,1.0,0.0,1.0
64.0,1,169362.43,1,1,0,84760.32,3,0.0,1.0,0.0,0.0
33.0,3,0.0,1,1,0,42171.13,1,1.0,0.0,0.0,1.0
48.0,4,102962.62,1,1,0,120852.85,3,0.0,1.0,0.0,0.0
25.0,1,157404.02,2,1,0,93073.04,2,0.0,1.0,0.0,1.0
38.91621420206537,6,101012.77,1,0,0,32589.89,3,0.0,1.0,0.0,0.0
39.0,2,0.0,1,1,1,52138.49,3,0.0,0.0,1.0,0.0
39.0,5,0.0,2,1,1,7415.96,0,0.0,0.0,1.0,1.0
50.0,2,143829.2,2,1,0,181224.24,1,0.0,1.0,0.0,1.0
44.0,4,0.0,1,1,0,10789.3,0,0.0,0.0,1.0,1.0
38.0,5,75075.14,1,1,1,8651.92,3,0.0,0.0,1.0,1.0
33.0,9,147510.34,1,1,0,190611.92,3,1.0,0.0,0.0,1.0
24.0,7,0.0,2,0,0,16319.56,0,0.0,0.0,1.0,1.0
32.0,9,123938.6,2,1,0,198894.42,1,0.0,1.0,0.0,1.0
51.0,2,138553.57,1,1,1,92406.22,1,1.0,0.0,0.0,1.0
39.0,3,100717.85,3,1,1,73406.04,4,0.0,1.0,0.0,0.0
42.0,3,0.0,2,1,1,176883.42,4,1.0,0.0,0.0,0.0
38.91621420206537,0,95927.04,1,1,0,199478.05,1,1.0,0.0,0.0,0.0
32.0,2,0.0,2,0,1,77965.44,2,1.0,0.0,0.0,1.0
35.0,8,121063.49,1,0,0,85421.48,0,1.0,0.0,0.0,1.0
43.0,8,0.0,1,0,1,104889.3,0,1.0,0.0,0.0,0.0
36.0,5,77846.9,1,0,0,99805.99,4,0.0,1.0,0.0,0.0
77.0,6,80926.02,2,1,1,55829.25,2,1.0,0.0,0.0,1.0
31.0,4,0.0,2,1,1,21645.06,0,0.0,0.0,1.0,1.0
27.0,3,0.0,2,1,1,19645.65,1,1.0,0.0,0.0,1.0
40.0,1,0.0,2,0,0,114996.43,0,1.0,0.0,0.0,1.0
36.0,4,132578.92,2,1,0,84320.94,2,0.0,1.0,0.0,1.0
27.0,1,137275.36,1,0,1,115733.16,4,0.0,0.0,1.0,1.0
35.0,6,135871.5,1,1,1,87219.41,3,1.0,0.0,0.0,1.0
38.0,5,133189.4,1,0,0,127388.06,3,1.0,0.0,0.0,0.0
39.0,4,0.0,2,1,0,155023.93,3,1.0,0.0,0.0,1.0
38.0,2,112803.92,1,1,0,179631.85,4,0.0,0.0,1.0,0.0
51.0,3,0.0,3,1,0,75084.96,1,0.0,0.0,1.0,0.0
32.0,4,0.0,2,0,0,114899.13,4,1.0,0.0,0.0,0.0
34.0,8,199229.14,1,0,0,68106.29,4,0.0,0.0,1.0,1.0
58.0,9,109327.65,1,1,1,3829.13,3,0.0,0.0,1.0,1.0
44.0,3,115451.05,2,0,0,67234.33,0,1.0,0.0,0.0,1.0
38.0,7,0.0,2,1,0,38308.34,3,1.0,0.0,0.0,1.0
29.0,5,0.0,2,1,1,6770.44,3,1.0,0.0,0.0,1.0
43.0,9,0.0,1,1,0,103726.71,0,1.0,0.0,0.0,0.0
39.0,7,89039.9,2,1,1,146738.83,0,0.0,0.0,1.0,1.0
55.0,6,44582.07,3,0,1,67539.85,1,1.0,0.0,0.0,0.0
31.0,1,118870.92,1,1,0,101704.19,4,1.0,0.0,0.0,1.0
30.0,8,141787.31,2,1,1,109685.61,2,0.0,1.0,0.0,1.0
46.0,2,0.0,3,1,0,89048.46,2,1.0,0.0,0.0,0.0
40.0,6,148790.61,1,0,1,79329.7,0,1.0,0.0,0.0,1.0
61.0,6,0.0,2,1,1,133672.61,2,1.0,0.0,0.0,0.0
45.0,9,131355.3,3,1,0,195395.33,0,0.0,0.0,1.0,0.0
39.0,5,0.0,2,0,0,168521.72,1,1.0,0.0,0.0,1.0
34.0,7,0.0,2,1,1,188078.55,1,1.0,0.0,0.0,1.0
34.0,9,0.0,2,1,0,138113.71,2,1.0,0.0,0.0,0.0
25.0,5,82931.85,2,1,1,128373.88,3,0.0,0.0,1.0,0.0
30.0,5,0.0,2,0,0,179066.58,2,0.0,0.0,1.0,0.0
39.0,9,0.0,2,1,1,104730.52,1,1.0,0.0,0.0,1.0
29.0,9,145294.08,2,1,0,147484.13,0,0.0,1.0,0.0,1.0
37.0,6,118050.79,1,0,1,52301.15,4,0.0,1.0,0.0,1.0
26.0,4,97268.1,2,1,0,39356.38,3,0.0,1.0,0.0,1.0
40.0,4,104784.23,1,1,0,135163.76,4,0.0,0.0,1.0,1.0
41.0,6,0.0,1,0,1,112585.19,1,1.0,0.0,0.0,1.0
48.0,7,76595.08,2,0,0,127095.14,1,0.0,1.0,0.0,0.0
28.0,9,82498.14,2,0,0,40437.67,3,0.0,1.0,0.0,0.0
33.0,1,138162.81,1,1,0,85412.54,1,1.0,0.0,0.0,0.0
41.0,1,0.0,2,1,0,96069.82,1,1.0,0.0,0.0,0.0
28.0,5,122034.4,3,0,1,146663.43,2,0.0,1.0,0.0,0.0
44.0,2,0.0,1,0,1,173117.22,1,1.0,0.0,0.0,0.0
29.0,8,138296.94,2,1,0,141075.51,2,0.0,0.0,1.0,0.0
31.0,5,0.0,1,1,0,35593.18,3,0.0,0.0,1.0,1.0
33.0,9,131765.72,1,1,0,118782.06,1,1.0,0.0,0.0,1.0
41.0,7,0.0,1,1,1,138394.37,3,0.0,0.0,1.0,0.0
37.0,3,0.0,2,1,0,91086.73,2,0.0,0.0,1.0,0.0
31.0,4,175477.15,1,1,1,172832.9,4,1.0,0.0,0.0,1.0
29.0,0,138577.34,1,1,0,193362.99,2,0.0,1.0,0.0,0.0
57.0,5,86568.75,1,0,1,103660.31,1,0.0,1.0,0.0,0.0
38.91621420206537,2,164011.48,1,1,0,199420.41,4,0.0,1.0,0.0,0.0
28.0,9,154475.54,2,0,1,101300.94,3,0.0,1.0,0.0,1.0
32.0,10,0.0,2,1,0,60907.49,3,1.0,0.0,0.0,0.0
37.0,9,135776.36,3,1,0,85470.45,4,0.0,1.0,0.0,1.0
45.0,4,0.0,2,0,0,36697.48,1,0.0,0.0,1.0,1.0
26.0,8,121581.56,2,1,1,127059.04,4,0.0,1.0,0.0,1.0
32.0,5,0.0,2,1,0,84871.99,0,1.0,0.0,0.0,1.0
56.0,2,209767.31,2,1,1,150694.42,2,0.0,0.0,1.0,0.0
38.91621420206537,3,0.0,2,1,1,187980.21,4,1.0,0.0,0.0,0.0
27.0,9,106414.57,2,0,0,77500.81,1,1.0,0.0,0.0,0.0
31.0,9,0.0,2,0,1,140168.36,4,1.0,0.0,0.0,1.0
40.0,8,68155.59,1,1,0,94876.65,4,1.0,0.0,0.0,1.0
47.0,1,131160.85,1,1,0,197444.69,4,0.0,1.0,0.0,0.0
23.0,9,0.0,1,1,0,19793.73,4,1.0,0.0,0.0,1.0
38.0,9,0.0,2,1,1,158527.45,3,0.0,0.0,1.0,0.0
43.0,9,0.0,2,1,0,107811.28,3,0.0,0.0,1.0,1.0
40.0,6,131184.67,1,1,1,49815.62,4,1.0,0.0,0.0,0.0
31.0,9,103837.75,1,1,1,150218.11,1,0.0,1.0,0.0,1.0
33.0,7,140956.99,1,0,0,3510.18,4,1.0,0.0,0.0,1.0
45.0,7,0.0,2,1,1,68831.72,3,1.0,0.0,0.0,0.0
73.0,0,146329.73,1,0,1,43615.67,2,1.0,0.0,0.0,1.0
41.0,3,88594.93,1,1,0,178997.89,1,0.0,1.0,0.0,0.0
31.0,4,0.0,2,1,0,53520.03,0,1.0,0.0,0.0,1.0
28.0,1,124511.01,1,0,0,114258.18,2,0.0,1.0,0.0,0.0
30.0,8,0.0,2,1,0,128875.86,1,1.0,0.0,0.0,0.0
37.0,9,71786.9,2,1,1,67734.79,2,1.0,0.0,0.0,0.0
64.0,2,175754.87,2,1,1,60721.4,0,0.0,1.0,0.0,0.0
32.0,7,0.0,1,1,0,28797.32,2,0.0,0.0,1.0,0.0
32.0,1,108465.65,2,1,0,60552.44,4,0.0,1.0,0.0,0.0
42.0,9,113311.11,1,1,1,198193.75,4,1.0,0.0,0.0,0.0
27.0,5,102258.11,2,1,0,194681.6,1,1.0,0.0,0.0,0.0
22.0,3,121681.82,1,1,0,128643.35,4,0.0,0.0,1.0,1.0
33.0,4,140002.35,1,1,0,123613.81,0,0.0,1.0,0.0,0.0
38.0,10,84764.79,1,1,1,162253.9,0,1.0,0.0,0.0,0.0
36.0,1,0.0,2,0,1,108377.82,3,0.0,0.0,1.0,1.0
46.0,9,161450.03,1,1,1,96961.0,1,0.0,1.0,0.0,1.0
47.0,6,103163.35,1,1,0,16259.64,0,0.0,1.0,0.0,0.0
28.0,7,0.0,2,0,1,147100.72,0,1.0,0.0,0.0,0.0
53.0,10,0.0,1,1,1,154642.91,1,0.0,0.0,1.0,1.0
34.0,5,63663.93,1,0,1,167784.28,0,0.0,1.0,0.0,0.0
31.0,6,0.0,2,1,1,15846.42,2,1.0,0.0,0.0,0.0
54.0,4,118614.6,2,1,1,172601.62,1,0.0,1.0,0.0,1.0
33.0,1,142645.43,1,0,0,69132.66,4,1.0,0.0,0.0,1.0
42.0,9,153279.39,1,1,1,151336.96,0,0.0,1.0,0.0,1.0
30.0,6,99785.28,2,0,0,197238.03,4,0.0,1.0,0.0,1.0
26.0,8,112972.57,1,1,0,145011.62,0,1.0,0.0,0.0,1.0
32.0,3,123502.53,1,1,1,69826.8,0,1.0,0.0,0.0,0.0
28.0,9,0.0,2,1,0,185821.41,4,1.0,0.0,0.0,0.0
38.91621420206537,2,0.0,1,0,0,191763.07,0,0.0,0.0,1.0,0.0
33.0,7,0.0,2,1,0,122625.68,0,1.0,0.0,0.0,0.0
25.0,8,126442.59,1,1,0,121904.44,3,1.0,0.0,0.0,0.0
29.0,5,83442.98,1,0,1,177017.39,0,1.0,0.0,0.0,1.0
38.91621420206537,5,0.0,2,0,1,95159.13,1,0.0,0.0,1.0,1.0
32.0,7,175464.85,3,1,0,116442.42,3,1.0,0.0,0.0,1.0
43.0,5,0.0,2,0,0,105149.8,1,0.0,0.0,1.0,0.0
51.0,1,87779.83,1,0,1,36687.11,4,0.0,1.0,0.0,0.0
50.0,4,112650.89,1,0,0,166386.22,2,0.0,1.0,0.0,0.0
24.0,1,116084.32,1,1,0,89734.7,0,1.0,0.0,0.0,1.0
32.0,5,159904.79,1,1,0,148811.14,4,0.0,1.0,0.0,1.0
39.0,5,0.0,2,1,1,175224.12,0,0.0,0.0,1.0,0.0
34.0,7,0.0,2,1,1,198969.78,2,1.0,0.0,0.0,0.0
34.0,8,0.0,1,1,1,76510.46,3,0.0,0.0,1.0,1.0
35.0,3,174790.15,1,1,1,600.36,4,1.0,0.0,0.0,1.0
43.0,7,0.0,2,1,0,131093.99,3,1.0,0.0,0.0,0.0
61.0,0,125193.96,1,1,1,109356.53,0,0.0,1.0,0.0,0.0
35.0,4,108155.49,1,1,0,105407.79,1,1.0,0.0,0.0,0.0
31.0,7,120599.38,2,1,1,46163.44,1,0.0,1.0,0.0,0.0
50.0,5,130554.51,3,1,0,184758.17,1,0.0,0.0,1.0,0.0
37.0,8,149000.91,2,1,1,21472.42,3,0.0,1.0,0.0,0.0
31.0,2,36566.96,1,1,0,103644.98,2,0.0,0.0,1.0,0.0
32.0,1,104001.38,1,0,1,36642.65,2,1.0,0.0,0.0,0.0
45.0,4,0.0,2,1,1,26589.56,3,0.0,0.0,1.0,0.0
39.0,9,133102.92,1,1,0,27046.46,4,1.0,0.0,0.0,0.0
36.0,1,0.0,2,1,0,102021.39,2,0.0,0.0,1.0,0.0
44.0,7,0.0,1,0,1,6923.11,3,0.0,0.0,1.0,1.0
31.0,2,118899.45,2,0,0,41409.36,0,0.0,0.0,1.0,1.0
31.0,0,0.0,2,0,0,179453.66,0,0.0,0.0,1.0,0.0
34.0,8,129433.34,2,0,0,38131.77,4,1.0,0.0,0.0,1.0
39.0,2,121704.32,2,1,0,55556.3,1,0.0,1.0,0.0,1.0
42.0,6,0.0,2,0,0,121138.77,2,1.0,0.0,0.0,0.0
44.0,6,118715.86,1,1,0,133591.11,1,0.0,1.0,0.0,0.0
28.0,8,0.0,2,1,1,199909.32,1,1.0,0.0,0.0,1.0
37.0,7,0.0,2,1,0,68789.93,2,0.0,0.0,1.0,1.0
57.0,9,95295.39,1,1,0,28434.44,4,0.0,1.0,0.0,1.0
41.0,7,109508.68,1,0,0,86776.38,4,0.0,0.0,1.0,0.0
30.0,2,128393.29,1,1,1,180593.45,3,0.0,0.0,1.0,1.0
34.0,4,150635.3,1,1,1,72274.84,1,0.0,1.0,0.0,0.0
39.0,7,124828.46,2,1,1,124411.08,4,0.0,1.0,0.0,1.0
27.0,4,137003.68,1,1,0,21254.06,1,1.0,0.0,0.0,1.0
43.0,0,123815.86,1,1,1,78463.99,0,1.0,0.0,0.0,0.0
32.0,4,103515.39,2,1,1,177622.38,4,0.0,0.0,1.0,0.0
39.0,1,0.0,3,1,0,171060.01,0,1.0,0.0,0.0,1.0
40.0,2,105222.86,2,1,0,93795.86,1,0.0,1.0,0.0,0.0
33.0,1,56084.69,2,0,0,178798.13,0,0.0,0.0,1.0,1.0
43.0,9,189026.53,2,1,1,56099.86,2,1.0,0.0,0.0,1.0
42.0,0,144386.32,1,1,1,22497.1,1,0.0,1.0,0.0,1.0
27.0,4,0.0,2,0,0,190269.21,1,1.0,0.0,0.0,0.0
38.0,3,0.0,2,1,0,44255.65,3,0.0,0.0,1.0,0.0
37.0,2,0.0,2,1,1,126722.57,0,1.0,0.0,0.0,1.0
24.0,8,156325.38,1,1,1,125381.02,0,1.0,0.0,0.0,1.0
31.0,1,113693.0,1,0,0,82796.29,0,0.0,0.0,1.0,0.0
38.91621420206537,9,0.0,1,1,0,19605.18,4,1.0,0.0,0.0,0.0
42.0,6,0.0,2,1,1,106197.44,4,1.0,0.0,0.0,1.0
47.0,3,116528.15,1,0,0,145704.19,0,0.0,0.0,1.0,1.0
53.0,2,45472.28,1,1,1,41055.71,0,1.0,0.0,0.0,0.0
31.0,2,0.0,2,1,0,173240.52,4,1.0,0.0,0.0,1.0
23.0,10,0.0,2,1,1,79734.23,3,1.0,0.0,0.0,0.0
39.0,1,104502.11,1,1,0,20652.69,2,0.0,1.0,0.0,0.0
48.0,1,111599.32,1,0,1,135995.58,2,0.0,1.0,0.0,1.0
28.0,4,136674.51,2,0,0,5278.78,4,1.0,0.0,0.0,0.0
35.0,3,56674.48,1,1,0,17987.4,3,0.0,0.0,1.0,0.0
32.0,1,123906.22,3,1,1,127443.82,3,0.0,1.0,0.0,1.0
38.0,6,99812.88,2,1,1,158357.97,2,0.0,1.0,0.0,1.0
41.0,8,123151.51,2,1,0,70127.93,0,0.0,1.0,0.0,0.0
33.0,8,129907.63,1,0,1,36083.96,3,1.0,0.0,0.0,1.0
42.0,4,0.0,2,1,1,81442.6,4,1.0,0.0,0.0,1.0
38.91621420206537,2,157866.77,1,1,1,18986.12,4,1.0,0.0,0.0,0.0
29.0,4,0.0,2,0,0,138880.24,3,0.0,0.0,1.0,0.0
55.0,9,180075.22,1,1,1,100127.71,3,0.0,1.0,0.0,0.0
47.0,6,0.0,1,0,0,194998.34,0,1.0,0.0,0.0,0.0
27.0,1,122552.34,2,1,0,67611.36,3,0.0,1.0,0.0,1.0
39.0,0,104386.53,1,1,0,105886.77,4,1.0,0.0,0.0,0.0
72.0,9,0.0,1,0,1,69829.4,3,1.0,0.0,0.0,0.0
41.0,9,0.0,2,1,0,5967.09,1,1.0,0.0,0.0,1.0
43.0,3,0.0,2,0,1,199505.53,0,0.0,0.0,1.0,0.0
31.0,8,97588.6,1,0,0,124210.53,0,1.0,0.0,0.0,0.0
60.0,8,134250.17,3,0,0,153046.16,4,0.0,1.0,0.0,1.0
42.0,8,166685.92,2,1,1,55313.51,3,0.0,1.0,0.0,1.0
38.0,4,112230.38,1,1,0,16717.11,0,1.0,0.0,0.0,1.0
34.0,9,0.0,2,1,0,161800.77,2,1.0,0.0,0.0,1.0
51.0,3,99183.9,1,1,1,28922.25,4,0.0,1.0,0.0,1.0
35.0,2,183572.84,1,1,1,66006.75,0,1.0,0.0,0.0,0.0
32.0,8,197436.82,1,1,1,52710.7,2,0.0,0.0,1.0,1.0
35.0,1,103015.12,2,1,1,139094.12,2,1.0,0.0,0.0,0.0
38.91621420206537,4,0.0,2,1,1,141822.8,1,1.0,0.0,0.0,1.0
38.91621420206537,1,96473.59,1,0,0,5962.3,0,1.0,0.0,0.0,1.0
34.0,8,0.0,2,0,0,48260.19,3,1.0,0.0,0.0,1.0
20.0,3,165260.98,1,1,1,41626.78,3,0.0,0.0,1.0,1.0
45.0,0,0.0,1,0,0,84663.21,0,1.0,0.0,0.0,1.0
29.0,7,130575.26,1,0,1,173629.78,1,0.0,1.0,0.0,1.0
52.0,7,0.0,2,0,1,122398.84,3,0.0,0.0,1.0,0.0
37.0,8,148580.12,1,1,0,35179.18,3,1.0,0.0,0.0,0.0
63.0,4,103729.79,2,1,1,80272.06,4,1.0,0.0,0.0,1.0
30.0,10,133537.1,2,1,0,155593.74,3,0.0,1.0,0.0,0.0
40.0,1,86376.29,1,0,1,136767.16,1,0.0,0.0,1.0,0.0
47.0,2,0.0,1,1,0,35046.97,2,1.0,0.0,0.0,1.0
33.0,3,0.0,2,1,1,11159.19,4,1.0,0.0,0.0,0.0
35.0,6,0.0,2,1,1,41549.64,2,0.0,0.0,1.0,0.0
20.0,8,0.0,2,1,1,12368.11,3,0.0,0.0,1.0,1.0
38.91621420206537,9,155903.82,2,1,1,71159.84,2,0.0,1.0,0.0,0.0
50.0,7,0.0,2,0,1,178458.86,4,0.0,0.0,1.0,1.0
46.0,4,113625.93,1,0,0,92727.42,0,0.0,1.0,0.0,1.0
32.0,9,0.0,2,1,1,24991.92,3,1.0,0.0,0.0,0.0
41.0,5,0.0,2,0,1,92914.67,4,0.0,0.0,1.0,0.0
37.0,5,106453.53,2,0,1,127413.0,4,0.0,1.0,0.0,0.0
26.0,5,141462.13,1,1,0,440.2,2,1.0,0.0,0.0,1.0
40.0,6,163505.16,1,0,0,90424.09,3,1.0,0.0,0.0,1.0
40.0,6,119501.88,2,1,0,46774.94,1,1.0,0.0,0.0,1.0
37.0,7,165896.22,2,1,1,66977.68,4,1.0,0.0,0.0,1.0
36.0,1,0.0,2,0,1,121505.61,2,1.0,0.0,0.0,1.0
32.0,7,0.0,2,1,0,89520.75,4,0.0,0.0,1.0,0.0
44.0,2,0.0,2,1,1,58652.23,2,1.0,0.0,0.0,0.0
30.0,10,176173.52,1,1,0,97045.32,1,1.0,0.0,0.0,0.0
32.0,0,0.0,2,1,1,138525.19,3,0.0,0.0,1.0,0.0
36.0,2,164557.95,1,0,1,82336.73,3,0.0,0.0,1.0,0.0
32.0,7,127849.38,1,1,0,15798.7,1,1.0,0.0,0.0,0.0
41.0,4,129553.76,2,1,0,187599.8,3,1.0,0.0,0.0,0.0
32.0,3,104857.19,2,1,0,114149.8,3,0.0,1.0,0.0,0.0
38.91621420206537,9,107915.94,2,1,1,63452.18,1,0.0,1.0,0.0,1.0
66.0,6,135392.31,2,1,1,172852.06,0,0.0,1.0,0.0,0.0
31.0,2,0.0,2,1,1,91957.39,1,1.0,0.0,0.0,1.0
50.0,5,109387.9,1,1,0,155721.15,0,0.0,1.0,0.0,1.0
38.91621420206537,7,139859.23,1,1,1,108402.54,2,1.0,0.0,0.0,0.0
64.0,1,0.0,2,1,0,195635.3,1,1.0,0.0,0.0,1.0
36.0,2,0.0,2,1,1,146652.11,2,0.0,0.0,1.0,0.0
41.0,3,0.0,2,1,1,193747.57,3,1.0,0.0,0.0,1.0
38.91621420206537,3,130747.1,1,1,0,143829.54,4,1.0,0.0,0.0,1.0
35.0,2,141005.47,1,1,1,60407.93,3,1.0,0.0,0.0,1.0
36.0,10,109632.85,1,1,1,16149.13,4,0.0,0.0,1.0,1.0
30.0,6,103804.97,1,1,1,125710.53,0,1.0,0.0,0.0,1.0
40.0,9,0.0,2,1,0,182224.14,3,0.0,0.0,1.0,0.0
70.0,1,96947.58,3,1,0,62282.99,4,0.0,1.0,0.0,0.0
34.0,8,133936.04,2,1,0,91359.79,3,1.0,0.0,0.0,1.0
39.0,3,124548.99,2,1,1,120380.12,4,0.0,1.0,0.0,1.0
36.0,2,0.0,2,1,0,108790.95,3,1.0,0.0,0.0,1.0
34.0,5,0.0,2,1,1,125253.46,0,1.0,0.0,0.0,0.0
34.0,2,0.0,2,1,1,84033.35,1,1.0,0.0,0.0,0.0
32.0,7,118520.41,1,0,0,3815.48,1,1.0,0.0,0.0,1.0
32.0,5,163340.12,2,1,1,74415.2,2,0.0,0.0,1.0,1.0
35.0,3,119349.69,3,1,1,47114.18,4,0.0,0.0,1.0,0.0
34.0,10,126979.75,1,0,0,36823.28,4,0.0,1.0,0.0,1.0
27.0,2,0.0,2,0,0,26229.24,3,1.0,0.0,0.0,1.0
41.0,1,134177.06,1,0,0,177506.66,3,0.0,0.0,1.0,0.0
35.0,7,133868.21,1,1,1,27286.1,0,0.0,0.0,1.0,0.0
40.0,9,0.0,1,1,1,149602.54,1,1.0,0.0,0.0,1.0
55.0,4,146798.81,1,1,1,74149.77,0,1.0,0.0,0.0,1.0
37.0,2,97324.91,1,1,0,23291.83,2,1.0,0.0,0.0,1.0
45.0,7,57327.04,1,0,1,47349.0,2,1.0,0.0,0.0,0.0
31.0,7,0.0,2,0,1,48778.46,1,1.0,0.0,0.0,0.0
36.0,3,0.0,2,0,0,26019.59,0,1.0,0.0,0.0,0.0
29.0,8,0.0,2,1,0,191166.09,3,1.0,0.0,0.0,1.0
35.0,3,0.0,2,1,1,36249.76,2,1.0,0.0,0.0,1.0
41.0,4,38617.2,1,1,1,104876.8,2,1.0,0.0,0.0,0.0
39.0,8,52106.33,2,1,1,107964.36,2,0.0,1.0,0.0,1.0
68.0,5,82547.11,2,1,1,146448.01,1,1.0,0.0,0.0,1.0
36.0,0,0.0,2,1,0,46811.77,3,1.0,0.0,0.0,1.0
42.0,7,118274.71,1,1,1,25885.72,4,1.0,0.0,0.0,1.0
42.0,7,0.0,2,0,1,172967.87,2,0.0,0.0,1.0,1.0
32.0,4,0.0,2,0,1,146504.35,1,0.0,0.0,1.0,1.0
51.0,2,111018.98,1,1,0,86410.28,3,0.0,1.0,0.0,0.0
52.0,1,131441.51,1,1,0,37240.11,0,0.0,1.0,0.0,0.0
38.0,9,0.0,2,1,0,30529.88,4,1.0,0.0,0.0,1.0
42.0,2,99095.73,1,1,1,17512.53,3,1.0,0.0,0.0,1.0
39.0,7,49572.73,1,1,0,115287.99,0,1.0,0.0,0.0,0.0
55.0,5,0.0,2,1,1,7008.65,4,1.0,0.0,0.0,1.0
39.0,3,130786.92,1,0,1,121316.07,1,1.0,0.0,0.0,0.0
48.0,2,0.0,2,1,1,136551.25,2,0.0,0.0,1.0,0.0
38.91621420206537,7,125903.22,2,1,1,127068.92,4,0.0,1.0,0.0,1.0
34.0,8,82909.14,1,1,0,91817.38,2,1.0,0.0,0.0,0.0
22.0,5,98800.0,1,1,0,122865.55,2,0.0,0.0,1.0,0.0
39.0,3,146408.68,1,0,0,72993.67,0,0.0,0.0,1.0,0.0
35.0,1,139979.07,1,1,0,185662.84,1,0.0,1.0,0.0,0.0
29.0,0,0.0,1,1,0,142516.35,1,1.0,0.0,0.0,1.0
30.0,9,0.0,2,0,0,136356.97,0,1.0,0.0,0.0,0.0
20.0,4,0.0,2,1,0,119759.24,2,0.0,0.0,1.0,0.0
57.0,7,0.0,1,0,0,84106.17,1,0.0,0.0,1.0,0.0
46.0,5,91897.8,1,1,0,54394.28,1,0.0,0.0,1.0,1.0
44.0,5,125584.17,2,1,1,41852.24,1,0.0,1.0,0.0,0.0
38.0,8,134887.53,1,1,1,10804.04,4,1.0,0.0,0.0,0.0
31.0,5,0.0,2,1,1,76326.67,4,0.0,0.0,1.0,1.0
42.0,10,0.0,2,0,1,73151.25,0,0.0,0.0,1.0,0.0
34.0,3,143292.95,1,1,0,66526.01,3,1.0,0.0,0.0,1.0
25.0,7,127728.24,2,1,1,105279.74,0,0.0,0.0,1.0,1.0
41.0,3,0.0,2,1,0,121098.65,0,1.0,0.0,0.0,1.0
20.0,8,204223.03,1,1,0,128268.39,0,0.0,0.0,1.0,1.0
46.0,3,0.0,1,1,1,156260.08,2,0.0,0.0,1.0,0.0
29.0,8,0.0,2,0,1,130461.09,2,1.0,0.0,0.0,0.0
52.0,9,0.0,1,1,0,175149.2,0,1.0,0.0,0.0,0.0
36.0,1,156948.41,1,1,1,149912.28,0,1.0,0.0,0.0,0.0
30.0,9,113672.18,2,0,0,102135.92,1,0.0,0.0,1.0,1.0
44.0,4,121898.82,1,0,0,131007.18,0,0.0,1.0,0.0,0.0
58.0,9,0.0,2,0,0,119071.56,4,0.0,0.0,1.0,0.0
25.0,3,100913.57,1,0,0,10579.72,4,0.0,0.0,1.0,1.0
24.0,10,0.0,3,1,0,154971.63,3,1.0,0.0,0.0,0.0
36.0,8,0.0,2,0,0,83206.19,3,0.0,0.0,1.0,0.0
49.0,1,0.0,2,0,1,162858.29,2,0.0,0.0,1.0,0.0
30.0,1,58668.02,1,1,1,78670.52,2,0.0,1.0,0.0,1.0
40.0,0,101016.53,1,0,1,7926.35,1,0.0,1.0,0.0,1.0
37.0,3,91184.01,1,1,0,105476.65,0,1.0,0.0,0.0,1.0
46.0,2,141726.88,1,1,1,58257.23,2,0.0,1.0,0.0,0.0
41.0,1,0.0,1,1,1,188274.6,1,1.0,0.0,0.0,1.0
38.0,2,0.0,2,0,0,3524.69,4,1.0,0.0,0.0,0.0
48.0,2,124442.38,1,1,0,15068.53,2,0.0,1.0,0.0,0.0
38.91621420206537,1,146781.24,1,1,0,189307.7,4,0.0,1.0,0.0,0.0
52.0,2,56580.93,1,1,0,113266.28,4,1.0,0.0,0.0,0.0
31.0,1,99557.94,1,1,0,199255.32,4,0.0,1.0,0.0,0.0
44.0,9,100524.69,1,1,1,47298.95,1,0.0,0.0,1.0,1.0
24.0,7,0.0,2,0,0,144660.42,1,0.0,0.0,1.0,1.0
38.91621420206537,7,124995.98,1,1,1,114669.79,0,0.0,0.0,1.0,1.0
35.0,6,133489.12,2,1,1,78101.29,1,1.0,0.0,0.0,0.0
43.0,6,113567.94,1,1,0,89543.25,0,0.0,0.0,1.0,1.0
24.0,4,0.0,1,0,1,94105.0,4,1.0,0.0,0.0,0.0
42.0,1,142703.4,1,1,0,86207.49,0,0.0,1.0,0.0,0.0
41.0,2,0.0,2,0,1,191215.61,4,1.0,0.0,0.0,1.0
33.0,9,0.0,2,1,1,142956.48,3,1.0,0.0,0.0,1.0
38.91621420206537,2,0.0,2,1,1,180142.42,0,1.0,0.0,0.0,0.0
37.0,7,120092.52,2,1,0,135925.72,4,0.0,1.0,0.0,1.0
31.0,10,110635.32,1,1,0,148218.86,1,1.0,0.0,0.0,0.0
45.0,5,133618.01,1,0,0,135244.87,1,0.0,0.0,1.0,1.0
42.0,1,159024.71,1,1,0,100982.93,0,1.0,0.0,0.0,1.0
28.0,7,167658.33,2,1,1,111138.25,4,0.0,1.0,0.0,1.0
38.91621420206537,3,0.0,2,1,0,92712.97,4,1.0,0.0,0.0,1.0
47.0,1,95994.98,1,1,0,197529.23,3,0.0,1.0,0.0,1.0
50.0,6,145295.31,2,1,1,27814.74,2,0.0,1.0,0.0,1.0
44.0,8,165326.2,1,1,1,57205.55,4,1.0,0.0,0.0,1.0
56.0,0,148507.24,1,1,0,46824.08,1,0.0,1.0,0.0,1.0
31.0,4,61297.05,2,1,1,7118.02,4,1.0,0.0,0.0,1.0
38.91621420206537,2,107868.14,2,1,1,146192.4,4,0.0,1.0,0.0,0.0
52.0,1,154733.97,1,1,0,80259.67,3,0.0,0.0,1.0,0.0
61.0,1,97361.66,1,1,1,149922.38,2,0.0,1.0,0.0,0.0
36.0,4,82696.09,2,0,0,83058.14,1,0.0,0.0,1.0,1.0
38.0,3,157658.36,1,0,0,19658.43,3,1.0,0.0,0.0,0.0
38.91621420206537,1,0.0,2,1,1,56562.57,2,1.0,0.0,0.0,1.0
38.0,5,0.0,2,1,1,1271.51,3,0.0,0.0,1.0,0.0
29.0,5,95167.55,1,1,1,152723.23,3,1.0,0.0,0.0,1.0
37.0,4,155187.3,1,1,0,48930.8,2,0.0,0.0,1.0,1.0
36.0,8,0.0,2,0,0,132547.02,0,1.0,0.0,0.0,1.0
38.91621420206537,2,0.0,4,0,1,179705.13,4,1.0,0.0,0.0,0.0
41.0,2,100062.39,1,0,0,126307.25,1,0.0,0.0,1.0,1.0
31.0,10,125837.86,2,1,0,189392.66,3,0.0,1.0,0.0,0.0
34.0,7,141525.55,1,0,0,9443.15,1,1.0,0.0,0.0,0.0
37.0,2,103769.22,2,1,0,194099.12,4,0.0,1.0,0.0,0.0
34.0,7,160515.37,1,1,0,121904.14,3,1.0,0.0,0.0,1.0
38.91621420206537,2,101891.1,1,1,1,183044.86,4,1.0,0.0,0.0,1.0
42.0,2,0.0,2,1,1,18657.77,1,1.0,0.0,0.0,1.0
35.0,9,122929.42,2,0,0,149822.04,4,0.0,0.0,1.0,1.0
56.0,10,0.0,3,0,1,62256.87,0,1.0,0.0,0.0,0.0
49.0,0,0.0,1,1,1,80496.71,2,1.0,0.0,0.0,0.0
39.0,4,111900.14,1,1,1,97577.17,0,0.0,0.0,1.0,1.0
42.0,8,91611.12,1,0,0,144675.3,1,0.0,0.0,1.0,0.0
35.0,1,129490.36,2,0,1,8590.83,1,0.0,0.0,1.0,0.0
44.0,8,122277.87,1,1,1,91810.71,2,1.0,0.0,0.0,1.0
38.0,4,98640.74,1,1,1,110457.99,1,1.0,0.0,0.0,0.0
36.0,4,0.0,2,0,0,13210.56,1,0.0,0.0,1.0,1.0
66.0,9,0.0,1,1,0,65535.56,0,1.0,0.0,0.0,0.0
42.0,2,100238.35,1,0,0,86797.41,0,1.0,0.0,0.0,1.0
36.0,0,0.0,2,1,0,111605.9,1,0.0,0.0,1.0,0.0
38.0,6,127678.8,2,0,0,45422.89,1,1.0,0.0,0.0,1.0
33.0,4,84607.34,2,0,1,60059.47,2,1.0,0.0,0.0,0.0
43.0,0,108508.82,3,1,0,184044.8,4,0.0,1.0,0.0,1.0
37.0,4,0.0,2,1,0,4459.5,1,0.0,0.0,1.0,1.0
44.0,8,161889.79,1,0,0,75562.47,3,1.0,0.0,0.0,1.0
38.0,1,0.0,1,1,0,134964.85,4,1.0,0.0,0.0,0.0
37.0,9,122506.38,1,0,1,199693.84,4,0.0,1.0,0.0,1.0
38.0,6,162888.73,1,1,0,91098.76,4,1.0,0.0,0.0,1.0
44.0,7,111833.47,1,1,0,67202.74,2,1.0,0.0,0.0,1.0
48.0,0,90044.32,2,0,1,187604.97,2,1.0,0.0,0.0,0.0
38.0,4,117633.28,1,0,1,88396.6,3,0.0,1.0,0.0,1.0
34.0,3,131283.11,1,0,0,130500.65,2,1.0,0.0,0.0,0.0
41.0,6,149049.92,1,0,1,50422.36,4,0.0,1.0,0.0,1.0
58.0,1,79954.61,2,1,1,30484.19,4,0.0,0.0,1.0,1.0
49.0,0,108806.96,3,1,0,61446.92,0,0.0,1.0,0.0,1.0
36.0,10,153610.61,1,1,1,54083.8,1,0.0,0.0,1.0,0.0
30.0,1,0.0,2,1,0,126812.85,0,1.0,0.0,0.0,1.0
35.0,5,0.0,2,1,0,186490.37,0,0.0,0.0,1.0,1.0
40.0,9,0.0,2,0,1,119232.33,4,1.0,0.0,0.0,1.0
46.0,6,0.0,1,1,1,93917.68,3,1.0,0.0,0.0,1.0
46.0,3,115248.11,4,1,0,130752.01,3,0.0,1.0,0.0,1.0
35.0,7,0.0,2,1,0,164241.67,0,1.0,0.0,0.0,0.0
37.0,0,151218.98,1,1,1,109309.29,4,0.0,1.0,0.0,0.0
38.91621420206537,6,120621.89,1,1,1,140803.7,3,0.0,1.0,0.0,0.0
64.0,9,113829.45,1,1,1,124341.49,0,1.0,0.0,0.0,1.0
36.0,5,0.0,2,1,0,79723.78,0,0.0,0.0,1.0,1.0
53.0,3,0.0,3,0,0,88479.02,3,0.0,0.0,1.0,0.0
43.0,2,115643.58,2,0,0,174606.35,1,0.0,0.0,1.0,1.0
38.0,1,104091.29,1,0,0,91561.91,4,1.0,0.0,0.0,0.0
21.0,10,161525.96,2,1,0,9262.77,0,1.0,0.0,0.0,0.0
40.0,9,107648.94,2,1,1,134638.97,4,0.0,1.0,0.0,0.0
26.0,5,101641.14,2,0,1,154460.68,4,1.0,0.0,0.0,0.0
33.0,6,127211.45,1,0,0,191961.83,4,0.0,1.0,0.0,0.0
46.0,4,124547.13,2,1,0,94499.06,0,1.0,0.0,0.0,1.0
59.0,10,185966.64,1,0,0,9445.42,1,1.0,0.0,0.0,1.0
42.0,3,65046.08,2,0,1,140139.28,4,0.0,1.0,0.0,0.0
40.0,7,144470.77,1,1,1,18917.95,0,0.0,0.0,1.0,0.0
41.0,7,0.0,2,0,0,134878.34,4,1.0,0.0,0.0,1.0
42.0,9,132657.55,1,1,0,35367.19,2,0.0,0.0,1.0,1.0
84.0,8,92242.34,1,1,1,186235.98,0,0.0,1.0,0.0,1.0
39.0,3,121778.71,1,1,1,138399.67,1,1.0,0.0,0.0,1.0
42.0,8,120822.86,2,1,0,126153.24,0,0.0,1.0,0.0,1.0
19.0,5,0.0,2,1,0,159920.92,1,0.0,0.0,1.0,1.0
30.0,2,87505.47,2,0,1,7278.57,2,1.0,0.0,0.0,1.0
37.0,4,111723.08,1,1,1,83478.12,4,1.0,0.0,0.0,0.0
36.0,1,114391.62,1,1,1,53412.54,2,0.0,1.0,0.0,0.0
51.0,4,0.0,3,1,1,66586.56,1,1.0,0.0,0.0,1.0
40.0,1,134760.21,2,0,0,174434.06,2,0.0,1.0,0.0,1.0
27.0,4,152309.37,1,1,0,104112.0,4,1.0,0.0,0.0,0.0
67.0,3,0.0,2,1,1,43486.73,1,1.0,0.0,0.0,0.0
61.0,2,117419.35,1,1,1,94153.83,0,1.0,0.0,0.0,0.0
80.0,3,0.0,1,1,1,65801.44,1,1.0,0.0,0.0,1.0
34.0,2,40105.51,2,0,1,53512.16,2,0.0,1.0,0.0,1.0
29.0,4,129938.07,1,0,1,190200.53,4,0.0,0.0,1.0,0.0
74.0,1,186445.31,2,1,1,196767.83,0,0.0,1.0,0.0,0.0
37.0,10,104255.03,1,1,0,86609.37,1,1.0,0.0,0.0,0.0
45.0,7,157332.26,1,1,0,125424.42,4,0.0,0.0,1.0,1.0
30.0,6,0.0,2,0,0,179206.92,3,1.0,0.0,0.0,0.0
44.0,4,131593.85,1,0,1,171345.02,2,0.0,1.0,0.0,0.0
43.0,4,176134.54,1,1,1,52856.88,4,1.0,0.0,0.0,1.0
31.0,4,61211.18,1,1,1,145250.43,1,0.0,1.0,0.0,0.0
40.0,6,97339.99,1,0,1,88815.25,4,1.0,0.0,0.0,1.0
41.0,1,131762.94,1,1,1,47675.29,2,1.0,0.0,0.0,1.0
40.0,5,0.0,2,1,1,146457.83,0,1.0,0.0,0.0,1.0
36.0,2,0.0,2,1,1,45570.84,4,0.0,0.0,1.0,1.0
38.0,7,0.0,2,1,1,6203.66,0,0.0,0.0,1.0,1.0
52.0,0,0.0,2,1,0,32159.46,1,1.0,0.0,0.0,0.0
46.0,7,131769.04,1,0,0,184980.23,1,0.0,1.0,0.0,0.0
36.0,4,98266.3,1,1,1,46416.36,1,0.0,0.0,1.0,0.0
27.0,2,0.0,2,1,1,20092.89,2,1.0,0.0,0.0,1.0
26.0,7,146266.0,1,1,0,21903.62,4,1.0,0.0,0.0,1.0
30.0,4,0.0,2,0,1,57461.13,4,0.0,0.0,1.0,1.0
35.0,7,81905.95,1,1,1,61623.19,1,1.0,0.0,0.0,0.0
44.0,5,143244.97,1,1,0,98661.27,0,1.0,0.0,0.0,0.0
26.0,9,89928.99,1,1,0,46203.31,3,1.0,0.0,0.0,0.0
29.0,2,87212.8,1,1,1,994.86,0,0.0,1.0,0.0,0.0
31.0,0,0.0,2,1,1,34475.14,2,1.0,0.0,0.0,1.0
55.0,5,97318.25,1,0,1,78416.14,0,1.0,0.0,0.0,1.0
51.0,7,147262.11,1,1,1,53630.9,1,0.0,1.0,0.0,0.0
68.0,3,110357.0,1,0,0,141977.54,3,0.0,1.0,0.0,0.0
42.0,9,150507.21,1,0,1,169964.12,3,1.0,0.0,0.0,1.0
32.0,0,106683.52,2,1,1,137916.49,3,0.0,1.0,0.0,1.0
22.0,5,0.0,2,1,1,117202.19,3,1.0,0.0,0.0,1.0
24.0,7,113034.22,1,1,0,162503.48,3,0.0,1.0,0.0,0.0
35.0,3,106250.72,1,0,0,39546.32,0,1.0,0.0,0.0,1.0
35.0,2,114321.28,2,0,0,15959.01,1,1.0,0.0,0.0,0.0
33.0,6,0.0,2,1,0,45261.47,0,0.0,0.0,1.0,0.0
38.0,2,114756.14,1,1,0,193214.05,0,1.0,0.0,0.0,1.0
31.0,2,113836.27,1,1,1,174815.54,4,0.0,0.0,1.0,1.0
46.0,4,129269.27,1,1,0,163504.33,1,0.0,1.0,0.0,1.0
34.0,6,58003.41,1,1,0,90346.1,4,0.0,1.0,0.0,0.0
35.0,8,0.0,2,1,1,187900.12,0,1.0,0.0,0.0,0.0
39.0,5,124586.93,1,1,0,93132.61,2,0.0,1.0,0.0,0.0
33.0,8,90791.69,1,1,1,59659.53,0,1.0,0.0,0.0,0.0
58.0,3,0.0,1,0,1,194930.3,3,1.0,0.0,0.0,1.0
28.0,7,0.0,2,1,0,151645.96,1,1.0,0.0,0.0,1.0
31.0,2,89558.39,2,1,1,4441.54,0,0.0,1.0,0.0,1.0
32.0,2,0.0,1,1,1,51972.92,2,0.0,0.0,1.0,0.0
41.0,2,84113.41,1,1,0,197548.63,4,0.0,1.0,0.0,0.0
40.0,0,0.0,2,1,0,62762.12,3,1.0,0.0,0.0,0.0
35.0,5,163856.76,1,1,1,15118.2,1,0.0,1.0,0.0,1.0
56.0,2,0.0,1,1,0,114522.68,2,1.0,0.0,0.0,1.0
50.0,1,0.0,4,1,0,88566.9,3,0.0,0.0,1.0,0.0
50.0,9,90305.76,1,1,1,124626.57,3,1.0,0.0,0.0,1.0
42.0,8,0.0,2,1,0,180800.42,3,0.0,0.0,1.0,1.0
41.0,6,0.0,2,0,0,167181.77,2,1.0,0.0,0.0,1.0
30.0,6,161378.02,1,0,0,71926.28,4,0.0,1.0,0.0,0.0
37.0,1,0.0,1,1,1,106040.97,2,0.0,0.0,1.0,1.0
40.0,3,0.0,1,1,1,32319.93,0,1.0,0.0,0.0,1.0
46.0,7,81742.84,2,1,0,83282.21,1,0.0,0.0,1.0,0.0
29.0,1,0.0,2,0,0,155639.76,0,1.0,0.0,0.0,1.0
40.0,8,104149.66,1,1,0,62027.9,3,0.0,1.0,0.0,1.0
39.0,3,0.0,2,1,0,1710.89,4,1.0,0.0,0.0,0.0
38.91621420206537,2,88120.97,2,1,1,21333.22,3,0.0,1.0,0.0,0.0
46.0,7,135369.71,1,0,1,140130.22,0,1.0,0.0,0.0,1.0
35.0,1,211774.31,1,1,0,188574.12,4,1.0,0.0,0.0,0.0
41.0,2,0.0,2,1,0,134272.57,1,0.0,0.0,1.0,1.0
37.0,7,0.0,2,1,1,55100.09,3,1.0,0.0,0.0,0.0
38.91621420206537,4,0.0,2,1,1,157549.6,1,1.0,0.0,0.0,0.0
31.0,4,91292.7,1,1,1,162149.07,4,0.0,0.0,1.0,0.0
60.0,3,0.0,2,1,1,70174.03,2,1.0,0.0,0.0,1.0
34.0,9,125474.44,1,1,0,198929.84,3,1.0,0.0,0.0,0.0
29.0,7,93617.07,1,0,1,113050.92,3,0.0,0.0,1.0,0.0
37.0,1,0.0,2,0,1,6035.51,3,1.0,0.0,0.0,1.0
35.0,6,0.0,2,0,1,178038.17,3,0.0,0.0,1.0,1.0
31.0,8,78398.69,1,1,0,44937.01,0,0.0,1.0,0.0,1.0
31.0,8,0.0,2,1,0,178667.7,4,1.0,0.0,0.0,1.0
38.0,5,105069.98,2,1,1,198355.28,3,1.0,0.0,0.0,1.0
31.0,2,154741.45,2,0,0,25183.01,2,0.0,1.0,0.0,1.0
57.0,6,0.0,2,0,1,194421.12,0,1.0,0.0,0.0,0.0
27.0,6,125552.96,1,1,0,105291.26,3,0.0,1.0,0.0,1.0
40.0,7,141267.67,1,0,1,177397.49,1,1.0,0.0,0.0,0.0
21.0,0,0.0,2,1,0,116106.52,1,1.0,0.0,0.0,0.0
36.0,8,142882.49,1,1,0,89983.02,4,1.0,0.0,0.0,1.0
37.0,3,0.0,1,1,1,179670.31,0,1.0,0.0,0.0,1.0
41.0,5,0.0,1,1,1,74267.35,0,1.0,0.0,0.0,1.0
31.0,6,157791.07,2,0,0,177994.81,3,0.0,1.0,0.0,1.0
23.0,2,94464.81,2,0,1,185900.88,3,1.0,0.0,0.0,0.0
25.0,6,120383.41,1,1,1,24903.09,1,1.0,0.0,0.0,1.0
36.0,0,126606.63,2,1,1,172363.52,0,0.0,1.0,0.0,0.0
31.0,1,119266.69,1,1,1,28257.63,2,1.0,0.0,0.0,1.0
29.0,8,0.0,2,1,0,46735.19,1,0.0,0.0,1.0,0.0
38.0,6,116980.78,2,0,1,76038.38,3,0.0,0.0,1.0,1.0
46.0,8,106171.68,1,1,0,163145.5,0,0.0,0.0,1.0,0.0
31.0,8,100375.39,1,1,1,90384.26,1,0.0,1.0,0.0,0.0
28.0,6,150329.15,1,1,0,145558.42,1,0.0,1.0,0.0,1.0
38.91621420206537,8,111537.23,4,1,1,9497.99,0,0.0,1.0,0.0,0.0
40.0,5,147650.68,1,1,1,199674.83,2,1.0,0.0,0.0,1.0
39.0,8,125997.22,1,1,1,128049.34,1,0.0,1.0,0.0,0.0
47.0,10,134381.52,1,0,0,26812.89,4,0.0,1.0,0.0,0.0
38.0,0,152582.2,2,0,0,31892.82,4,1.0,0.0,0.0,0.0
38.91621420206537,4,0.0,2,1,0,44904.26,2,1.0,0.0,0.0,0.0
54.0,4,0.0,1,0,1,55725.04,4,1.0,0.0,0.0,1.0
28.0,8,106425.75,1,1,1,20344.84,2,0.0,1.0,0.0,0.0
34.0,0,103108.17,1,0,0,125646.82,1,1.0,0.0,0.0,1.0
32.0,5,73494.21,1,0,0,136301.1,0,1.0,0.0,0.0,1.0
28.0,8,124695.72,2,1,0,145251.35,3,0.0,1.0,0.0,1.0
27.0,1,116320.68,1,0,1,45563.94,1,0.0,0.0,1.0,0.0
40.0,7,0.0,1,1,0,126996.67,2,1.0,0.0,0.0,0.0
55.0,4,91893.32,1,1,0,144870.28,0,0.0,0.0,1.0,0.0
41.0,8,130701.29,1,1,0,59354.24,3,0.0,1.0,0.0,0.0
39.0,5,0.0,2,1,0,96270.64,4,1.0,0.0,0.0,1.0
57.0,2,101134.87,2,1,1,70954.41,4,0.0,1.0,0.0,1.0
29.0,7,117199.8,1,1,1,43480.63,0,1.0,0.0,0.0,1.0
44.0,1,63562.02,2,0,1,52629.73,0,1.0,0.0,0.0,1.0
34.0,1,141796.43,1,1,0,45858.49,4,1.0,0.0,0.0,1.0
48.0,7,85915.52,1,1,1,23860.5,3,0.0,1.0,0.0,1.0
50.0,10,118098.62,1,1,1,100720.02,4,0.0,1.0,0.0,1.0
38.0,6,140752.06,2,0,1,171430.16,1,0.0,1.0,0.0,1.0
31.0,3,136067.82,2,1,0,65567.91,2,1.0,0.0,0.0,0.0
33.0,1,80107.83,2,0,1,82245.67,0,1.0,0.0,0.0,0.0
51.0,2,123783.25,1,1,1,134901.57,4,0.0,1.0,0.0,1.0
37.0,2,79731.91,1,1,1,57558.95,0,0.0,1.0,0.0,1.0
43.0,6,104533.24,1,0,0,81123.59,0,0.0,0.0,1.0,1.0
71.0,3,83116.68,1,1,1,27597.76,2,1.0,0.0,0.0,1.0
23.0,5,122739.1,1,1,0,102460.84,4,0.0,1.0,0.0,0.0
35.0,6,84026.86,1,0,1,164255.69,2,1.0,0.0,0.0,1.0
38.0,5,0.0,1,1,1,87363.56,1,1.0,0.0,0.0,0.0
37.0,2,89728.86,2,1,1,37294.88,2,0.0,1.0,0.0,1.0
34.0,10,0.0,2,1,0,79078.91,1,0.0,0.0,1.0,1.0
22.0,5,82559.42,2,0,0,163112.9,0,1.0,0.0,0.0,1.0
35.0,10,0.0,2,1,1,192751.18,0,1.0,0.0,0.0,1.0
24.0,2,120596.93,1,0,1,180490.53,3,0.0,1.0,0.0,1.0
38.91621420206537,1,57422.62,1,1,1,79189.4,3,0.0,1.0,0.0,1.0
43.0,9,0.0,2,1,0,152499.8,0,1.0,0.0,0.0,0.0
30.0,9,0.0,2,0,0,63158.22,0,1.0,0.0,0.0,0.0
46.0,2,0.0,2,1,1,66602.7,2,1.0,0.0,0.0,0.0
39.0,5,115730.71,3,1,1,185599.34,4,0.0,1.0,0.0,1.0
39.0,8,125211.55,2,1,0,144496.07,4,1.0,0.0,0.0,1.0
34.0,0,131244.65,2,1,0,183229.02,1,1.0,0.0,0.0,0.0
41.0,3,130931.83,1,1,1,144808.37,2,1.0,0.0,0.0,0.0
41.0,9,0.0,2,0,1,191599.67,2,0.0,0.0,1.0,1.0
20.0,8,180293.84,2,1,1,29552.7,1,0.0,1.0,0.0,1.0
34.0,0,0.0,1,1,1,167931.81,2,1.0,0.0,0.0,1.0
38.0,6,181804.34,2,1,1,57517.71,3,0.0,1.0,0.0,1.0
30.0,2,111093.01,1,1,0,68985.99,3,0.0,0.0,1.0,1.0
37.0,3,116880.53,1,0,0,172718.35,3,0.0,1.0,0.0,1.0
29.0,10,0.0,2,1,0,12186.83,0,1.0,0.0,0.0,1.0
44.0,5,89188.83,1,1,1,75408.24,0,1.0,0.0,0.0,0.0
36.0,10,0.0,2,1,0,136349.55,2,1.0,0.0,0.0,1.0
38.0,4,125212.65,2,1,1,15795.88,4,0.0,1.0,0.0,0.0
22.0,7,144954.75,2,1,0,102246.0,1,0.0,1.0,0.0,1.0
28.0,9,0.0,2,1,0,95957.09,0,1.0,0.0,0.0,0.0
60.0,8,69365.25,1,1,1,10288.24,2,1.0,0.0,0.0,0.0
34.0,2,0.0,2,1,0,61251.25,4,0.0,0.0,1.0,0.0
38.91621420206537,1,0.0,1,1,0,29818.2,1,1.0,0.0,0.0,1.0
34.0,4,90307.62,1,1,1,159235.29,0,1.0,0.0,0.0,0.0
28.0,7,0.0,2,1,0,7797.01,0,1.0,0.0,0.0,1.0
31.0,3,155047.56,2,1,1,186064.34,4,1.0,0.0,0.0,1.0
27.0,4,87262.4,2,1,0,182720.07,1,1.0,0.0,0.0,0.0
34.0,1,0.0,1,0,1,86330.32,4,1.0,0.0,0.0,1.0
75.0,2,0.0,1,1,0,123304.62,0,1.0,0.0,0.0,0.0
57.0,4,0.0,2,1,0,136649.8,3,0.0,0.0,1.0,0.0
47.0,0,0.0,1,1,1,133831.37,1,1.0,0.0,0.0,1.0
51.0,10,167273.71,1,0,0,93439.75,1,0.0,1.0,0.0,0.0
56.0,8,156974.26,1,1,0,89405.26,2,1.0,0.0,0.0,0.0
46.0,10,107238.85,2,1,0,37024.28,1,1.0,0.0,0.0,0.0
39.0,2,0.0,2,1,0,100403.05,1,1.0,0.0,0.0,1.0
35.0,3,162442.35,1,1,0,183566.78,4,1.0,0.0,0.0,1.0
38.91621420206537,7,102874.28,1,0,0,117841.06,3,1.0,0.0,0.0,1.0
37.0,3,129965.18,1,0,0,19374.08,0,0.0,1.0,0.0,1.0
44.0,2,0.0,2,0,0,45738.94,3,0.0,0.0,1.0,0.0
35.0,3,0.0,2,1,1,19515.48,2,0.0,0.0,1.0,1.0
38.91621420206537,6,0.0,2,0,1,15876.52,2,0.0,0.0,1.0,1.0
36.0,6,0.0,1,1,0,70496.66,4,1.0,0.0,0.0,0.0
21.0,1,0.0,2,0,0,103901.35,0,0.0,0.0,1.0,1.0
41.0,5,80542.81,1,0,0,88729.22,0,0.0,1.0,0.0,1.0
39.0,0,0.0,2,0,0,81901.6,3,0.0,0.0,1.0,0.0
39.0,8,102945.01,1,0,0,52861.89,1,0.0,1.0,0.0,1.0
66.0,5,149950.19,1,1,1,76267.59,1,1.0,0.0,0.0,0.0
37.0,1,166115.42,1,1,0,67208.3,4,1.0,0.0,0.0,1.0
33.0,5,0.0,1,0,1,41139.05,1,1.0,0.0,0.0,1.0
50.0,5,0.0,2,1,0,191756.54,1,1.0,0.0,0.0,0.0
35.0,7,0.0,1,1,0,133570.43,3,0.0,0.0,1.0,0.0
33.0,1,65667.79,2,0,0,164608.98,1,1.0,0.0,0.0,0.0
20.0,4,0.0,2,1,1,140385.33,3,1.0,0.0,0.0,0.0
38.91621420206537,4,135096.05,1,1,1,186523.72,2,0.0,1.0,0.0,1.0
42.0,5,41473.33,1,1,0,112979.6,2,0.0,0.0,1.0,1.0
36.0,1,118311.76,1,1,0,146134.68,1,1.0,0.0,0.0,1.0
46.0,6,0.0,2,1,1,83456.67,0,1.0,0.0,0.0,1.0
53.0,0,123835.52,2,0,1,160110.65,2,1.0,0.0,0.0,0.0
28.0,0,0.0,2,1,0,119419.37,2,0.0,0.0,1.0,1.0
35.0,4,0.0,2,1,1,106303.4,4,1.0,0.0,0.0,1.0
31.0,2,52192.08,2,0,1,160383.47,3,1.0,0.0,0.0,0.0
32.0,6,166824.59,1,1,0,139451.98,0,0.0,1.0,0.0,1.0
62.0,10,119096.55,1,0,1,116977.89,4,1.0,0.0,0.0,1.0
46.0,3,106511.85,1,1,0,55072.32,0,1.0,0.0,0.0,0.0
54.0,5,92316.31,2,1,0,158590.66,1,0.0,0.0,1.0,0.0
36.0,8,145071.24,1,0,0,6078.46,4,0.0,1.0,0.0,1.0
37.0,9,0.0,1,1,0,111312.96,1,1.0,0.0,0.0,1.0
39.0,3,0.0,1,1,0,188187.05,4,1.0,0.0,0.0,1.0
31.0,4,144637.86,2,1,0,40496.72,4,0.0,0.0,1.0,0.0
38.0,1,104016.88,1,0,0,22068.83,2,1.0,0.0,0.0,0.0
39.0,4,160652.45,2,1,0,57643.55,3,1.0,0.0,0.0,1.0
36.0,9,0.0,2,1,1,40062.29,2,1.0,0.0,0.0,1.0
52.0,9,111973.97,1,1,1,162756.29,1,0.0,1.0,0.0,0.0
31.0,5,132084.66,3,1,1,54474.48,3,1.0,0.0,0.0,1.0
42.0,9,222267.63,1,0,0,101108.85,4,0.0,0.0,1.0,1.0
38.0,0,0.0,1,1,0,83263.06,4,1.0,0.0,0.0,1.0
32.0,9,100249.41,2,0,1,67599.69,3,1.0,0.0,0.0,1.0
47.0,1,0.0,2,1,1,145593.85,2,1.0,0.0,0.0,1.0
24.0,5,0.0,2,1,0,27513.47,0,1.0,0.0,0.0,1.0
32.0,0,91956.49,1,1,1,59961.81,3,1.0,0.0,0.0,1.0
44.0,3,86102.27,1,1,0,180134.88,3,1.0,0.0,0.0,1.0
44.0,8,0.0,1,1,0,16989.77,0,0.0,0.0,1.0,1.0
29.0,2,0.0,2,1,0,39925.52,3,1.0,0.0,0.0,1.0
38.0,0,0.0,2,1,0,165196.65,1,1.0,0.0,0.0,0.0
52.0,10,107304.39,3,1,0,28806.32,3,0.0,1.0,0.0,1.0
37.0,3,116509.99,1,1,1,149517.71,2,0.0,1.0,0.0,1.0
35.0,2,167455.66,2,1,1,55324.49,3,0.0,0.0,1.0,1.0
41.0,2,93925.3,1,1,0,123982.14,2,0.0,1.0,0.0,1.0
52.0,6,71283.09,2,0,1,38984.37,3,0.0,1.0,0.0,0.0
35.0,1,118894.22,1,0,0,2923.61,0,1.0,0.0,0.0,1.0
36.0,3,121542.57,2,1,1,186841.71,2,0.0,0.0,1.0,0.0
46.0,6,118022.06,3,1,0,162643.15,4,1.0,0.0,0.0,1.0
34.0,10,153360.02,1,1,0,140509.86,2,0.0,0.0,1.0,1.0
50.0,1,102645.48,1,1,0,168359.98,2,0.0,1.0,0.0,1.0
44.0,8,0.0,3,1,0,66926.83,4,0.0,0.0,1.0,0.0
38.91621420206537,9,122330.7,2,0,1,124429.19,4,0.0,0.0,1.0,1.0
29.0,1,0.0,2,1,1,164484.78,4,1.0,0.0,0.0,1.0
44.0,10,118577.24,1,1,1,31448.52,1,1.0,0.0,0.0,1.0
33.0,3,124213.36,2,1,0,62627.55,0,0.0,1.0,0.0,1.0
35.0,9,119948.09,1,1,0,48217.97,4,0.0,1.0,0.0,0.0
26.0,6,0.0,2,1,1,32909.13,3,1.0,0.0,0.0,0.0
33.0,1,96834.78,1,1,0,108764.69,2,1.0,0.0,0.0,0.0
32.0,6,111871.93,1,0,0,112132.86,0,1.0,0.0,0.0,0.0
38.91621420206537,5,107000.49,1,1,1,153419.62,0,1.0,0.0,0.0,1.0
54.0,7,118241.02,1,1,0,172586.89,2,0.0,0.0,1.0,0.0
41.0,3,0.0,1,0,0,11819.84,1,0.0,0.0,1.0,1.0
38.0,10,132271.12,2,1,1,46562.02,0,0.0,1.0,0.0,1.0
35.0,2,104832.49,1,1,0,175015.12,2,0.0,0.0,1.0,1.0
33.0,0,129142.54,2,1,1,26606.28,4,0.0,1.0,0.0,0.0
31.0,9,102289.85,1,1,1,115441.66,3,0.0,0.0,1.0,0.0
40.0,5,0.0,2,1,1,175043.69,4,0.0,0.0,1.0,1.0
29.0,4,151012.55,2,1,0,9770.97,0,0.0,0.0,1.0,1.0
28.0,8,53053.76,1,0,1,24577.34,0,0.0,1.0,0.0,1.0
26.0,2,144258.52,1,1,0,49778.79,0,1.0,0.0,0.0,0.0
40.0,6,89175.06,2,0,1,152883.95,3,0.0,1.0,0.0,0.0
46.0,6,88820.29,1,0,0,70224.34,1,1.0,0.0,0.0,0.0
26.0,6,130428.78,1,1,0,173365.89,4,1.0,0.0,0.0,1.0
21.0,4,0.0,1,1,1,36942.35,0,1.0,0.0,0.0,1.0
75.0,10,0.0,2,1,1,114675.75,2,0.0,0.0,1.0,0.0
44.0,6,0.0,2,0,1,104930.46,1,1.0,0.0,0.0,1.0
29.0,8,127864.26,1,1,1,46677.9,0,0.0,0.0,1.0,1.0
43.0,6,113882.31,1,1,1,74564.41,4,1.0,0.0,0.0,1.0
44.0,2,122314.5,1,0,0,68574.88,2,0.0,1.0,0.0,0.0
42.0,0,101979.16,1,1,0,90928.48,4,0.0,1.0,0.0,0.0
38.91621420206537,9,183744.98,1,1,1,196993.69,4,0.0,0.0,1.0,0.0
46.0,8,155681.72,1,1,0,26287.21,3,0.0,0.0,1.0,0.0
32.0,1,0.0,2,1,0,126188.42,3,1.0,0.0,0.0,0.0
30.0,3,98415.37,1,1,1,110520.48,3,1.0,0.0,0.0,1.0
63.0,3,81245.79,1,1,0,69643.31,3,0.0,1.0,0.0,0.0
34.0,10,104498.79,1,0,1,126451.14,0,1.0,0.0,0.0,1.0
33.0,4,51690.89,1,1,0,111622.76,1,0.0,0.0,1.0,1.0
36.0,6,92340.69,2,1,1,174667.58,1,0.0,1.0,0.0,1.0
35.0,10,0.0,1,1,1,23598.23,1,1.0,0.0,0.0,1.0
58.0,6,89685.92,1,0,1,126471.13,3,1.0,0.0,0.0,1.0
41.0,5,0.0,1,1,1,65657.29,2,1.0,0.0,0.0,1.0
55.0,3,0.0,1,1,1,40333.94,0,0.0,0.0,1.0,1.0
47.0,7,107363.29,1,1,1,66799.28,1,0.0,1.0,0.0,1.0
34.0,7,0.0,2,1,0,62030.06,0,0.0,0.0,1.0,1.0
47.0,2,139914.27,1,1,1,50390.98,0,1.0,0.0,0.0,0.0
38.0,1,0.0,2,1,0,51553.43,4,0.0,0.0,1.0,1.0
52.0,0,133723.43,1,0,0,4859.59,1,0.0,1.0,0.0,0.0
49.0,10,0.0,2,0,0,41623.59,1,0.0,0.0,1.0,1.0
36.0,7,206329.65,1,1,1,46632.87,0,1.0,0.0,0.0,0.0
39.0,6,0.0,2,1,0,103921.43,4,0.0,0.0,1.0,0.0
54.0,1,123699.28,2,0,1,105221.76,3,0.0,1.0,0.0,0.0
38.0,8,0.0,2,0,0,91763.67,1,1.0,0.0,0.0,1.0
37.0,2,0.0,2,1,1,54229.74,2,1.0,0.0,0.0,1.0
48.0,1,143279.58,2,1,0,31580.8,1,0.0,1.0,0.0,0.0
27.0,3,0.0,2,1,1,76889.79,2,1.0,0.0,0.0,0.0
25.0,7,0.0,2,1,1,157878.67,0,1.0,0.0,0.0,1.0
36.0,4,0.0,1,1,1,197015.2,0,1.0,0.0,0.0,1.0
31.0,10,75499.24,1,1,0,22184.14,4,1.0,0.0,0.0,0.0
49.0,5,97036.22,2,1,0,152450.84,3,0.0,1.0,0.0,1.0
57.0,8,126776.3,2,1,1,132298.49,4,0.0,0.0,1.0,0.0
38.0,4,175739.36,1,1,1,193130.55,1,1.0,0.0,0.0,0.0
45.0,1,153697.53,2,0,0,89891.4,0,1.0,0.0,0.0,0.0
22.0,6,186788.96,2,1,0,73286.8,0,1.0,0.0,0.0,0.0
33.0,6,66220.17,1,0,1,170819.01,1,0.0,0.0,1.0,1.0
48.0,9,0.0,2,1,1,72105.63,3,1.0,0.0,0.0,1.0
32.0,9,146605.27,1,1,1,77119.45,3,1.0,0.0,0.0,1.0
33.0,4,0.0,2,1,1,74945.11,3,1.0,0.0,0.0,1.0
27.0,6,111348.15,1,1,0,46422.46,4,0.0,1.0,0.0,1.0
34.0,5,127758.09,1,1,0,143357.03,4,0.0,1.0,0.0,0.0
28.0,0,142705.95,1,1,0,127233.39,1,1.0,0.0,0.0,0.0
51.0,5,97565.74,1,0,0,144184.06,4,1.0,0.0,0.0,1.0
42.0,10,0.0,2,0,0,169921.11,1,1.0,0.0,0.0,0.0
46.0,5,140355.6,1,1,1,85086.78,0,0.0,0.0,1.0,0.0
48.0,1,92072.68,1,1,1,133992.36,3,0.0,1.0,0.0,0.0
34.0,4,0.0,2,1,0,141582.66,4,1.0,0.0,0.0,1.0
44.0,2,122806.95,1,0,0,15120.86,2,1.0,0.0,0.0,1.0
36.0,6,85768.42,1,1,1,24802.77,1,0.0,0.0,1.0,1.0
29.0,6,131354.39,1,0,1,9324.31,2,0.0,1.0,0.0,1.0
38.0,7,0.0,2,1,1,133122.62,1,1.0,0.0,0.0,0.0
38.0,4,81550.94,2,0,1,118974.77,2,1.0,0.0,0.0,0.0
32.0,5,106290.64,1,1,0,121982.73,4,1.0,0.0,0.0,0.0
44.0,9,0.0,1,1,0,138328.24,1,1.0,0.0,0.0,1.0
38.91621420206537,8,0.0,2,1,1,101485.72,0,1.0,0.0,0.0,1.0
38.0,7,0.0,2,0,0,45779.9,3,1.0,0.0,0.0,0.0
31.0,9,0.0,2,1,1,106117.3,3,1.0,0.0,0.0,1.0
30.0,9,88594.14,1,1,0,196332.45,1,1.0,0.0,0.0,0.0
24.0,4,0.0,2,0,0,180329.83,2,1.0,0.0,0.0,1.0
33.0,6,131698.57,2,1,0,151623.91,0,1.0,0.0,0.0,0.0
30.0,8,127406.5,1,1,0,192950.6,1,0.0,1.0,0.0,1.0
27.0,1,77805.66,1,1,1,2101.89,0,1.0,0.0,0.0,1.0
26.0,8,149989.39,1,1,0,42330.58,1,1.0,0.0,0.0,0.0
70.0,9,110738.89,1,1,0,22666.77,4,1.0,0.0,0.0,0.0
38.0,10,0.0,2,0,0,53311.78,3,1.0,0.0,0.0,1.0
33.0,9,0.0,2,1,0,64804.59,2,1.0,0.0,0.0,1.0
40.0,0,81954.6,1,1,1,198798.44,2,0.0,1.0,0.0,0.0
40.0,2,125879.29,1,1,0,93203.43,1,1.0,0.0,0.0,0.0
33.0,6,135703.59,2,0,0,74850.84,1,1.0,0.0,0.0,0.0
21.0,1,0.0,2,1,0,84008.66,2,1.0,0.0,0.0,0.0
30.0,6,131286.46,1,1,0,194144.45,0,1.0,0.0,0.0,0.0
35.0,10,74988.59,2,0,1,190155.13,0,1.0,0.0,0.0,0.0
29.0,8,0.0,2,0,0,78616.92,3,0.0,0.0,1.0,0.0
44.0,7,84386.57,1,1,0,178642.73,0,0.0,1.0,0.0,1.0
44.0,8,95488.82,2,0,0,107013.59,4,0.0,1.0,0.0,1.0
46.0,6,12459.19,1,0,0,156787.34,2,0.0,0.0,1.0,0.0
45.0,7,120961.5,3,1,1,39288.11,0,0.0,1.0,0.0,1.0
33.0,0,64900.32,2,1,0,102426.12,1,1.0,0.0,0.0,0.0
26.0,4,120727.97,1,0,1,149073.88,3,0.0,1.0,0.0,1.0
38.0,5,0.0,2,0,0,105295.77,1,1.0,0.0,0.0,1.0
36.0,2,175509.8,2,1,0,152039.67,3,0.0,0.0,1.0,0.0
63.0,3,139529.93,2,1,1,175696.16,1,0.0,0.0,1.0,0.0
53.0,8,114233.18,1,1,1,51587.04,4,1.0,0.0,0.0,0.0
49.0,2,0.0,1,1,0,114539.67,0,0.0,0.0,1.0,1.0
37.0,6,0.0,1,1,1,187758.5,1,1.0,0.0,0.0,1.0
29.0,3,60280.62,1,1,0,154271.41,0,0.0,0.0,1.0,1.0
42.0,6,0.0,2,1,0,162697.93,2,1.0,0.0,0.0,1.0
47.0,7,106854.21,1,0,1,157959.02,2,0.0,1.0,0.0,1.0
43.0,4,97392.18,2,1,0,43956.83,3,0.0,0.0,1.0,1.0
36.0,7,136492.92,3,1,1,26500.29,4,1.0,0.0,0.0,1.0
29.0,1,97541.24,1,1,1,196356.17,1,0.0,0.0,1.0,1.0
33.0,5,0.0,2,1,0,122949.71,2,1.0,0.0,0.0,0.0
28.0,2,70233.74,2,1,1,179252.73,4,0.0,1.0,0.0,1.0
58.0,3,127539.3,1,1,1,96590.39,4,0.0,1.0,0.0,0.0
30.0,4,0.0,3,1,0,101371.05,2,0.0,0.0,1.0,1.0
26.0,5,0.0,1,1,0,20510.79,4,1.0,0.0,0.0,1.0
55.0,9,117294.12,4,1,0,94187.47,4,0.0,0.0,1.0,0.0
74.0,5,108891.7,1,1,0,10078.02,2,0.0,1.0,0.0,1.0
65.0,6,38340.02,1,1,0,32607.77,2,1.0,0.0,0.0,1.0
25.0,3,0.0,2,0,1,124508.29,1,1.0,0.0,0.0,1.0
33.0,10,135120.72,1,0,0,195204.99,4,1.0,0.0,0.0,0.0
37.0,2,145610.07,2,0,0,186300.59,2,0.0,1.0,0.0,1.0
32.0,9,85534.83,1,0,0,169137.24,1,0.0,0.0,1.0,1.0
35.0,7,129717.3,2,0,0,86937.2,0,1.0,0.0,0.0,1.0
38.91621420206537,6,102025.08,2,1,0,12351.01,0,1.0,0.0,0.0,1.0
34.0,1,0.0,1,1,1,64804.04,4,1.0,0.0,0.0,1.0
37.0,9,0.0,2,1,0,68008.85,4,0.0,0.0,1.0,0.0
36.0,6,0.0,2,1,1,59816.41,4,0.0,0.0,1.0,0.0
39.0,6,111169.91,1,0,0,9641.4,1,1.0,0.0,0.0,1.0
62.0,7,125163.62,2,1,1,151411.5,1,1.0,0.0,0.0,0.0
43.0,7,115371.94,2,1,0,64139.1,3,0.0,1.0,0.0,1.0
46.0,7,0.0,2,1,0,130590.35,0,1.0,0.0,0.0,0.0
53.0,2,94078.97,2,1,0,36980.54,4,0.0,1.0,0.0,1.0
37.0,0,64345.21,1,0,1,61759.33,1,0.0,0.0,1.0,0.0
35.0,5,136526.26,2,1,0,59653.03,2,0.0,0.0,1.0,0.0
43.0,2,0.0,2,1,1,132908.07,4,1.0,0.0,0.0,1.0
37.0,8,154712.58,2,1,0,89099.18,1,0.0,0.0,1.0,1.0
37.0,1,101438.0,1,0,0,51364.56,0,0.0,1.0,0.0,1.0
38.91621420206537,3,0.0,2,0,0,55816.2,3,1.0,0.0,0.0,1.0
38.0,9,0.0,2,1,0,88225.02,4,0.0,0.0,1.0,1.0
47.0,9,152076.93,1,1,0,121840.2,2,0.0,1.0,0.0,1.0
40.0,6,0.0,2,1,1,111893.09,3,1.0,0.0,0.0,1.0
38.0,7,0.0,2,1,0,150580.88,0,0.0,0.0,1.0,1.0
41.0,2,126619.27,1,1,0,198224.38,4,1.0,0.0,0.0,0.0
42.0,10,0.0,2,1,1,152944.39,3,1.0,0.0,0.0,0.0
37.0,4,0.0,2,1,1,142415.97,2,1.0,0.0,0.0,1.0
27.0,1,85225.21,1,0,1,64511.44,2,1.0,0.0,0.0,0.0
35.0,4,123761.68,1,1,0,83910.4,2,1.0,0.0,0.0,1.0
39.0,10,46323.57,1,1,0,136812.02,2,1.0,0.0,0.0,1.0
29.0,9,61710.44,2,1,0,128077.8,1,0.0,0.0,1.0,1.0
54.0,3,0.0,1,1,0,108409.17,0,1.0,0.0,0.0,1.0
39.0,5,135134.99,1,1,0,173683.0,2,0.0,1.0,0.0,0.0
44.0,8,158697.61,1,1,0,107181.22,3,1.0,0.0,0.0,1.0
31.0,1,0.0,2,0,1,130446.65,3,1.0,0.0,0.0,0.0
39.0,7,155062.8,1,1,1,16460.77,4,1.0,0.0,0.0,0.0
29.0,4,0.0,2,0,0,156153.27,1,1.0,0.0,0.0,1.0
28.0,8,0.0,2,1,1,91055.27,2,1.0,0.0,0.0,1.0
23.0,2,0.0,2,0,1,66795.78,3,1.0,0.0,0.0,1.0
38.91621420206537,4,91562.99,1,1,1,123954.15,2,1.0,0.0,0.0,1.0
36.0,2,0.0,1,1,0,195192.4,3,0.0,0.0,1.0,1.0
33.0,1,188285.68,1,0,0,58363.94,0,1.0,0.0,0.0,0.0
30.0,1,0.0,2,1,0,199464.08,1,1.0,0.0,0.0,1.0
34.0,0,140641.26,2,1,1,77271.91,3,0.0,1.0,0.0,1.0
62.0,1,124678.35,1,1,0,70916.0,4,1.0,0.0,0.0,0.0
43.0,5,78992.75,2,0,0,153265.31,2,0.0,1.0,0.0,1.0
32.0,6,71187.24,1,1,1,110593.62,0,1.0,0.0,0.0,0.0
43.0,5,0.0,1,1,1,47578.45,1,1.0,0.0,0.0,0.0
27.0,5,125167.74,1,1,0,199104.52,1,1.0,0.0,0.0,0.0
29.0,3,0.0,2,1,0,146090.38,0,1.0,0.0,0.0,1.0
32.0,8,144581.96,1,1,1,87609.5,2,1.0,0.0,0.0,0.0
41.0,5,82161.7,2,1,0,187776.49,0,0.0,1.0,0.0,0.0
43.0,7,79974.55,1,1,1,103108.33,3,0.0,1.0,0.0,0.0
29.0,6,180520.29,1,1,1,123850.58,2,0.0,1.0,0.0,0.0
56.0,10,100260.88,3,1,1,77142.42,4,0.0,1.0,0.0,1.0
31.0,3,51293.47,1,0,0,35534.68,4,0.0,1.0,0.0,0.0
41.0,9,110112.54,2,0,0,81898.81,0,0.0,1.0,0.0,1.0
58.0,3,0.0,3,1,1,80344.96,4,1.0,0.0,0.0,1.0
39.0,6,130565.02,1,1,0,9854.72,0,0.0,1.0,0.0,0.0
30.0,5,0.0,2,0,1,78700.03,3,0.0,0.0,1.0,0.0
39.0,10,132287.92,3,1,1,51467.92,1,0.0,1.0,0.0,1.0
43.0,2,160416.56,1,0,1,37266.43,3,1.0,0.0,0.0,0.0
51.0,3,83739.32,1,0,1,148798.45,1,0.0,0.0,1.0,1.0
30.0,8,110829.52,2,0,0,24938.84,3,1.0,0.0,0.0,1.0
45.0,2,0.0,2,0,1,170621.55,0,1.0,0.0,0.0,0.0
43.0,2,39043.29,2,1,1,175423.69,3,0.0,1.0,0.0,1.0
29.0,5,0.0,1,1,1,94823.95,0,1.0,0.0,0.0,1.0
39.0,6,0.0,2,0,0,83419.15,2,1.0,0.0,0.0,0.0
27.0,8,0.0,1,1,0,171922.72,4,1.0,0.0,0.0,1.0
39.0,2,0.0,2,1,0,197923.05,0,1.0,0.0,0.0,1.0
41.0,7,126683.8,1,0,1,114775.53,0,0.0,0.0,1.0,1.0
27.0,6,0.0,2,0,1,49775.58,0,1.0,0.0,0.0,0.0
31.0,1,132512.26,1,1,1,185466.85,3,1.0,0.0,0.0,1.0
56.0,7,0.0,2,1,1,42442.21,1,0.0,0.0,1.0,0.0
53.0,8,0.0,1,1,1,51711.57,0,0.0,0.0,1.0,1.0
40.0,9,118129.87,1,1,1,160277.65,3,1.0,0.0,0.0,1.0
33.0,6,125789.69,1,0,0,66333.56,0,1.0,0.0,0.0,1.0
29.0,10,0.0,2,1,1,111285.85,1,1.0,0.0,0.0,0.0
64.0,2,69311.16,1,1,1,59237.72,4,1.0,0.0,0.0,0.0
40.0,0,0.0,2,1,0,35795.85,2,1.0,0.0,0.0,0.0
29.0,4,0.0,2,1,0,164806.89,0,1.0,0.0,0.0,0.0
43.0,6,0.0,2,1,0,65731.53,3,1.0,0.0,0.0,0.0
38.91621420206537,7,126608.37,1,0,1,645.61,1,0.0,1.0,0.0,1.0
43.0,2,0.0,2,1,0,20670.1,1,0.0,0.0,1.0,0.0
28.0,8,95059.02,2,1,0,44420.18,3,1.0,0.0,0.0,0.0
41.0,3,145754.91,1,1,1,101455.07,3,1.0,0.0,0.0,0.0
30.0,10,191091.74,2,1,1,96170.38,4,1.0,0.0,0.0,0.0
22.0,8,123374.46,1,1,1,124906.59,0,1.0,0.0,0.0,1.0
39.0,5,163097.55,2,1,1,23702.42,3,0.0,0.0,1.0,0.0
36.0,9,127157.04,1,1,1,155700.15,4,1.0,0.0,0.0,1.0
32.0,4,84421.62,1,0,1,52314.71,3,0.0,1.0,0.0,1.0
30.0,3,115007.08,1,0,0,176858.5,1,1.0,0.0,0.0,1.0
44.0,9,0.0,2,1,0,26257.01,0,1.0,0.0,0.0,1.0
34.0,9,162691.16,2,1,0,94912.78,3,0.0,1.0,0.0,1.0
35.0,5,0.0,2,1,1,187288.5,0,0.0,0.0,1.0,1.0
44.0,5,102016.38,1,0,1,178235.37,1,1.0,0.0,0.0,1.0
39.0,2,132906.88,1,0,1,149384.43,0,0.0,1.0,0.0,1.0
28.0,8,0.0,2,1,1,64286.39,3,1.0,0.0,0.0,1.0
38.91621420206537,9,103324.78,1,1,1,46127.7,0,1.0,0.0,0.0,1.0
30.0,4,66190.33,1,1,1,115186.97,3,1.0,0.0,0.0,1.0
38.0,5,151532.4,1,1,1,46555.15,4,1.0,0.0,0.0,1.0
30.0,6,0.0,1,0,0,122604.44,4,1.0,0.0,0.0,0.0
31.0,5,102088.68,4,0,0,187866.21,1,0.0,1.0,0.0,0.0
34.0,3,0.0,2,1,0,27244.35,4,0.0,0.0,1.0,1.0
40.0,4,0.0,2,1,0,124615.59,4,1.0,0.0,0.0,1.0
46.0,5,141788.63,2,0,0,164967.21,4,0.0,1.0,0.0,0.0
26.0,1,131908.35,1,1,1,179269.79,2,0.0,1.0,0.0,0.0
49.0,8,0.0,2,0,1,98090.69,3,0.0,0.0,1.0,0.0
26.0,7,0.0,2,1,0,1540.89,3,1.0,0.0,0.0,1.0
63.0,7,123204.88,1,1,1,100538.8,3,0.0,1.0,0.0,1.0
25.0,8,0.0,2,1,1,135112.09,2,0.0,0.0,1.0,1.0
37.0,7,0.0,2,1,0,32262.28,1,0.0,0.0,1.0,0.0
47.0,8,139196.0,1,0,1,74028.36,4,0.0,0.0,1.0,1.0
38.0,1,121405.04,1,1,1,154844.22,1,1.0,0.0,0.0,1.0
30.0,0,0.0,2,1,0,160979.66,0,1.0,0.0,0.0,1.0
38.91621420206537,9,138341.51,1,1,0,50072.94,4,0.0,1.0,0.0,0.0
34.0,4,0.0,2,1,0,170950.58,1,0.0,0.0,1.0,1.0
60.0,1,140614.15,1,0,1,174381.23,0,1.0,0.0,0.0,1.0
57.0,4,0.0,1,0,0,85876.67,4,1.0,0.0,0.0,0.0
30.0,7,132174.41,2,0,0,93767.03,1,0.0,1.0,0.0,1.0
37.0,10,68598.56,1,1,0,157862.82,3,1.0,0.0,0.0,0.0
70.0,3,0.0,2,1,1,141180.66,3,0.0,0.0,1.0,1.0
39.0,8,112889.91,1,0,1,6723.66,3,0.0,1.0,0.0,0.0
38.0,6,127043.09,1,1,1,8247.0,2,1.0,0.0,0.0,0.0
29.0,7,127504.57,1,0,0,86173.92,0,1.0,0.0,0.0,1.0
33.0,4,152805.05,1,1,0,63239.65,1,1.0,0.0,0.0,0.0
39.0,0,0.0,2,1,0,94977.3,0,0.0,0.0,1.0,0.0
27.0,4,118627.16,2,1,1,160835.3,2,0.0,1.0,0.0,1.0
28.0,4,65643.3,1,1,0,28760.99,3,0.0,1.0,0.0,1.0
35.0,7,0.0,2,1,1,78436.36,2,0.0,0.0,1.0,1.0
52.0,2,87894.26,1,1,0,173899.42,0,1.0,0.0,0.0,1.0
56.0,3,0.0,3,1,1,94248.16,4,1.0,0.0,0.0,0.0
28.0,4,172646.82,1,1,1,116471.43,3,1.0,0.0,0.0,1.0
32.0,3,124493.03,2,0,1,52583.79,4,0.0,1.0,0.0,0.0
38.91621420206537,7,0.0,2,0,1,156495.39,1,1.0,0.0,0.0,0.0
37.0,2,157084.99,1,1,0,134767.13,1,0.0,0.0,1.0,1.0
53.0,4,88381.21,1,1,0,69384.71,1,1.0,0.0,0.0,0.0
54.0,6,0.0,1,1,0,110273.84,2,1.0,0.0,0.0,1.0
28.0,1,90537.16,1,0,1,74800.99,3,1.0,0.0,0.0,0.0
49.0,1,133384.66,1,1,0,102397.22,4,0.0,1.0,0.0,1.0
63.0,2,68432.45,2,1,1,112503.24,2,1.0,0.0,0.0,1.0
37.0,9,139592.98,3,1,0,104152.65,1,0.0,1.0,0.0,1.0
33.0,3,54503.55,1,1,1,371.05,0,1.0,0.0,0.0,1.0
39.0,1,82531.11,1,1,0,114092.52,0,0.0,1.0,0.0,1.0
33.0,2,0.0,2,0,1,141031.08,3,1.0,0.0,0.0,1.0
36.0,1,69518.95,1,1,0,116238.39,2,1.0,0.0,0.0,0.0
30.0,0,53291.86,1,0,0,196582.28,1,0.0,0.0,1.0,1.0
40.0,2,0.0,2,1,1,180553.48,2,1.0,0.0,0.0,1.0
60.0,7,76961.6,2,1,1,83643.87,0,1.0,0.0,0.0,1.0
69.0,6,0.0,2,0,1,149604.18,3,1.0,0.0,0.0,1.0
47.0,2,136911.07,1,1,1,168184.62,4,0.0,1.0,0.0,1.0
55.0,8,149349.58,3,0,0,137519.92,0,0.0,1.0,0.0,0.0
37.0,1,0.0,2,1,0,163457.55,3,1.0,0.0,0.0,1.0
52.0,2,0.0,1,1,0,129013.59,0,1.0,0.0,0.0,1.0
64.0,3,124043.8,1,1,1,111402.97,0,1.0,0.0,0.0,0.0
43.0,3,152063.59,2,1,0,97910.06,4,0.0,1.0,0.0,0.0
35.0,4,40169.88,2,1,1,199857.47,3,0.0,0.0,1.0,0.0
34.0,5,139393.19,2,0,0,33950.08,2,0.0,0.0,1.0,1.0
32.0,3,0.0,2,1,1,88698.83,2,1.0,0.0,0.0,1.0
33.0,8,0.0,2,0,1,68815.05,0,1.0,0.0,0.0,1.0
40.0,9,46520.69,1,1,1,96687.25,3,1.0,0.0,0.0,1.0
38.0,10,89416.99,1,0,0,144275.39,2,1.0,0.0,0.0,1.0
38.91621420206537,7,0.0,2,0,0,102233.73,1,1.0,0.0,0.0,0.0
33.0,4,0.0,2,1,0,116706.0,2,0.0,0.0,1.0,1.0
51.0,3,0.0,2,0,1,20856.31,0,0.0,0.0,1.0,1.0
37.0,1,35549.81,2,0,0,49676.33,2,0.0,1.0,0.0,0.0
35.0,8,110934.54,1,1,0,169287.99,2,1.0,0.0,0.0,1.0
21.0,4,109130.96,2,1,1,56191.99,3,1.0,0.0,0.0,1.0
41.0,5,144147.68,1,1,1,14789.9,0,1.0,0.0,0.0,1.0
49.0,9,97092.87,1,1,0,74771.22,2,0.0,1.0,0.0,0.0
46.0,5,130812.91,1,1,1,77981.54,4,0.0,1.0,0.0,1.0
41.0,8,109153.96,3,1,1,148848.76,3,0.0,1.0,0.0,0.0
38.0,1,189443.72,1,0,1,106648.58,3,1.0,0.0,0.0,1.0
35.0,7,115651.6,2,1,1,104706.29,4,1.0,0.0,0.0,0.0
30.0,5,0.0,2,1,0,143994.86,0,1.0,0.0,0.0,0.0
36.0,1,44054.84,1,1,1,73329.08,1,0.0,0.0,1.0,0.0
36.0,7,0.0,1,1,0,47318.75,2,1.0,0.0,0.0,0.0
38.91621420206537,6,0.0,2,1,0,57975.8,1,0.0,0.0,1.0,0.0
29.0,4,0.0,2,1,0,88866.92,1,0.0,0.0,1.0,0.0
67.0,5,113978.97,2,0,1,93146.11,1,1.0,0.0,0.0,0.0
30.0,4,137851.31,1,1,0,5008.23,4,1.0,0.0,0.0,0.0
51.0,3,0.0,1,1,1,69101.23,4,1.0,0.0,0.0,0.0
36.0,7,0.0,2,0,0,59571.5,2,1.0,0.0,0.0,1.0
32.0,5,133476.09,1,0,1,154843.4,1,0.0,0.0,1.0,1.0
43.0,7,81076.8,2,1,1,182627.25,1,1.0,0.0,0.0,1.0
31.0,6,114493.68,1,0,0,138396.32,3,0.0,0.0,1.0,1.0
68.0,2,0.0,2,1,1,59864.96,3,1.0,0.0,0.0,1.0
36.0,9,68881.59,2,0,1,109135.11,4,1.0,0.0,0.0,1.0
37.0,3,122689.51,2,0,0,106977.53,3,1.0,0.0,0.0,1.0
35.0,9,0.0,2,0,0,143774.06,3,0.0,0.0,1.0,1.0
38.91621420206537,4,113794.22,1,1,0,16618.76,3,0.0,0.0,1.0,1.0
27.0,10,134169.62,1,1,1,176730.02,2,0.0,0.0,1.0,1.0
42.0,1,0.0,1,1,0,1262.83,3,1.0,0.0,0.0,0.0
47.0,3,0.0,2,1,0,178822.32,2,0.0,0.0,1.0,1.0
38.0,7,132767.66,2,1,1,59115.77,3,0.0,1.0,0.0,1.0
35.0,7,0.0,2,0,1,140780.8,4,0.0,0.0,1.0,1.0
46.0,0,119556.1,1,1,0,78250.13,2,1.0,0.0,0.0,1.0
55.0,9,99685.06,1,1,0,114474.98,2,0.0,0.0,1.0,1.0
38.0,2,0.0,2,0,0,115068.99,3,1.0,0.0,0.0,0.0
32.0,8,187487.63,1,1,1,120115.5,3,0.0,0.0,1.0,0.0
27.0,9,75263.16,1,1,1,164825.04,0,0.0,0.0,1.0,1.0
34.0,6,0.0,1,1,1,63173.64,0,1.0,0.0,0.0,1.0
38.0,8,0.0,2,1,1,133692.88,2,1.0,0.0,0.0,1.0
38.91621420206537,5,0.0,2,1,1,56875.76,2,1.0,0.0,0.0,1.0
70.0,1,94416.78,1,0,1,145299.5,2,1.0,0.0,0.0,1.0
34.0,3,105588.66,1,0,1,74694.41,3,1.0,0.0,0.0,0.0
38.0,2,71667.97,2,0,0,137111.89,1,0.0,1.0,0.0,1.0
29.0,3,116805.82,1,0,0,4092.75,1,0.0,0.0,1.0,0.0
34.0,7,109564.1,1,0,1,113046.81,4,1.0,0.0,0.0,0.0
61.0,0,0.0,2,1,1,96202.44,4,0.0,0.0,1.0,1.0
41.0,5,0.0,2,0,1,143980.29,0,0.0,0.0,1.0,1.0
39.0,8,140004.96,1,1,1,92985.78,4,1.0,0.0,0.0,1.0
74.0,3,106545.53,1,1,1,134589.58,3,0.0,1.0,0.0,1.0
41.0,8,0.0,2,0,0,29737.14,1,1.0,0.0,0.0,1.0
56.0,9,110993.79,1,1,0,134396.64,2,0.0,1.0,0.0,1.0
20.0,2,121093.29,2,1,0,3529.72,1,0.0,1.0,0.0,0.0
42.0,2,123331.36,1,0,0,103516.08,1,0.0,1.0,0.0,0.0
32.0,10,0.0,2,0,1,196342.66,2,1.0,0.0,0.0,1.0
40.0,6,63609.92,1,0,0,74965.61,1,0.0,0.0,1.0,1.0
42.0,5,0.0,3,1,1,189016.24,2,0.0,0.0,1.0,0.0
25.0,7,108664.85,2,1,0,190011.85,3,1.0,0.0,0.0,0.0
45.0,2,81828.22,1,1,0,52167.97,1,1.0,0.0,0.0,0.0
48.0,7,130806.99,2,1,1,132005.85,2,1.0,0.0,0.0,0.0
50.0,6,115335.32,2,1,1,53130.41,2,1.0,0.0,0.0,0.0
38.91621420206537,3,122478.51,1,1,0,147230.77,2,0.0,1.0,0.0,1.0
31.0,9,104678.62,1,0,1,50972.6,4,0.0,0.0,1.0,1.0
43.0,9,0.0,1,1,0,199290.68,4,0.0,0.0,1.0,1.0
57.0,6,90212.0,1,1,0,13911.27,2,0.0,1.0,0.0,0.0
29.0,10,100315.1,2,1,1,32526.64,1,0.0,1.0,0.0,0.0
38.0,2,94652.04,1,1,1,171960.76,4,0.0,0.0,1.0,1.0
59.0,2,103996.74,1,1,1,103159.11,2,1.0,0.0,0.0,1.0
47.0,8,0.0,1,1,1,66408.01,0,1.0,0.0,0.0,0.0
37.0,9,0.0,2,1,0,17974.08,2,1.0,0.0,0.0,1.0
31.0,2,0.0,2,0,1,64014.24,1,1.0,0.0,0.0,1.0
40.0,5,149131.03,3,1,1,60036.99,4,0.0,1.0,0.0,1.0
30.0,0,0.0,1,1,0,35113.08,3,0.0,0.0,1.0,1.0
41.0,3,101543.51,4,1,0,16025.17,4,0.0,1.0,0.0,0.0
38.0,5,0.0,2,1,0,47388.41,0,1.0,0.0,0.0,1.0
38.0,3,0.0,2,1,0,158553.1,2,1.0,0.0,0.0,0.0
28.0,6,0.0,2,1,1,69056.26,1,0.0,0.0,1.0,0.0
54.0,9,68332.96,1,1,1,144390.75,1,1.0,0.0,0.0,0.0
48.0,5,0.0,2,0,0,78563.66,3,0.0,0.0,1.0,0.0
33.0,5,0.0,2,0,0,116978.19,4,1.0,0.0,0.0,0.0
28.0,8,67639.56,2,1,1,194245.29,4,1.0,0.0,0.0,1.0
60.0,9,148846.39,1,1,0,192831.67,4,0.0,1.0,0.0,1.0
33.0,4,123246.7,1,0,0,112687.57,2,0.0,1.0,0.0,0.0
51.0,0,108449.23,3,0,0,88372.69,2,0.0,1.0,0.0,0.0
37.0,7,0.0,2,1,1,126726.33,1,1.0,0.0,0.0,0.0
36.0,7,89409.95,1,1,1,149399.7,2,0.0,1.0,0.0,1.0
26.0,8,0.0,2,0,1,34101.06,1,0.0,0.0,1.0,1.0
40.0,2,0.0,1,1,1,5194.95,1,0.0,0.0,1.0,0.0
54.0,8,87105.32,1,1,1,55346.14,1,1.0,0.0,0.0,1.0
31.0,1,81480.27,2,1,1,65234.6,0,1.0,0.0,0.0,0.0
38.0,8,103653.51,2,1,1,137079.86,1,0.0,1.0,0.0,0.0
37.0,5,158024.38,1,1,0,81298.09,2,0.0,0.0,1.0,1.0
42.0,5,99580.13,1,1,0,21007.96,2,1.0,0.0,0.0,1.0
29.0,10,99250.08,1,1,1,129629.41,1,0.0,0.0,1.0,0.0
36.0,2,112262.84,1,1,0,12873.39,2,1.0,0.0,0.0,1.0
33.0,9,132168.28,1,0,0,98734.15,0,0.0,0.0,1.0,1.0
30.0,4,79871.02,2,1,0,129826.89,2,0.0,1.0,0.0,0.0
39.0,9,100116.67,1,1,1,199808.1,0,0.0,1.0,0.0,0.0
29.0,5,103607.24,2,0,1,86334.64,4,0.0,1.0,0.0,1.0
33.0,9,151772.63,2,0,0,180249.94,4,1.0,0.0,0.0,0.0
61.0,7,155973.13,1,0,1,147554.26,4,1.0,0.0,0.0,1.0
40.0,8,104291.41,2,1,1,117507.11,4,0.0,0.0,1.0,1.0
35.0,3,165982.43,2,1,1,24482.16,2,0.0,1.0,0.0,0.0
39.0,0,111213.64,2,1,1,147578.26,2,0.0,1.0,0.0,0.0
37.0,6,159863.9,2,0,1,125307.87,0,0.0,1.0,0.0,0.0
35.0,4,0.0,2,0,1,198490.33,4,1.0,0.0,0.0,1.0
40.0,5,114655.58,1,0,0,126535.92,0,0.0,1.0,0.0,1.0
38.0,7,97257.41,2,0,1,179883.04,4,0.0,0.0,1.0,0.0
24.0,3,137492.35,2,0,1,170142.09,4,1.0,0.0,0.0,1.0
31.0,7,143966.3,2,1,1,140262.96,4,0.0,1.0,0.0,1.0
44.0,5,0.0,1,1,0,128046.98,1,0.0,0.0,1.0,1.0
32.0,1,0.0,2,1,1,168779.47,1,1.0,0.0,0.0,1.0
39.0,4,0.0,2,1,0,27150.35,0,1.0,0.0,0.0,1.0
36.0,6,0.0,1,0,0,98810.78,3,1.0,0.0,0.0,0.0
40.0,7,118991.79,1,1,1,156048.64,3,1.0,0.0,0.0,0.0
32.0,5,0.0,2,0,1,177607.77,3,1.0,0.0,0.0,0.0
35.0,3,192407.97,1,1,1,40145.28,2,0.0,1.0,0.0,1.0
35.0,9,112392.45,2,1,0,24472.23,2,1.0,0.0,0.0,1.0
37.0,5,0.0,2,1,0,151871.84,2,1.0,0.0,0.0,0.0
31.0,7,0.0,1,0,1,183051.6,0,1.0,0.0,0.0,0.0
35.0,7,98556.89,2,1,0,117644.36,4,0.0,1.0,0.0,1.0
29.0,4,105599.67,1,1,1,43106.17,4,1.0,0.0,0.0,0.0
63.0,7,148368.02,1,0,0,118862.08,3,1.0,0.0,0.0,1.0
32.0,9,0.0,2,1,0,111340.36,2,1.0,0.0,0.0,1.0
35.0,7,165358.77,1,0,1,94738.54,0,1.0,0.0,0.0,1.0
34.0,9,126436.29,1,1,0,174248.52,0,0.0,0.0,1.0,1.0
37.0,10,95196.26,1,1,0,126310.39,4,0.0,1.0,0.0,0.0
57.0,9,0.0,2,1,1,135502.77,3,0.0,0.0,1.0,0.0
32.0,7,94753.55,2,1,1,18149.03,1,0.0,1.0,0.0,0.0
38.0,3,250898.09,3,0,1,81054.0,2,0.0,0.0,1.0,1.0
28.0,4,0.0,2,1,0,41227.67,1,1.0,0.0,0.0,0.0
40.0,2,75470.23,1,1,1,52894.01,4,0.0,1.0,0.0,0.0
48.0,6,140576.11,1,1,1,116971.05,0,0.0,0.0,1.0,0.0
36.0,5,0.0,1,1,0,17696.22,3,0.0,0.0,1.0,0.0
37.0,0,0.0,1,0,1,131521.72,0,0.0,0.0,1.0,0.0
26.0,3,119545.48,2,1,0,65482.94,3,0.0,1.0,0.0,1.0
37.0,6,0.0,1,1,1,117948.0,4,1.0,0.0,0.0,0.0
41.0,9,117221.15,1,1,0,168280.95,0,1.0,0.0,0.0,1.0
50.0,9,117565.03,2,0,0,82559.77,2,1.0,0.0,0.0,0.0
41.0,5,0.0,3,1,0,3440.47,4,1.0,0.0,0.0,0.0
36.0,4,0.0,2,1,1,132798.78,0,1.0,0.0,0.0,1.0
41.0,9,181461.48,3,1,1,187929.43,3,0.0,1.0,0.0,0.0
63.0,2,126473.33,1,0,1,147545.65,1,1.0,0.0,0.0,0.0
40.0,7,0.0,1,0,1,161076.92,0,1.0,0.0,0.0,0.0
38.91621420206537,4,99340.83,1,0,0,4523.74,1,0.0,0.0,1.0,0.0
37.0,5,0.0,2,0,1,112554.68,3,1.0,0.0,0.0,1.0
35.0,7,164769.02,3,1,0,119814.25,1,1.0,0.0,0.0,0.0
42.0,3,118199.97,2,1,0,9452.88,3,0.0,1.0,0.0,1.0
41.0,7,115171.71,1,1,1,37674.47,2,1.0,0.0,0.0,0.0
22.0,2,0.0,2,0,1,5985.36,1,0.0,0.0,1.0,0.0
34.0,10,0.0,2,1,1,198637.34,3,1.0,0.0,0.0,1.0
38.0,2,0.0,2,1,0,136859.55,0,1.0,0.0,0.0,1.0
30.0,2,141040.01,1,1,1,5978.2,4,0.0,0.0,1.0,1.0
56.0,6,157559.59,2,1,0,140991.23,2,0.0,0.0,1.0,0.0
51.0,1,0.0,1,1,1,22835.13,4,1.0,0.0,0.0,0.0
48.0,7,0.0,2,1,1,132870.15,4,1.0,0.0,0.0,0.0
29.0,9,0.0,1,1,0,190035.83,0,1.0,0.0,0.0,0.0
35.0,4,97585.32,2,0,0,57213.46,2,0.0,0.0,1.0,1.0
42.0,4,0.0,1,0,0,126353.13,3,1.0,0.0,0.0,1.0
36.0,1,0.0,2,1,0,52462.25,3,0.0,0.0,1.0,1.0
44.0,3,109528.28,1,1,0,27341.63,3,1.0,0.0,0.0,0.0
38.0,5,0.0,1,1,1,187616.16,4,1.0,0.0,0.0,0.0
47.0,1,0.0,2,0,0,108762.16,2,1.0,0.0,0.0,1.0
22.0,2,0.0,2,1,1,9684.52,4,0.0,0.0,1.0,1.0
38.0,9,99167.54,1,1,0,65720.92,3,0.0,1.0,0.0,0.0
29.0,3,113146.98,2,0,1,124749.08,2,0.0,1.0,0.0,1.0
59.0,3,95727.05,1,0,0,97939.4,2,0.0,1.0,0.0,0.0
38.91621420206537,6,175443.75,1,1,0,113167.17,2,1.0,0.0,0.0,0.0
44.0,8,0.0,1,0,0,65501.91,4,1.0,0.0,0.0,1.0
39.0,2,151963.26,2,1,0,158948.63,1,0.0,0.0,1.0,0.0
38.0,5,0.0,2,1,0,66256.27,4,1.0,0.0,0.0,1.0
19.0,9,128514.84,1,0,0,175969.19,2,1.0,0.0,0.0,1.0
38.0,1,68079.8,1,0,1,166264.89,2,0.0,0.0,1.0,1.0
34.0,9,100628.0,2,1,1,190263.78,3,0.0,0.0,1.0,1.0
53.0,8,95231.91,1,0,0,70140.8,3,0.0,1.0,0.0,0.0
30.0,8,124857.69,2,0,0,50485.7,1,0.0,0.0,1.0,1.0
57.0,6,0.0,2,1,1,15304.08,2,1.0,0.0,0.0,1.0
46.0,10,95502.21,1,0,0,19842.18,1,1.0,0.0,0.0,1.0
23.0,6,0.0,2,1,1,163225.48,4,1.0,0.0,0.0,1.0
24.0,8,92760.55,1,1,0,35896.75,2,1.0,0.0,0.0,0.0
38.91621420206537,7,146445.24,2,1,0,184317.74,0,1.0,0.0,0.0,0.0
43.0,3,144164.29,1,1,1,158646.46,2,0.0,1.0,0.0,1.0
62.0,3,0.0,1,1,1,11199.04,4,1.0,0.0,0.0,1.0
38.91621420206537,7,143006.7,1,1,1,15650.89,2,0.0,0.0,1.0,1.0
45.0,6,0.0,2,0,0,147184.74,4,1.0,0.0,0.0,0.0
46.0,7,141535.52,1,1,0,50595.15,2,0.0,1.0,0.0,0.0
38.91621420206537,6,0.0,2,1,1,16301.91,2,1.0,0.0,0.0,0.0
27.0,5,0.0,2,0,0,96398.51,0,0.0,0.0,1.0,1.0
46.0,4,98899.76,2,1,1,86190.34,1,0.0,1.0,0.0,1.0
40.0,1,147856.82,3,0,0,107961.11,1,0.0,1.0,0.0,1.0
29.0,1,0.0,2,1,0,69113.14,0,0.0,0.0,1.0,1.0
51.0,6,127545.56,2,0,0,79559.02,0,0.0,1.0,0.0,1.0
28.0,9,0.0,2,1,1,52545.24,0,1.0,0.0,0.0,1.0
41.0,8,132838.07,1,1,1,175347.28,4,0.0,0.0,1.0,1.0
42.0,4,0.0,2,1,0,17439.66,1,1.0,0.0,0.0,0.0
27.0,10,171283.91,1,1,1,84136.12,1,0.0,1.0,0.0,0.0
38.91621420206537,8,129991.76,2,0,1,46041.08,1,1.0,0.0,0.0,1.0
45.0,4,131038.14,1,1,0,74005.04,3,0.0,1.0,0.0,1.0
46.0,6,0.0,1,1,0,157333.69,0,1.0,0.0,0.0,0.0
32.0,4,0.0,2,1,1,113666.48,3,0.0,0.0,1.0,0.0
35.0,4,174902.26,1,1,0,69079.85,3,0.0,1.0,0.0,0.0
29.0,2,0.0,2,0,0,117173.8,2,0.0,0.0,1.0,1.0
38.91621420206537,1,137853.0,1,0,1,90273.85,0,1.0,0.0,0.0,0.0
24.0,1,133811.78,1,1,0,17185.95,1,0.0,1.0,0.0,1.0
32.0,4,132835.56,1,0,0,136877.24,3,0.0,0.0,1.0,0.0
28.0,4,90696.78,1,0,1,21597.2,4,0.0,1.0,0.0,0.0
40.0,10,0.0,2,1,0,154189.08,3,1.0,0.0,0.0,0.0
30.0,9,132351.29,2,1,1,74169.13,2,0.0,1.0,0.0,0.0
38.91621420206537,8,96950.21,1,1,0,97877.92,3,0.0,0.0,1.0,1.0
33.0,7,103377.81,1,1,0,84419.78,2,1.0,0.0,0.0,0.0
51.0,5,143139.87,1,0,0,47795.43,3,0.0,1.0,0.0,0.0
37.0,3,0.0,3,0,0,98897.32,4,0.0,0.0,1.0,0.0
22.0,6,154377.3,1,1,1,51721.52,0,1.0,0.0,0.0,1.0
48.0,7,90612.34,1,1,1,149139.13,2,1.0,0.0,0.0,0.0
34.0,5,74197.38,2,1,0,96875.52,3,1.0,0.0,0.0,0.0
31.0,8,128131.73,1,1,0,96131.47,2,1.0,0.0,0.0,1.0
28.0,3,62717.84,2,1,1,13182.43,4,0.0,1.0,0.0,0.0
37.0,9,0.0,2,1,1,34689.77,2,1.0,0.0,0.0,0.0
34.0,4,88772.87,1,1,1,168822.01,1,1.0,0.0,0.0,0.0
35.0,0,0.0,2,0,1,197305.91,4,0.0,0.0,1.0,1.0
62.0,7,0.0,2,1,1,61120.75,2,1.0,0.0,0.0,1.0
51.0,4,124425.99,1,0,0,118545.49,4,0.0,1.0,0.0,1.0
35.0,4,174588.8,2,0,1,158420.14,2,0.0,0.0,1.0,1.0
38.0,6,141786.78,1,0,1,147797.54,0,0.0,0.0,1.0,0.0
59.0,7,0.0,2,1,1,162347.05,1,1.0,0.0,0.0,1.0
76.0,4,112510.89,1,1,1,143133.18,4,1.0,0.0,0.0,1.0
32.0,9,127661.69,1,0,0,60905.51,3,1.0,0.0,0.0,0.0
42.0,5,0.0,2,1,1,74900.9,4,0.0,0.0,1.0,1.0
26.0,7,0.0,2,1,0,112507.63,1,0.0,0.0,1.0,0.0
34.0,3,95039.73,2,1,1,147055.87,2,0.0,1.0,0.0,1.0
38.91621420206537,4,104753.84,2,1,0,56756.52,1,0.0,1.0,0.0,0.0
37.0,10,0.0,2,1,1,13935.53,3,1.0,0.0,0.0,0.0
55.0,4,120905.03,1,0,1,123475.88,0,1.0,0.0,0.0,0.0
43.0,10,0.0,2,0,0,53478.02,1,0.0,0.0,1.0,1.0
24.0,0,0.0,2,1,1,140586.08,1,1.0,0.0,0.0,0.0
36.0,5,0.0,2,1,0,130610.78,1,0.0,0.0,1.0,1.0
60.0,1,163894.35,1,0,1,57061.71,0,0.0,1.0,0.0,1.0
61.0,8,125921.37,1,1,1,94677.83,1,0.0,0.0,1.0,1.0
42.0,10,0.0,2,1,1,3797.79,4,1.0,0.0,0.0,1.0
46.0,5,0.0,1,1,1,55701.62,3,1.0,0.0,0.0,1.0
38.0,6,0.0,2,1,0,51454.06,0,1.0,0.0,0.0,1.0
34.0,1,103133.26,1,1,1,90059.04,4,1.0,0.0,0.0,1.0
34.0,2,0.0,2,1,1,171706.66,4,1.0,0.0,0.0,0.0
45.0,3,0.0,2,0,0,163655.01,2,0.0,0.0,1.0,1.0
36.0,7,0.0,2,1,0,94283.09,1,1.0,0.0,0.0,1.0
60.0,8,185648.56,1,0,0,192156.54,3,1.0,0.0,0.0,1.0
41.0,3,91536.93,1,1,0,191468.78,1,0.0,1.0,0.0,1.0
33.0,6,0.0,1,1,1,31728.35,0,0.0,0.0,1.0,1.0
29.0,4,105767.28,2,0,0,41104.82,1,1.0,0.0,0.0,0.0
30.0,4,81523.38,1,1,1,36885.85,4,0.0,1.0,0.0,1.0
30.0,6,0.0,1,0,1,175025.27,1,1.0,0.0,0.0,0.0
38.91621420206537,9,0.0,2,1,1,168607.74,3,1.0,0.0,0.0,0.0
33.0,2,133040.32,1,1,1,110299.78,0,1.0,0.0,0.0,1.0
38.0,7,123906.55,1,1,0,135096.78,1,0.0,0.0,1.0,1.0
29.0,10,0.0,2,1,1,199775.67,4,1.0,0.0,0.0,0.0
67.0,9,157094.78,1,1,1,99490.01,3,0.0,1.0,0.0,1.0
29.0,4,98955.87,1,0,1,131712.51,1,0.0,1.0,0.0,1.0
27.0,1,115095.88,2,0,0,78622.46,3,0.0,1.0,0.0,0.0
19.0,5,89750.21,1,1,0,193008.52,4,0.0,0.0,1.0,1.0
49.0,2,0.0,1,0,0,105760.01,3,1.0,0.0,0.0,0.0
36.0,9,0.0,1,0,1,188670.9,4,1.0,0.0,0.0,1.0
34.0,2,0.0,2,1,1,148528.24,0,1.0,0.0,0.0,1.0
25.0,7,79656.81,1,1,0,93524.22,2,0.0,1.0,0.0,0.0
37.0,5,96652.86,1,1,0,98686.4,1,1.0,0.0,0.0,0.0
34.0,7,86656.13,1,0,1,59890.29,1,0.0,0.0,1.0,1.0
40.0,9,77641.99,1,0,0,189051.59,3,1.0,0.0,0.0,0.0
34.0,8,120018.86,2,1,1,343.38,0,0.0,1.0,0.0,1.0
51.0,7,105701.91,1,0,1,179797.79,0,0.0,1.0,0.0,0.0
32.0,3,0.0,2,1,0,46175.7,2,0.0,0.0,1.0,0.0
33.0,4,0.0,2,1,0,115115.32,4,1.0,0.0,0.0,0.0
44.0,2,152509.25,1,1,1,136915.15,4,1.0,0.0,0.0,0.0
25.0,6,193858.2,1,0,1,21600.11,0,0.0,0.0,1.0,1.0
38.91621420206537,2,0.0,2,0,0,10023.15,2,0.0,0.0,1.0,1.0
38.91621420206537,8,142755.25,1,0,0,34231.48,0,0.0,1.0,0.0,1.0
28.0,4,167738.82,2,1,1,9903.42,4,0.0,1.0,0.0,0.0
31.0,4,164672.66,1,0,1,61936.1,4,0.0,1.0,0.0,0.0
30.0,9,121535.18,1,0,0,40313.47,4,1.0,0.0,0.0,1.0
28.0,3,139986.65,1,1,0,136846.75,0,0.0,1.0,0.0,0.0
38.91621420206537,0,144880.34,2,0,1,175643.44,4,0.0,0.0,1.0,1.0
42.0,5,0.0,2,1,0,172665.21,3,1.0,0.0,0.0,1.0
57.0,7,0.0,1,1,0,159475.08,4,1.0,0.0,0.0,1.0
38.0,9,0.0,2,0,1,183042.2,0,1.0,0.0,0.0,0.0
28.0,10,0.0,2,1,0,145215.96,0,1.0,0.0,0.0,0.0
47.0,5,139914.6,4,0,1,129964.56,4,1.0,0.0,0.0,0.0
53.0,1,139687.66,2,1,1,12913.92,3,0.0,1.0,0.0,0.0
30.0,6,126663.51,1,1,1,162267.91,0,0.0,1.0,0.0,0.0
39.0,0,0.0,2,1,0,53222.15,3,1.0,0.0,0.0,0.0
37.0,9,145018.64,2,1,0,90928.02,0,0.0,1.0,0.0,1.0
27.0,2,0.0,1,1,1,57876.05,4,1.0,0.0,0.0,0.0
48.0,5,0.0,1,0,1,117830.57,3,1.0,0.0,0.0,1.0
34.0,3,129668.43,2,1,1,88743.99,4,0.0,1.0,0.0,0.0
32.0,9,134096.53,2,1,0,53931.05,1,0.0,1.0,0.0,0.0
36.0,9,131307.11,1,0,0,83343.73,1,1.0,0.0,0.0,1.0
32.0,5,92961.61,1,1,0,116957.6,3,1.0,0.0,0.0,1.0
43.0,7,107805.67,1,0,0,182505.68,3,1.0,0.0,0.0,1.0
35.0,1,106266.8,1,1,1,16607.15,4,1.0,0.0,0.0,0.0
39.0,1,104614.29,1,1,0,61538.43,4,1.0,0.0,0.0,0.0
41.0,1,101960.74,1,1,1,123547.28,4,1.0,0.0,0.0,1.0
48.0,2,213146.2,1,1,0,75161.25,1,0.0,0.0,1.0,0.0
33.0,5,0.0,2,1,1,103737.82,2,1.0,0.0,0.0,1.0
29.0,10,0.0,2,1,1,94815.04,4,0.0,0.0,1.0,0.0
26.0,5,0.0,2,1,0,119381.41,1,0.0,0.0,1.0,0.0
30.0,10,77168.87,2,0,1,146700.22,0,0.0,1.0,0.0,0.0
43.0,6,116121.67,1,1,0,61602.42,3,0.0,0.0,1.0,1.0
36.0,2,124495.98,3,1,1,57904.22,2,0.0,1.0,0.0,0.0
41.0,10,99786.2,1,1,0,86927.53,4,1.0,0.0,0.0,0.0
60.0,10,117738.81,1,1,0,147489.76,3,1.0,0.0,0.0,0.0
65.0,7,0.0,1,1,1,77867.23,4,1.0,0.0,0.0,0.0
24.0,3,161884.99,1,1,1,9617.24,3,1.0,0.0,0.0,0.0
38.91621420206537,8,0.0,2,0,0,197588.32,0,0.0,0.0,1.0,1.0
39.0,4,0.0,1,1,0,194273.2,1,0.0,0.0,1.0,0.0
32.0,7,184715.86,2,1,0,113781.99,1,0.0,1.0,0.0,1.0
27.0,8,111837.78,2,1,1,110805.79,4,0.0,1.0,0.0,0.0
33.0,9,127638.35,1,1,1,192717.57,1,1.0,0.0,0.0,0.0
35.0,5,111743.43,1,1,1,183584.14,4,0.0,1.0,0.0,0.0
44.0,3,111760.4,3,1,1,104722.47,0,0.0,1.0,0.0,0.0
56.0,5,0.0,2,1,1,41782.7,2,0.0,0.0,1.0,0.0
39.0,1,0.0,2,1,1,141841.31,3,1.0,0.0,0.0,1.0
38.0,7,0.0,2,0,1,57764.65,4,0.0,0.0,1.0,1.0
30.0,4,0.0,2,1,0,120736.04,2,0.0,0.0,1.0,1.0
34.0,1,84055.43,1,0,0,37490.84,2,1.0,0.0,0.0,1.0
37.0,8,114346.3,1,0,1,980.93,0,0.0,1.0,0.0,1.0
41.0,0,150844.94,1,0,1,127623.36,3,0.0,1.0,0.0,1.0
53.0,1,81571.05,1,1,0,182960.46,4,0.0,1.0,0.0,0.0
43.0,8,143061.88,1,1,0,61937.6,2,1.0,0.0,0.0,0.0
35.0,9,105387.89,1,1,1,25059.06,0,1.0,0.0,0.0,1.0
42.0,10,0.0,2,0,0,171099.22,1,1.0,0.0,0.0,0.0
41.0,8,85109.21,1,1,0,1557.82,1,0.0,0.0,1.0,1.0
29.0,3,102540.61,1,1,1,189680.79,3,1.0,0.0,0.0,1.0
38.91621420206537,9,98444.19,1,0,1,109563.28,3,1.0,0.0,0.0,0.0
46.0,9,117640.39,1,1,0,88920.68,4,1.0,0.0,0.0,1.0
32.0,4,110559.46,1,1,1,127429.56,3,1.0,0.0,0.0,0.0
24.0,1,0.0,2,1,1,151460.84,1,1.0,0.0,0.0,1.0
36.0,5,92140.15,1,0,1,67468.67,4,0.0,0.0,1.0,1.0
39.0,6,154121.32,2,1,0,176614.86,1,1.0,0.0,0.0,0.0
31.0,3,167949.48,1,1,0,143162.34,2,1.0,0.0,0.0,0.0
48.0,10,126384.42,1,1,1,198129.36,3,0.0,1.0,0.0,0.0
39.0,6,150555.83,1,1,0,30414.17,2,1.0,0.0,0.0,1.0
29.0,6,0.0,2,1,0,64443.75,3,0.0,0.0,1.0,1.0
35.0,2,117212.18,1,1,1,83052.03,2,0.0,1.0,0.0,1.0
43.0,8,81844.91,2,1,1,35908.46,4,0.0,1.0,0.0,1.0
24.0,6,149592.14,1,1,1,153771.8,0,0.0,0.0,1.0,0.0
66.0,9,0.0,2,1,1,14234.31,0,0.0,0.0,1.0,1.0
45.0,9,134562.8,1,1,1,159268.67,2,0.0,1.0,0.0,0.0
35.0,3,166518.63,2,1,0,147930.46,2,0.0,1.0,0.0,0.0
36.0,6,116229.85,2,1,1,79633.38,1,1.0,0.0,0.0,1.0
24.0,9,0.0,1,0,0,10883.52,3,0.0,0.0,1.0,1.0
28.0,10,113690.83,1,1,0,33114.24,1,0.0,1.0,0.0,1.0
46.0,9,123444.72,1,1,1,31368.08,1,0.0,1.0,0.0,1.0
32.0,5,83161.65,1,1,1,116885.59,1,1.0,0.0,0.0,1.0
37.0,5,0.0,2,1,1,27528.4,4,1.0,0.0,0.0,0.0
38.0,3,0.0,2,1,1,48924.73,2,1.0,0.0,0.0,0.0
30.0,1,83173.98,2,1,1,184259.6,2,0.0,1.0,0.0,0.0
23.0,10,110741.56,1,1,0,80778.5,2,0.0,1.0,0.0,0.0
37.0,8,128650.11,2,1,1,163641.53,0,0.0,0.0,1.0,1.0
49.0,4,0.0,1,1,1,190296.76,0,1.0,0.0,0.0,1.0
51.0,3,0.0,2,0,1,174098.28,0,1.0,0.0,0.0,0.0
33.0,10,101952.97,2,1,0,178153.65,4,1.0,0.0,0.0,1.0
79.0,10,61811.23,1,1,1,104222.8,3,1.0,0.0,0.0,1.0
34.0,7,121551.58,2,1,1,70179.0,0,1.0,0.0,0.0,0.0
38.0,9,0.0,2,0,0,30583.95,0,1.0,0.0,0.0,1.0
29.0,5,0.0,2,1,0,103402.88,0,0.0,0.0,1.0,0.0
66.0,4,0.0,2,0,1,64350.8,4,1.0,0.0,0.0,1.0
27.0,4,0.0,2,1,0,99341.87,2,0.0,0.0,1.0,1.0
32.0,3,0.0,2,1,1,15404.64,2,0.0,0.0,1.0,1.0
22.0,7,141604.76,1,1,0,30379.6,1,0.0,0.0,1.0,0.0
38.91621420206537,2,0.0,2,1,1,555.28,1,1.0,0.0,0.0,0.0
54.0,1,75900.84,1,1,1,192154.66,4,0.0,1.0,0.0,0.0
37.0,5,113308.84,1,0,1,31517.16,0,1.0,0.0,0.0,1.0
22.0,6,118064.93,2,1,1,195424.01,3,1.0,0.0,0.0,0.0
38.0,7,86824.09,1,0,0,175905.97,4,0.0,0.0,1.0,1.0
24.0,7,106234.02,1,0,0,115676.38,4,1.0,0.0,0.0,0.0
38.91621420206537,2,125190.86,1,0,1,84584.69,2,1.0,0.0,0.0,1.0
41.0,5,77647.6,1,1,0,190429.52,1,0.0,1.0,0.0,0.0
38.91621420206537,9,0.0,1,1,0,113436.08,4,1.0,0.0,0.0,0.0
45.0,8,116917.07,1,0,0,173464.43,3,0.0,1.0,0.0,1.0
39.0,0,122104.79,1,1,0,112946.67,2,0.0,1.0,0.0,0.0
24.0,0,108058.07,2,1,1,187826.11,1,0.0,0.0,1.0,1.0
33.0,3,71843.15,1,1,0,26772.04,1,0.0,1.0,0.0,1.0
40.0,6,0.0,1,1,0,136985.08,4,1.0,0.0,0.0,1.0
35.0,6,0.0,2,0,0,2423.9,2,0.0,0.0,1.0,0.0
50.0,5,117721.02,1,0,1,192146.63,1,0.0,1.0,0.0,0.0
54.0,9,96402.96,1,0,0,52035.29,1,1.0,0.0,0.0,1.0
51.0,6,146606.6,1,1,1,68021.9,2,1.0,0.0,0.0,1.0
50.0,3,0.0,2,1,0,84531.79,0,1.0,0.0,0.0,1.0
32.0,9,117337.54,2,0,1,62810.91,1,1.0,0.0,0.0,1.0
27.0,1,131899.0,1,1,0,93302.29,4,0.0,1.0,0.0,1.0
35.0,5,110080.3,1,1,1,109794.31,1,0.0,0.0,1.0,1.0
36.0,2,105264.88,2,1,1,52909.87,3,0.0,1.0,0.0,0.0
37.0,10,122453.97,2,1,1,52693.99,0,0.0,1.0,0.0,0.0
32.0,3,118829.03,2,1,1,73127.61,2,1.0,0.0,0.0,1.0
33.0,2,0.0,2,1,0,102655.31,0,1.0,0.0,0.0,0.0
34.0,1,78829.53,1,1,1,12148.2,0,1.0,0.0,0.0,1.0
25.0,5,167385.81,1,1,1,56307.51,3,0.0,0.0,1.0,1.0
30.0,0,157989.21,2,1,1,100687.67,0,0.0,1.0,0.0,0.0
31.0,3,115141.18,1,1,0,39806.75,0,1.0,0.0,0.0,0.0
50.0,7,0.0,2,1,1,10062.8,4,1.0,0.0,0.0,1.0
41.0,3,99945.93,2,1,0,71179.31,4,0.0,0.0,1.0,0.0
39.0,5,0.0,1,1,0,99800.87,1,1.0,0.0,0.0,1.0
33.0,9,160541.36,2,0,0,93541.14,4,1.0,0.0,0.0,0.0
35.0,5,0.0,2,1,1,105618.14,0,0.0,0.0,1.0,1.0
39.0,6,152182.83,1,0,0,161203.6,3,0.0,1.0,0.0,1.0
37.0,2,128389.63,1,1,1,6589.16,4,0.0,1.0,0.0,0.0
47.0,9,97023.21,1,1,1,2168.13,3,1.0,0.0,0.0,1.0
33.0,7,127305.5,1,1,1,120037.36,0,1.0,0.0,0.0,0.0
40.0,5,190008.32,2,1,1,107047.92,1,1.0,0.0,0.0,1.0
39.0,1,94968.97,1,1,0,84487.62,4,1.0,0.0,0.0,0.0
33.0,5,157274.36,2,1,1,28531.81,2,1.0,0.0,0.0,1.0
52.0,1,107906.75,1,1,0,168886.39,3,0.0,1.0,0.0,0.0
42.0,4,0.0,1,1,0,28465.86,3,1.0,0.0,0.0,0.0
34.0,5,127900.03,1,1,0,101737.8,3,1.0,0.0,0.0,1.0
46.0,9,0.0,1,0,0,17268.02,4,0.0,0.0,1.0,1.0
35.0,7,122917.69,1,1,1,76169.68,4,0.0,1.0,0.0,1.0
29.0,4,121823.4,2,1,1,50368.87,1,1.0,0.0,0.0,1.0
30.0,2,101014.08,2,1,1,165257.31,1,0.0,1.0,0.0,0.0
30.0,6,154221.37,2,0,1,62688.55,4,0.0,1.0,0.0,0.0
29.0,7,77919.78,1,1,0,122547.58,3,0.0,0.0,1.0,0.0
23.0,9,143672.9,1,1,1,115147.33,2,1.0,0.0,0.0,0.0
41.0,8,0.0,1,1,1,63736.17,1,1.0,0.0,0.0,1.0
33.0,1,74385.98,1,1,0,20164.47,4,1.0,0.0,0.0,0.0
32.0,9,80958.36,1,1,1,128590.73,2,0.0,0.0,1.0,1.0
44.0,6,125512.98,2,0,0,79082.76,2,0.0,0.0,1.0,0.0
18.0,3,128743.8,1,0,0,197322.13,3,0.0,1.0,0.0,0.0
48.0,6,108736.52,1,1,0,184564.67,4,0.0,1.0,0.0,0.0
40.0,1,0.0,2,0,0,75762.0,3,1.0,0.0,0.0,0.0
23.0,5,0.0,2,0,0,132418.59,1,1.0,0.0,0.0,0.0
38.91621420206537,10,100548.67,2,0,0,136983.77,2,0.0,1.0,0.0,0.0
40.0,2,164948.98,3,0,0,177028.0,2,0.0,1.0,0.0,1.0
35.0,6,0.0,2,1,1,80618.47,0,1.0,0.0,0.0,0.0
47.0,8,142382.03,1,1,1,62086.62,4,1.0,0.0,0.0,1.0
34.0,1,101736.66,1,0,1,195651.66,1,0.0,1.0,0.0,0.0
34.0,3,126729.41,1,1,1,26106.39,2,0.0,1.0,0.0,1.0
42.0,0,147187.84,1,1,1,14868.94,0,0.0,0.0,1.0,0.0
45.0,8,150900.29,2,0,1,139889.15,3,0.0,0.0,1.0,1.0
42.0,7,0.0,2,1,0,144039.05,1,1.0,0.0,0.0,0.0
37.0,9,108308.11,1,1,0,41788.25,4,0.0,1.0,0.0,1.0
34.0,7,140694.78,2,1,0,46266.63,1,0.0,0.0,1.0,1.0
39.0,7,0.0,2,0,1,36267.21,2,1.0,0.0,0.0,1.0
33.0,2,147229.65,1,1,1,56410.17,2,1.0,0.0,0.0,0.0
41.0,2,138014.4,2,1,0,140298.24,2,0.0,1.0,0.0,1.0
33.0,0,103471.52,1,1,1,162703.0,2,0.0,1.0,0.0,1.0
34.0,2,0.0,2,1,1,118863.38,3,1.0,0.0,0.0,0.0
31.0,2,0.0,2,1,0,8222.96,4,1.0,0.0,0.0,1.0
29.0,2,27755.97,1,1,0,97468.44,0,0.0,0.0,1.0,0.0
37.0,1,133043.66,1,0,0,111243.09,1,1.0,0.0,0.0,1.0
39.0,4,0.0,2,0,1,47455.82,3,1.0,0.0,0.0,0.0
27.0,1,0.0,2,1,1,37769.98,0,1.0,0.0,0.0,0.0
29.0,10,0.0,2,0,1,25514.77,0,1.0,0.0,0.0,1.0
21.0,7,0.0,2,0,0,175743.92,0,1.0,0.0,0.0,0.0
36.0,1,67087.69,1,1,0,154775.7,1,1.0,0.0,0.0,1.0
55.0,0,98710.89,1,1,1,83617.17,4,0.0,1.0,0.0,1.0
38.0,4,71018.6,2,1,0,2444.29,1,1.0,0.0,0.0,1.0
35.0,1,130463.55,2,1,1,37341.17,3,0.0,1.0,0.0,1.0
29.0,2,0.0,2,1,1,1591.19,1,0.0,0.0,1.0,1.0
46.0,6,0.0,2,1,0,45886.33,1,0.0,0.0,1.0,1.0
35.0,2,158584.28,2,1,0,43640.16,0,0.0,1.0,0.0,1.0
30.0,9,0.0,2,0,1,157884.83,2,0.0,0.0,1.0,0.0
55.0,4,115285.85,1,1,0,140126.17,4,1.0,0.0,0.0,1.0
30.0,10,0.0,2,1,0,19500.1,3,0.0,0.0,1.0,0.0
55.0,8,136354.16,1,1,1,93769.89,2,1.0,0.0,0.0,0.0
34.0,4,0.0,2,1,0,68343.08,0,1.0,0.0,0.0,1.0
38.91621420206537,6,106036.52,1,1,0,194686.78,4,1.0,0.0,0.0,1.0
31.0,6,0.0,2,1,1,2382.61,2,1.0,0.0,0.0,1.0
68.0,4,114386.85,1,1,1,28601.68,3,0.0,0.0,1.0,1.0
42.0,2,0.0,2,1,0,145222.93,3,1.0,0.0,0.0,0.0
40.0,8,153537.57,2,0,0,23101.13,0,0.0,1.0,0.0,0.0
40.0,4,0.0,2,0,0,182547.04,0,1.0,0.0,0.0,0.0
25.0,7,0.0,2,1,0,18461.9,4,0.0,0.0,1.0,1.0
48.0,9,118317.27,4,0,0,78702.98,2,1.0,0.0,0.0,1.0
62.0,2,0.0,2,0,0,42763.12,0,1.0,0.0,0.0,1.0
70.0,9,0.0,1,1,1,122996.76,0,1.0,0.0,0.0,0.0
35.0,8,0.0,2,1,1,116581.1,4,0.0,0.0,1.0,0.0
20.0,3,0.0,2,1,1,149613.77,1,1.0,0.0,0.0,1.0
42.0,4,105420.18,1,0,1,121409.06,4,1.0,0.0,0.0,1.0
31.0,0,79340.95,1,1,0,78255.86,1,1.0,0.0,0.0,0.0
31.0,5,0.0,2,1,1,20346.69,2,0.0,0.0,1.0,1.0
31.0,1,0.0,2,1,1,58469.75,4,0.0,0.0,1.0,1.0
38.0,4,124976.19,1,1,0,35848.12,0,1.0,0.0,0.0,1.0
38.91621420206537,7,139972.18,1,1,0,143668.58,2,1.0,0.0,0.0,0.0
39.0,6,121681.91,2,0,1,61793.47,2,0.0,1.0,0.0,1.0
30.0,4,107879.04,1,0,1,196894.62,1,1.0,0.0,0.0,0.0
40.0,3,141004.46,1,1,0,105028.46,0,1.0,0.0,0.0,1.0
40.0,1,146502.07,1,1,0,19162.89,2,0.0,0.0,1.0,0.0
42.0,6,107104.5,1,1,1,41304.44,0,0.0,1.0,0.0,1.0
26.0,1,112930.28,2,1,0,22095.73,1,0.0,1.0,0.0,1.0
48.0,7,123764.95,1,1,1,169952.82,3,1.0,0.0,0.0,1.0
51.0,10,114514.71,2,1,0,177784.68,0,0.0,1.0,0.0,1.0
63.0,9,70655.48,1,0,0,78955.8,1,1.0,0.0,0.0,1.0
28.0,7,110976.23,2,1,0,138526.96,0,1.0,0.0,0.0,1.0
38.91621420206537,3,0.0,2,1,1,89804.83,4,1.0,0.0,0.0,0.0
34.0,6,90723.36,1,1,1,12162.76,0,0.0,0.0,1.0,1.0
49.0,2,108204.52,1,1,0,169037.84,2,0.0,1.0,0.0,1.0
42.0,0,99948.45,1,0,1,97338.62,0,0.0,1.0,0.0,0.0
40.0,4,89025.88,2,1,0,188892.19,2,0.0,1.0,0.0,1.0
49.0,3,168197.66,1,1,0,140765.57,3,1.0,0.0,0.0,0.0
25.0,5,182876.88,2,1,1,42537.59,2,0.0,0.0,1.0,1.0
38.0,8,99640.89,1,1,0,12429.22,3,0.0,0.0,1.0,1.0
30.0,10,144684.03,1,1,1,31805.49,3,1.0,0.0,0.0,1.0
46.0,4,0.0,1,1,0,22372.78,0,0.0,0.0,1.0,1.0
33.0,9,112528.65,2,1,0,177362.45,3,1.0,0.0,0.0,0.0
41.0,10,0.0,2,0,1,47468.56,3,0.0,0.0,1.0,0.0
31.0,9,0.0,2,1,0,169278.51,4,1.0,0.0,0.0,1.0
37.0,5,164858.18,1,1,1,173516.71,4,1.0,0.0,0.0,1.0
35.0,2,0.0,2,1,1,114190.3,1,1.0,0.0,0.0,1.0
29.0,3,121890.06,1,1,0,54530.51,2,0.0,1.0,0.0,1.0
36.0,6,0.0,1,0,0,152128.36,3,1.0,0.0,0.0,0.0
30.0,4,169462.09,1,1,0,112187.11,1,1.0,0.0,0.0,1.0
33.0,3,83501.66,2,1,0,128841.31,4,0.0,1.0,0.0,1.0
37.0,3,141803.77,1,0,1,179421.84,4,1.0,0.0,0.0,1.0
41.0,8,68213.99,1,1,1,6382.46,2,1.0,0.0,0.0,0.0
33.0,5,121898.58,1,1,0,61829.89,3,0.0,1.0,0.0,1.0
47.0,3,0.0,2,1,0,171774.5,1,1.0,0.0,0.0,1.0
34.0,3,128743.55,1,1,0,134851.12,0,1.0,0.0,0.0,1.0
37.0,2,186347.97,2,1,0,92809.73,2,1.0,0.0,0.0,1.0
44.0,6,98862.54,1,1,0,151516.7,3,1.0,0.0,0.0,1.0
31.0,7,104158.84,1,1,0,134169.85,2,1.0,0.0,0.0,0.0
40.0,7,0.0,2,1,0,183963.34,2,1.0,0.0,0.0,0.0
32.0,8,0.0,2,1,1,55593.8,4,1.0,0.0,0.0,0.0
52.0,10,105355.81,1,1,0,123.07,3,1.0,0.0,0.0,1.0
38.91621420206537,2,0.0,1,0,0,110900.43,1,1.0,0.0,0.0,0.0
21.0,9,120150.39,2,1,1,33964.03,2,1.0,0.0,0.0,0.0
41.0,4,130385.82,1,0,1,130661.95,1,1.0,0.0,0.0,1.0
48.0,3,80697.44,1,0,0,101397.86,2,0.0,1.0,0.0,1.0
23.0,2,0.0,1,1,0,122964.18,1,1.0,0.0,0.0,0.0
45.0,6,0.0,1,0,0,158684.81,1,0.0,0.0,1.0,1.0
35.0,4,123557.65,2,0,1,170903.4,1,0.0,0.0,1.0,1.0
34.0,3,122726.56,1,1,1,46772.36,0,0.0,1.0,0.0,1.0
26.0,7,0.0,2,1,0,110253.2,1,0.0,0.0,1.0,0.0
48.0,8,115713.84,2,0,0,83210.84,2,1.0,0.0,0.0,0.0
43.0,7,178074.33,1,0,0,110405.9,3,1.0,0.0,0.0,0.0
26.0,4,139848.17,1,1,0,164696.27,2,1.0,0.0,0.0,1.0
49.0,4,154344.49,2,1,1,38794.57,3,1.0,0.0,0.0,1.0
36.0,7,0.0,1,1,1,13177.4,4,1.0,0.0,0.0,1.0
34.0,9,114609.55,2,0,1,25339.29,3,0.0,0.0,1.0,1.0
36.0,1,0.0,3,1,1,74048.1,2,0.0,0.0,1.0,1.0
18.0,2,142872.36,1,1,1,117632.63,4,0.0,1.0,0.0,1.0
73.0,6,0.0,2,0,1,107867.38,4,1.0,0.0,0.0,0.0
40.0,7,105061.74,3,1,0,107815.31,3,1.0,0.0,0.0,0.0
45.0,1,162150.42,2,1,0,174531.27,4,0.0,1.0,0.0,0.0
45.0,3,146758.24,1,1,0,48466.89,3,1.0,0.0,0.0,1.0
26.0,5,0.0,2,1,1,64716.08,4,1.0,0.0,0.0,0.0
33.0,7,134678.13,1,1,0,113177.95,4,0.0,1.0,0.0,0.0
27.0,6,96654.72,2,0,0,152740.16,4,1.0,0.0,0.0,1.0
35.0,9,0.0,2,1,0,11743.89,1,1.0,0.0,0.0,1.0
51.0,1,124662.54,1,1,1,65390.46,0,1.0,0.0,0.0,0.0
33.0,7,135310.41,2,0,1,171668.2,2,0.0,1.0,0.0,1.0
40.0,7,106901.42,2,0,0,118045.98,0,0.0,1.0,0.0,1.0
59.0,3,0.0,2,1,1,62700.08,3,1.0,0.0,0.0,0.0
42.0,0,109121.71,1,0,1,167873.49,3,0.0,0.0,1.0,1.0
31.0,8,0.0,2,1,1,28407.4,4,1.0,0.0,0.0,1.0
28.0,1,127289.28,1,0,0,45611.51,1,0.0,0.0,1.0,1.0
67.0,7,0.0,3,1,1,82782.08,3,1.0,0.0,0.0,0.0
39.0,1,121523.51,1,0,0,161655.55,1,0.0,1.0,0.0,1.0
35.0,2,90865.8,1,1,1,86764.46,2,1.0,0.0,0.0,0.0
39.0,9,140553.46,1,0,0,12440.44,0,0.0,0.0,1.0,0.0
41.0,9,0.0,2,1,0,13871.34,0,1.0,0.0,0.0,1.0
33.0,1,0.0,1,0,0,41590.4,3,1.0,0.0,0.0,1.0
34.0,9,0.0,1,1,1,66695.71,3,0.0,0.0,1.0,1.0
35.0,4,93934.63,1,1,0,184748.23,1,1.0,0.0,0.0,0.0
47.0,3,93578.68,2,0,1,137720.56,1,1.0,0.0,0.0,1.0
36.0,8,167983.17,2,1,1,106714.28,4,0.0,1.0,0.0,1.0
25.0,7,131402.21,1,0,0,193668.49,0,0.0,1.0,0.0,0.0
37.0,10,0.0,2,1,0,100862.54,3,0.0,0.0,1.0,1.0
22.0,4,0.0,2,1,1,11525.72,3,1.0,0.0,0.0,0.0
42.0,6,126704.49,2,1,0,41682.3,1,0.0,1.0,0.0,1.0
46.0,8,167795.6,1,0,1,44390.38,1,1.0,0.0,0.0,0.0
35.0,5,129828.58,1,1,1,181918.26,4,0.0,1.0,0.0,1.0
41.0,4,103544.88,2,1,0,193746.55,2,1.0,0.0,0.0,1.0
32.0,1,96408.98,1,1,1,138191.81,4,0.0,1.0,0.0,0.0
60.0,6,88541.57,2,1,1,131718.12,4,1.0,0.0,0.0,1.0
32.0,4,0.0,1,1,1,180622.02,4,1.0,0.0,0.0,1.0
40.0,3,0.0,2,0,1,167636.15,3,1.0,0.0,0.0,0.0
34.0,1,0.0,1,1,0,139919.38,1,0.0,0.0,1.0,1.0
39.0,6,127415.85,1,1,1,184977.2,3,0.0,1.0,0.0,1.0
35.0,2,109342.82,2,0,1,86043.27,3,0.0,1.0,0.0,1.0
40.0,7,0.0,2,1,0,10712.82,2,1.0,0.0,0.0,0.0
39.0,8,101928.51,1,0,0,89205.54,2,1.0,0.0,0.0,0.0
26.0,1,0.0,2,0,0,121551.93,0,1.0,0.0,0.0,1.0
40.0,0,109542.29,1,1,1,166370.81,0,1.0,0.0,0.0,1.0
51.0,9,156773.78,2,1,0,40257.79,4,1.0,0.0,0.0,1.0
37.0,7,0.0,1,1,1,185210.63,2,1.0,0.0,0.0,0.0
41.0,8,102768.42,1,1,0,55663.85,2,1.0,0.0,0.0,1.0
31.0,5,0.0,2,1,0,9561.73,3,0.0,0.0,1.0,1.0
37.0,2,0.0,2,1,0,182258.17,2,1.0,0.0,0.0,1.0
35.0,5,0.0,1,1,1,54209.02,0,1.0,0.0,0.0,0.0
37.0,1,0.0,2,1,1,124364.63,3,1.0,0.0,0.0,0.0
29.0,7,0.0,2,1,1,138145.62,2,1.0,0.0,0.0,1.0
57.0,1,0.0,1,0,0,131372.38,0,1.0,0.0,0.0,0.0
48.0,1,0.0,2,1,1,110059.38,0,1.0,0.0,0.0,1.0
43.0,10,122198.21,2,0,1,179144.54,2,1.0,0.0,0.0,1.0
34.0,2,144318.97,1,1,0,112668.06,0,1.0,0.0,0.0,1.0
33.0,9,150412.14,2,1,0,170764.08,3,0.0,1.0,0.0,0.0
32.0,4,127845.83,1,1,0,66469.2,0,1.0,0.0,0.0,1.0
27.0,8,0.0,1,1,1,188007.99,2,0.0,0.0,1.0,1.0
61.0,1,66101.89,1,1,1,143981.27,4,0.0,1.0,0.0,0.0
37.0,6,83568.55,1,1,0,47046.72,2,1.0,0.0,0.0,1.0
52.0,0,185891.54,1,1,1,46369.57,3,1.0,0.0,0.0,0.0
37.0,9,115569.21,1,0,1,119782.89,4,0.0,1.0,0.0,1.0
44.0,1,152086.15,1,0,1,44719.5,1,0.0,1.0,0.0,0.0
47.0,5,142669.93,2,1,0,162760.96,4,1.0,0.0,0.0,1.0
43.0,9,0.0,2,1,1,78858.07,0,1.0,0.0,0.0,1.0
37.0,3,132623.6,1,1,1,58974.0,4,1.0,0.0,0.0,1.0
43.0,10,146547.78,1,0,1,10072.55,3,0.0,1.0,0.0,0.0
32.0,8,93012.89,1,1,0,86957.42,1,1.0,0.0,0.0,1.0
31.0,1,109848.6,1,1,1,42012.55,4,1.0,0.0,0.0,0.0
38.91621420206537,2,170241.7,2,1,1,165407.96,0,1.0,0.0,0.0,1.0
41.0,6,0.0,1,1,0,65170.66,1,1.0,0.0,0.0,0.0
45.0,0,164649.52,3,1,0,49915.52,0,1.0,0.0,0.0,0.0
49.0,4,169377.31,1,1,1,123535.05,1,0.0,1.0,0.0,1.0
31.0,4,129722.57,1,0,0,41176.6,3,1.0,0.0,0.0,1.0
38.91621420206537,2,134571.5,1,0,1,118313.38,4,1.0,0.0,0.0,0.0
52.0,8,170008.84,1,0,0,56407.42,2,1.0,0.0,0.0,1.0
45.0,5,92786.66,1,1,0,173365.9,2,1.0,0.0,0.0,0.0
30.0,7,0.0,1,1,0,107067.37,0,0.0,0.0,1.0,0.0
38.0,9,0.0,1,0,1,90490.33,2,0.0,0.0,1.0,1.0
32.0,7,178011.5,2,1,0,22375.14,0,1.0,0.0,0.0,1.0
29.0,9,139106.19,1,1,0,141872.05,4,0.0,1.0,0.0,0.0
30.0,8,134497.27,1,0,0,43250.54,2,0.0,1.0,0.0,1.0
31.0,1,130240.33,1,0,0,96546.55,4,0.0,1.0,0.0,1.0
37.0,7,121854.45,1,1,0,147521.35,0,1.0,0.0,0.0,1.0
32.0,1,159397.75,1,0,1,57323.18,0,0.0,0.0,1.0,0.0
38.91621420206537,9,0.0,1,1,0,113505.93,3,1.0,0.0,0.0,1.0
51.0,10,84474.62,2,1,1,190937.09,1,0.0,0.0,1.0,0.0
40.0,6,0.0,2,1,0,109742.55,4,1.0,0.0,0.0,1.0
39.0,6,62052.28,1,0,1,59755.14,0,0.0,0.0,1.0,0.0
48.0,2,0.0,2,1,1,95794.98,1,0.0,0.0,1.0,0.0
37.0,2,120328.88,2,1,1,138470.21,3,1.0,0.0,0.0,0.0
38.0,3,0.0,2,0,1,179360.76,4,0.0,0.0,1.0,0.0
47.0,1,91219.29,1,0,0,158845.49,3,0.0,1.0,0.0,0.0
45.0,3,104339.11,2,1,1,183540.22,0,0.0,1.0,0.0,1.0
19.0,3,113905.48,1,1,1,176137.2,2,0.0,1.0,0.0,0.0
27.0,2,0.0,2,1,0,22404.64,0,0.0,0.0,1.0,1.0
21.0,8,153344.72,1,1,1,163295.87,3,0.0,1.0,0.0,1.0
26.0,9,74681.9,2,0,0,31231.35,1,1.0,0.0,0.0,1.0
56.0,5,110802.03,1,1,1,50230.31,3,0.0,0.0,1.0,1.0
47.0,5,0.0,2,1,1,38970.14,0,0.0,0.0,1.0,0.0
38.0,3,166328.65,2,0,1,22614.19,0,1.0,0.0,0.0,0.0
38.91621420206537,0,0.0,2,1,1,81140.09,1,1.0,0.0,0.0,1.0
42.0,6,0.0,2,1,1,95804.33,4,1.0,0.0,0.0,1.0
25.0,7,0.0,3,1,1,9679.28,3,1.0,0.0,0.0,0.0
38.0,1,0.0,2,0,0,44653.5,3,1.0,0.0,0.0,1.0
43.0,8,132558.26,1,1,0,67046.83,1,1.0,0.0,0.0,0.0
25.0,6,0.0,2,1,0,129740.11,4,0.0,0.0,1.0,1.0
33.0,5,135658.73,2,0,1,39755.0,3,1.0,0.0,0.0,1.0
34.0,2,96152.68,2,1,0,143711.02,4,0.0,1.0,0.0,1.0
18.0,1,0.0,2,0,0,41542.95,4,0.0,0.0,1.0,1.0
34.0,6,146178.13,2,1,1,88837.11,3,1.0,0.0,0.0,1.0
34.0,4,142929.16,2,1,1,114869.56,4,0.0,1.0,0.0,1.0
32.0,9,121455.65,1,1,0,190068.53,2,1.0,0.0,0.0,1.0
38.91621420206537,8,153572.31,2,1,1,76679.6,1,0.0,1.0,0.0,1.0
27.0,1,154483.98,1,1,0,156394.74,1,1.0,0.0,0.0,1.0
32.0,7,92199.84,1,1,1,2755.53,1,1.0,0.0,0.0,1.0
41.0,3,81877.38,1,1,1,33642.21,2,0.0,1.0,0.0,0.0
33.0,0,141816.25,1,1,0,64815.05,2,0.0,1.0,0.0,0.0
50.0,9,0.0,1,0,0,166677.35,4,0.0,0.0,1.0,1.0
44.0,10,0.0,2,0,1,166707.22,2,1.0,0.0,0.0,1.0
78.0,6,47536.4,1,1,1,119400.08,2,1.0,0.0,0.0,0.0
35.0,4,0.0,2,0,0,9541.15,0,0.0,0.0,1.0,1.0
42.0,3,0.0,2,0,0,82565.01,3,1.0,0.0,0.0,0.0
37.0,6,0.0,2,1,0,51229.17,2,1.0,0.0,0.0,0.0
33.0,1,0.0,3,0,0,178067.33,2,1.0,0.0,0.0,1.0
42.0,1,103873.39,1,1,0,148611.52,2,0.0,1.0,0.0,0.0
27.0,2,0.0,2,0,1,114685.92,2,1.0,0.0,0.0,0.0
42.0,5,0.0,1,1,0,196466.83,4,1.0,0.0,0.0,1.0
52.0,4,0.0,1,1,1,52759.82,4,0.0,0.0,1.0,1.0
58.0,2,128137.42,2,1,0,147635.33,2,0.0,1.0,0.0,1.0
38.0,7,111484.88,1,1,1,76076.2,3,0.0,0.0,1.0,1.0
23.0,1,96471.2,1,1,0,35550.97,0,1.0,0.0,0.0,1.0
36.0,3,0.0,2,1,1,48505.1,4,0.0,0.0,1.0,0.0
39.0,1,90217.07,1,1,0,191350.48,0,1.0,0.0,0.0,0.0
37.0,7,0.0,2,1,0,194238.92,2,1.0,0.0,0.0,0.0
39.0,4,79896.0,1,1,0,38466.39,2,0.0,1.0,0.0,1.0
41.0,6,135071.12,1,1,1,64477.25,3,1.0,0.0,0.0,1.0
52.0,7,0.0,1,1,0,109688.82,3,0.0,0.0,1.0,0.0
43.0,10,123180.01,2,1,1,196673.28,4,0.0,1.0,0.0,1.0
42.0,8,133767.19,1,1,0,36405.21,3,1.0,0.0,0.0,1.0
40.0,4,0.0,1,1,0,70154.22,0,0.0,0.0,1.0,1.0
33.0,4,0.0,2,0,1,83700.66,1,1.0,0.0,0.0,0.0
41.0,7,179915.85,1,0,0,14666.35,1,0.0,0.0,1.0,0.0
32.0,1,117094.02,1,0,0,149558.83,3,1.0,0.0,0.0,0.0
46.0,2,0.0,1,1,1,177423.02,2,1.0,0.0,0.0,1.0
32.0,7,107871.72,1,1,0,125302.64,0,1.0,0.0,0.0,1.0
38.91621420206537,5,179305.09,1,1,1,149043.78,1,1.0,0.0,0.0,1.0
31.0,1,117020.08,2,1,0,54439.53,3,0.0,1.0,0.0,1.0
37.0,6,0.0,2,1,0,141998.89,0,1.0,0.0,0.0,1.0
38.91621420206537,5,0.0,2,1,1,185201.58,1,0.0,0.0,1.0,0.0
31.0,5,125341.69,1,1,0,79547.39,0,0.0,0.0,1.0,0.0
38.91621420206537,3,90605.29,1,1,1,14357.0,3,1.0,0.0,0.0,1.0
39.0,9,159492.79,1,1,0,80582.34,1,0.0,1.0,0.0,1.0
44.0,7,193213.02,2,1,1,137392.77,1,0.0,0.0,1.0,0.0
47.0,7,86006.21,1,1,1,37973.13,4,0.0,0.0,1.0,1.0
51.0,1,118537.47,1,1,1,116912.45,3,1.0,0.0,0.0,1.0
41.0,8,121558.46,1,1,1,598.8,1,1.0,0.0,0.0,0.0
57.0,8,112281.6,3,1,0,140225.14,4,0.0,1.0,0.0,0.0
56.0,4,0.0,2,1,0,84644.76,3,0.0,0.0,1.0,0.0
38.91621420206537,0,0.0,2,0,0,189683.7,1,0.0,0.0,1.0,1.0
43.0,9,0.0,2,1,1,34338.04,2,1.0,0.0,0.0,1.0
32.0,8,110923.15,2,1,1,161845.81,3,1.0,0.0,0.0,0.0
72.0,8,98765.84,1,1,1,96015.53,1,0.0,0.0,1.0,0.0
40.0,4,0.0,1,0,1,105352.55,3,1.0,0.0,0.0,1.0
31.0,4,0.0,1,1,0,25950.49,0,1.0,0.0,0.0,1.0
42.0,4,148283.94,1,1,1,44692.63,3,1.0,0.0,0.0,0.0
35.0,10,0.0,2,1,0,71594.26,3,1.0,0.0,0.0,1.0
28.0,7,117466.03,2,1,1,34490.06,2,0.0,1.0,0.0,1.0
38.91621420206537,1,0.0,2,1,0,21785.91,4,1.0,0.0,0.0,1.0
38.91621420206537,0,78126.28,1,1,1,153482.91,1,0.0,0.0,1.0,0.0
49.0,5,140510.89,1,1,0,141914.94,3,0.0,1.0,0.0,0.0
37.0,7,0.0,2,1,0,17040.82,3,1.0,0.0,0.0,0.0
28.0,0,96213.82,2,1,0,147913.56,0,0.0,1.0,0.0,1.0
38.91621420206537,5,126111.61,1,0,1,133961.19,1,0.0,1.0,0.0,1.0
38.0,9,151766.71,1,1,1,180829.99,4,0.0,1.0,0.0,0.0
33.0,2,0.0,2,0,0,130866.95,3,1.0,0.0,0.0,1.0
38.91621420206537,4,127552.85,2,1,0,4225.11,4,0.0,1.0,0.0,1.0
47.0,6,0.0,2,1,1,129392.75,2,1.0,0.0,0.0,0.0
25.0,5,0.0,2,1,1,163221.22,0,0.0,0.0,1.0,1.0
37.0,5,115345.86,2,0,0,168781.8,2,1.0,0.0,0.0,1.0
38.0,4,113607.47,1,1,0,91094.46,4,0.0,0.0,1.0,1.0
92.0,1,126076.24,2,1,1,34436.83,3,1.0,0.0,0.0,1.0
35.0,7,79858.13,2,1,1,127977.66,3,0.0,0.0,1.0,0.0
74.0,6,0.0,2,1,0,123583.85,2,1.0,0.0,0.0,1.0
48.0,5,139714.4,2,0,0,73066.72,3,0.0,1.0,0.0,1.0
35.0,4,0.0,1,1,0,125518.32,3,1.0,0.0,0.0,0.0
39.0,8,0.0,2,1,1,33949.67,4,1.0,0.0,0.0,1.0
69.0,1,107569.96,1,1,1,182336.45,1,0.0,0.0,1.0,0.0
41.0,2,114206.84,1,1,0,164061.6,1,0.0,1.0,0.0,0.0
38.91621420206537,1,132862.59,1,0,0,158054.49,2,0.0,0.0,1.0,1.0
29.0,1,0.0,2,0,0,152996.89,4,1.0,0.0,0.0,1.0
46.0,3,151709.33,1,1,0,180736.24,3,0.0,0.0,1.0,0.0
38.91621420206537,7,0.0,2,0,1,122518.5,3,1.0,0.0,0.0,0.0
40.0,2,70291.02,1,1,1,115468.84,3,0.0,0.0,1.0,1.0
33.0,0,0.0,2,1,0,1474.79,3,1.0,0.0,0.0,1.0
30.0,3,0.0,2,0,1,17104.0,2,1.0,0.0,0.0,1.0
36.0,4,83543.37,1,0,0,140134.43,0,1.0,0.0,0.0,1.0
38.91621420206537,4,105214.58,1,1,0,108699.59,3,0.0,1.0,0.0,0.0
56.0,0,119963.45,1,0,0,158325.87,2,1.0,0.0,0.0,0.0
34.0,7,0.0,2,1,1,180427.24,2,1.0,0.0,0.0,1.0
40.0,2,200322.45,1,1,1,113244.73,1,0.0,0.0,1.0,0.0
49.0,8,142946.18,1,0,0,187280.51,3,0.0,1.0,0.0,1.0
35.0,4,125920.98,1,1,1,20393.44,0,0.0,0.0,1.0,1.0
44.0,6,60603.4,1,1,1,178045.97,4,0.0,0.0,1.0,0.0
32.0,1,59271.82,1,1,1,46019.43,3,1.0,0.0,0.0,1.0
31.0,7,0.0,1,1,0,35408.77,1,1.0,0.0,0.0,1.0
77.0,6,0.0,2,1,1,49054.1,0,1.0,0.0,0.0,0.0
28.0,6,128396.33,2,1,0,79919.97,0,0.0,0.0,1.0,1.0
38.91621420206537,8,119152.1,2,1,1,170679.74,0,0.0,1.0,0.0,1.0
35.0,1,115024.5,1,0,1,169665.79,2,0.0,0.0,1.0,1.0
42.0,9,181627.14,2,1,0,172668.39,0,0.0,1.0,0.0,1.0
38.91621420206537,4,0.0,2,1,1,159676.55,3,0.0,0.0,1.0,0.0
51.0,4,95560.04,1,0,0,72628.84,2,0.0,1.0,0.0,0.0
25.0,1,157848.53,1,0,0,37543.93,2,1.0,0.0,0.0,1.0
25.0,9,81732.88,2,1,0,136497.28,4,0.0,1.0,0.0,0.0
36.0,6,188455.19,1,0,0,47031.4,2,1.0,0.0,0.0,1.0
28.0,4,0.0,2,1,0,177703.15,4,1.0,0.0,0.0,0.0
37.0,8,0.0,1,1,1,186062.36,2,0.0,0.0,1.0,1.0
37.0,2,0.0,2,1,0,119969.99,4,0.0,0.0,1.0,1.0
38.0,8,59360.77,1,1,1,191457.06,1,1.0,0.0,0.0,1.0
67.0,4,145981.87,1,1,1,131043.2,2,1.0,0.0,0.0,1.0
46.0,2,0.0,2,1,1,59563.49,1,1.0,0.0,0.0,1.0
38.0,5,126473.99,1,1,0,91972.49,1,0.0,0.0,1.0,1.0
47.0,2,125724.95,2,1,0,63236.97,2,1.0,0.0,0.0,0.0
49.0,8,98649.55,1,1,0,119174.88,4,0.0,1.0,0.0,1.0
40.0,8,160272.27,1,1,0,49656.24,3,1.0,0.0,0.0,1.0
43.0,3,127940.47,1,0,0,125140.72,1,0.0,1.0,0.0,0.0
22.0,9,67178.19,1,1,1,163534.75,1,0.0,0.0,1.0,0.0
29.0,1,146652.01,1,1,1,173486.39,3,1.0,0.0,0.0,0.0
31.0,9,0.0,2,1,0,84126.75,4,1.0,0.0,0.0,0.0
36.0,4,0.0,2,1,0,31422.69,4,1.0,0.0,0.0,1.0
42.0,4,108825.34,3,1,0,55558.51,1,1.0,0.0,0.0,0.0
28.0,2,163569.61,2,1,1,154559.28,4,1.0,0.0,0.0,1.0
36.0,4,135438.4,1,0,0,190627.01,4,1.0,0.0,0.0,0.0
51.0,1,104682.83,1,1,0,55266.96,2,0.0,1.0,0.0,1.0
46.0,5,0.0,2,1,0,179908.71,3,1.0,0.0,0.0,1.0
35.0,8,131101.04,1,1,1,192852.67,1,0.0,1.0,0.0,0.0
33.0,3,122134.4,2,0,1,27867.59,4,0.0,0.0,1.0,0.0
38.91621420206537,8,84692.5,1,0,1,67214.02,1,0.0,0.0,1.0,1.0
31.0,6,105864.6,2,1,0,145567.34,2,0.0,1.0,0.0,0.0
50.0,1,121399.98,1,0,1,84508.44,0,0.0,1.0,0.0,1.0
38.0,5,114753.76,1,1,0,107665.02,3,0.0,1.0,0.0,0.0
42.0,6,0.0,1,0,0,149807.01,2,1.0,0.0,0.0,1.0
47.0,5,170935.94,1,1,0,173179.79,3,0.0,1.0,0.0,0.0
57.0,7,0.0,1,1,0,17941.16,3,0.0,0.0,1.0,1.0
40.0,7,0.0,1,0,1,152876.13,3,1.0,0.0,0.0,1.0
55.0,1,137592.31,2,0,1,116548.02,0,0.0,1.0,0.0,0.0
52.0,1,0.0,3,1,1,104035.41,0,1.0,0.0,0.0,1.0
51.0,3,123981.31,2,1,1,40546.15,2,1.0,0.0,0.0,0.0
45.0,4,0.0,2,1,0,37214.39,3,0.0,0.0,1.0,0.0
37.0,6,0.0,2,1,1,119484.01,4,0.0,0.0,1.0,1.0
28.0,5,0.0,2,1,1,93959.96,3,0.0,0.0,1.0,0.0
38.0,2,169824.46,1,1,0,169291.7,4,1.0,0.0,0.0,0.0
35.0,2,86911.8,1,1,0,174094.24,2,1.0,0.0,0.0,1.0
39.0,6,132628.98,1,0,0,38812.67,2,0.0,0.0,1.0,1.0
38.0,6,63176.44,2,1,1,14466.08,1,0.0,1.0,0.0,1.0
41.0,10,0.0,2,0,1,97213.09,1,1.0,0.0,0.0,1.0
40.0,7,0.0,2,1,0,176547.8,0,1.0,0.0,0.0,0.0
41.0,0,0.0,1,1,0,128400.62,3,1.0,0.0,0.0,1.0
27.0,8,0.0,2,0,0,121821.16,4,0.0,0.0,1.0,0.0
32.0,5,61825.5,1,1,1,156124.93,3,0.0,1.0,0.0,1.0
35.0,5,128653.59,1,1,0,127558.26,0,1.0,0.0,0.0,1.0
35.0,7,0.0,2,0,0,122899.01,2,0.0,0.0,1.0,1.0
51.0,4,109978.83,1,0,0,177740.58,1,0.0,1.0,0.0,1.0
41.0,10,108309.0,4,1,1,137510.41,4,1.0,0.0,0.0,0.0
37.0,6,82373.94,1,0,0,172526.9,1,1.0,0.0,0.0,1.0
35.0,7,0.0,2,1,0,77951.84,4,1.0,0.0,0.0,1.0
38.0,5,110570.78,2,1,0,195906.59,2,1.0,0.0,0.0,0.0
38.91621420206537,5,0.0,2,1,0,126933.73,0,0.0,0.0,1.0,1.0
51.0,3,104677.09,1,1,0,74265.38,4,0.0,1.0,0.0,1.0
29.0,7,80895.44,2,1,0,64945.57,4,0.0,0.0,1.0,1.0
43.0,9,108589.47,2,0,1,194808.51,3,0.0,1.0,0.0,1.0
51.0,7,144244.59,2,1,0,51113.14,0,0.0,1.0,0.0,1.0
57.0,9,111359.55,2,1,0,105715.01,3,1.0,0.0,0.0,0.0
43.0,7,0.0,2,1,0,52534.81,1,1.0,0.0,0.0,1.0
34.0,3,144751.81,1,0,0,166472.81,4,1.0,0.0,0.0,0.0
59.0,4,110939.3,1,1,0,72846.58,0,0.0,1.0,0.0,1.0
35.0,1,0.0,2,1,0,101667.0,0,0.0,0.0,1.0,0.0
45.0,6,97652.96,1,1,0,127332.33,4,0.0,1.0,0.0,0.0
45.0,5,155447.65,2,1,0,51871.95,2,0.0,1.0,0.0,0.0
37.0,8,140894.06,2,1,1,118059.19,0,0.0,1.0,0.0,1.0
31.0,9,82293.82,2,1,1,91565.25,0,0.0,1.0,0.0,1.0
35.0,1,0.0,2,0,0,186826.22,2,0.0,0.0,1.0,1.0
30.0,7,139872.81,1,1,0,188795.85,2,0.0,1.0,0.0,0.0
44.0,5,0.0,1,1,1,117356.14,3,1.0,0.0,0.0,1.0
43.0,7,81153.82,1,1,1,144532.85,2,0.0,0.0,1.0,0.0
35.0,6,79388.33,1,1,1,193360.69,4,0.0,0.0,1.0,1.0
44.0,2,119657.53,1,1,0,145387.05,3,0.0,1.0,0.0,0.0
64.0,1,0.0,2,1,1,53710.23,1,1.0,0.0,0.0,1.0
40.0,8,0.0,2,1,0,3560.0,0,0.0,0.0,1.0,0.0
48.0,5,118469.38,1,1,1,158590.25,1,1.0,0.0,0.0,1.0
45.0,2,119852.01,1,0,0,73853.94,4,0.0,1.0,0.0,1.0
38.91621420206537,8,0.0,1,0,1,76456.17,1,1.0,0.0,0.0,0.0
62.0,5,0.0,2,0,1,38652.96,3,1.0,0.0,0.0,1.0
28.0,2,123802.98,2,1,1,155846.69,0,0.0,1.0,0.0,0.0
54.0,4,0.0,2,1,1,7166.71,0,0.0,0.0,1.0,0.0
42.0,8,187534.79,1,1,1,32900.41,2,1.0,0.0,0.0,1.0
38.0,0,0.0,2,1,1,38015.34,1,0.0,0.0,1.0,1.0
41.0,4,124182.21,1,0,0,100153.43,4,1.0,0.0,0.0,1.0
46.0,7,0.0,2,1,0,117273.35,3,0.0,0.0,1.0,1.0
31.0,9,79019.8,1,1,1,18606.23,4,0.0,0.0,1.0,1.0
37.0,5,141547.26,2,0,1,180326.83,4,0.0,1.0,0.0,1.0
40.0,5,154251.67,1,0,1,118319.5,3,0.0,0.0,1.0,0.0
46.0,0,105969.42,1,1,0,5771.56,3,1.0,0.0,0.0,1.0
38.91621420206537,6,136093.74,1,0,1,193408.43,0,0.0,0.0,1.0,0.0
43.0,7,137780.74,2,1,1,119100.05,2,1.0,0.0,0.0,1.0
44.0,10,0.0,2,0,0,164287.86,1,1.0,0.0,0.0,1.0
69.0,10,154953.94,1,1,1,70849.47,3,1.0,0.0,0.0,1.0
40.0,6,0.0,2,1,1,66119.07,1,1.0,0.0,0.0,1.0
36.0,2,130700.92,2,0,0,77592.8,1,0.0,1.0,0.0,0.0
34.0,4,133467.77,2,1,1,42976.64,3,0.0,1.0,0.0,1.0
54.0,6,108755.0,1,1,0,40914.32,0,0.0,1.0,0.0,0.0
39.0,7,0.0,2,0,0,100929.59,4,0.0,0.0,1.0,0.0
39.0,1,141789.15,1,1,0,92455.96,2,0.0,0.0,1.0,0.0
26.0,7,152400.51,2,1,0,79414.0,4,0.0,1.0,0.0,1.0
28.0,6,124923.35,2,1,1,50299.14,3,0.0,1.0,0.0,0.0
63.0,8,129968.67,1,1,1,11830.53,2,0.0,0.0,1.0,0.0
23.0,8,0.0,2,1,0,112124.98,1,0.0,0.0,1.0,1.0
42.0,6,177822.03,1,1,0,150944.31,0,1.0,0.0,0.0,1.0
19.0,1,138657.08,1,1,1,16161.82,1,0.0,1.0,0.0,0.0
32.0,1,0.0,2,1,1,46200.71,4,1.0,0.0,0.0,1.0
38.91621420206537,2,0.0,2,0,0,141946.92,0,1.0,0.0,0.0,0.0
42.0,5,176099.13,1,1,1,8404.73,2,1.0,0.0,0.0,0.0
34.0,10,129417.82,1,1,0,153727.32,1,0.0,1.0,0.0,0.0
28.0,6,0.0,1,1,0,48426.98,3,0.0,0.0,1.0,0.0
42.0,0,70105.87,1,1,1,120830.73,1,0.0,0.0,1.0,1.0
38.91621420206537,3,0.0,2,1,0,159638.77,2,1.0,0.0,0.0,0.0
44.0,9,0.0,1,0,1,96528.0,4,1.0,0.0,0.0,1.0
44.0,3,124655.59,2,0,1,79792.3,4,0.0,1.0,0.0,1.0
49.0,7,116150.65,3,1,1,84358.71,2,0.0,1.0,0.0,1.0
46.0,3,106521.49,1,0,1,86587.37,1,0.0,0.0,1.0,0.0
50.0,5,142644.64,2,1,1,142208.5,2,0.0,0.0,1.0,0.0
37.0,8,100565.94,1,1,1,128799.86,4,0.0,0.0,1.0,0.0
40.0,0,92053.44,1,1,1,143681.83,3,0.0,0.0,1.0,0.0
38.0,2,148430.55,1,1,1,56055.72,2,0.0,1.0,0.0,1.0
66.0,7,132044.6,2,1,1,158365.89,0,0.0,0.0,1.0,1.0
36.0,0,0.0,1,0,0,148993.47,4,0.0,0.0,1.0,0.0
50.0,4,143054.56,1,0,1,109608.81,2,1.0,0.0,0.0,0.0
27.0,4,0.0,2,1,0,122642.09,0,1.0,0.0,0.0,0.0
57.0,2,173306.13,1,0,1,131964.66,3,0.0,0.0,1.0,0.0
57.0,6,106938.11,2,0,1,186612.47,1,0.0,1.0,0.0,1.0
31.0,2,68927.57,1,1,1,25445.0,4,0.0,1.0,0.0,0.0
76.0,5,160979.68,1,0,1,13848.58,1,1.0,0.0,0.0,0.0
45.0,5,126674.81,1,1,0,124118.71,4,0.0,1.0,0.0,0.0
37.0,4,0.0,1,1,0,121763.68,0,0.0,0.0,1.0,1.0
40.0,1,0.0,1,1,1,16897.19,3,1.0,0.0,0.0,1.0
64.0,2,129555.7,1,1,1,13601.79,1,1.0,0.0,0.0,0.0
38.91621420206537,5,122952.9,2,0,0,154360.97,0,1.0,0.0,0.0,1.0
46.0,6,0.0,2,1,0,195325.74,4,1.0,0.0,0.0,1.0
38.91621420206537,4,140197.18,1,1,1,142935.83,2,0.0,0.0,1.0,1.0
39.0,4,0.0,2,1,0,197226.32,0,1.0,0.0,0.0,1.0
40.0,9,109003.26,1,1,1,79580.56,4,0.0,1.0,0.0,0.0
44.0,3,0.0,2,0,1,136491.72,1,1.0,0.0,0.0,1.0
44.0,2,0.0,3,1,0,102530.35,2,1.0,0.0,0.0,1.0
45.0,5,127258.79,1,1,1,192744.23,4,0.0,1.0,0.0,0.0
41.0,5,0.0,2,1,1,94170.84,0,1.0,0.0,0.0,0.0
36.0,9,0.0,2,0,1,35521.63,1,0.0,0.0,1.0,0.0
30.0,6,127992.25,1,1,1,50457.2,3,1.0,0.0,0.0,0.0
29.0,6,148051.52,1,1,0,118623.94,0,0.0,1.0,0.0,0.0
28.0,8,161592.76,1,1,0,177834.79,1,0.0,0.0,1.0,0.0
53.0,5,138053.67,1,0,1,114110.97,2,1.0,0.0,0.0,1.0
34.0,3,0.0,1,1,0,133997.53,1,0.0,0.0,1.0,0.0
45.0,8,0.0,2,1,1,36193.07,0,1.0,0.0,0.0,0.0
29.0,5,109676.52,1,1,1,25548.47,3,0.0,1.0,0.0,1.0
30.0,9,0.0,2,1,0,136827.96,4,1.0,0.0,0.0,0.0
23.0,4,93911.3,2,1,0,69055.45,2,0.0,1.0,0.0,1.0
38.91621420206537,4,55776.39,2,1,0,26920.43,1,1.0,0.0,0.0,0.0
48.0,2,101099.9,2,0,1,193476.04,3,0.0,1.0,0.0,1.0
29.0,9,0.0,1,1,1,166984.44,1,1.0,0.0,0.0,1.0
43.0,3,0.0,1,1,0,72051.44,4,0.0,0.0,1.0,1.0
50.0,3,129370.91,4,1,1,47775.34,2,0.0,1.0,0.0,1.0
37.0,7,123067.63,1,1,1,98162.44,3,0.0,1.0,0.0,0.0
39.0,9,0.0,2,0,1,100862.36,1,0.0,0.0,1.0,1.0
35.0,4,0.0,2,1,1,9658.41,4,0.0,0.0,1.0,1.0
43.0,4,0.0,1,1,0,170347.1,1,1.0,0.0,0.0,0.0
50.0,9,76817.0,4,1,0,196371.13,2,1.0,0.0,0.0,1.0
61.0,9,0.0,2,1,0,150227.85,1,0.0,0.0,1.0,1.0
40.0,0,98241.04,1,1,0,110887.14,3,1.0,0.0,0.0,1.0
32.0,1,0.0,2,1,1,8763.87,1,1.0,0.0,0.0,1.0
34.0,3,0.0,1,0,0,188135.69,1,1.0,0.0,0.0,1.0
38.0,9,148912.44,1,1,0,80416.16,4,1.0,0.0,0.0,1.0
29.0,4,115046.74,4,1,0,119346.88,0,0.0,1.0,0.0,0.0
43.0,3,80764.03,1,1,0,199378.58,3,1.0,0.0,0.0,0.0
20.0,4,133800.98,1,0,1,150245.81,4,1.0,0.0,0.0,0.0
47.0,6,0.0,1,1,1,126012.57,1,1.0,0.0,0.0,0.0
33.0,9,102017.25,2,0,0,128600.49,1,1.0,0.0,0.0,0.0
43.0,2,113641.49,4,1,0,115116.35,1,0.0,1.0,0.0,0.0
36.0,1,155655.46,1,1,1,192387.51,1,1.0,0.0,0.0,1.0
38.91621420206537,7,148045.68,1,1,0,175479.92,3,1.0,0.0,0.0,1.0
36.0,6,114007.5,2,1,0,118120.88,3,1.0,0.0,0.0,1.0
41.0,3,141806.46,1,1,0,102921.17,4,1.0,0.0,0.0,0.0
39.0,3,0.0,1,1,1,105997.25,2,0.0,0.0,1.0,1.0
31.0,2,90547.48,2,1,1,18800.13,1,0.0,1.0,0.0,1.0
38.91621420206537,9,0.0,2,1,0,88827.67,2,1.0,0.0,0.0,1.0
38.91621420206537,0,111098.85,1,1,1,172321.21,0,1.0,0.0,0.0,0.0
65.0,9,106804.26,3,1,0,107890.69,1,1.0,0.0,0.0,0.0
35.0,3,122964.88,1,1,1,138231.7,3,0.0,0.0,1.0,1.0
21.0,8,0.0,2,1,1,154767.34,3,0.0,0.0,1.0,0.0
60.0,10,168920.75,1,1,0,31445.03,4,0.0,0.0,1.0,0.0
26.0,4,214346.96,2,1,0,128815.33,2,0.0,1.0,0.0,1.0
36.0,2,181671.16,2,1,1,57531.14,1,0.0,1.0,0.0,1.0
40.0,7,74896.92,1,1,0,198694.2,3,0.0,0.0,1.0,1.0
43.0,6,93616.35,2,0,0,98348.66,0,1.0,0.0,0.0,1.0
28.0,0,88963.31,2,1,1,189839.93,0,1.0,0.0,0.0,1.0
38.91621420206537,2,108913.84,2,1,1,140460.01,0,0.0,1.0,0.0,0.0
42.0,10,113657.41,2,0,1,139946.68,4,0.0,1.0,0.0,0.0
41.0,10,0.0,2,1,1,61994.2,2,0.0,0.0,1.0,0.0
33.0,6,0.0,2,1,0,34045.61,2,1.0,0.0,0.0,0.0
34.0,4,0.0,1,0,1,65166.6,4,1.0,0.0,0.0,0.0
53.0,9,0.0,1,1,0,125692.07,0,0.0,0.0,1.0,0.0
44.0,1,0.0,2,0,0,14161.3,0,0.0,0.0,1.0,0.0
37.0,1,136689.66,1,1,0,197890.65,4,0.0,0.0,1.0,0.0
28.0,1,71264.02,2,0,1,68759.57,4,1.0,0.0,0.0,0.0
24.0,9,79263.9,1,0,1,196574.48,3,0.0,0.0,1.0,0.0
38.0,5,65095.41,2,1,1,140197.42,4,0.0,1.0,0.0,1.0
42.0,9,133701.07,2,1,0,101069.71,0,1.0,0.0,0.0,1.0
39.0,8,0.0,2,1,1,18613.52,4,1.0,0.0,0.0,1.0
30.0,4,73070.18,2,0,0,161671.15,4,1.0,0.0,0.0,1.0
66.0,3,0.0,1,1,1,115227.02,0,0.0,0.0,1.0,0.0
38.91621420206537,4,95853.39,2,1,0,192933.37,3,0.0,1.0,0.0,1.0
49.0,9,145359.99,1,1,0,38186.85,1,1.0,0.0,0.0,0.0
45.0,9,152367.21,3,1,0,150835.21,2,0.0,1.0,0.0,0.0
38.0,10,113525.84,1,1,0,46044.48,2,0.0,1.0,0.0,0.0
28.0,8,120047.77,1,1,1,137173.39,2,0.0,0.0,1.0,1.0
36.0,7,126195.81,1,1,1,133172.48,3,1.0,0.0,0.0,1.0
27.0,9,101352.78,1,0,0,30252.3,1,0.0,0.0,1.0,1.0
33.0,4,0.0,1,1,0,26080.54,4,1.0,0.0,0.0,0.0
32.0,1,132187.73,2,1,1,178331.36,2,0.0,0.0,1.0,1.0
29.0,2,148143.84,1,1,1,52021.39,3,1.0,0.0,0.0,0.0
37.0,7,115895.42,1,1,0,48486.25,1,1.0,0.0,0.0,0.0
61.0,2,0.0,2,1,1,43982.41,4,0.0,0.0,1.0,1.0
23.0,2,139542.82,1,0,1,28038.28,4,0.0,1.0,0.0,1.0
32.0,1,0.0,1,1,1,101986.16,1,1.0,0.0,0.0,1.0
38.91621420206537,2,0.0,2,1,1,96615.23,0,1.0,0.0,0.0,1.0
50.0,2,0.0,2,1,0,52137.73,2,0.0,0.0,1.0,1.0
36.0,4,0.0,2,1,1,3173.31,2,0.0,0.0,1.0,0.0
30.0,10,129755.99,1,0,0,172749.65,0,1.0,0.0,0.0,1.0
54.0,3,144768.94,1,1,0,93336.3,4,0.0,1.0,0.0,1.0
42.0,9,0.0,2,1,0,119127.06,1,0.0,0.0,1.0,1.0
40.0,1,140197.71,2,1,0,150720.39,0,1.0,0.0,0.0,0.0
22.0,8,0.0,2,0,0,127587.22,0,1.0,0.0,0.0,1.0
38.91621420206537,1,0.0,2,1,1,146379.3,1,1.0,0.0,0.0,1.0
34.0,9,0.0,1,1,0,183021.06,4,1.0,0.0,0.0,1.0
29.0,2,0.0,2,1,0,55389.59,0,0.0,0.0,1.0,1.0
24.0,5,102773.2,2,1,0,56793.02,2,0.0,1.0,0.0,1.0
37.0,2,0.0,2,0,1,95864.5,1,1.0,0.0,0.0,1.0
30.0,5,0.0,1,1,0,193880.6,4,1.0,0.0,0.0,0.0
32.0,8,0.0,2,0,0,185075.63,3,1.0,0.0,0.0,0.0
29.0,8,97086.4,2,1,1,197276.13,4,0.0,1.0,0.0,1.0
36.0,3,169025.83,1,1,0,174235.06,4,0.0,1.0,0.0,0.0
38.0,8,69434.4,2,1,1,66580.13,3,0.0,0.0,1.0,1.0
27.0,5,107812.67,1,0,1,162501.83,1,0.0,0.0,1.0,0.0
59.0,9,113657.83,1,1,1,116848.79,2,1.0,0.0,0.0,1.0
75.0,7,126273.95,1,0,1,91673.6,2,0.0,0.0,1.0,1.0
28.0,8,0.0,1,1,1,36754.13,4,1.0,0.0,0.0,0.0
51.0,4,105056.13,1,0,0,70613.52,0,1.0,0.0,0.0,0.0
34.0,3,132352.69,1,1,0,80320.3,3,1.0,0.0,0.0,0.0
60.0,5,76705.87,2,0,1,13889.73,0,1.0,0.0,0.0,1.0
38.91621420206537,4,153198.23,1,1,1,92090.36,1,1.0,0.0,0.0,1.0
29.0,9,0.0,1,1,1,25858.68,0,1.0,0.0,0.0,1.0
36.0,10,103294.56,1,1,0,160548.12,1,0.0,1.0,0.0,0.0
54.0,6,93806.31,2,0,1,140068.77,4,1.0,0.0,0.0,1.0
41.0,10,84622.13,1,1,1,198072.16,4,0.0,1.0,0.0,1.0
34.0,7,93920.47,1,0,0,179913.98,2,1.0,0.0,0.0,0.0
38.91621420206537,10,103821.47,2,0,1,77878.62,0,1.0,0.0,0.0,0.0
75.0,5,87140.85,1,1,1,39351.64,0,1.0,0.0,0.0,1.0
28.0,4,0.0,2,1,1,12409.01,4,1.0,0.0,0.0,1.0
54.0,8,172192.49,1,1,1,136902.01,3,0.0,1.0,0.0,1.0
50.0,1,0.0,1,0,1,152567.75,1,0.0,0.0,1.0,0.0
39.0,9,0.0,2,1,0,68873.8,2,0.0,0.0,1.0,1.0
37.0,5,0.0,1,0,1,71492.28,2,1.0,0.0,0.0,0.0
73.0,1,0.0,1,1,1,29792.11,4,1.0,0.0,0.0,0.0
35.0,9,92566.53,2,1,0,161519.77,4,1.0,0.0,0.0,1.0
67.0,6,148363.38,1,1,1,186995.17,2,0.0,1.0,0.0,1.0
45.0,0,139825.56,1,0,0,170984.97,4,0.0,0.0,1.0,1.0
60.0,5,138597.54,2,1,1,41536.59,3,0.0,1.0,0.0,0.0
38.91621420206537,9,0.0,3,1,1,60954.45,1,1.0,0.0,0.0,0.0
30.0,3,0.0,2,1,0,170307.43,0,1.0,0.0,0.0,1.0
38.91621420206537,10,148962.46,1,1,0,66389.43,2,0.0,1.0,0.0,0.0
34.0,9,132439.99,1,1,0,177747.72,1,0.0,0.0,1.0,1.0
59.0,5,0.0,2,1,1,185123.09,2,1.0,0.0,0.0,0.0
41.0,7,0.0,2,0,1,176780.39,0,1.0,0.0,0.0,0.0
35.0,4,0.0,2,0,1,86383.82,1,1.0,0.0,0.0,1.0
25.0,2,0.0,2,0,0,95215.73,0,0.0,0.0,1.0,1.0
33.0,9,0.0,2,1,1,1118.31,4,1.0,0.0,0.0,1.0
37.0,2,113383.07,1,1,1,135123.96,3,0.0,1.0,0.0,0.0
63.0,3,120916.52,3,0,0,144727.45,3,0.0,1.0,0.0,1.0
29.0,1,77556.79,2,1,1,122998.26,3,1.0,0.0,0.0,0.0
45.0,0,0.0,2,1,0,166830.71,2,1.0,0.0,0.0,0.0
38.91621420206537,1,0.0,2,0,0,8555.73,1,1.0,0.0,0.0,1.0
41.0,3,63873.56,1,1,0,83753.64,1,0.0,0.0,1.0,1.0
42.0,4,141947.67,1,1,1,10598.29,4,0.0,0.0,1.0,1.0
38.91621420206537,3,90957.81,1,0,1,162304.59,0,1.0,0.0,0.0,1.0
45.0,2,157929.45,1,1,1,145134.49,2,0.0,0.0,1.0,0.0
33.0,3,100476.46,2,1,1,136539.13,4,0.0,0.0,1.0,1.0
23.0,10,101126.66,2,0,0,37042.8,1,0.0,0.0,1.0,0.0
52.0,6,111739.4,2,0,1,68367.18,2,0.0,1.0,0.0,0.0
33.0,1,144753.21,1,1,1,132480.75,4,0.0,1.0,0.0,0.0
46.0,0,74458.25,1,0,1,6866.31,3,0.0,1.0,0.0,0.0
38.91621420206537,6,101528.61,1,1,0,70529.0,1,0.0,1.0,0.0,1.0
31.0,5,0.0,2,1,1,5199.02,2,0.0,0.0,1.0,0.0
43.0,5,154846.24,2,1,1,151903.6,3,0.0,1.0,0.0,0.0
46.0,8,134593.79,1,1,1,46386.37,4,0.0,0.0,1.0,0.0
37.0,2,127261.35,1,1,0,56185.05,1,1.0,0.0,0.0,1.0
32.0,2,76087.98,1,0,1,151822.66,3,0.0,0.0,1.0,1.0
62.0,9,123681.32,3,1,0,173586.63,4,1.0,0.0,0.0,0.0
42.0,9,176702.36,2,1,1,104804.74,3,0.0,1.0,0.0,1.0
40.0,4,0.0,2,0,1,26543.28,3,1.0,0.0,0.0,1.0
44.0,2,120702.67,2,1,1,98175.74,0,0.0,1.0,0.0,0.0
58.0,8,93173.88,1,1,1,139761.25,3,1.0,0.0,0.0,0.0
32.0,7,38550.06,1,0,1,179230.23,3,1.0,0.0,0.0,0.0
38.91621420206537,2,105163.88,2,1,1,164170.46,3,0.0,1.0,0.0,1.0
33.0,3,109341.87,1,1,0,75632.78,0,0.0,1.0,0.0,1.0
19.0,6,0.0,2,0,0,72306.07,1,0.0,0.0,1.0,1.0
40.0,0,120711.73,1,0,0,27345.18,3,0.0,1.0,0.0,1.0
37.0,7,143625.83,2,0,1,176487.05,2,0.0,1.0,0.0,1.0
34.0,5,141173.03,1,0,1,98896.06,3,1.0,0.0,0.0,1.0
44.0,9,49157.09,2,1,0,53294.17,1,0.0,1.0,0.0,1.0
41.0,9,127523.75,1,0,1,191417.42,3,0.0,0.0,1.0,1.0
32.0,9,127772.1,2,1,1,152643.48,3,0.0,1.0,0.0,0.0
38.0,9,114135.17,1,1,0,153269.98,4,1.0,0.0,0.0,1.0
35.0,2,0.0,2,1,1,79704.12,4,1.0,0.0,0.0,1.0
43.0,4,158713.08,2,0,0,98586.14,4,1.0,0.0,0.0,1.0
38.91621420206537,3,122304.65,2,0,0,33998.7,0,0.0,1.0,0.0,0.0
40.0,1,134590.21,1,1,1,46253.65,4,0.0,1.0,0.0,0.0
63.0,7,104469.58,1,1,1,25165.36,2,0.0,1.0,0.0,1.0
38.0,5,101430.3,2,0,1,4400.32,2,1.0,0.0,0.0,0.0
40.0,9,131569.63,1,1,1,103970.58,3,1.0,0.0,0.0,0.0
27.0,4,193125.85,1,1,1,152665.85,2,1.0,0.0,0.0,1.0
27.0,10,0.0,2,1,0,51620.94,2,1.0,0.0,0.0,1.0
57.0,1,0.0,2,1,1,25101.17,4,0.0,0.0,1.0,0.0
41.0,3,151191.31,1,1,0,175295.89,0,0.0,1.0,0.0,1.0
34.0,9,91835.16,1,0,0,138280.17,4,1.0,0.0,0.0,1.0
50.0,6,145338.76,1,0,0,91936.1,3,0.0,1.0,0.0,1.0
77.0,1,0.0,1,0,1,18708.76,1,1.0,0.0,0.0,1.0
33.0,2,108431.87,2,0,1,109291.39,1,0.0,0.0,1.0,0.0
33.0,3,176666.62,1,1,0,94670.77,0,0.0,0.0,1.0,1.0
53.0,2,111061.01,2,0,0,26542.17,3,0.0,0.0,1.0,1.0
32.0,3,116324.53,1,1,0,77304.49,0,1.0,0.0,0.0,1.0
50.0,4,121175.56,1,1,0,117505.07,0,0.0,1.0,0.0,1.0
43.0,1,97792.21,1,0,0,120225.62,2,0.0,0.0,1.0,1.0
45.0,9,0.0,1,1,1,92027.69,2,1.0,0.0,0.0,0.0
54.0,6,115988.86,1,1,0,57553.98,1,0.0,1.0,0.0,0.0
39.0,2,100062.16,2,1,0,109201.43,3,0.0,1.0,0.0,0.0
34.0,3,134692.4,2,1,1,83773.02,2,1.0,0.0,0.0,1.0
33.0,4,129731.64,2,1,0,178123.86,3,1.0,0.0,0.0,0.0
49.0,7,108007.36,1,0,0,47125.11,4,1.0,0.0,0.0,0.0
38.0,3,0.0,2,1,1,4525.4,1,0.0,0.0,1.0,0.0
25.0,6,146580.69,1,0,1,14633.35,3,0.0,1.0,0.0,1.0
28.0,8,123674.28,2,1,1,87985.2,2,0.0,1.0,0.0,1.0
35.0,8,0.0,2,1,1,176779.46,0,1.0,0.0,0.0,0.0
23.0,9,93522.2,1,0,1,81425.61,1,1.0,0.0,0.0,0.0
39.0,9,117301.66,1,0,0,182025.95,0,1.0,0.0,0.0,0.0
48.0,2,0.0,1,1,0,43229.2,2,1.0,0.0,0.0,1.0
44.0,2,0.0,2,0,0,86414.41,2,1.0,0.0,0.0,1.0
36.0,0,136980.23,2,1,1,99019.65,4,0.0,1.0,0.0,0.0
74.0,5,0.0,2,0,0,151425.82,3,0.0,0.0,1.0,1.0
31.0,6,107784.65,1,1,1,141137.53,1,1.0,0.0,0.0,0.0
29.0,2,0.0,2,1,1,18581.84,2,1.0,0.0,0.0,1.0
38.0,0,135919.33,1,1,0,80425.65,0,1.0,0.0,0.0,0.0
29.0,4,0.0,2,0,0,51705.01,4,1.0,0.0,0.0,1.0
36.0,10,0.0,2,1,1,182867.84,4,1.0,0.0,0.0,1.0
38.91621420206537,8,0.0,1,1,1,38928.48,2,0.0,0.0,1.0,0.0
38.0,4,0.0,3,1,0,75609.84,3,1.0,0.0,0.0,1.0
45.0,3,110219.14,1,1,0,43046.7,0,0.0,1.0,0.0,0.0
38.0,2,158651.29,2,1,1,179445.28,0,0.0,1.0,0.0,0.0
62.0,4,140549.4,1,1,0,30990.16,3,1.0,0.0,0.0,0.0
41.0,7,74135.85,1,1,1,11783.1,4,1.0,0.0,0.0,1.0
28.0,9,0.0,2,0,1,2151.17,3,1.0,0.0,0.0,1.0
26.0,3,140356.7,1,1,0,117144.15,4,1.0,0.0,0.0,0.0
34.0,5,96693.66,1,1,1,172618.52,4,0.0,1.0,0.0,0.0
46.0,3,0.0,2,1,1,29372.62,1,0.0,0.0,1.0,0.0
30.0,3,110153.27,1,0,1,74849.46,2,0.0,1.0,0.0,1.0
31.0,4,0.0,2,1,0,29176.04,1,1.0,0.0,0.0,0.0
54.0,4,0.0,2,1,1,93820.49,1,1.0,0.0,0.0,0.0
31.0,3,119558.35,1,0,0,72927.68,4,1.0,0.0,0.0,1.0
38.0,7,0.0,2,1,1,194230.82,4,0.0,0.0,1.0,0.0
35.0,2,0.0,2,0,0,144251.38,4,1.0,0.0,0.0,0.0
33.0,4,140700.61,1,1,0,103557.93,3,1.0,0.0,0.0,1.0
27.0,5,155879.09,2,0,0,70774.97,0,1.0,0.0,0.0,0.0
24.0,7,0.0,1,0,1,35611.35,2,1.0,0.0,0.0,1.0
41.0,4,145809.53,2,1,1,52319.26,1,1.0,0.0,0.0,0.0
38.0,9,0.0,2,1,1,58855.85,1,1.0,0.0,0.0,0.0
41.0,0,106134.46,1,0,1,105570.39,2,1.0,0.0,0.0,1.0
40.0,3,0.0,2,1,0,47728.0,1,1.0,0.0,0.0,1.0
30.0,5,120355.0,1,1,0,137793.35,1,0.0,0.0,1.0,1.0
48.0,10,104478.12,3,0,1,158248.71,3,0.0,1.0,0.0,0.0
51.0,8,61354.14,1,1,0,198810.65,0,1.0,0.0,0.0,0.0
36.0,6,83947.12,2,1,0,81999.53,0,1.0,0.0,0.0,0.0
38.0,0,0.0,2,1,0,47414.15,1,1.0,0.0,0.0,1.0
26.0,6,135067.52,2,0,0,131211.86,1,0.0,1.0,0.0,0.0
37.0,7,141546.35,1,1,1,124830.11,2,1.0,0.0,0.0,1.0
44.0,7,0.0,2,0,0,185992.36,0,0.0,0.0,1.0,1.0
38.0,4,107192.38,1,1,1,15669.17,3,1.0,0.0,0.0,1.0
33.0,8,0.0,1,1,1,124641.42,1,1.0,0.0,0.0,0.0
59.0,3,0.0,2,1,0,25843.7,1,1.0,0.0,0.0,1.0
45.0,4,0.0,2,1,0,161653.5,0,1.0,0.0,0.0,0.0
29.0,5,0.0,2,0,1,52709.55,0,1.0,0.0,0.0,0.0
48.0,9,163630.76,1,0,1,41816.49,1,0.0,1.0,0.0,1.0
32.0,6,0.0,2,1,1,19720.08,0,0.0,0.0,1.0,1.0
39.0,3,124216.93,1,0,1,171442.36,4,0.0,1.0,0.0,0.0
30.0,1,89571.59,1,1,1,177613.19,3,1.0,0.0,0.0,0.0
43.0,8,154100.3,1,0,0,114659.81,3,1.0,0.0,0.0,0.0
34.0,1,0.0,2,1,0,87278.48,3,1.0,0.0,0.0,0.0
38.91621420206537,1,143407.29,2,0,1,84402.46,0,0.0,0.0,1.0,1.0
36.0,9,81231.85,2,1,0,196731.08,2,0.0,1.0,0.0,0.0
32.0,4,83772.95,1,0,1,23920.65,2,1.0,0.0,0.0,0.0
58.0,8,0.0,1,0,1,116503.92,1,1.0,0.0,0.0,0.0
60.0,7,143262.04,1,1,1,129562.74,0,1.0,0.0,0.0,0.0
37.0,3,0.0,2,1,1,147012.22,3,0.0,0.0,1.0,0.0
40.0,9,122417.17,2,0,1,190882.69,1,1.0,0.0,0.0,1.0
62.0,2,0.0,2,1,1,25438.87,3,1.0,0.0,0.0,1.0
22.0,5,0.0,2,1,1,99828.45,0,1.0,0.0,0.0,1.0
39.0,2,0.0,2,1,0,136737.13,3,0.0,0.0,1.0,0.0
58.0,9,190298.89,2,1,1,191263.76,0,0.0,1.0,0.0,1.0
35.0,8,121309.17,2,1,1,28750.67,1,0.0,1.0,0.0,1.0
33.0,4,111063.73,2,1,0,83556.65,4,0.0,1.0,0.0,0.0
42.0,7,0.0,1,1,1,56650.47,0,1.0,0.0,0.0,1.0
39.0,9,0.0,2,0,1,145894.9,3,1.0,0.0,0.0,0.0
48.0,8,168522.37,1,1,1,151310.16,0,0.0,0.0,1.0,0.0
29.0,7,0.0,2,1,1,91844.14,3,1.0,0.0,0.0,1.0
21.0,7,0.0,2,0,1,154279.87,2,0.0,0.0,1.0,1.0
35.0,6,118336.95,1,1,0,26342.33,4,0.0,1.0,0.0,0.0
45.0,7,149364.58,1,0,1,173454.07,2,1.0,0.0,0.0,1.0
53.0,4,0.0,1,1,0,77203.72,4,1.0,0.0,0.0,0.0
28.0,10,124023.18,1,1,0,166188.28,4,0.0,1.0,0.0,1.0
29.0,1,0.0,1,0,1,24865.54,2,1.0,0.0,0.0,1.0
31.0,6,0.0,2,1,1,195668.0,4,0.0,0.0,1.0,1.0
61.0,5,0.0,2,1,1,81299.17,1,1.0,0.0,0.0,1.0
31.0,1,0.0,1,1,0,48606.71,2,1.0,0.0,0.0,1.0
45.0,8,134980.74,1,1,1,123309.57,1,0.0,1.0,0.0,0.0
38.0,3,128345.69,2,1,0,63218.85,4,1.0,0.0,0.0,0.0
26.0,7,0.0,2,1,0,154364.66,3,1.0,0.0,0.0,1.0
46.0,6,141078.37,1,0,0,34580.8,1,0.0,1.0,0.0,1.0
30.0,10,0.0,2,1,1,124071.71,1,1.0,0.0,0.0,0.0
44.0,2,185932.18,2,1,0,65413.41,3,0.0,1.0,0.0,0.0
31.0,9,108632.48,1,1,1,179485.96,2,0.0,0.0,1.0,1.0
40.0,1,0.0,3,0,1,129975.34,0,1.0,0.0,0.0,1.0
38.0,8,102133.38,1,1,1,166520.96,2,1.0,0.0,0.0,0.0
26.0,8,149542.52,2,0,1,197911.52,1,1.0,0.0,0.0,1.0
32.0,5,0.0,2,1,0,10956.82,1,0.0,0.0,1.0,1.0
27.0,2,133009.51,1,1,0,126809.15,3,1.0,0.0,0.0,0.0
33.0,5,84557.82,1,1,1,69039.43,4,0.0,0.0,1.0,0.0
25.0,1,102585.88,2,1,1,115387.4,1,1.0,0.0,0.0,1.0
38.0,7,59568.57,1,1,1,167723.25,2,1.0,0.0,0.0,0.0
41.0,2,127892.57,2,0,1,199645.45,3,0.0,1.0,0.0,1.0
29.0,8,0.0,2,0,1,152097.02,3,0.0,0.0,1.0,1.0
48.0,1,170833.46,1,1,0,110510.28,2,1.0,0.0,0.0,0.0
59.0,9,69129.59,1,1,1,170705.53,0,0.0,1.0,0.0,1.0
26.0,8,149134.46,1,1,1,177966.24,0,0.0,0.0,1.0,1.0
37.0,0,0.0,1,1,0,114514.64,1,1.0,0.0,0.0,1.0
32.0,5,0.0,2,1,0,131625.14,3,0.0,0.0,1.0,0.0
26.0,9,0.0,2,1,1,153237.59,1,1.0,0.0,0.0,1.0
38.91621420206537,7,114415.84,1,1,1,177497.4,3,1.0,0.0,0.0,0.0
37.0,0,0.0,2,1,1,171707.93,2,1.0,0.0,0.0,1.0
39.0,10,0.0,2,1,1,170409.45,1,1.0,0.0,0.0,1.0
45.0,5,164450.94,1,1,0,141970.02,3,0.0,0.0,1.0,1.0
43.0,9,0.0,2,1,1,78488.39,2,1.0,0.0,0.0,1.0
62.0,9,148214.36,1,1,0,48571.14,3,0.0,1.0,0.0,0.0
46.0,3,0.0,2,0,0,820.46,1,1.0,0.0,0.0,0.0
39.0,2,0.0,2,0,0,9041.71,0,1.0,0.0,0.0,0.0
38.0,9,140278.99,3,1,1,171457.06,0,1.0,0.0,0.0,1.0
43.0,8,125338.8,2,1,0,23970.13,1,0.0,1.0,0.0,0.0
33.0,2,0.0,1,0,0,27557.18,3,0.0,0.0,1.0,0.0
38.0,2,0.0,2,0,1,9551.49,2,1.0,0.0,0.0,0.0
27.0,4,79144.34,1,0,1,50743.83,2,1.0,0.0,0.0,0.0
28.0,3,153538.13,2,1,0,110776.01,2,0.0,1.0,0.0,0.0
28.0,5,160454.15,2,0,1,114957.22,4,0.0,1.0,0.0,1.0
31.0,7,0.0,2,1,0,170333.38,3,1.0,0.0,0.0,0.0
52.0,7,125095.94,1,1,0,171189.83,4,1.0,0.0,0.0,0.0
47.0,0,160729.1,1,0,1,145986.35,0,1.0,0.0,0.0,1.0
36.0,7,103688.19,1,0,1,118971.74,4,1.0,0.0,0.0,1.0
37.0,4,126872.6,1,1,0,197266.58,4,1.0,0.0,0.0,1.0
29.0,9,127570.93,2,1,0,164756.81,3,0.0,0.0,1.0,0.0
38.91621420206537,1,129574.98,1,1,1,123300.38,4,1.0,0.0,0.0,1.0
34.0,7,0.0,2,1,0,195074.62,3,1.0,0.0,0.0,0.0
41.0,2,0.0,2,1,0,168219.75,3,1.0,0.0,0.0,1.0
31.0,5,0.0,2,1,0,92647.94,4,1.0,0.0,0.0,0.0
42.0,10,0.0,1,0,1,79408.17,2,0.0,0.0,1.0,1.0
27.0,5,0.0,2,1,1,67494.23,4,1.0,0.0,0.0,0.0
36.0,3,157780.93,2,1,0,6089.13,0,0.0,1.0,0.0,0.0
28.0,6,105795.9,1,1,1,41219.09,1,1.0,0.0,0.0,0.0
34.0,6,108760.27,2,1,0,166324.79,4,0.0,1.0,0.0,1.0
46.0,3,115074.02,2,1,0,26249.86,4,0.0,1.0,0.0,0.0
38.0,7,128578.52,1,1,1,193878.51,1,0.0,0.0,1.0,1.0
38.0,7,130933.74,1,0,1,2035.94,4,0.0,1.0,0.0,0.0
42.0,2,118889.66,2,0,0,87422.15,3,0.0,1.0,0.0,0.0
26.0,7,0.0,2,1,0,93122.41,0,1.0,0.0,0.0,0.0
35.0,8,155621.08,1,0,1,35177.31,2,0.0,0.0,1.0,0.0
28.0,5,185013.02,1,1,0,16481.12,1,0.0,1.0,0.0,1.0
35.0,8,147127.81,2,1,1,84760.7,2,0.0,1.0,0.0,1.0
29.0,0,139994.66,1,1,0,17744.72,3,1.0,0.0,0.0,0.0
40.0,8,174126.75,3,1,0,172490.78,1,0.0,1.0,0.0,1.0
41.0,1,123971.16,1,0,1,172814.99,1,1.0,0.0,0.0,1.0
47.0,1,118087.68,1,1,0,88120.78,0,0.0,1.0,0.0,0.0
43.0,6,175735.5,1,1,1,157337.29,4,0.0,0.0,1.0,1.0
38.0,5,0.0,2,0,1,80630.32,0,1.0,0.0,0.0,1.0
39.0,10,0.0,3,1,0,132741.13,1,1.0,0.0,0.0,0.0
30.0,9,0.0,2,1,1,26960.31,3,1.0,0.0,0.0,0.0
24.0,4,0.0,2,1,1,70668.77,2,0.0,0.0,1.0,1.0
38.91621420206537,7,155271.83,1,1,1,179446.31,1,1.0,0.0,0.0,1.0
40.0,3,109740.62,1,1,0,141896.74,2,0.0,0.0,1.0,0.0
35.0,1,0.0,2,1,0,4460.2,1,1.0,0.0,0.0,1.0
44.0,7,0.0,2,1,1,66548.58,2,1.0,0.0,0.0,0.0
41.0,4,90350.77,1,1,0,75884.65,2,0.0,0.0,1.0,0.0
40.0,3,88466.82,1,0,0,116331.42,4,0.0,0.0,1.0,1.0
57.0,1,106138.33,2,1,1,120657.32,0,0.0,1.0,0.0,0.0
35.0,7,0.0,1,1,0,106837.06,1,0.0,0.0,1.0,1.0
25.0,8,141825.88,1,1,1,73857.94,1,0.0,1.0,0.0,0.0
21.0,9,0.0,2,0,1,139259.54,4,1.0,0.0,0.0,0.0
32.0,4,109196.67,2,1,0,55218.02,4,0.0,1.0,0.0,0.0
26.0,1,138023.79,2,0,1,117060.2,2,1.0,0.0,0.0,1.0
41.0,5,95858.37,1,1,1,68255.88,2,1.0,0.0,0.0,0.0
20.0,9,122446.61,2,1,0,86791.9,1,0.0,0.0,1.0,0.0
42.0,9,75361.44,1,1,0,27608.12,2,0.0,0.0,1.0,0.0
40.0,9,0.0,2,0,1,92357.21,2,1.0,0.0,0.0,0.0
29.0,4,128744.04,1,1,1,47454.93,0,1.0,0.0,0.0,1.0
41.0,5,0.0,2,1,0,81313.51,4,0.0,0.0,1.0,0.0
29.0,6,0.0,1,0,0,198376.02,0,1.0,0.0,0.0,1.0
58.0,1,178713.98,1,1,1,21768.21,2,0.0,0.0,1.0,1.0
24.0,1,0.0,2,1,1,180969.55,1,1.0,0.0,0.0,0.0
37.0,8,177657.35,1,1,1,77142.32,1,0.0,0.0,1.0,1.0
33.0,2,163139.27,1,1,1,7035.36,3,1.0,0.0,0.0,1.0
61.0,1,124737.96,1,0,1,90389.61,1,0.0,1.0,0.0,1.0
26.0,7,129837.72,2,0,1,197001.15,2,1.0,0.0,0.0,1.0
59.0,0,135296.33,1,1,0,182822.5,4,0.0,1.0,0.0,0.0
37.0,6,0.0,2,1,0,86242.18,1,1.0,0.0,0.0,0.0
40.0,5,148495.64,1,0,0,158853.98,4,0.0,1.0,0.0,0.0
38.91621420206537,9,138214.5,1,1,0,198715.27,0,0.0,1.0,0.0,0.0
38.91621420206537,1,154863.15,1,1,1,138052.51,2,1.0,0.0,0.0,1.0
59.0,0,122661.39,1,0,1,84803.76,3,0.0,0.0,1.0,0.0
33.0,8,0.0,2,0,1,15246.83,3,1.0,0.0,0.0,0.0
37.0,6,118433.94,1,0,1,160060.9,0,0.0,0.0,1.0,1.0
72.0,3,140997.26,1,0,1,52876.41,3,1.0,0.0,0.0,1.0
36.0,5,0.0,2,1,1,109127.54,3,1.0,0.0,0.0,1.0
48.0,10,0.0,1,1,0,140173.17,2,1.0,0.0,0.0,1.0
52.0,7,130013.12,1,1,1,190806.36,2,0.0,1.0,0.0,1.0
33.0,3,0.0,2,0,1,190112.05,1,0.0,0.0,1.0,1.0
33.0,1,137937.95,1,1,1,51387.1,4,0.0,1.0,0.0,1.0
31.0,3,141751.82,1,0,1,61531.86,1,0.0,0.0,1.0,0.0
40.0,4,95001.33,1,0,1,123202.99,2,0.0,1.0,0.0,1.0
57.0,5,0.0,1,1,1,133501.94,0,1.0,0.0,0.0,1.0
29.0,9,0.0,1,1,1,93901.61,2,0.0,0.0,1.0,1.0
61.0,7,102453.26,1,1,0,187247.56,0,0.0,1.0,0.0,1.0
29.0,0,0.0,2,0,1,133897.32,1,0.0,0.0,1.0,1.0
38.0,2,0.0,1,1,1,82709.8,3,0.0,0.0,1.0,1.0
47.0,9,122031.55,1,1,1,33823.5,4,1.0,0.0,0.0,0.0
30.0,2,72549.0,2,0,1,182728.8,2,0.0,1.0,0.0,1.0
39.0,1,0.0,2,1,0,159130.32,1,0.0,0.0,1.0,1.0
55.0,7,131033.76,1,0,1,75685.59,1,0.0,1.0,0.0,0.0
32.0,4,0.0,2,1,1,13238.93,4,1.0,0.0,0.0,1.0
38.0,6,68065.8,1,0,0,138777.0,2,1.0,0.0,0.0,0.0
40.0,3,92889.91,1,1,1,109496.69,3,0.0,1.0,0.0,0.0
59.0,7,127450.14,1,0,1,67552.71,1,1.0,0.0,0.0,1.0
20.0,4,0.0,2,0,1,78310.82,2,1.0,0.0,0.0,0.0
45.0,1,121874.89,1,0,0,6865.41,4,0.0,1.0,0.0,0.0
66.0,5,115654.47,2,1,1,131970.86,2,0.0,0.0,1.0,1.0
37.0,8,142987.46,2,1,0,158840.99,0,1.0,0.0,0.0,0.0
45.0,2,150842.93,1,0,1,2319.96,2,0.0,1.0,0.0,0.0
31.0,4,0.0,2,0,0,152298.28,4,1.0,0.0,0.0,1.0
38.0,6,128289.7,3,1,0,9149.96,4,1.0,0.0,0.0,1.0
34.0,4,120875.23,2,0,1,113407.26,4,0.0,1.0,0.0,1.0
28.0,9,71902.52,1,0,1,190208.23,1,1.0,0.0,0.0,1.0
49.0,10,143888.22,2,1,1,166236.38,1,0.0,1.0,0.0,0.0
38.0,6,0.0,1,1,1,188639.28,2,1.0,0.0,0.0,0.0
34.0,5,106011.59,1,1,1,17376.57,0,0.0,1.0,0.0,0.0
36.0,8,129745.1,1,1,1,143683.75,1,0.0,1.0,0.0,0.0
37.0,0,196853.62,1,1,1,132770.11,0,1.0,0.0,0.0,0.0
41.0,1,129901.21,1,1,0,26025.6,2,0.0,1.0,0.0,1.0
38.0,4,0.0,1,1,0,118913.53,0,0.0,0.0,1.0,0.0
37.0,9,110483.86,1,1,1,127394.67,0,0.0,1.0,0.0,1.0
56.0,1,100374.58,1,1,0,118490.8,0,1.0,0.0,0.0,1.0
49.0,2,126615.94,2,0,1,123214.74,1,0.0,0.0,1.0,0.0
70.0,5,71816.74,2,1,0,105096.82,1,0.0,1.0,0.0,0.0
22.0,4,136444.25,1,1,0,51980.25,3,1.0,0.0,0.0,1.0
41.0,8,73700.12,3,1,1,185750.02,0,1.0,0.0,0.0,1.0
29.0,5,139541.58,2,1,0,80607.33,2,0.0,1.0,0.0,1.0
38.0,9,65962.63,1,1,1,100950.48,3,1.0,0.0,0.0,1.0
38.91621420206537,1,0.0,1,0,0,82422.97,4,1.0,0.0,0.0,1.0
29.0,10,115545.33,2,1,0,148256.43,4,0.0,0.0,1.0,1.0
29.0,1,111681.98,2,1,1,195711.16,0,0.0,1.0,0.0,1.0
36.0,4,0.0,2,1,1,195224.91,2,1.0,0.0,0.0,1.0
59.0,8,118210.42,2,0,0,60192.14,1,0.0,1.0,0.0,1.0
38.91621420206537,2,130015.24,1,1,1,41595.3,3,1.0,0.0,0.0,1.0
45.0,4,114347.85,2,1,1,109089.04,4,0.0,0.0,1.0,0.0
39.0,4,0.0,1,1,1,76821.24,2,1.0,0.0,0.0,0.0
25.0,7,160599.06,2,1,1,28391.52,2,0.0,0.0,1.0,1.0
35.0,4,138718.92,1,1,1,47251.79,0,0.0,1.0,0.0,1.0
71.0,6,140273.47,1,1,1,193135.25,1,0.0,1.0,0.0,0.0
62.0,7,133201.17,1,0,0,168507.68,0,0.0,1.0,0.0,0.0
35.0,5,0.0,1,1,0,133991.11,3,1.0,0.0,0.0,0.0
50.0,3,163085.79,1,0,1,131048.36,1,0.0,0.0,1.0,1.0
37.0,3,95022.57,1,1,1,129107.59,0,0.0,1.0,0.0,0.0
43.0,2,120847.11,1,1,0,7611.61,0,0.0,1.0,0.0,0.0
31.0,7,0.0,2,0,0,49326.07,0,1.0,0.0,0.0,0.0
43.0,1,114974.24,1,1,0,125920.54,4,1.0,0.0,0.0,1.0
31.0,0,0.0,2,1,0,183038.33,3,1.0,0.0,0.0,1.0
31.0,4,0.0,2,1,1,136610.02,3,0.0,0.0,1.0,0.0
45.0,9,142765.24,2,1,0,34749.65,1,0.0,1.0,0.0,0.0
38.91621420206537,3,190353.08,1,1,0,78365.75,0,0.0,1.0,0.0,0.0
39.0,9,111574.41,1,1,1,30838.51,2,0.0,1.0,0.0,1.0
26.0,7,84006.88,2,0,0,183490.99,0,1.0,0.0,0.0,1.0
31.0,8,125927.51,2,1,0,147661.47,3,0.0,0.0,1.0,1.0
41.0,0,134378.89,1,1,1,105746.94,1,0.0,1.0,0.0,1.0
33.0,3,123783.91,2,1,1,142903.44,3,0.0,0.0,1.0,1.0
34.0,3,0.0,1,0,1,123427.98,0,0.0,0.0,1.0,1.0
30.0,3,0.0,2,1,1,104991.28,4,1.0,0.0,0.0,0.0
36.0,6,153880.15,1,0,0,135431.72,1,1.0,0.0,0.0,1.0
38.91621420206537,8,145262.54,1,0,1,131473.31,3,0.0,1.0,0.0,0.0
32.0,8,97514.07,1,1,1,199138.84,0,1.0,0.0,0.0,1.0
46.0,3,98202.76,1,0,0,137763.93,1,1.0,0.0,0.0,0.0
36.0,3,0.0,1,1,0,140754.19,2,1.0,0.0,0.0,1.0
29.0,7,131959.86,1,0,0,189268.81,2,1.0,0.0,0.0,1.0
26.0,3,76554.06,1,1,1,184800.27,3,0.0,0.0,1.0,0.0
46.0,0,0.0,2,1,0,37460.05,4,1.0,0.0,0.0,1.0
29.0,3,86616.35,1,0,0,91903.9,2,1.0,0.0,0.0,0.0
19.0,2,125860.2,1,0,0,129690.5,0,0.0,1.0,0.0,1.0
31.0,6,131996.66,2,1,1,178747.43,4,1.0,0.0,0.0,1.0
27.0,8,0.0,2,0,0,6468.24,2,0.0,0.0,1.0,0.0
34.0,5,80242.37,2,0,0,56780.97,2,0.0,1.0,0.0,1.0
36.0,7,115462.02,1,0,1,42581.04,1,0.0,1.0,0.0,1.0
47.0,1,171937.27,1,1,1,65636.92,4,0.0,1.0,0.0,1.0
53.0,6,115029.4,1,0,0,191521.32,3,1.0,0.0,0.0,1.0
29.0,2,0.0,2,0,0,167773.55,4,1.0,0.0,0.0,0.0
32.0,4,90322.99,2,0,1,118740.37,0,0.0,1.0,0.0,0.0
30.0,7,109805.3,1,0,1,163625.56,2,1.0,0.0,0.0,1.0
45.0,4,0.0,2,0,0,193009.21,2,0.0,0.0,1.0,1.0
28.0,5,0.0,2,0,1,19653.08,3,1.0,0.0,0.0,1.0
42.0,2,178820.91,1,0,0,29358.57,2,0.0,0.0,1.0,1.0
39.0,6,0.0,2,0,1,63889.1,3,0.0,0.0,1.0,1.0
35.0,2,0.0,2,0,0,67979.35,2,0.0,0.0,1.0,1.0
32.0,2,146810.99,2,1,1,180990.29,2,0.0,1.0,0.0,0.0
33.0,9,75242.28,1,0,1,101694.67,0,0.0,1.0,0.0,1.0
42.0,6,93608.28,1,1,0,168816.73,0,0.0,0.0,1.0,1.0
40.0,8,125470.81,1,1,1,174536.17,2,1.0,0.0,0.0,1.0
39.0,4,0.0,2,0,1,142331.39,3,1.0,0.0,0.0,0.0
49.0,6,124829.16,1,0,1,93551.36,0,0.0,1.0,0.0,0.0
21.0,3,0.0,2,0,1,55601.44,1,1.0,0.0,0.0,0.0
33.0,2,51949.95,2,1,0,85045.92,1,0.0,1.0,0.0,1.0
36.0,1,0.0,2,1,1,19302.78,2,0.0,0.0,1.0,0.0
38.91621420206537,1,126477.42,1,0,0,179718.17,1,1.0,0.0,0.0,1.0
35.0,7,131504.73,1,1,0,189560.43,0,0.0,1.0,0.0,0.0
38.91621420206537,9,136422.41,1,1,1,151757.81,1,1.0,0.0,0.0,0.0
48.0,4,0.0,2,0,1,146821.42,4,1.0,0.0,0.0,1.0
36.0,2,70181.48,2,1,0,80608.12,1,1.0,0.0,0.0,1.0
30.0,8,0.0,2,1,1,196134.44,3,1.0,0.0,0.0,0.0
37.0,8,167735.69,2,0,1,104665.79,1,0.0,1.0,0.0,1.0
38.0,3,0.0,2,0,1,116467.35,1,1.0,0.0,0.0,0.0
38.0,5,85626.6,1,1,1,125079.65,1,0.0,1.0,0.0,0.0
44.0,3,81811.71,1,1,0,164213.53,4,0.0,0.0,1.0,0.0
56.0,7,131317.48,1,1,1,119175.45,4,1.0,0.0,0.0,1.0
37.0,5,93722.73,2,1,1,139093.73,0,0.0,0.0,1.0,1.0
31.0,1,129743.75,1,1,0,109145.2,1,1.0,0.0,0.0,1.0
39.0,7,0.0,2,0,1,653.58,0,1.0,0.0,0.0,1.0
38.0,7,111501.66,1,1,1,119333.38,4,1.0,0.0,0.0,1.0
37.0,7,153147.75,1,1,1,152235.3,4,1.0,0.0,0.0,0.0
38.0,8,0.0,2,1,1,66485.26,4,0.0,0.0,1.0,1.0
44.0,4,96553.52,2,1,0,143952.24,1,0.0,1.0,0.0,0.0
39.0,8,144102.32,1,1,1,11682.36,3,0.0,0.0,1.0,0.0
33.0,9,0.0,1,1,1,124045.65,4,0.0,0.0,1.0,1.0
27.0,8,0.0,2,1,0,192247.35,2,1.0,0.0,0.0,1.0
45.0,8,0.0,1,0,0,125110.02,4,1.0,0.0,0.0,1.0
39.0,10,160132.75,1,1,0,32824.15,0,1.0,0.0,0.0,0.0
27.0,1,133801.49,1,1,1,143315.57,0,1.0,0.0,0.0,0.0
31.0,7,0.0,2,1,0,166720.28,0,0.0,0.0,1.0,0.0
52.0,7,0.0,1,1,1,14781.12,3,1.0,0.0,0.0,1.0
39.0,10,86546.29,1,0,1,131768.98,1,1.0,0.0,0.0,0.0
47.0,2,118079.47,4,1,1,143007.49,4,0.0,1.0,0.0,1.0
32.0,2,99092.45,1,0,1,111149.98,0,0.0,1.0,0.0,1.0
29.0,2,152265.43,1,1,0,34004.44,1,1.0,0.0,0.0,0.0
41.0,2,148088.11,1,1,0,14083.12,3,1.0,0.0,0.0,1.0
51.0,8,120124.35,2,0,1,168773.54,0,1.0,0.0,0.0,1.0
53.0,1,158271.74,1,1,1,5036.39,4,1.0,0.0,0.0,0.0
35.0,4,152390.26,1,1,0,128123.66,1,0.0,0.0,1.0,1.0
38.91621420206537,5,95328.6,1,1,0,6129.61,3,0.0,0.0,1.0,0.0
47.0,5,113328.93,1,1,0,124170.9,3,1.0,0.0,0.0,0.0
42.0,4,80214.36,1,1,0,115241.96,4,1.0,0.0,0.0,1.0
29.0,3,59385.98,2,1,1,105533.96,4,0.0,1.0,0.0,1.0
39.0,4,112290.22,1,1,0,49373.97,1,0.0,1.0,0.0,1.0
76.0,9,126534.6,1,1,1,39789.62,2,0.0,0.0,1.0,1.0
22.0,7,169649.73,2,0,1,136365.0,0,0.0,0.0,1.0,0.0
47.0,8,143001.5,2,1,0,108977.5,4,0.0,1.0,0.0,0.0
32.0,7,100433.8,1,1,1,39768.59,2,0.0,0.0,1.0,1.0
59.0,8,0.0,1,1,1,36124.98,4,0.0,0.0,1.0,0.0
40.0,6,138033.55,1,1,1,67972.45,4,1.0,0.0,0.0,1.0
78.0,4,68345.86,2,1,1,142566.75,2,0.0,1.0,0.0,1.0
31.0,9,0.0,2,1,1,18210.36,4,0.0,0.0,1.0,1.0
37.0,7,70258.88,2,1,0,139607.61,1,0.0,1.0,0.0,0.0
58.0,3,0.0,2,0,1,32790.02,0,1.0,0.0,0.0,1.0
58.0,1,110597.76,1,0,1,160122.66,4,0.0,1.0,0.0,1.0
37.0,8,0.0,1,1,1,807.06,0,0.0,0.0,1.0,1.0
66.0,7,0.0,2,1,1,99792.82,2,1.0,0.0,0.0,0.0
38.91621420206537,9,119530.52,1,1,0,119056.68,1,0.0,1.0,0.0,1.0
28.0,7,165969.26,3,1,0,156122.13,4,0.0,0.0,1.0,0.0
41.0,9,107135.04,2,1,1,160546.58,0,0.0,0.0,1.0,0.0
42.0,4,89838.71,3,1,0,85983.54,0,1.0,0.0,0.0,1.0
40.0,10,112896.86,1,1,1,121402.53,1,1.0,0.0,0.0,1.0
35.0,6,102482.76,1,1,1,53994.64,2,1.0,0.0,0.0,0.0
37.0,2,132057.92,2,1,0,34743.98,3,1.0,0.0,0.0,1.0
38.91621420206537,2,166522.78,1,0,0,119644.59,3,0.0,1.0,0.0,1.0
42.0,1,0.0,2,0,0,23822.04,0,1.0,0.0,0.0,1.0
42.0,5,0.0,2,0,0,197602.29,3,0.0,0.0,1.0,1.0
24.0,7,173962.32,1,0,0,106457.11,2,0.0,0.0,1.0,0.0
38.91621420206537,9,106520.73,2,1,0,177092.16,1,0.0,1.0,0.0,1.0
32.0,2,0.0,2,0,1,9468.64,1,1.0,0.0,0.0,1.0
38.91621420206537,9,141827.33,2,1,1,149458.73,4,0.0,1.0,0.0,1.0
29.0,4,0.0,1,1,0,8982.75,3,1.0,0.0,0.0,1.0
61.0,8,0.0,2,0,1,139861.53,0,0.0,0.0,1.0,0.0
36.0,8,158261.68,1,1,1,76744.72,1,0.0,0.0,1.0,1.0
34.0,8,0.0,2,1,0,38570.13,2,1.0,0.0,0.0,1.0
50.0,1,0.0,3,1,1,191849.15,2,1.0,0.0,0.0,1.0
32.0,0,103846.65,1,1,0,20560.69,2,0.0,1.0,0.0,1.0
46.0,2,143500.82,1,1,0,166996.46,2,0.0,1.0,0.0,0.0
37.0,6,0.0,2,0,0,142454.77,2,1.0,0.0,0.0,1.0
38.0,0,178056.54,2,1,0,38434.73,0,0.0,0.0,1.0,1.0
42.0,7,105722.69,1,1,1,90558.24,3,0.0,1.0,0.0,0.0
40.0,1,111524.49,1,1,1,120373.84,0,0.0,1.0,0.0,0.0
33.0,3,0.0,1,1,1,188193.25,2,0.0,0.0,1.0,0.0
46.0,6,62212.29,1,0,1,171681.86,0,1.0,0.0,0.0,0.0
38.0,4,111096.91,1,1,1,19762.88,4,0.0,1.0,0.0,1.0
38.91621420206537,6,0.0,1,1,1,22442.13,1,1.0,0.0,0.0,0.0
40.0,4,0.0,1,0,0,151325.24,1,1.0,0.0,0.0,1.0
37.0,5,106967.18,1,0,0,24495.03,2,1.0,0.0,0.0,1.0
24.0,10,0.0,1,0,0,92180.62,0,1.0,0.0,0.0,1.0
25.0,5,62482.95,1,1,1,102758.43,0,0.0,1.0,0.0,1.0
42.0,4,106920.91,1,0,1,119747.08,1,0.0,0.0,1.0,1.0
38.0,4,72594.0,1,1,1,76042.48,1,1.0,0.0,0.0,0.0
37.0,4,0.0,2,1,0,125696.26,1,0.0,0.0,1.0,0.0
34.0,8,98382.72,1,1,0,39542.0,1,0.0,0.0,1.0,1.0
40.0,8,0.0,2,1,0,62933.03,1,1.0,0.0,0.0,1.0
36.0,8,188241.05,2,0,0,183058.51,2,0.0,0.0,1.0,1.0
47.0,5,108289.28,2,1,1,45859.55,4,0.0,1.0,0.0,0.0
26.0,2,0.0,2,1,1,31399.4,0,1.0,0.0,0.0,1.0
23.0,2,80673.96,2,1,0,93991.65,4,1.0,0.0,0.0,1.0
59.0,4,0.0,1,1,1,163365.85,3,1.0,0.0,0.0,0.0
43.0,9,172478.15,1,1,0,191084.4,2,0.0,0.0,1.0,1.0
22.0,3,0.0,2,0,0,30781.77,2,1.0,0.0,0.0,0.0
42.0,6,105021.28,1,1,0,48242.38,2,0.0,0.0,1.0,0.0
47.0,1,104887.43,1,0,0,86622.56,3,0.0,1.0,0.0,0.0
40.0,3,0.0,1,0,0,57817.84,4,1.0,0.0,0.0,0.0
36.0,3,0.0,1,0,1,144078.02,0,1.0,0.0,0.0,1.0
27.0,10,0.0,1,1,0,94544.88,3,0.0,0.0,1.0,1.0
50.0,8,0.0,1,0,0,144366.83,2,0.0,0.0,1.0,1.0
37.0,9,101707.8,1,1,0,123866.28,1,0.0,0.0,1.0,0.0
30.0,8,92472.1,2,0,1,126434.61,1,1.0,0.0,0.0,0.0
32.0,4,0.0,2,1,0,167848.02,0,0.0,0.0,1.0,1.0
65.0,1,0.0,2,0,1,103182.46,1,0.0,0.0,1.0,0.0
34.0,7,60515.13,1,0,0,124571.09,0,0.0,1.0,0.0,1.0
33.0,5,77253.22,1,0,1,194239.63,4,0.0,0.0,1.0,1.0
47.0,1,64430.06,2,0,1,96517.97,1,1.0,0.0,0.0,1.0
41.0,2,138878.81,1,0,1,112269.67,1,0.0,1.0,0.0,0.0
30.0,5,32197.64,1,0,1,141446.01,2,0.0,1.0,0.0,0.0
39.0,5,139822.11,2,1,1,146219.9,2,0.0,1.0,0.0,1.0
47.0,9,137301.87,1,1,0,44351.77,4,1.0,0.0,0.0,0.0
35.0,8,129205.49,1,1,1,79146.36,2,1.0,0.0,0.0,1.0
36.0,8,133889.35,1,1,1,143265.65,3,1.0,0.0,0.0,1.0
25.0,3,86605.5,3,1,0,16649.31,2,0.0,0.0,1.0,0.0
46.0,0,0.0,2,1,1,184350.78,3,1.0,0.0,0.0,1.0
35.0,0,0.0,2,1,0,119899.52,0,0.0,0.0,1.0,0.0
34.0,9,0.0,2,1,0,50046.25,4,0.0,0.0,1.0,1.0
34.0,10,97208.46,1,1,1,59553.34,4,0.0,0.0,1.0,1.0
38.91621420206537,2,104568.41,1,1,0,8059.44,2,0.0,1.0,0.0,1.0
30.0,1,122185.53,1,1,0,102566.46,2,0.0,1.0,0.0,1.0
42.0,7,115076.06,1,1,1,79323.61,1,1.0,0.0,0.0,1.0
40.0,9,0.0,2,1,0,112465.19,1,1.0,0.0,0.0,1.0
29.0,3,159035.45,1,1,0,2705.31,0,0.0,0.0,1.0,1.0
26.0,3,116576.45,1,1,0,157567.37,0,0.0,0.0,1.0,0.0
36.0,9,58571.18,2,1,0,40774.01,3,0.0,1.0,0.0,1.0
45.0,1,123949.75,1,0,0,110881.56,2,0.0,1.0,0.0,1.0
52.0,3,110791.97,1,1,0,148704.77,0,0.0,1.0,0.0,1.0
39.0,9,0.0,1,1,0,48963.59,1,1.0,0.0,0.0,1.0
46.0,9,127209.0,2,1,0,77405.95,2,0.0,0.0,1.0,1.0
32.0,5,0.0,2,1,0,59249.83,1,1.0,0.0,0.0,1.0
58.0,1,132602.88,1,1,0,5097.67,2,0.0,1.0,0.0,1.0
43.0,1,103960.38,1,1,1,193650.16,3,0.0,0.0,1.0,0.0
46.0,7,161806.09,1,1,1,173052.19,2,0.0,1.0,0.0,0.0
34.0,2,154485.74,2,0,0,78560.64,3,1.0,0.0,0.0,1.0
29.0,4,102714.65,2,0,0,21170.81,2,0.0,1.0,0.0,0.0
41.0,3,150300.65,2,1,0,71672.86,3,1.0,0.0,0.0,0.0
64.0,2,145578.28,1,0,1,186172.85,4,1.0,0.0,0.0,1.0
41.0,9,0.0,2,1,1,155786.39,1,0.0,0.0,1.0,0.0
37.0,7,69609.85,1,1,1,72127.83,3,1.0,0.0,0.0,0.0
69.0,2,187013.13,2,0,1,105898.69,1,0.0,1.0,0.0,1.0
55.0,10,117561.49,1,1,0,95941.55,4,1.0,0.0,0.0,0.0
34.0,0,0.0,1,0,0,99984.86,2,0.0,0.0,1.0,1.0
40.0,5,143566.12,1,1,1,189607.71,2,1.0,0.0,0.0,0.0
47.0,4,99353.42,1,1,0,196549.85,1,0.0,1.0,0.0,1.0
35.0,2,0.0,2,1,1,93825.78,0,1.0,0.0,0.0,0.0
66.0,2,0.0,2,0,1,180082.7,1,0.0,0.0,1.0,1.0
49.0,5,110132.55,3,0,1,187689.91,2,0.0,0.0,1.0,0.0
40.0,10,45408.85,2,1,0,18732.91,1,0.0,1.0,0.0,1.0
25.0,3,91718.8,1,0,0,28411.23,4,1.0,0.0,0.0,0.0
34.0,8,106486.66,2,0,1,182262.66,2,1.0,0.0,0.0,1.0
37.0,8,0.0,3,1,0,71738.56,3,0.0,0.0,1.0,0.0
69.0,5,86038.21,3,0,0,192743.06,1,0.0,1.0,0.0,0.0
43.0,7,140260.36,2,1,0,2748.72,2,1.0,0.0,0.0,0.0
38.91621420206537,2,98009.13,2,0,1,31384.86,3,0.0,1.0,0.0,0.0
54.0,3,138547.97,1,1,1,70196.23,0,1.0,0.0,0.0,0.0
42.0,1,0.0,1,1,1,83629.6,1,0.0,0.0,1.0,0.0
27.0,7,104848.68,1,1,1,167387.36,1,0.0,1.0,0.0,0.0
52.0,1,0.0,1,0,0,63584.55,0,1.0,0.0,0.0,1.0
34.0,1,0.0,2,1,0,167035.07,3,1.0,0.0,0.0,0.0
40.0,2,160625.17,1,0,1,3554.63,4,0.0,0.0,1.0,1.0
44.0,7,0.0,2,1,0,29761.29,2,1.0,0.0,0.0,0.0
31.0,4,97338.19,2,0,0,48226.76,3,0.0,1.0,0.0,1.0
26.0,4,0.0,2,1,1,167036.94,4,0.0,0.0,1.0,1.0
36.0,2,0.0,2,1,1,106977.8,3,0.0,0.0,1.0,0.0
39.0,7,167395.6,2,0,1,139537.43,4,0.0,1.0,0.0,0.0
28.0,2,171932.26,2,1,1,9578.24,0,0.0,1.0,0.0,0.0
38.91621420206537,4,0.0,2,0,1,123318.37,4,1.0,0.0,0.0,0.0
29.0,7,0.0,2,1,1,141706.43,4,1.0,0.0,0.0,1.0
41.0,5,0.0,1,0,0,36548.0,2,1.0,0.0,0.0,0.0
39.0,7,130051.66,2,0,0,55356.39,4,0.0,0.0,1.0,0.0
36.0,4,172381.8,1,1,1,86480.29,4,1.0,0.0,0.0,1.0
39.0,5,116803.8,1,1,0,124052.97,3,0.0,1.0,0.0,0.0
46.0,5,117837.43,1,1,0,104016.61,3,0.0,1.0,0.0,1.0
32.0,2,0.0,2,1,0,54628.11,2,1.0,0.0,0.0,0.0
30.0,8,0.0,2,1,0,100557.03,4,1.0,0.0,0.0,0.0
30.0,3,0.0,2,1,0,145490.85,0,0.0,0.0,1.0,1.0
40.0,1,93051.64,2,1,0,71865.31,3,0.0,1.0,0.0,1.0
38.0,3,130588.82,1,1,1,154997.64,3,1.0,0.0,0.0,1.0
33.0,5,0.0,2,1,0,161002.29,0,0.0,0.0,1.0,1.0
31.0,9,0.0,2,1,1,24748.89,4,1.0,0.0,0.0,1.0
48.0,6,179852.26,1,1,0,193580.32,1,0.0,0.0,1.0,1.0
38.91621420206537,9,149405.18,1,1,1,146411.6,3,1.0,0.0,0.0,1.0
34.0,2,0.0,2,0,0,51919.04,4,1.0,0.0,0.0,0.0
40.0,9,129860.37,1,0,0,17992.94,0,1.0,0.0,0.0,0.0
38.91621420206537,0,57784.22,1,1,0,197804.0,3,0.0,0.0,1.0,0.0
38.91621420206537,3,109698.41,1,1,1,88391.29,2,0.0,1.0,0.0,0.0
34.0,10,0.0,2,0,1,161571.79,1,0.0,0.0,1.0,1.0
37.0,4,0.0,2,0,0,163563.07,2,1.0,0.0,0.0,1.0
42.0,1,0.0,2,1,1,5768.32,2,1.0,0.0,0.0,0.0
25.0,9,0.0,2,1,1,8227.91,2,0.0,0.0,1.0,1.0
55.0,10,0.0,4,1,1,49418.87,4,1.0,0.0,0.0,0.0
39.0,0,154439.86,1,1,0,171519.06,2,0.0,1.0,0.0,1.0
26.0,1,131643.25,1,1,0,64436.16,0,0.0,0.0,1.0,1.0
38.0,1,0.0,2,1,0,20734.81,4,1.0,0.0,0.0,0.0
40.0,1,0.0,2,1,1,102547.56,1,1.0,0.0,0.0,1.0
36.0,2,79951.9,1,0,1,174123.16,0,1.0,0.0,0.0,0.0
38.91621420206537,4,59486.31,1,1,0,163944.18,2,1.0,0.0,0.0,1.0
39.0,10,105317.73,2,1,0,138021.36,1,0.0,0.0,1.0,1.0
43.0,1,0.0,2,1,1,52471.36,0,1.0,0.0,0.0,1.0
41.0,3,123475.04,1,1,1,179227.52,1,1.0,0.0,0.0,0.0
42.0,7,0.0,2,0,1,72500.68,3,1.0,0.0,0.0,0.0
57.0,6,0.0,2,1,1,72402.0,1,0.0,0.0,1.0,1.0
45.0,2,0.0,2,1,0,77475.73,0,1.0,0.0,0.0,1.0
60.0,9,115920.62,2,0,0,157552.08,3,0.0,1.0,0.0,1.0
31.0,6,172325.67,1,0,1,45438.38,2,1.0,0.0,0.0,0.0
38.0,1,182065.85,1,1,0,49503.5,3,1.0,0.0,0.0,0.0
46.0,5,109019.65,2,1,1,33680.56,2,0.0,1.0,0.0,1.0
36.0,6,0.0,2,1,1,48314.0,1,1.0,0.0,0.0,1.0
38.91621420206537,4,77949.69,1,1,1,121151.46,3,0.0,1.0,0.0,0.0
38.91621420206537,1,135936.1,2,1,1,110560.14,1,0.0,0.0,1.0,1.0
38.91621420206537,3,133793.89,1,1,1,34607.14,2,1.0,0.0,0.0,0.0
29.0,7,0.0,2,1,0,23237.25,4,0.0,0.0,1.0,0.0
45.0,1,0.0,1,0,0,125939.22,1,0.0,0.0,1.0,0.0
36.0,8,148749.29,2,1,0,91830.75,3,1.0,0.0,0.0,0.0
34.0,5,0.0,2,1,1,102908.63,2,1.0,0.0,0.0,1.0
39.0,3,0.0,2,1,1,84175.34,4,1.0,0.0,0.0,0.0
43.0,6,137824.03,2,1,0,172557.77,3,1.0,0.0,0.0,0.0
27.0,6,0.0,1,1,1,57572.38,4,1.0,0.0,0.0,0.0
42.0,3,0.0,2,1,0,35989.41,2,0.0,0.0,1.0,0.0
26.0,7,0.0,2,1,1,6656.64,2,0.0,0.0,1.0,1.0
30.0,3,165257.2,1,0,0,134822.05,4,1.0,0.0,0.0,1.0
29.0,5,0.0,2,1,0,194310.1,1,1.0,0.0,0.0,1.0
39.0,9,0.0,1,1,0,80963.92,3,1.0,0.0,0.0,1.0
35.0,3,104356.38,1,1,0,94498.82,1,0.0,1.0,0.0,1.0
35.0,0,135984.15,2,1,0,186778.89,1,1.0,0.0,0.0,0.0
35.0,5,0.0,2,1,1,78397.24,3,1.0,0.0,0.0,1.0
43.0,5,0.0,2,1,0,29346.1,2,0.0,0.0,1.0,1.0
66.0,1,135842.41,1,1,0,183840.51,1,1.0,0.0,0.0,0.0
25.0,7,0.0,2,1,1,195977.75,2,1.0,0.0,0.0,1.0
44.0,4,107726.93,2,1,0,153064.87,3,0.0,0.0,1.0,1.0
36.0,6,106192.1,1,1,0,149575.59,0,1.0,0.0,0.0,1.0
25.0,3,104833.79,1,0,0,71911.3,4,0.0,0.0,1.0,0.0
42.0,3,156555.54,1,1,1,175674.01,4,1.0,0.0,0.0,0.0
31.0,1,93460.47,2,0,0,172782.69,4,0.0,1.0,0.0,0.0
46.0,7,0.0,1,1,1,109057.56,0,1.0,0.0,0.0,0.0
34.0,8,122338.43,2,1,0,187985.85,3,1.0,0.0,0.0,0.0
38.0,7,0.0,1,1,0,164804.02,1,1.0,0.0,0.0,0.0
21.0,9,0.0,2,0,0,154882.79,1,0.0,0.0,1.0,1.0
45.0,6,0.0,1,1,1,137739.45,3,1.0,0.0,0.0,0.0
37.0,5,0.0,2,1,1,121485.1,0,1.0,0.0,0.0,1.0
33.0,3,0.0,1,1,1,7666.73,3,1.0,0.0,0.0,1.0
31.0,8,0.0,2,0,1,131644.41,3,0.0,0.0,1.0,0.0
28.0,6,0.0,1,1,1,164394.65,4,1.0,0.0,0.0,0.0
37.0,10,123806.28,1,1,0,81776.84,3,1.0,0.0,0.0,0.0
30.0,6,0.0,2,0,1,63908.86,4,0.0,0.0,1.0,1.0
36.0,5,66392.64,1,1,0,31106.67,2,1.0,0.0,0.0,0.0
42.0,7,126428.38,1,1,0,39830.1,4,0.0,1.0,0.0,1.0
38.0,3,116439.65,1,1,0,75574.48,0,1.0,0.0,0.0,1.0
45.0,5,118886.55,1,0,0,51636.7,2,0.0,1.0,0.0,0.0
34.0,2,0.0,2,1,0,164162.44,4,1.0,0.0,0.0,1.0
34.0,5,113958.55,1,0,1,32125.98,4,1.0,0.0,0.0,1.0
21.0,10,0.0,2,0,1,135851.3,1,1.0,0.0,0.0,1.0
32.0,6,185714.28,1,1,1,102502.5,4,1.0,0.0,0.0,1.0
29.0,8,0.0,2,1,1,189558.44,0,1.0,0.0,0.0,0.0
65.0,6,129472.33,1,1,1,85179.48,2,0.0,1.0,0.0,1.0
52.0,5,144772.69,1,0,0,98302.57,1,0.0,0.0,1.0,0.0
64.0,3,139663.37,1,0,1,100995.11,0,1.0,0.0,0.0,0.0
37.0,1,89696.84,2,1,1,193179.88,2,0.0,1.0,0.0,1.0
40.0,9,139625.34,1,1,0,93702.96,2,1.0,0.0,0.0,0.0
20.0,6,0.0,2,1,0,195486.28,3,1.0,0.0,0.0,1.0
36.0,6,0.0,2,1,0,141364.27,4,0.0,0.0,1.0,0.0
40.0,7,108407.34,1,1,1,83681.2,0,0.0,1.0,0.0,1.0
35.0,6,0.0,2,1,0,1485.27,2,1.0,0.0,0.0,1.0
34.0,3,0.0,2,1,1,104703.96,0,1.0,0.0,0.0,1.0
35.0,3,156687.1,1,1,0,199320.77,0,1.0,0.0,0.0,1.0
46.0,5,123873.19,1,1,1,177844.06,2,1.0,0.0,0.0,1.0
44.0,8,107926.02,1,0,1,17375.27,4,0.0,1.0,0.0,0.0
43.0,1,106086.42,2,1,0,26900.63,2,1.0,0.0,0.0,1.0
36.0,0,0.0,2,1,0,97767.63,0,1.0,0.0,0.0,0.0
33.0,4,111582.11,1,0,0,113943.17,1,1.0,0.0,0.0,1.0
49.0,7,80001.23,1,0,0,135180.11,0,1.0,0.0,0.0,1.0
42.0,4,64740.12,1,1,1,106841.12,1,1.0,0.0,0.0,0.0
31.0,1,0.0,2,1,0,4802.25,3,1.0,0.0,0.0,0.0
47.0,9,137774.11,2,1,0,151902.78,2,0.0,1.0,0.0,1.0
22.0,3,0.0,1,1,1,144385.54,4,0.0,0.0,1.0,1.0
40.0,6,124788.18,1,1,0,65612.12,4,1.0,0.0,0.0,1.0
36.0,5,73194.99,1,1,1,89222.66,4,0.0,1.0,0.0,1.0
38.91621420206537,7,0.0,2,1,1,83449.65,4,1.0,0.0,0.0,1.0
38.91621420206537,2,133200.09,1,0,0,71433.88,2,0.0,1.0,0.0,0.0
34.0,7,0.0,2,0,1,100304.13,2,1.0,0.0,0.0,1.0
25.0,7,165413.43,1,1,1,35279.74,1,0.0,1.0,0.0,1.0
57.0,2,0.0,3,1,0,66652.75,1,0.0,0.0,1.0,0.0
20.0,8,0.0,1,1,0,110252.53,2,0.0,0.0,1.0,1.0
36.0,1,118851.05,1,1,1,102747.02,3,1.0,0.0,0.0,0.0
67.0,1,0.0,2,0,1,103945.58,4,1.0,0.0,0.0,0.0
46.0,1,115764.32,2,0,0,102950.79,3,1.0,0.0,0.0,1.0
33.0,6,0.0,1,1,0,58458.26,3,1.0,0.0,0.0,1.0
38.91621420206537,10,87946.39,1,1,1,182531.74,3,1.0,0.0,0.0,0.0
43.0,4,0.0,2,1,1,58761.33,3,1.0,0.0,0.0,0.0
36.0,8,113680.54,1,0,0,13197.44,0,0.0,0.0,1.0,0.0
25.0,5,54817.55,1,1,0,131660.31,4,0.0,1.0,0.0,1.0
31.0,2,121691.54,2,0,0,81778.72,4,0.0,0.0,1.0,0.0
36.0,1,135515.76,1,1,0,86013.96,2,0.0,0.0,1.0,0.0
45.0,3,68639.57,1,1,0,168002.31,1,1.0,0.0,0.0,0.0
22.0,1,76318.64,1,1,1,194783.12,0,1.0,0.0,0.0,0.0
31.0,3,127331.46,3,1,1,176433.6,3,0.0,1.0,0.0,0.0
34.0,7,152992.91,1,1,1,134691.2,1,1.0,0.0,0.0,0.0
43.0,3,116220.5,3,1,0,55803.96,0,0.0,1.0,0.0,0.0
36.0,2,99472.76,2,1,0,94274.72,3,1.0,0.0,0.0,0.0
39.0,8,136000.45,2,1,0,31708.53,1,0.0,1.0,0.0,1.0
34.0,4,0.0,2,1,1,66721.98,0,1.0,0.0,0.0,1.0
47.0,7,0.0,2,0,0,112366.98,1,1.0,0.0,0.0,0.0
40.0,9,0.0,2,1,0,40463.03,3,1.0,0.0,0.0,1.0
46.0,8,119492.88,2,0,1,166896.01,4,0.0,1.0,0.0,0.0
40.0,2,0.0,4,0,1,106174.7,1,1.0,0.0,0.0,1.0
40.0,1,144757.97,2,1,1,166656.18,1,0.0,1.0,0.0,1.0
26.0,9,105522.06,1,1,0,10842.46,0,1.0,0.0,0.0,1.0
58.0,1,90022.85,1,0,1,2988.28,2,1.0,0.0,0.0,0.0
48.0,6,111962.99,1,1,0,111755.8,4,0.0,1.0,0.0,0.0
47.0,9,116393.59,1,1,0,63051.32,3,0.0,0.0,1.0,0.0
30.0,0,90963.49,1,0,1,27802.0,0,1.0,0.0,0.0,1.0
34.0,3,145030.92,1,1,1,41820.65,2,1.0,0.0,0.0,1.0
29.0,6,98759.89,1,0,0,112202.64,4,0.0,0.0,1.0,0.0
52.0,9,137755.76,1,1,0,163191.99,0,0.0,1.0,0.0,1.0
46.0,9,66582.81,1,1,0,78753.12,4,0.0,0.0,1.0,0.0
23.0,6,166594.78,1,1,1,155823.2,3,1.0,0.0,0.0,1.0
37.0,8,152303.66,2,1,1,175082.2,0,1.0,0.0,0.0,1.0
35.0,1,102097.33,1,0,1,168285.85,1,1.0,0.0,0.0,0.0
24.0,4,122168.65,1,1,0,174107.04,4,1.0,0.0,0.0,1.0
41.0,9,164046.1,1,1,0,49405.93,3,0.0,1.0,0.0,1.0
51.0,2,92246.14,2,0,1,91346.03,3,0.0,1.0,0.0,0.0
27.0,3,87739.08,1,1,1,123096.56,0,1.0,0.0,0.0,0.0
51.0,10,123401.43,2,1,1,127825.25,1,1.0,0.0,0.0,1.0
44.0,6,134066.1,2,1,1,197572.41,3,1.0,0.0,0.0,0.0
41.0,4,109026.8,2,1,1,43117.1,3,0.0,1.0,0.0,1.0
39.0,1,0.0,2,1,0,153129.22,2,1.0,0.0,0.0,1.0
45.0,8,120591.19,1,0,0,195123.94,2,0.0,1.0,0.0,1.0
39.0,8,120252.02,2,1,1,10160.23,0,0.0,1.0,0.0,1.0
43.0,3,212696.32,1,1,0,115268.86,2,0.0,1.0,0.0,1.0
60.0,2,0.0,1,1,1,166513.49,4,1.0,0.0,0.0,1.0
38.91621420206537,2,129264.05,2,0,0,19150.14,4,0.0,1.0,0.0,0.0
18.0,8,134796.87,2,1,1,114858.9,2,0.0,0.0,1.0,1.0
27.0,7,0.0,2,1,0,28823.04,0,0.0,0.0,1.0,1.0
35.0,2,167924.95,1,1,0,43024.64,3,1.0,0.0,0.0,0.0
30.0,6,107499.7,1,1,1,187632.22,2,1.0,0.0,0.0,0.0
33.0,6,0.0,2,1,1,98015.85,3,1.0,0.0,0.0,0.0
25.0,9,173459.45,2,1,1,44381.06,1,0.0,1.0,0.0,1.0
33.0,3,0.0,2,1,0,30804.68,4,0.0,0.0,1.0,1.0
38.91621420206537,4,82034.0,1,0,0,146326.45,2,0.0,0.0,1.0,1.0
58.0,4,114713.57,1,1,1,36315.03,0,1.0,0.0,0.0,0.0
32.0,8,121669.23,1,0,1,125898.39,4,0.0,1.0,0.0,1.0
29.0,7,105204.01,1,0,1,138490.03,1,0.0,1.0,0.0,0.0
42.0,9,105356.09,2,1,1,130489.37,4,0.0,1.0,0.0,0.0
39.0,8,0.0,2,1,1,37090.44,4,0.0,0.0,1.0,1.0
38.91621420206537,10,134320.23,2,1,0,150757.35,0,1.0,0.0,0.0,0.0
67.0,6,117411.6,1,1,1,45071.09,2,0.0,1.0,0.0,1.0
51.0,1,147910.3,1,1,1,53581.14,3,0.0,1.0,0.0,1.0
34.0,2,0.0,2,0,0,165840.94,4,1.0,0.0,0.0,0.0
68.0,0,126061.51,2,1,1,184936.77,2,0.0,1.0,0.0,1.0
37.0,2,130461.02,1,1,0,21967.15,1,0.0,0.0,1.0,1.0
36.0,9,0.0,1,1,0,45909.87,3,1.0,0.0,0.0,1.0
43.0,8,0.0,1,1,0,96754.8,3,1.0,0.0,0.0,1.0
48.0,6,99906.19,1,1,0,64323.24,3,0.0,0.0,1.0,0.0
27.0,4,0.0,1,1,1,40807.26,4,0.0,0.0,1.0,1.0
59.0,8,154110.99,2,1,0,101240.08,0,0.0,1.0,0.0,0.0
29.0,7,0.0,2,1,1,91196.67,1,1.0,0.0,0.0,1.0
35.0,8,0.0,1,1,0,100015.79,1,0.0,0.0,1.0,1.0
49.0,3,0.0,2,1,0,50123.44,1,1.0,0.0,0.0,1.0
37.0,2,121801.72,2,0,1,23146.62,2,0.0,1.0,0.0,0.0
35.0,4,0.0,1,1,1,133287.73,0,1.0,0.0,0.0,0.0
81.0,6,122029.15,1,1,1,50783.88,3,0.0,1.0,0.0,1.0
35.0,6,137102.65,1,0,0,76870.81,1,0.0,0.0,1.0,1.0
45.0,4,0.0,2,0,1,121053.19,1,1.0,0.0,0.0,0.0
34.0,3,96127.27,1,0,0,30972.06,1,1.0,0.0,0.0,0.0
46.0,3,0.0,2,0,1,104902.68,3,0.0,0.0,1.0,0.0
41.0,3,58820.32,2,1,1,138536.09,0,1.0,0.0,0.0,1.0
54.0,6,102141.9,1,1,1,45325.26,1,1.0,0.0,0.0,1.0
40.0,6,129502.49,2,0,1,86099.23,2,0.0,1.0,0.0,0.0
55.0,7,0.0,2,1,1,41967.03,2,0.0,0.0,1.0,1.0
49.0,8,160602.25,2,1,0,129273.94,4,1.0,0.0,0.0,0.0
38.91621420206537,5,131433.33,2,1,1,3497.43,4,0.0,1.0,0.0,0.0
34.0,3,0.0,2,1,1,105599.65,2,1.0,0.0,0.0,1.0
71.0,7,0.0,2,1,1,108841.83,1,1.0,0.0,0.0,1.0
39.0,3,119688.81,1,1,0,137041.26,1,0.0,1.0,0.0,1.0
35.0,4,110837.73,1,0,0,126419.8,4,1.0,0.0,0.0,1.0
29.0,7,137059.05,3,1,0,102975.72,4,0.0,1.0,0.0,0.0
41.0,4,0.0,2,1,1,164549.74,2,0.0,0.0,1.0,0.0
43.0,7,132412.38,1,0,0,69584.3,2,1.0,0.0,0.0,1.0
38.91621420206537,8,0.0,2,1,1,161954.43,1,0.0,0.0,1.0,1.0
33.0,1,122088.67,1,1,0,42581.09,4,0.0,1.0,0.0,1.0
33.0,1,0.0,2,0,0,53379.52,2,1.0,0.0,0.0,1.0
32.0,0,0.0,2,0,0,187172.54,1,1.0,0.0,0.0,0.0
29.0,4,0.0,2,0,1,48673.18,0,1.0,0.0,0.0,0.0
31.0,3,0.0,2,0,0,48228.1,3,0.0,0.0,1.0,1.0
41.0,5,91612.91,1,1,1,28427.84,1,1.0,0.0,0.0,1.0
34.0,3,0.0,2,1,1,44756.25,2,1.0,0.0,0.0,0.0
25.0,2,0.0,2,1,0,123723.83,1,1.0,0.0,0.0,0.0
38.0,3,0.0,2,0,1,167984.72,3,1.0,0.0,0.0,0.0
30.0,5,0.0,2,0,1,149195.44,0,0.0,0.0,1.0,0.0
31.0,6,0.0,1,1,0,146213.75,0,0.0,0.0,1.0,0.0
38.0,8,0.0,2,1,0,88659.44,2,1.0,0.0,0.0,1.0
44.0,9,120681.63,1,1,0,74836.34,4,1.0,0.0,0.0,1.0
40.0,7,113208.86,2,1,0,34577.36,2,1.0,0.0,0.0,1.0
59.0,9,122471.09,1,0,1,15807.07,3,0.0,1.0,0.0,1.0
33.0,5,0.0,2,1,0,66285.18,4,0.0,0.0,1.0,1.0
29.0,9,99027.61,2,1,0,10940.4,0,0.0,1.0,0.0,0.0
62.0,3,75051.49,1,0,0,17682.02,0,1.0,0.0,0.0,0.0
41.0,7,190409.34,2,1,1,138361.48,4,0.0,1.0,0.0,1.0
36.0,4,81795.74,2,1,0,90106.94,4,0.0,1.0,0.0,1.0
27.0,5,0.0,2,1,0,30546.4,1,1.0,0.0,0.0,1.0
50.0,7,88302.65,1,1,1,195937.16,2,0.0,1.0,0.0,1.0
38.0,6,109869.32,1,1,1,154641.91,2,0.0,0.0,1.0,1.0
38.91621420206537,6,0.0,2,1,1,86767.48,0,1.0,0.0,0.0,1.0
31.0,7,139395.08,1,0,1,6120.84,0,1.0,0.0,0.0,0.0
37.0,2,166178.02,2,1,1,71972.95,3,1.0,0.0,0.0,0.0
29.0,2,0.0,1,1,1,144375.0,3,1.0,0.0,0.0,0.0
56.0,8,119496.25,2,1,0,29880.99,4,1.0,0.0,0.0,1.0
41.0,2,100520.92,1,1,1,19412.8,0,0.0,1.0,0.0,1.0
58.0,9,187911.55,1,0,1,35825.18,4,1.0,0.0,0.0,0.0
32.0,4,0.0,2,1,1,72909.75,4,1.0,0.0,0.0,0.0
44.0,4,113522.64,1,1,1,12405.2,0,0.0,0.0,1.0,1.0
33.0,7,89939.62,1,1,0,136540.09,2,1.0,0.0,0.0,0.0
61.0,6,142105.35,1,1,1,45214.04,1,1.0,0.0,0.0,0.0
36.0,1,0.0,2,1,0,53477.76,4,1.0,0.0,0.0,1.0
40.0,4,91592.06,1,1,0,141210.18,0,1.0,0.0,0.0,1.0
25.0,9,162560.32,1,1,0,64129.03,0,1.0,0.0,0.0,1.0
33.0,6,90560.3,2,1,1,42607.69,4,0.0,1.0,0.0,0.0
33.0,10,75592.43,1,1,0,62674.42,4,0.0,0.0,1.0,0.0
36.0,0,94153.56,1,0,1,120138.27,1,0.0,0.0,1.0,1.0
23.0,10,98052.66,1,1,1,142587.32,4,0.0,0.0,1.0,1.0
30.0,9,142910.15,1,1,0,105890.55,1,0.0,1.0,0.0,1.0
28.0,9,114731.76,2,0,1,79479.74,0,1.0,0.0,0.0,1.0
31.0,1,112203.25,1,1,0,182266.01,0,1.0,0.0,0.0,0.0
38.91621420206537,9,166776.6,2,0,1,172646.88,0,0.0,1.0,0.0,0.0
44.0,4,0.0,1,0,0,84972.9,3,0.0,0.0,1.0,1.0
37.0,1,0.0,2,0,0,7455.2,4,0.0,0.0,1.0,0.0
25.0,0,78396.08,1,1,1,8316.19,4,1.0,0.0,0.0,1.0
46.0,6,0.0,2,1,0,73457.55,0,1.0,0.0,0.0,0.0
29.0,2,132450.24,1,1,1,36176.63,1,0.0,0.0,1.0,1.0
41.0,4,0.0,2,1,1,24924.92,4,1.0,0.0,0.0,1.0
42.0,9,121490.05,1,1,1,29296.74,1,0.0,0.0,1.0,1.0
31.0,6,0.0,2,1,1,71009.84,3,1.0,0.0,0.0,1.0
26.0,0,0.0,2,0,1,72929.96,2,1.0,0.0,0.0,1.0
35.0,1,0.0,2,1,0,165370.66,2,0.0,0.0,1.0,1.0
25.0,4,0.0,1,1,1,194313.93,2,0.0,0.0,1.0,0.0
28.0,10,79562.98,1,1,1,74687.37,2,1.0,0.0,0.0,1.0
38.91621420206537,6,0.0,2,0,1,123622.0,0,1.0,0.0,0.0,1.0
30.0,3,0.0,2,0,1,10486.69,2,0.0,0.0,1.0,1.0
37.0,9,155619.58,1,1,1,135088.58,3,0.0,0.0,1.0,0.0
46.0,9,107850.82,1,1,0,139431.0,1,0.0,1.0,0.0,1.0
28.0,2,191864.51,1,1,0,108457.99,4,1.0,0.0,0.0,0.0
30.0,8,0.0,2,1,1,41192.95,0,0.0,0.0,1.0,0.0
40.0,0,140306.38,1,1,0,160618.61,1,0.0,1.0,0.0,0.0
36.0,1,0.0,2,0,0,133141.34,2,1.0,0.0,0.0,1.0
43.0,6,117302.62,1,0,0,68701.73,3,0.0,0.0,1.0,0.0
43.0,9,128284.45,1,1,0,32996.89,3,1.0,0.0,0.0,1.0
33.0,6,0.0,2,1,1,126131.9,4,1.0,0.0,0.0,0.0
30.0,8,117494.27,1,0,0,61977.82,2,1.0,0.0,0.0,1.0
35.0,1,117458.51,1,0,1,178361.48,4,0.0,1.0,0.0,1.0
76.0,9,134208.25,1,1,1,13455.43,1,0.0,0.0,1.0,0.0
25.0,10,0.0,1,0,1,109895.16,1,1.0,0.0,0.0,1.0
32.0,10,0.0,2,1,0,103287.62,2,1.0,0.0,0.0,1.0
35.0,7,90602.42,2,1,1,51695.41,1,0.0,1.0,0.0,1.0
34.0,3,105057.33,1,1,0,9217.92,4,1.0,0.0,0.0,1.0
31.0,2,88161.85,2,1,0,127630.88,2,0.0,0.0,1.0,0.0
33.0,5,140931.57,1,0,1,10921.5,0,1.0,0.0,0.0,1.0
42.0,4,0.0,2,1,0,6232.31,1,1.0,0.0,0.0,1.0
31.0,8,112211.61,1,1,0,26261.42,1,1.0,0.0,0.0,1.0
36.0,5,0.0,2,1,0,105152.17,4,0.0,0.0,1.0,1.0
38.0,3,158373.23,1,1,1,28228.35,4,0.0,1.0,0.0,0.0
37.0,0,163607.18,1,0,1,44203.55,2,0.0,0.0,1.0,0.0
20.0,0,133313.34,1,1,1,3965.69,2,0.0,0.0,1.0,0.0
20.0,9,104508.77,2,0,0,73107.53,2,0.0,0.0,1.0,1.0
33.0,5,129335.65,1,1,1,56585.2,2,0.0,1.0,0.0,0.0
58.0,1,149641.53,1,1,1,115161.28,1,0.0,1.0,0.0,0.0
21.0,1,146329.57,2,1,1,194867.27,0,1.0,0.0,0.0,0.0
35.0,8,149995.72,2,1,0,42143.55,1,0.0,1.0,0.0,1.0
42.0,5,137227.04,3,1,0,149097.38,3,0.0,1.0,0.0,0.0
47.0,6,94722.88,1,0,1,61450.96,4,1.0,0.0,0.0,0.0
55.0,10,106415.57,3,1,1,122960.98,1,1.0,0.0,0.0,1.0
44.0,2,127536.44,1,1,0,108398.63,0,0.0,1.0,0.0,0.0
42.0,3,81589.04,1,1,0,188227.8,2,0.0,0.0,1.0,1.0
30.0,4,0.0,2,1,0,49337.84,4,1.0,0.0,0.0,1.0
40.0,10,137389.77,2,1,0,170122.22,1,0.0,1.0,0.0,0.0
37.0,3,0.0,2,1,0,166177.3,0,0.0,0.0,1.0,1.0
30.0,8,85859.76,1,0,0,142730.27,1,1.0,0.0,0.0,0.0
39.0,2,148586.64,1,1,1,176791.27,4,1.0,0.0,0.0,0.0
34.0,8,155973.88,1,1,0,154208.96,0,1.0,0.0,0.0,1.0
38.91621420206537,3,150348.37,1,1,1,173784.04,1,0.0,1.0,0.0,1.0
34.0,0,151839.26,1,1,0,102299.81,1,0.0,0.0,1.0,1.0
40.0,6,0.0,2,1,1,97416.34,1,1.0,0.0,0.0,1.0
61.0,1,0.0,1,1,0,61108.56,1,1.0,0.0,0.0,0.0
26.0,4,0.0,2,1,1,181208.47,4,1.0,0.0,0.0,0.0
34.0,5,0.0,2,1,1,1351.41,0,1.0,0.0,0.0,0.0
37.0,8,0.0,3,0,0,110783.28,4,1.0,0.0,0.0,1.0
38.0,4,0.0,2,1,0,189678.7,3,1.0,0.0,0.0,1.0
47.0,8,75408.33,1,1,0,25887.89,0,0.0,0.0,1.0,1.0
27.0,3,0.0,2,1,0,44008.91,2,0.0,0.0,1.0,1.0
32.0,10,139875.2,2,1,0,15378.23,0,0.0,1.0,0.0,0.0
31.0,6,0.0,1,1,1,16447.6,2,1.0,0.0,0.0,0.0
29.0,6,0.0,2,1,1,98998.61,3,1.0,0.0,0.0,0.0
35.0,2,133111.73,1,0,1,79957.95,0,1.0,0.0,0.0,0.0
52.0,8,0.0,2,1,1,123242.11,1,0.0,0.0,1.0,1.0
26.0,5,87098.91,1,0,0,106095.82,3,1.0,0.0,0.0,0.0
22.0,8,0.0,3,1,0,107292.91,3,0.0,0.0,1.0,1.0
31.0,4,0.0,2,1,1,33082.81,4,1.0,0.0,0.0,0.0
32.0,0,116968.91,1,0,0,175094.62,4,0.0,1.0,0.0,0.0
23.0,6,0.0,2,0,1,196668.51,1,0.0,0.0,1.0,0.0
29.0,8,0.0,2,0,1,34747.43,1,1.0,0.0,0.0,1.0
32.0,8,0.0,2,0,0,40889.14,0,1.0,0.0,0.0,1.0
41.0,6,0.0,2,0,0,101491.23,4,0.0,0.0,1.0,0.0
43.0,10,105301.5,1,1,1,78941.59,4,0.0,1.0,0.0,1.0
24.0,10,0.0,2,1,1,156906.15,4,1.0,0.0,0.0,1.0
30.0,3,134366.42,1,1,0,68343.53,0,0.0,1.0,0.0,1.0
48.0,3,120568.41,1,1,0,190160.04,2,0.0,1.0,0.0,0.0
37.0,1,134752.08,1,1,0,162511.55,0,1.0,0.0,0.0,1.0
32.0,3,136659.74,1,1,1,14187.78,2,0.0,0.0,1.0,1.0
41.0,9,0.0,2,1,0,145477.36,2,1.0,0.0,0.0,0.0
42.0,1,0.0,2,0,1,65565.92,1,1.0,0.0,0.0,0.0
28.0,6,0.0,2,1,0,154389.18,4,1.0,0.0,0.0,0.0
51.0,4,88308.87,3,0,0,5862.53,3,1.0,0.0,0.0,0.0
33.0,8,0.0,1,1,1,69759.91,0,1.0,0.0,0.0,0.0
25.0,9,148042.97,2,1,0,52341.15,1,0.0,0.0,1.0,1.0
42.0,2,16893.59,1,1,1,77502.56,3,1.0,0.0,0.0,1.0
92.0,3,121513.31,1,0,1,195563.99,4,1.0,0.0,0.0,1.0
36.0,10,68806.84,1,1,0,33075.24,2,0.0,1.0,0.0,0.0
32.0,3,108586.86,1,1,1,182355.21,2,0.0,1.0,0.0,1.0
26.0,2,0.0,2,1,1,93255.85,3,0.0,0.0,1.0,0.0
35.0,6,98585.94,2,0,1,106116.84,4,0.0,1.0,0.0,1.0
38.0,6,0.0,2,0,0,104393.78,4,0.0,0.0,1.0,1.0
37.0,5,152212.88,2,0,0,120219.14,1,0.0,0.0,1.0,1.0
34.0,2,0.0,1,0,0,174189.04,4,0.0,0.0,1.0,1.0
37.0,3,0.0,2,1,1,164268.28,3,1.0,0.0,0.0,0.0
38.0,1,106871.81,2,1,0,29333.01,4,1.0,0.0,0.0,0.0
38.91621420206537,0,0.0,2,0,0,29388.02,2,1.0,0.0,0.0,1.0
59.0,4,122781.51,1,0,1,140166.95,3,1.0,0.0,0.0,1.0
44.0,6,146498.76,1,1,0,64853.51,2,0.0,1.0,0.0,0.0
43.0,8,96353.8,1,0,0,10209.8,4,0.0,1.0,0.0,1.0
42.0,7,0.0,2,1,1,121568.37,1,1.0,0.0,0.0,1.0
30.0,9,0.0,1,1,1,108162.13,3,1.0,0.0,0.0,1.0
36.0,3,0.0,2,1,1,8559.66,1,0.0,0.0,1.0,1.0
63.0,4,96134.11,3,1,0,108732.96,0,0.0,0.0,1.0,1.0
48.0,9,109472.47,1,1,0,157358.43,0,0.0,0.0,1.0,1.0
43.0,8,140733.74,1,1,1,166588.76,1,0.0,1.0,0.0,1.0
44.0,10,137452.09,1,1,0,189543.9,4,0.0,1.0,0.0,1.0
39.0,7,0.0,2,1,0,19823.02,0,1.0,0.0,0.0,1.0
33.0,4,0.0,1,1,1,67879.8,3,1.0,0.0,0.0,0.0
45.0,3,104118.5,1,0,1,174032.0,3,1.0,0.0,0.0,0.0
43.0,5,0.0,2,1,1,64515.5,2,0.0,0.0,1.0,1.0
33.0,4,0.0,2,1,1,40299.23,1,0.0,0.0,1.0,1.0
49.0,9,141434.04,1,0,0,173779.25,0,0.0,0.0,1.0,0.0
38.91621420206537,2,61319.63,1,0,1,186655.11,1,0.0,1.0,0.0,1.0
55.0,7,0.0,3,1,0,85890.75,2,0.0,0.0,1.0,0.0
43.0,1,130788.71,1,0,1,101495.0,4,1.0,0.0,0.0,1.0
34.0,7,149940.04,2,0,0,156648.81,2,0.0,0.0,1.0,1.0
34.0,6,106434.94,1,0,1,137995.66,4,0.0,1.0,0.0,0.0
27.0,9,0.0,2,0,0,108008.05,2,0.0,0.0,1.0,0.0
24.0,3,0.0,2,1,0,76390.01,0,0.0,0.0,1.0,1.0
32.0,3,106045.92,2,1,1,17938.0,4,1.0,0.0,0.0,0.0
21.0,1,0.0,2,1,0,66232.23,1,1.0,0.0,0.0,1.0
43.0,9,0.0,2,1,0,18066.69,4,1.0,0.0,0.0,0.0
22.0,8,0.0,2,1,0,107615.43,4,1.0,0.0,0.0,1.0
71.0,4,0.0,2,0,1,17013.54,1,1.0,0.0,0.0,1.0
45.0,1,0.0,1,1,0,182784.11,3,0.0,0.0,1.0,0.0
38.91621420206537,7,136658.61,1,1,1,148689.13,1,1.0,0.0,0.0,1.0
44.0,8,0.0,2,1,1,183617.32,4,0.0,0.0,1.0,1.0
43.0,9,111677.88,1,1,0,178827.3,2,0.0,1.0,0.0,1.0
39.0,10,144757.02,1,1,0,22878.16,0,0.0,1.0,0.0,1.0
41.0,0,139659.04,1,1,1,176254.12,0,0.0,1.0,0.0,0.0
33.0,7,173331.52,1,1,0,150452.88,0,0.0,0.0,1.0,0.0
43.0,7,0.0,2,1,0,40023.7,3,1.0,0.0,0.0,1.0
73.0,1,108555.07,1,0,1,167969.15,3,0.0,0.0,1.0,1.0
35.0,5,124580.69,1,1,1,18785.48,0,0.0,0.0,1.0,0.0
27.0,7,186558.55,1,1,1,175071.29,4,1.0,0.0,0.0,0.0
72.0,6,124978.19,2,1,1,7144.46,1,0.0,1.0,0.0,0.0
39.0,6,127357.76,1,0,1,56577.0,4,1.0,0.0,0.0,0.0
42.0,4,126115.6,1,1,0,100998.5,2,1.0,0.0,0.0,1.0
44.0,7,114203.47,1,1,1,77830.36,1,0.0,1.0,0.0,1.0
22.0,0,112949.71,1,0,0,155231.55,3,0.0,1.0,0.0,1.0
28.0,8,119859.52,2,1,0,125422.66,2,0.0,1.0,0.0,1.0
40.0,0,118633.08,1,0,1,60032.46,2,1.0,0.0,0.0,0.0
42.0,8,121980.56,2,1,0,4027.02,2,0.0,1.0,0.0,0.0
49.0,7,108797.63,2,0,0,140763.18,3,0.0,1.0,0.0,0.0
36.0,1,0.0,2,0,1,84927.42,2,0.0,0.0,1.0,1.0
23.0,5,113923.81,2,0,0,196241.43,1,1.0,0.0,0.0,0.0
46.0,8,0.0,2,1,1,183717.94,1,0.0,0.0,1.0,0.0
38.91621420206537,3,0.0,2,1,0,141449.86,0,1.0,0.0,0.0,0.0
40.0,2,0.0,2,1,0,199753.97,3,0.0,0.0,1.0,0.0
30.0,2,0.0,2,0,1,130486.57,3,1.0,0.0,0.0,1.0
38.91621420206537,6,124445.52,1,1,0,88481.32,2,1.0,0.0,0.0,1.0
36.0,1,70784.27,1,1,0,30579.82,1,1.0,0.0,0.0,0.0
30.0,3,104911.35,2,1,1,42933.26,4,0.0,1.0,0.0,0.0
38.0,2,0.0,1,1,1,161888.63,3,0.0,0.0,1.0,0.0
39.0,3,119695.75,1,0,1,26136.13,4,0.0,1.0,0.0,1.0
40.0,5,181768.32,2,1,1,129107.97,2,0.0,1.0,0.0,1.0
50.0,1,121498.11,2,0,1,106061.47,4,0.0,1.0,0.0,0.0
36.0,4,109646.83,1,1,1,70240.79,1,0.0,1.0,0.0,0.0
36.0,1,0.0,2,0,1,71709.12,1,0.0,0.0,1.0,1.0
32.0,1,78535.25,1,1,0,64349.6,1,1.0,0.0,0.0,0.0
32.0,5,0.0,1,1,1,150684.23,3,1.0,0.0,0.0,0.0
41.0,1,176024.05,2,1,0,182337.98,0,1.0,0.0,0.0,0.0
47.0,5,0.0,2,1,1,145338.61,3,1.0,0.0,0.0,1.0
31.0,8,109578.04,2,1,1,51503.51,3,1.0,0.0,0.0,1.0
34.0,5,113922.44,2,1,0,30772.22,3,0.0,0.0,1.0,1.0
36.0,9,0.0,2,1,1,7156.09,1,1.0,0.0,0.0,0.0
38.0,3,0.0,2,1,1,163666.85,1,1.0,0.0,0.0,0.0
36.0,1,142120.91,1,1,0,79616.37,1,1.0,0.0,0.0,1.0
27.0,4,176913.52,1,1,0,80587.27,0,1.0,0.0,0.0,1.0
38.0,1,125877.65,2,1,1,107841.77,1,1.0,0.0,0.0,0.0
64.0,1,62979.93,1,1,1,152273.57,1,0.0,0.0,1.0,0.0
28.0,9,135337.49,2,1,1,40385.61,1,0.0,1.0,0.0,0.0
33.0,2,83415.04,1,0,1,74917.64,4,0.0,1.0,0.0,0.0
44.0,3,116822.7,1,0,0,197643.24,4,0.0,1.0,0.0,1.0
38.91621420206537,9,104584.16,1,1,0,176678.72,1,1.0,0.0,0.0,1.0
50.0,3,105229.72,1,1,1,16281.68,4,1.0,0.0,0.0,1.0
41.0,6,0.0,3,0,0,56118.81,1,1.0,0.0,0.0,1.0
25.0,6,0.0,2,1,0,119425.94,0,1.0,0.0,0.0,1.0
36.0,0,53369.13,1,1,1,103934.12,0,1.0,0.0,0.0,0.0
28.0,3,152264.81,1,0,0,64242.31,0,0.0,1.0,0.0,0.0
56.0,8,174506.1,2,0,1,161802.82,4,0.0,0.0,1.0,0.0
32.0,2,57017.06,2,1,1,5907.11,0,0.0,1.0,0.0,1.0
36.0,5,0.0,2,1,1,145551.6,3,1.0,0.0,0.0,0.0
44.0,4,91115.76,2,0,0,24208.84,3,0.0,1.0,0.0,0.0
37.0,10,0.0,2,1,0,111324.41,4,0.0,0.0,1.0,0.0
34.0,0,0.0,2,0,1,3756.23,1,1.0,0.0,0.0,1.0
60.0,7,73937.02,1,1,0,161937.62,0,1.0,0.0,0.0,0.0
38.91621420206537,8,0.0,2,0,1,107665.68,1,1.0,0.0,0.0,1.0
21.0,8,0.0,2,1,1,110114.19,1,1.0,0.0,0.0,0.0
36.0,5,141952.07,1,1,1,185144.08,3,1.0,0.0,0.0,1.0
30.0,1,102452.71,1,1,0,21556.95,3,0.0,1.0,0.0,0.0
54.0,9,0.0,1,0,1,76621.49,0,1.0,0.0,0.0,0.0
44.0,2,111095.58,2,1,0,100137.7,4,1.0,0.0,0.0,1.0
51.0,4,0.0,2,0,0,123587.83,4,0.0,0.0,1.0,1.0
35.0,9,127543.11,2,1,0,468.94,0,0.0,1.0,0.0,0.0
28.0,7,0.0,2,1,0,73977.23,1,1.0,0.0,0.0,1.0
48.0,8,0.0,2,0,1,44965.54,2,1.0,0.0,0.0,1.0
34.0,4,142393.11,1,1,1,11276.48,2,0.0,1.0,0.0,1.0
25.0,0,0.0,2,1,1,101274.17,1,1.0,0.0,0.0,0.0
31.0,6,0.0,2,1,1,95686.42,1,0.0,0.0,1.0,0.0
50.0,4,0.0,2,1,1,861.4,4,1.0,0.0,0.0,0.0
34.0,6,121303.77,2,1,1,59325.21,4,0.0,1.0,0.0,1.0
42.0,3,137560.38,2,1,1,85424.34,1,0.0,1.0,0.0,0.0
33.0,8,81677.22,2,0,0,34925.56,2,0.0,1.0,0.0,1.0
44.0,9,100368.63,2,0,0,35342.33,3,0.0,1.0,0.0,1.0
29.0,10,0.0,2,1,1,68143.93,4,0.0,0.0,1.0,1.0
37.0,3,84496.71,1,0,0,79972.09,0,1.0,0.0,0.0,1.0
34.0,9,132121.71,1,0,1,105409.31,3,1.0,0.0,0.0,0.0
37.0,7,104960.46,1,0,1,80883.82,4,1.0,0.0,0.0,1.0
59.0,1,118962.58,1,1,1,120819.58,4,1.0,0.0,0.0,1.0
32.0,6,161628.66,1,1,0,91482.5,0,0.0,0.0,1.0,1.0
37.0,8,0.0,2,1,1,183318.79,2,0.0,0.0,1.0,0.0
48.0,2,0.0,2,0,1,137961.41,0,1.0,0.0,0.0,0.0
54.0,1,77354.37,1,0,0,138192.98,1,0.0,1.0,0.0,0.0
27.0,9,0.0,2,1,0,96429.29,2,1.0,0.0,0.0,0.0
30.0,9,111927.45,1,1,1,175795.87,1,0.0,0.0,1.0,1.0
50.0,8,0.0,1,1,0,126381.6,3,1.0,0.0,0.0,0.0
49.0,5,167962.7,1,0,0,140201.21,2,1.0,0.0,0.0,0.0
42.0,7,151027.05,2,1,0,119377.36,0,1.0,0.0,0.0,1.0
47.0,0,0.0,1,1,1,6342.84,2,1.0,0.0,0.0,0.0
39.0,4,109949.39,2,1,1,41268.65,0,1.0,0.0,0.0,0.0
66.0,8,0.0,2,1,1,116747.62,0,0.0,0.0,1.0,1.0
32.0,6,0.0,1,1,1,44323.22,4,0.0,0.0,1.0,1.0
48.0,0,83287.05,2,0,1,44147.95,0,0.0,0.0,1.0,1.0
27.0,8,0.0,2,1,1,14858.1,0,1.0,0.0,0.0,0.0
31.0,5,0.0,1,0,0,147963.07,2,1.0,0.0,0.0,0.0
31.0,5,121461.87,1,1,1,20432.09,0,0.0,0.0,1.0,1.0
52.0,6,191665.21,1,1,1,131312.56,0,1.0,0.0,0.0,0.0
72.0,3,0.0,2,1,1,171260.66,1,1.0,0.0,0.0,0.0
37.0,3,94661.53,2,1,0,121239.65,3,0.0,1.0,0.0,1.0
38.91621420206537,2,117468.67,1,1,0,185227.42,3,1.0,0.0,0.0,1.0
33.0,1,113452.66,1,0,0,142911.99,0,1.0,0.0,0.0,0.0
35.0,7,52436.2,1,1,0,161051.75,4,0.0,1.0,0.0,0.0
28.0,3,142253.65,1,1,0,45042.56,4,0.0,0.0,1.0,0.0
38.91621420206537,2,151352.74,1,0,0,197145.89,3,1.0,0.0,0.0,1.0
42.0,1,98548.62,2,0,1,94047.75,0,0.0,1.0,0.0,0.0
33.0,3,137657.25,2,1,1,171657.57,1,0.0,1.0,0.0,0.0
47.0,2,0.0,2,1,1,119808.64,2,0.0,0.0,1.0,1.0
39.0,3,0.0,2,1,1,145355.11,3,1.0,0.0,0.0,0.0
38.91621420206537,7,102609.0,1,1,0,163257.44,1,0.0,1.0,0.0,1.0
42.0,6,0.0,2,1,0,34777.23,0,1.0,0.0,0.0,1.0
36.0,8,0.0,2,1,0,176809.87,4,1.0,0.0,0.0,1.0
35.0,6,101744.84,1,0,0,85185.44,4,0.0,1.0,0.0,1.0
50.0,3,0.0,2,0,0,94949.84,3,1.0,0.0,0.0,1.0
31.0,6,139729.54,1,0,1,135815.38,1,0.0,1.0,0.0,1.0
33.0,0,98064.97,1,1,0,52411.99,2,1.0,0.0,0.0,1.0
35.0,9,0.0,2,1,1,70403.65,3,1.0,0.0,0.0,0.0
41.0,2,131341.46,2,0,1,7034.94,1,0.0,1.0,0.0,1.0
33.0,5,125827.43,1,0,1,145698.73,0,1.0,0.0,0.0,0.0
34.0,5,112324.45,2,1,1,17993.43,1,1.0,0.0,0.0,0.0
25.0,5,0.0,2,0,0,190857.79,0,1.0,0.0,0.0,0.0
39.0,0,86843.61,1,0,1,159830.58,3,1.0,0.0,0.0,1.0
41.0,4,139840.36,1,1,1,163524.7,1,0.0,0.0,1.0,0.0
32.0,5,102500.34,1,0,0,106287.77,3,0.0,1.0,0.0,1.0
31.0,1,142631.54,2,1,1,175894.24,2,0.0,1.0,0.0,1.0
35.0,7,58469.37,2,1,1,172459.39,3,0.0,1.0,0.0,1.0
29.0,7,0.0,2,0,1,125877.22,2,1.0,0.0,0.0,1.0
49.0,5,0.0,1,1,0,149946.43,2,0.0,0.0,1.0,1.0
31.0,2,0.0,2,1,1,112349.51,4,1.0,0.0,0.0,0.0
38.91621420206537,6,127253.98,1,1,1,92144.09,0,1.0,0.0,0.0,0.0
56.0,5,123959.97,1,1,1,60590.72,2,0.0,0.0,1.0,1.0
61.0,5,0.0,1,0,0,31641.52,1,1.0,0.0,0.0,1.0
29.0,2,0.0,2,0,1,98320.27,1,1.0,0.0,0.0,1.0
30.0,1,64097.75,1,1,1,77783.35,2,1.0,0.0,0.0,1.0
46.0,0,89087.89,1,0,1,87941.85,4,0.0,1.0,0.0,0.0
31.0,1,0.0,2,1,0,20081.3,3,1.0,0.0,0.0,0.0
29.0,9,120268.13,1,1,1,173870.39,0,1.0,0.0,0.0,1.0
44.0,5,73348.56,1,1,0,157166.79,2,1.0,0.0,0.0,1.0
33.0,2,0.0,2,1,0,153295.0,2,1.0,0.0,0.0,0.0
35.0,0,0.0,2,1,1,155485.24,1,1.0,0.0,0.0,0.0
47.0,1,139887.01,1,1,1,95719.73,3,0.0,0.0,1.0,1.0
40.0,1,121629.22,1,1,1,3258.6,2,0.0,0.0,1.0,1.0
44.0,4,129605.99,1,0,0,69865.49,3,1.0,0.0,0.0,0.0
26.0,8,144238.7,1,1,1,184399.76,2,0.0,0.0,1.0,1.0
24.0,1,182705.05,1,1,1,171837.06,1,1.0,0.0,0.0,1.0
36.0,5,0.0,2,1,1,152979.14,3,0.0,0.0,1.0,0.0
25.0,3,0.0,2,1,0,179608.96,2,1.0,0.0,0.0,0.0
73.0,6,97259.25,1,0,1,104719.66,2,1.0,0.0,0.0,0.0
38.0,5,0.0,2,0,0,93716.38,2,1.0,0.0,0.0,0.0
32.0,7,169399.6,1,1,0,61936.22,1,0.0,0.0,1.0,0.0
42.0,2,0.0,1,0,0,162734.31,2,0.0,0.0,1.0,0.0
26.0,3,156815.71,1,1,1,137476.09,0,1.0,0.0,0.0,1.0
33.0,4,0.0,2,1,1,73371.65,3,1.0,0.0,0.0,0.0
34.0,3,0.0,2,1,1,3894.34,0,1.0,0.0,0.0,0.0
57.0,8,116326.07,1,1,1,117704.65,3,0.0,0.0,1.0,1.0
35.0,4,108269.2,2,1,0,174969.92,2,0.0,1.0,0.0,0.0
21.0,9,0.0,2,1,1,26327.42,3,0.0,0.0,1.0,0.0
46.0,6,161798.53,1,1,0,182944.47,0,1.0,0.0,0.0,1.0
43.0,2,0.0,1,1,1,170034.95,3,1.0,0.0,0.0,1.0
35.0,2,0.0,2,1,0,104982.39,3,0.0,0.0,1.0,1.0
37.0,4,142711.81,1,1,0,35625.41,1,0.0,1.0,0.0,0.0
36.0,8,152899.24,2,1,0,177130.33,3,0.0,1.0,0.0,1.0
34.0,9,0.0,2,1,1,114006.35,2,1.0,0.0,0.0,1.0
35.0,4,0.0,2,0,0,125986.18,2,1.0,0.0,0.0,0.0
48.0,8,115115.38,1,1,0,139558.6,3,0.0,1.0,0.0,0.0
36.0,3,0.0,1,1,0,65996.9,0,1.0,0.0,0.0,0.0
43.0,10,110822.9,1,0,0,72861.94,3,0.0,1.0,0.0,0.0
42.0,7,117280.23,3,0,0,41921.06,4,1.0,0.0,0.0,0.0
40.0,6,0.0,2,1,0,173844.89,0,1.0,0.0,0.0,1.0
46.0,10,110031.09,2,1,1,133995.59,2,0.0,1.0,0.0,0.0
30.0,3,0.0,2,1,0,83090.35,1,0.0,0.0,1.0,1.0
43.0,4,140681.68,1,0,1,20134.07,1,0.0,1.0,0.0,0.0
51.0,3,136188.78,1,1,1,67110.59,1,1.0,0.0,0.0,0.0
35.0,8,125884.95,2,1,0,54359.02,3,0.0,1.0,0.0,0.0
32.0,8,0.0,2,1,0,138555.46,2,0.0,0.0,1.0,0.0
25.0,2,171770.55,1,1,0,22745.5,2,0.0,1.0,0.0,1.0
34.0,5,134954.53,1,1,1,151954.39,1,1.0,0.0,0.0,1.0
43.0,1,95556.31,1,0,1,199273.98,0,0.0,1.0,0.0,1.0
41.0,4,92805.72,1,0,1,73743.95,4,0.0,1.0,0.0,0.0
49.0,1,93817.41,2,1,1,132468.76,0,1.0,0.0,0.0,1.0
32.0,7,85757.93,1,1,1,95481.0,2,1.0,0.0,0.0,0.0
38.91621420206537,2,79385.21,2,0,0,188492.82,1,0.0,0.0,1.0,1.0
28.0,1,0.0,1,1,0,40357.39,3,0.0,0.0,1.0,1.0
25.0,10,128509.63,1,1,0,121562.33,3,0.0,0.0,1.0,0.0
55.0,1,81370.07,1,0,1,181534.04,2,0.0,0.0,1.0,1.0
33.0,7,191523.09,1,1,1,167058.75,4,1.0,0.0,0.0,1.0
38.0,6,0.0,1,1,1,152880.07,0,0.0,0.0,1.0,1.0
24.0,3,0.0,2,1,0,173195.33,4,1.0,0.0,0.0,1.0
31.0,6,67996.23,2,0,0,50129.87,4,1.0,0.0,0.0,1.0
31.0,9,117153.0,1,1,1,108675.01,0,0.0,1.0,0.0,0.0
35.0,4,125476.31,1,1,1,91775.51,2,1.0,0.0,0.0,1.0
39.0,10,129845.26,1,1,1,96444.88,1,0.0,1.0,0.0,0.0
38.91621420206537,4,107073.27,2,1,1,30984.59,1,0.0,0.0,1.0,0.0
34.0,7,106603.74,2,1,1,26387.71,2,1.0,0.0,0.0,1.0
30.0,2,0.0,2,0,1,27937.12,4,0.0,0.0,1.0,1.0
28.0,3,81623.67,2,1,1,156791.36,2,0.0,1.0,0.0,0.0
50.0,1,78737.61,1,1,1,13018.96,4,0.0,0.0,1.0,1.0
43.0,6,0.0,2,1,1,149457.81,1,0.0,0.0,1.0,1.0
45.0,3,47134.75,1,1,1,57236.44,2,1.0,0.0,0.0,0.0
48.0,2,0.0,1,1,0,169425.3,4,0.0,0.0,1.0,1.0
55.0,0,0.0,3,0,0,60810.64,1,1.0,0.0,0.0,0.0
38.91621420206537,2,112773.73,2,1,1,139366.58,0,1.0,0.0,0.0,0.0
35.0,2,0.0,3,1,1,94148.3,3,1.0,0.0,0.0,1.0
41.0,1,83807.86,1,0,1,112542.58,1,0.0,0.0,1.0,0.0
62.0,10,127738.75,2,1,1,85153.0,0,1.0,0.0,0.0,1.0
41.0,0,0.0,2,1,0,65906.07,1,0.0,0.0,1.0,1.0
56.0,8,123110.9,3,0,1,130113.78,3,0.0,0.0,1.0,0.0
31.0,1,128927.93,1,1,1,2850.01,2,0.0,1.0,0.0,0.0
43.0,3,88798.34,1,0,0,45610.63,3,0.0,0.0,1.0,1.0
39.0,9,0.0,2,1,0,19047.23,4,1.0,0.0,0.0,1.0
37.0,3,125734.2,2,1,0,134625.09,2,0.0,1.0,0.0,0.0
34.0,1,63095.01,1,1,1,40645.81,2,1.0,0.0,0.0,0.0
28.0,8,0.0,2,1,1,52615.62,4,1.0,0.0,0.0,1.0
63.0,1,165350.61,2,0,0,140758.07,0,1.0,0.0,0.0,0.0
31.0,7,122449.31,2,1,1,180769.55,3,0.0,0.0,1.0,1.0
34.0,5,0.0,2,0,1,12092.03,3,1.0,0.0,0.0,1.0
38.91621420206537,7,0.0,2,0,0,95985.64,1,1.0,0.0,0.0,0.0
33.0,8,0.0,2,0,0,91340.02,4,0.0,0.0,1.0,1.0
57.0,1,120043.13,1,1,0,132370.75,0,0.0,1.0,0.0,1.0
35.0,2,79126.17,1,1,1,126997.53,4,1.0,0.0,0.0,0.0
51.0,10,0.0,3,1,0,171045.35,0,1.0,0.0,0.0,1.0
37.0,8,0.0,1,1,0,101834.58,0,1.0,0.0,0.0,1.0
45.0,4,89122.3,1,1,1,199256.98,1,0.0,0.0,1.0,0.0
30.0,9,72392.41,1,1,0,77077.14,0,0.0,1.0,0.0,0.0
55.0,7,118793.6,1,1,1,95022.02,1,1.0,0.0,0.0,1.0
47.0,1,183579.54,2,0,1,34047.54,2,0.0,1.0,0.0,1.0
37.0,6,167864.4,1,1,0,115638.29,2,0.0,1.0,0.0,0.0
42.0,2,0.0,2,0,0,199992.48,3,0.0,0.0,1.0,0.0
38.91621420206537,5,0.0,2,0,0,72969.9,4,1.0,0.0,0.0,0.0
46.0,8,0.0,2,1,1,60739.16,2,0.0,0.0,1.0,1.0
52.0,8,0.0,2,0,1,178229.04,1,1.0,0.0,0.0,1.0
38.0,7,97459.06,1,0,0,189175.71,3,1.0,0.0,0.0,1.0
31.0,5,98108.79,1,0,1,119996.95,1,0.0,0.0,1.0,1.0
41.0,2,138881.04,1,1,0,129936.53,2,0.0,1.0,0.0,0.0
43.0,2,0.0,2,1,1,165303.79,3,1.0,0.0,0.0,1.0
35.0,2,128548.49,4,1,0,75478.95,4,1.0,0.0,0.0,0.0
42.0,1,147249.29,2,1,1,63023.02,1,1.0,0.0,0.0,1.0
36.0,3,0.0,1,0,0,65147.27,4,1.0,0.0,0.0,1.0
27.0,9,0.0,2,1,0,150850.29,2,1.0,0.0,0.0,0.0
47.0,5,105245.21,1,0,0,99922.08,0,0.0,1.0,0.0,1.0
37.0,6,129101.3,1,1,1,23971.33,2,1.0,0.0,0.0,0.0
41.0,3,0.0,2,1,0,128892.36,4,1.0,0.0,0.0,1.0
23.0,7,157761.56,1,0,0,147759.84,3,1.0,0.0,0.0,1.0
30.0,4,0.0,1,0,1,161465.31,3,1.0,0.0,0.0,1.0
49.0,6,106770.82,1,1,0,123499.27,4,1.0,0.0,0.0,1.0
33.0,2,0.0,2,1,1,158268.84,2,0.0,0.0,1.0,1.0
66.0,8,123935.35,1,1,1,65758.19,1,0.0,0.0,1.0,1.0
47.0,1,0.0,1,0,0,128882.66,0,0.0,0.0,1.0,1.0
55.0,6,115796.7,1,1,0,160526.36,4,0.0,1.0,0.0,0.0
43.0,8,161546.68,2,0,1,178187.28,1,0.0,0.0,1.0,1.0
64.0,4,0.0,2,1,1,3185.67,3,1.0,0.0,0.0,1.0
21.0,8,166883.07,2,0,1,194563.65,4,1.0,0.0,0.0,0.0
35.0,6,99760.84,1,1,1,13591.52,0,1.0,0.0,0.0,1.0
36.0,3,0.0,2,1,0,195033.07,4,1.0,0.0,0.0,1.0
36.0,7,0.0,1,0,1,42085.58,3,1.0,0.0,0.0,0.0
49.0,3,0.0,2,1,1,142917.54,1,1.0,0.0,0.0,1.0
58.0,1,104796.54,1,1,1,154181.41,3,1.0,0.0,0.0,1.0
30.0,9,0.0,2,1,1,40320.3,0,1.0,0.0,0.0,0.0
41.0,7,0.0,2,1,0,60297.72,1,1.0,0.0,0.0,1.0
36.0,1,0.0,1,0,1,135482.26,0,0.0,0.0,1.0,1.0
33.0,8,122017.19,1,0,0,162515.17,3,0.0,0.0,1.0,1.0
29.0,4,132954.64,1,1,1,146715.07,2,1.0,0.0,0.0,1.0
41.0,0,97925.11,1,1,0,85000.32,1,1.0,0.0,0.0,1.0
36.0,10,106702.94,2,0,0,198313.69,1,0.0,1.0,0.0,1.0
37.0,6,124140.57,2,1,0,92826.35,3,0.0,0.0,1.0,0.0
37.0,5,0.0,2,1,0,83093.25,0,1.0,0.0,0.0,1.0
31.0,7,149620.88,2,1,1,104533.51,2,0.0,0.0,1.0,1.0
33.0,2,94493.03,1,0,1,101866.39,4,1.0,0.0,0.0,0.0
37.0,0,0.0,2,0,0,112104.55,1,1.0,0.0,0.0,1.0
52.0,2,0.0,1,1,0,137332.37,0,1.0,0.0,0.0,0.0
41.0,5,100880.76,1,0,1,134665.25,2,0.0,0.0,1.0,1.0
32.0,7,0.0,2,1,1,24267.28,2,0.0,0.0,1.0,1.0
57.0,8,93716.72,1,1,1,180150.49,4,0.0,1.0,0.0,0.0
33.0,4,70541.06,1,0,0,88592.8,3,0.0,1.0,0.0,0.0
26.0,4,141581.71,2,0,0,98309.27,4,1.0,0.0,0.0,0.0
35.0,2,132164.26,1,0,1,164815.59,1,1.0,0.0,0.0,1.0
37.0,3,98431.37,1,0,0,75698.44,0,1.0,0.0,0.0,1.0
36.0,7,0.0,1,1,1,40812.9,4,1.0,0.0,0.0,1.0
35.0,7,183027.25,1,1,1,56028.79,1,1.0,0.0,0.0,1.0
36.0,0,84438.57,1,1,1,181449.51,2,0.0,0.0,1.0,0.0
29.0,5,75395.53,2,0,1,54914.92,2,0.0,1.0,0.0,1.0
58.0,9,0.0,1,0,1,168650.4,2,1.0,0.0,0.0,1.0
57.0,3,175575.95,2,1,0,99061.75,2,0.0,0.0,1.0,0.0
27.0,5,130231.8,2,1,1,192427.16,1,1.0,0.0,0.0,1.0
40.0,2,180516.9,1,1,0,180002.42,0,1.0,0.0,0.0,1.0
30.0,3,111099.79,2,0,0,140650.19,0,1.0,0.0,0.0,1.0
32.0,1,0.0,1,0,1,91167.19,2,0.0,0.0,1.0,1.0
31.0,6,91125.75,1,1,0,177295.92,2,1.0,0.0,0.0,1.0
34.0,2,0.0,2,0,0,165385.55,2,1.0,0.0,0.0,0.0
31.0,2,112212.14,2,1,1,181600.72,3,1.0,0.0,0.0,0.0
39.0,6,0.0,2,1,0,160532.88,3,1.0,0.0,0.0,1.0
47.0,6,142319.03,1,0,0,100183.05,1,0.0,0.0,1.0,0.0
26.0,7,92606.86,2,1,0,192709.69,0,1.0,0.0,0.0,0.0
41.0,4,115251.64,1,0,0,136435.75,1,0.0,0.0,1.0,1.0
43.0,9,116644.29,2,1,1,60176.1,4,0.0,1.0,0.0,0.0
40.0,9,0.0,2,0,1,33266.29,0,1.0,0.0,0.0,0.0
31.0,8,185078.26,1,0,0,115337.74,3,0.0,0.0,1.0,0.0
50.0,8,0.0,2,1,1,57802.62,1,1.0,0.0,0.0,0.0
67.0,3,153946.14,1,1,1,7418.92,1,0.0,0.0,1.0,1.0
36.0,1,151844.64,1,1,1,135388.89,4,1.0,0.0,0.0,0.0
55.0,8,116973.26,3,1,0,122066.5,0,1.0,0.0,0.0,0.0
60.0,3,0.0,2,1,1,93844.82,0,0.0,0.0,1.0,1.0
35.0,9,145623.36,1,1,0,163181.62,1,0.0,1.0,0.0,0.0
38.91621420206537,10,0.0,2,1,0,189992.97,4,1.0,0.0,0.0,0.0
49.0,8,121537.71,2,1,0,46521.45,0,0.0,1.0,0.0,1.0
30.0,1,128207.23,1,1,1,55400.17,2,1.0,0.0,0.0,1.0
45.0,1,0.0,1,1,0,67740.08,2,1.0,0.0,0.0,1.0
44.0,8,0.0,2,1,0,148487.9,1,0.0,0.0,1.0,1.0
35.0,6,80285.16,1,1,0,72678.75,1,0.0,0.0,1.0,1.0
28.0,8,191402.82,2,1,0,83238.4,2,1.0,0.0,0.0,1.0
42.0,7,99824.45,1,1,1,36721.4,0,1.0,0.0,0.0,1.0
39.0,8,138160.0,1,1,1,110468.51,2,0.0,0.0,1.0,1.0
52.0,2,0.0,2,1,0,57337.79,4,0.0,0.0,1.0,1.0
44.0,6,0.0,2,1,1,159899.97,4,1.0,0.0,0.0,1.0
22.0,5,0.0,2,0,1,105125.65,4,1.0,0.0,0.0,1.0
25.0,5,0.0,2,1,0,47307.9,4,1.0,0.0,0.0,1.0
38.0,3,0.0,2,1,1,112491.96,3,1.0,0.0,0.0,1.0
26.0,4,91547.84,2,0,1,28157.34,2,1.0,0.0,0.0,0.0
38.91621420206537,1,110928.51,1,1,1,2766.63,3,1.0,0.0,0.0,1.0
39.0,6,101851.8,2,1,0,7103.71,1,0.0,1.0,0.0,0.0
37.0,4,108862.76,1,1,0,79555.08,2,0.0,1.0,0.0,0.0
42.0,9,146100.75,1,1,0,32574.01,1,0.0,1.0,0.0,0.0
28.0,4,141792.61,1,1,1,22001.91,0,1.0,0.0,0.0,0.0
35.0,3,121418.62,1,1,1,24400.37,4,1.0,0.0,0.0,0.0
42.0,7,99263.09,1,1,1,67607.9,2,1.0,0.0,0.0,1.0
40.0,5,138241.9,2,1,0,159418.1,1,0.0,1.0,0.0,1.0
46.0,2,0.0,2,1,1,169122.54,0,1.0,0.0,0.0,1.0
35.0,1,100829.94,1,1,1,165008.97,3,0.0,0.0,1.0,1.0
36.0,6,140418.81,1,1,1,113033.73,3,0.0,1.0,0.0,1.0
32.0,1,0.0,1,1,0,106851.7,2,1.0,0.0,0.0,0.0
53.0,1,99141.86,1,1,1,72496.05,3,0.0,1.0,0.0,1.0
25.0,5,116160.23,1,1,0,13411.67,0,1.0,0.0,0.0,1.0
50.0,9,102535.57,1,1,1,189543.19,2,1.0,0.0,0.0,0.0
34.0,1,0.0,2,1,0,9692.58,2,1.0,0.0,0.0,1.0
29.0,4,96974.97,1,0,1,141404.07,2,1.0,0.0,0.0,0.0
51.0,2,105229.53,1,1,0,34967.75,2,1.0,0.0,0.0,0.0
50.0,0,125647.36,1,1,0,57541.08,1,1.0,0.0,0.0,1.0
42.0,9,132739.26,2,0,0,174667.65,3,1.0,0.0,0.0,1.0
59.0,5,152581.06,1,1,0,71830.1,3,0.0,1.0,0.0,1.0
41.0,4,112609.91,1,0,0,191035.18,1,1.0,0.0,0.0,0.0
38.0,8,65942.26,1,1,1,68093.23,0,1.0,0.0,0.0,1.0
35.0,8,178032.53,1,0,1,42181.68,3,1.0,0.0,0.0,0.0
36.0,6,147137.74,1,1,1,33687.9,3,0.0,1.0,0.0,1.0
39.0,6,0.0,2,1,1,58883.91,1,1.0,0.0,0.0,1.0
33.0,10,102185.42,2,1,0,23231.93,3,0.0,1.0,0.0,0.0
34.0,2,76322.69,1,1,0,128136.29,3,1.0,0.0,0.0,0.0
27.0,3,0.0,2,0,1,125698.97,1,1.0,0.0,0.0,0.0
42.0,9,0.0,2,1,1,28714.34,3,0.0,0.0,1.0,1.0
41.0,1,143443.61,1,1,0,196622.28,3,1.0,0.0,0.0,0.0
29.0,9,0.0,2,0,1,85736.26,2,0.0,0.0,1.0,0.0
52.0,5,0.0,1,0,0,183239.71,4,1.0,0.0,0.0,0.0
38.0,6,107193.82,2,0,0,38962.94,1,1.0,0.0,0.0,0.0
33.0,4,92855.02,1,1,1,159813.18,2,0.0,0.0,1.0,0.0
44.0,6,52831.13,1,1,1,112649.22,1,0.0,0.0,1.0,0.0
38.91621420206537,3,128718.78,1,0,0,114793.45,3,0.0,0.0,1.0,1.0
33.0,3,153819.58,1,1,0,79176.09,3,1.0,0.0,0.0,1.0
43.0,5,102338.19,1,1,1,79649.62,3,1.0,0.0,0.0,1.0
34.0,5,122453.37,2,1,0,138882.98,3,1.0,0.0,0.0,1.0
34.0,2,111669.68,1,1,0,57029.66,3,1.0,0.0,0.0,0.0
42.0,2,156371.61,2,0,1,156774.94,2,0.0,0.0,1.0,0.0
39.0,5,139562.05,2,1,0,61636.22,2,1.0,0.0,0.0,0.0
34.0,6,141806.0,2,1,1,183494.87,4,0.0,1.0,0.0,1.0
23.0,10,0.0,2,1,1,170099.23,2,1.0,0.0,0.0,1.0
37.0,10,140363.95,2,1,1,129563.86,1,0.0,0.0,1.0,0.0
47.0,5,102562.23,1,1,0,92708.1,1,0.0,0.0,1.0,1.0
31.0,9,143321.97,1,1,0,83679.46,2,0.0,1.0,0.0,1.0
26.0,3,130483.95,1,1,0,122810.53,1,0.0,1.0,0.0,1.0
74.0,7,105102.5,1,1,1,46172.47,2,0.0,1.0,0.0,1.0
42.0,3,103210.27,1,1,0,31002.03,3,0.0,0.0,1.0,0.0
42.0,9,0.0,1,1,0,74077.91,1,1.0,0.0,0.0,1.0
35.0,7,0.0,1,1,0,187718.26,2,0.0,0.0,1.0,0.0
44.0,7,0.0,2,0,0,57898.58,4,1.0,0.0,0.0,1.0
26.0,1,148853.29,2,1,1,24411.02,0,0.0,1.0,0.0,1.0
32.0,9,120879.73,2,0,1,78896.59,4,1.0,0.0,0.0,1.0
38.91621420206537,1,111827.27,2,1,0,12674.68,3,0.0,0.0,1.0,0.0
32.0,3,145166.09,2,0,0,111421.45,0,0.0,1.0,0.0,1.0
44.0,2,115163.38,1,1,1,97677.52,1,0.0,1.0,0.0,1.0
30.0,6,105128.85,2,1,1,62972.13,4,0.0,1.0,0.0,1.0
36.0,8,116993.43,2,1,0,168816.22,4,0.0,1.0,0.0,1.0
37.0,9,0.0,2,0,1,77108.66,1,1.0,0.0,0.0,1.0
38.91621420206537,8,147726.98,3,1,0,172749.4,3,1.0,0.0,0.0,1.0
35.0,9,0.0,2,0,0,25329.48,4,1.0,0.0,0.0,0.0
37.0,9,124969.13,1,1,0,60194.05,0,1.0,0.0,0.0,1.0
48.0,7,0.0,2,1,1,63708.07,0,1.0,0.0,0.0,0.0
49.0,2,0.0,1,1,0,84863.85,2,0.0,0.0,1.0,0.0
52.0,8,109922.61,1,1,1,96823.32,4,1.0,0.0,0.0,1.0
35.0,5,0.0,2,1,0,101192.08,1,1.0,0.0,0.0,0.0
36.0,4,0.0,2,1,0,143635.36,1,0.0,0.0,1.0,1.0
35.0,2,133853.27,1,1,1,65361.66,1,1.0,0.0,0.0,1.0
55.0,2,159441.27,1,1,0,100686.11,2,1.0,0.0,0.0,0.0
30.0,5,0.0,2,0,1,157888.5,2,0.0,0.0,1.0,1.0
24.0,7,0.0,2,1,0,166335.0,3,1.0,0.0,0.0,0.0
42.0,2,56726.83,2,0,1,185543.35,4,1.0,0.0,0.0,1.0
44.0,5,120654.68,1,1,0,82290.81,4,0.0,0.0,1.0,1.0
45.0,6,0.0,2,1,1,51143.43,0,1.0,0.0,0.0,0.0
36.0,8,97786.08,2,0,1,21478.36,2,1.0,0.0,0.0,1.0
63.0,2,120787.18,2,1,1,52198.84,1,0.0,0.0,1.0,1.0
26.0,6,108909.12,1,1,0,82547.01,1,1.0,0.0,0.0,0.0
33.0,0,0.0,1,0,0,175544.02,4,1.0,0.0,0.0,0.0
33.0,1,87347.7,1,1,0,172524.51,3,1.0,0.0,0.0,0.0
49.0,1,0.0,2,1,0,192440.54,1,1.0,0.0,0.0,1.0
64.0,9,113109.52,1,1,0,27980.8,3,1.0,0.0,0.0,1.0
31.0,9,0.0,2,0,1,184061.17,0,0.0,0.0,1.0,1.0
32.0,7,69423.52,1,1,0,107499.39,4,1.0,0.0,0.0,0.0
48.0,2,0.0,2,1,1,7919.08,2,0.0,0.0,1.0,1.0
41.0,3,0.0,2,1,1,160095.48,1,1.0,0.0,0.0,0.0
23.0,4,115636.05,2,1,0,70400.86,2,0.0,0.0,1.0,1.0
42.0,4,0.0,2,1,0,19283.14,2,1.0,0.0,0.0,1.0
30.0,7,146301.31,1,0,0,96847.91,2,1.0,0.0,0.0,1.0
21.0,5,113157.22,1,1,1,54141.5,0,0.0,0.0,1.0,0.0
23.0,4,0.0,2,1,0,196476.19,1,1.0,0.0,0.0,0.0
41.0,8,0.0,2,1,0,132152.32,2,0.0,0.0,1.0,1.0
51.0,4,79811.72,2,0,1,68260.27,4,0.0,0.0,1.0,1.0
49.0,5,154776.42,2,0,0,196257.68,3,0.0,1.0,0.0,0.0
49.0,8,0.0,1,1,1,182865.09,0,1.0,0.0,0.0,0.0
64.0,10,128306.7,1,0,1,66040.83,3,1.0,0.0,0.0,0.0
26.0,7,205962.0,1,1,0,156424.4,0,1.0,0.0,0.0,1.0
38.91621420206537,3,61636.97,1,0,0,107787.42,0,1.0,0.0,0.0,1.0
59.0,7,111396.97,1,0,1,191070.01,1,0.0,1.0,0.0,0.0
30.0,8,0.0,2,1,0,185341.63,1,0.0,0.0,1.0,0.0
63.0,5,0.0,1,1,1,173576.71,3,0.0,0.0,1.0,0.0
22.0,3,108117.1,1,0,1,53328.7,1,0.0,0.0,1.0,0.0
37.0,1,142663.46,1,0,1,88669.89,1,1.0,0.0,0.0,1.0
18.0,3,0.0,2,1,1,86994.54,4,0.0,0.0,1.0,1.0
34.0,3,100337.96,3,1,0,48559.19,3,0.0,1.0,0.0,1.0
34.0,4,0.0,2,0,0,60894.26,1,1.0,0.0,0.0,0.0
37.0,5,92171.35,3,1,0,178106.34,2,0.0,1.0,0.0,0.0
40.0,9,95293.86,2,0,1,96985.58,1,0.0,1.0,0.0,1.0
42.0,9,0.0,2,1,0,35673.42,4,1.0,0.0,0.0,0.0
24.0,8,108528.07,2,0,0,179488.41,1,0.0,1.0,0.0,1.0
44.0,2,112652.08,2,1,0,126644.98,4,0.0,0.0,1.0,0.0
36.0,10,0.0,1,0,0,120694.35,0,1.0,0.0,0.0,0.0
27.0,2,0.0,2,1,1,13221.25,3,0.0,0.0,1.0,1.0
38.91621420206537,8,117005.55,1,0,1,123646.57,2,0.0,1.0,0.0,1.0
44.0,5,0.0,4,0,0,117572.59,2,1.0,0.0,0.0,1.0
44.0,5,0.0,2,0,1,9200.54,3,1.0,0.0,0.0,1.0
32.0,6,0.0,2,0,0,33606.52,3,1.0,0.0,0.0,0.0
37.0,6,138497.84,1,0,1,18988.58,1,1.0,0.0,0.0,0.0
60.0,9,0.0,4,1,1,13614.01,1,1.0,0.0,0.0,1.0
37.0,9,100252.18,1,1,1,146033.52,0,0.0,0.0,1.0,1.0
38.0,1,181110.13,2,1,0,184544.59,0,0.0,0.0,1.0,1.0
33.0,3,148659.48,1,0,0,42437.75,1,1.0,0.0,0.0,1.0
35.0,8,138782.76,1,1,1,186118.93,0,0.0,1.0,0.0,1.0
34.0,3,0.0,2,1,1,124226.16,4,1.0,0.0,0.0,0.0
27.0,2,96129.32,2,1,1,5983.7,3,0.0,1.0,0.0,0.0
35.0,3,146311.58,1,1,1,105443.47,1,1.0,0.0,0.0,1.0
38.91621420206537,6,152685.4,1,0,0,183656.12,3,0.0,0.0,1.0,1.0
39.0,2,104349.45,1,0,0,79503.05,4,0.0,0.0,1.0,1.0
41.0,3,0.0,2,1,0,54342.83,1,0.0,0.0,1.0,0.0
32.0,8,124993.29,2,1,1,27548.06,4,1.0,0.0,0.0,1.0
26.0,8,146133.39,1,1,1,175296.76,3,0.0,1.0,0.0,1.0
56.0,3,139603.22,1,1,1,86383.61,3,0.0,1.0,0.0,0.0
29.0,7,169988.35,1,1,0,4272.0,2,1.0,0.0,0.0,0.0
30.0,2,131406.56,1,1,1,47952.45,1,1.0,0.0,0.0,1.0
29.0,10,130420.2,2,0,0,106276.55,4,0.0,1.0,0.0,0.0
57.0,0,136820.99,1,0,1,108528.74,1,0.0,0.0,1.0,0.0
50.0,2,0.0,2,0,0,10772.13,3,0.0,0.0,1.0,1.0
19.0,9,0.0,1,1,0,189641.11,4,0.0,0.0,1.0,0.0
55.0,8,132387.91,2,1,1,170360.11,0,1.0,0.0,0.0,1.0
50.0,1,81947.76,1,0,1,63606.22,2,1.0,0.0,0.0,1.0
29.0,6,0.0,2,0,1,94780.9,0,0.0,0.0,1.0,0.0
62.0,3,0.0,2,1,0,105986.01,0,1.0,0.0,0.0,1.0
32.0,3,0.0,2,0,0,129576.99,3,1.0,0.0,0.0,1.0
31.0,1,115406.97,1,0,0,145528.22,1,0.0,0.0,1.0,1.0
42.0,6,117899.95,2,0,0,150266.81,1,0.0,1.0,0.0,0.0
29.0,7,147199.07,1,1,1,84932.4,3,0.0,1.0,0.0,0.0
39.0,1,70657.61,2,1,1,76476.05,3,1.0,0.0,0.0,1.0
26.0,4,0.0,2,1,0,185488.81,0,1.0,0.0,0.0,0.0
47.0,10,198546.1,2,1,0,191198.92,3,1.0,0.0,0.0,1.0
49.0,1,0.0,2,1,1,102472.9,3,0.0,0.0,1.0,0.0
28.0,2,0.0,2,0,0,25395.83,1,1.0,0.0,0.0,1.0
42.0,3,177626.77,3,0,1,16392.72,3,0.0,0.0,1.0,1.0
38.91621420206537,3,148874.01,2,0,1,71192.82,4,1.0,0.0,0.0,1.0
31.0,3,103696.97,3,0,0,155221.05,2,1.0,0.0,0.0,0.0
48.0,3,147341.43,1,1,1,157458.61,2,1.0,0.0,0.0,0.0
80.0,8,0.0,2,0,1,34164.05,4,0.0,0.0,1.0,1.0
40.0,9,133871.05,1,1,1,50568.02,4,1.0,0.0,0.0,0.0
27.0,5,126815.97,2,0,1,118648.12,1,0.0,0.0,1.0,1.0
36.0,3,77910.23,1,1,0,67238.01,0,0.0,0.0,1.0,1.0
34.0,6,0.0,1,0,0,22736.06,2,1.0,0.0,0.0,1.0
25.0,2,158266.42,3,1,1,199357.24,2,0.0,1.0,0.0,0.0
58.0,5,152199.33,1,1,1,86022.09,1,1.0,0.0,0.0,1.0
33.0,7,114430.18,2,1,1,153012.13,1,0.0,1.0,0.0,0.0
57.0,8,137936.94,1,1,1,84475.13,1,1.0,0.0,0.0,0.0
30.0,3,145396.49,1,0,1,198341.15,4,0.0,0.0,1.0,1.0
38.91621420206537,5,165272.13,1,1,0,14109.85,4,0.0,0.0,1.0,0.0
36.0,7,0.0,2,0,0,80134.65,4,0.0,0.0,1.0,1.0
41.0,7,176845.41,3,1,0,166526.26,4,1.0,0.0,0.0,0.0
35.0,6,112668.7,1,0,1,122584.29,2,1.0,0.0,0.0,0.0
32.0,5,133050.97,2,1,0,89385.92,4,1.0,0.0,0.0,1.0
62.0,3,0.0,1,1,1,101663.47,2,0.0,0.0,1.0,1.0
26.0,7,116244.14,2,1,1,95145.14,2,0.0,1.0,0.0,1.0
41.0,7,0.0,2,1,0,43889.41,2,0.0,0.0,1.0,1.0
47.0,5,140187.1,2,1,1,174311.3,1,0.0,1.0,0.0,1.0
26.0,3,102395.79,1,1,0,119368.99,2,0.0,1.0,0.0,0.0
39.0,2,188976.89,2,0,1,176142.09,1,0.0,1.0,0.0,1.0
41.0,1,0.0,2,1,0,3414.72,1,0.0,0.0,1.0,0.0
56.0,9,142147.32,1,0,0,39488.04,0,1.0,0.0,0.0,1.0
25.0,1,0.0,2,0,0,87803.32,3,1.0,0.0,0.0,0.0
35.0,1,0.0,1,1,1,83256.26,1,0.0,0.0,1.0,1.0
51.0,4,131156.76,1,1,0,29883.63,2,0.0,1.0,0.0,1.0
38.91621420206537,1,126817.13,2,1,1,29995.83,3,0.0,1.0,0.0,1.0
27.0,2,128243.03,1,1,1,11631.34,1,1.0,0.0,0.0,1.0
83.0,6,123356.63,1,0,1,92934.41,3,0.0,1.0,0.0,1.0
43.0,1,0.0,1,0,1,112026.1,2,1.0,0.0,0.0,0.0
38.91621420206537,3,114370.41,1,0,1,66810.48,3,1.0,0.0,0.0,1.0
32.0,8,170291.22,2,0,1,15658.99,0,0.0,1.0,0.0,1.0
35.0,5,136857.0,1,0,0,84509.57,4,0.0,1.0,0.0,1.0
36.0,9,129829.59,1,1,1,60906.12,1,1.0,0.0,0.0,1.0
31.0,3,0.0,2,1,1,112289.06,3,1.0,0.0,0.0,0.0
51.0,6,144237.91,4,1,0,157143.61,3,1.0,0.0,0.0,0.0
38.91621420206537,5,163034.82,2,1,1,135662.17,3,0.0,1.0,0.0,1.0
54.0,4,118449.21,1,1,1,133573.29,1,0.0,1.0,0.0,0.0
51.0,6,0.0,2,0,1,194733.28,4,1.0,0.0,0.0,1.0
27.0,9,0.0,2,1,0,126838.7,1,1.0,0.0,0.0,0.0
37.0,2,127609.59,1,1,0,98646.22,0,1.0,0.0,0.0,1.0
23.0,5,0.0,2,1,0,160249.1,0,1.0,0.0,0.0,0.0
32.0,7,0.0,1,0,1,79082.62,4,0.0,0.0,1.0,1.0
31.0,7,161171.7,2,1,0,12599.94,2,1.0,0.0,0.0,1.0
42.0,8,103362.14,1,0,1,186869.58,0,0.0,1.0,0.0,0.0
34.0,1,154139.45,1,1,1,60728.89,4,1.0,0.0,0.0,0.0
71.0,1,53013.29,2,1,1,112222.64,2,0.0,1.0,0.0,1.0
81.0,6,0.0,2,1,1,72276.24,3,1.0,0.0,0.0,0.0
43.0,5,132615.73,2,1,0,32999.1,3,0.0,1.0,0.0,1.0
35.0,9,146780.52,2,1,1,3476.38,0,0.0,1.0,0.0,1.0
23.0,2,93301.97,2,0,1,127187.04,3,0.0,1.0,0.0,1.0
28.0,9,0.0,2,1,1,125062.02,1,1.0,0.0,0.0,0.0
42.0,6,0.0,2,1,0,113868.4,1,0.0,0.0,1.0,1.0
44.0,6,153548.12,1,0,0,35300.08,2,1.0,0.0,0.0,1.0
38.0,8,82407.51,1,1,0,13123.41,0,0.0,1.0,0.0,0.0
38.91621420206537,3,0.0,2,1,1,158816.03,4,1.0,0.0,0.0,1.0
39.0,5,0.0,2,1,1,100060.54,3,0.0,0.0,1.0,1.0
30.0,6,0.0,2,1,0,88827.31,0,1.0,0.0,0.0,0.0
58.0,4,92930.92,1,0,1,85148.78,3,0.0,0.0,1.0,1.0
26.0,1,149144.61,1,0,1,123697.95,2,1.0,0.0,0.0,1.0
32.0,9,0.0,3,0,1,38533.79,3,0.0,0.0,1.0,1.0
49.0,9,0.0,2,1,0,178342.63,3,0.0,0.0,1.0,0.0
38.0,0,144450.58,1,0,1,137276.83,3,1.0,0.0,0.0,1.0
41.0,2,0.0,1,1,1,56850.92,3,1.0,0.0,0.0,1.0
26.0,9,121508.28,1,1,1,146785.44,3,1.0,0.0,0.0,0.0
42.0,7,0.0,2,0,1,76209.56,4,1.0,0.0,0.0,0.0
55.0,7,0.0,2,1,1,18369.33,2,1.0,0.0,0.0,0.0
31.0,10,138653.51,1,1,0,190803.37,4,0.0,1.0,0.0,1.0
33.0,0,130499.09,2,1,1,74804.36,3,1.0,0.0,0.0,0.0
46.0,9,143267.14,2,0,0,193099.43,2,1.0,0.0,0.0,1.0
52.0,4,0.0,2,1,1,118429.02,3,1.0,0.0,0.0,1.0
48.0,3,91246.53,1,1,0,60017.46,1,1.0,0.0,0.0,1.0
48.0,2,108128.96,2,1,1,103944.37,3,0.0,1.0,0.0,0.0
34.0,7,0.0,2,0,0,130686.59,3,1.0,0.0,0.0,1.0
43.0,1,110646.54,1,0,0,108804.28,4,0.0,0.0,1.0,0.0
47.0,9,144900.58,1,1,0,61315.37,0,1.0,0.0,0.0,1.0
36.0,7,128518.98,1,1,1,44567.83,4,1.0,0.0,0.0,0.0
56.0,8,137464.04,1,1,0,130846.79,2,0.0,1.0,0.0,0.0
34.0,8,42157.08,1,1,0,20598.59,2,1.0,0.0,0.0,0.0
40.0,7,0.0,1,1,0,170332.67,0,1.0,0.0,0.0,0.0
44.0,1,141136.62,1,1,0,189742.78,2,0.0,1.0,0.0,1.0
31.0,4,118342.26,1,0,0,161574.19,2,1.0,0.0,0.0,1.0
47.0,3,123365.34,2,0,0,171995.34,4,1.0,0.0,0.0,0.0
25.0,4,165686.11,2,1,0,15467.98,3,1.0,0.0,0.0,0.0
54.0,7,0.0,2,1,1,125041.52,3,1.0,0.0,0.0,0.0
37.0,10,0.0,2,0,0,83263.04,3,1.0,0.0,0.0,1.0
44.0,8,0.0,2,1,1,154639.72,2,1.0,0.0,0.0,1.0
39.0,3,113096.41,1,1,1,60335.24,2,1.0,0.0,0.0,1.0
47.0,1,109876.82,2,1,0,83611.45,4,0.0,0.0,1.0,1.0
39.0,6,109844.81,1,1,0,25289.23,0,1.0,0.0,0.0,0.0
36.0,9,0.0,2,0,1,145562.4,0,1.0,0.0,0.0,1.0
30.0,6,0.0,2,1,1,180591.32,4,1.0,0.0,0.0,1.0
39.0,2,109724.38,1,1,1,180022.39,3,1.0,0.0,0.0,1.0
37.0,1,106881.5,2,0,0,169386.81,3,1.0,0.0,0.0,0.0
61.0,3,131583.59,4,0,1,66238.23,1,1.0,0.0,0.0,0.0
34.0,3,83132.09,1,1,1,21360.88,2,0.0,0.0,1.0,1.0
36.0,10,113546.3,1,1,1,134875.37,1,0.0,1.0,0.0,1.0
38.91621420206537,10,153972.89,2,1,0,62811.03,4,1.0,0.0,0.0,1.0
31.0,0,118100.59,2,1,0,103165.15,3,1.0,0.0,0.0,0.0
38.91621420206537,7,122403.24,1,0,1,37439.9,0,0.0,1.0,0.0,1.0
72.0,4,0.0,2,1,1,50267.69,3,0.0,0.0,1.0,0.0
62.0,7,80927.56,1,0,1,64490.67,0,0.0,0.0,1.0,1.0
40.0,2,0.0,2,1,1,164768.82,3,0.0,0.0,1.0,1.0
36.0,10,145750.45,2,1,1,96660.76,2,0.0,1.0,0.0,0.0
26.0,4,0.0,2,1,1,197594.34,2,1.0,0.0,0.0,1.0
79.0,7,0.0,1,1,1,160589.18,1,1.0,0.0,0.0,0.0
47.0,2,0.0,1,1,0,48161.18,4,0.0,0.0,1.0,1.0
40.0,7,96202.32,1,0,0,161154.85,1,0.0,1.0,0.0,0.0
38.91621420206537,1,123378.2,1,1,0,81431.99,2,0.0,1.0,0.0,0.0
35.0,4,115680.81,1,1,1,90280.7,0,0.0,0.0,1.0,0.0
66.0,4,86459.8,1,1,1,141476.56,3,1.0,0.0,0.0,1.0
69.0,5,117866.92,1,1,1,62280.91,3,1.0,0.0,0.0,0.0
39.0,10,0.0,2,1,1,126263.97,3,1.0,0.0,0.0,0.0
38.0,6,0.0,2,1,1,158697.28,3,1.0,0.0,0.0,1.0
39.0,6,0.0,2,0,1,27375.15,0,1.0,0.0,0.0,0.0
39.0,4,127771.35,2,0,1,151738.54,4,1.0,0.0,0.0,1.0
40.0,7,140596.95,1,0,1,135459.02,2,1.0,0.0,0.0,0.0
38.91621420206537,4,88141.1,1,1,0,109659.12,4,0.0,0.0,1.0,0.0
27.0,4,0.0,2,1,1,135083.73,0,0.0,0.0,1.0,0.0
34.0,3,0.0,2,1,1,77047.78,3,0.0,0.0,1.0,1.0
56.0,7,50911.21,3,0,0,97629.31,3,0.0,0.0,1.0,1.0
32.0,5,106807.64,1,1,1,76998.69,3,0.0,1.0,0.0,0.0
32.0,5,0.0,2,1,1,147720.27,3,0.0,0.0,1.0,1.0
36.0,5,0.0,2,1,1,96881.32,4,0.0,0.0,1.0,1.0
65.0,9,102541.1,1,1,0,181490.42,0,0.0,0.0,1.0,0.0
32.0,1,0.0,2,0,1,28515.17,0,1.0,0.0,0.0,0.0
33.0,10,118327.17,2,1,1,192928.82,3,1.0,0.0,0.0,1.0
40.0,9,103604.31,2,0,0,140947.05,1,0.0,1.0,0.0,1.0
39.0,7,120962.13,1,0,0,23305.01,1,1.0,0.0,0.0,0.0
26.0,5,51116.26,1,1,1,70454.79,4,1.0,0.0,0.0,0.0
48.0,8,0.0,2,1,0,71139.8,0,0.0,0.0,1.0,1.0
44.0,6,0.0,2,1,1,192542.17,3,1.0,0.0,0.0,0.0
64.0,2,0.0,1,1,1,6076.62,0,1.0,0.0,0.0,0.0
29.0,8,121326.42,1,1,0,133457.52,2,0.0,1.0,0.0,0.0
34.0,8,0.0,1,1,0,72085.1,2,0.0,0.0,1.0,1.0
37.0,0,113865.23,2,1,1,117396.25,4,0.0,1.0,0.0,0.0
34.0,1,165312.27,1,1,0,155495.63,3,1.0,0.0,0.0,1.0
38.91621420206537,7,0.0,2,0,1,3896.08,1,1.0,0.0,0.0,1.0
31.0,6,0.0,2,0,0,124596.63,0,1.0,0.0,0.0,1.0
58.0,1,0.0,1,1,1,58907.08,2,1.0,0.0,0.0,0.0
38.0,6,0.0,2,1,1,94415.6,3,0.0,0.0,1.0,1.0
38.0,7,0.0,2,1,1,138542.87,4,0.0,0.0,1.0,0.0
48.0,5,129387.94,1,0,1,147955.91,0,1.0,0.0,0.0,1.0
40.0,7,160818.08,1,0,1,169642.13,0,1.0,0.0,0.0,1.0
67.0,1,88382.01,1,0,1,59457.0,0,0.0,0.0,1.0,1.0
31.0,2,0.0,2,0,1,145411.39,3,1.0,0.0,0.0,0.0
33.0,10,76692.22,1,0,1,30396.43,4,0.0,1.0,0.0,0.0
40.0,9,0.0,2,0,0,121537.91,3,0.0,0.0,1.0,1.0
41.0,8,0.0,2,1,0,139844.04,4,1.0,0.0,0.0,0.0
34.0,5,118838.75,1,1,1,52820.13,2,1.0,0.0,0.0,1.0
72.0,3,98903.06,1,1,1,81251.24,0,0.0,0.0,1.0,1.0
31.0,9,154586.92,1,0,1,88604.89,4,0.0,1.0,0.0,1.0
29.0,8,140170.61,1,1,1,38170.04,3,1.0,0.0,0.0,0.0
38.0,4,129055.13,1,1,0,157147.59,4,0.0,1.0,0.0,0.0
29.0,1,154333.82,1,1,1,138527.56,3,0.0,1.0,0.0,0.0
43.0,8,133379.41,1,1,0,177378.66,1,0.0,1.0,0.0,1.0
32.0,10,147511.26,1,1,1,159891.03,1,0.0,0.0,1.0,1.0
42.0,1,98495.72,1,1,0,40014.76,1,0.0,1.0,0.0,1.0
57.0,3,89079.41,1,1,1,53179.21,4,1.0,0.0,0.0,1.0
27.0,4,105907.42,2,1,1,195732.04,1,0.0,1.0,0.0,1.0
38.0,8,0.0,2,1,0,180426.2,1,0.0,0.0,1.0,1.0
43.0,8,0.0,2,1,0,9704.66,3,1.0,0.0,0.0,1.0
31.0,4,141356.47,1,0,0,137985.69,3,0.0,0.0,1.0,1.0
36.0,10,0.0,2,1,0,55902.93,3,0.0,0.0,1.0,1.0
30.0,7,0.0,2,0,1,143086.09,3,1.0,0.0,0.0,1.0
40.0,9,0.0,1,0,0,151648.66,2,1.0,0.0,0.0,0.0
54.0,0,134249.7,1,0,1,13404.4,3,0.0,0.0,1.0,1.0
32.0,6,99162.29,1,1,0,128384.11,1,1.0,0.0,0.0,1.0
49.0,1,142767.39,1,1,1,8214.41,4,1.0,0.0,0.0,1.0
37.0,8,0.0,1,1,1,16403.41,3,1.0,0.0,0.0,0.0
36.0,6,145387.32,2,1,1,169963.2,1,0.0,1.0,0.0,0.0
41.0,2,119782.72,2,0,0,120284.67,3,0.0,0.0,1.0,1.0
33.0,8,0.0,2,1,0,138504.28,1,1.0,0.0,0.0,1.0
38.91621420206537,3,77356.92,2,1,1,20881.96,2,0.0,1.0,0.0,1.0
38.91621420206537,2,0.0,2,1,0,92536.0,1,1.0,0.0,0.0,0.0
34.0,9,152806.74,1,1,0,19687.99,0,0.0,0.0,1.0,1.0
43.0,9,78022.61,1,0,1,30662.91,1,0.0,0.0,1.0,1.0
70.0,6,119684.88,2,1,1,74532.02,4,0.0,1.0,0.0,1.0
45.0,6,136855.24,1,1,0,46864.0,0,1.0,0.0,0.0,1.0
37.0,1,0.0,2,1,1,48357.9,0,1.0,0.0,0.0,0.0
33.0,8,151607.56,1,1,0,4389.4,4,0.0,1.0,0.0,1.0
38.91621420206537,6,204017.4,2,1,0,109538.35,0,0.0,1.0,0.0,1.0
40.0,4,118628.8,1,0,0,91973.63,1,0.0,0.0,1.0,1.0
35.0,9,0.0,2,1,0,192381.21,1,1.0,0.0,0.0,1.0
38.91621420206537,3,0.0,2,1,1,96832.82,4,1.0,0.0,0.0,0.0
64.0,0,98848.19,1,0,1,42730.12,2,1.0,0.0,0.0,1.0
38.91621420206537,1,0.0,2,0,1,156858.2,3,1.0,0.0,0.0,1.0
25.0,1,137712.01,1,1,1,76197.05,1,0.0,1.0,0.0,0.0
73.0,8,0.0,1,1,1,34595.58,0,1.0,0.0,0.0,0.0
64.0,1,91869.69,1,0,1,95421.0,0,0.0,1.0,0.0,1.0
51.0,7,136294.97,1,1,0,38867.46,1,1.0,0.0,0.0,0.0
37.0,6,104414.03,1,1,0,192026.02,1,0.0,1.0,0.0,0.0
31.0,2,164003.05,2,1,1,60993.23,0,1.0,0.0,0.0,0.0
38.91621420206537,6,139810.34,1,1,1,152417.79,0,1.0,0.0,0.0,0.0
36.0,3,79551.12,1,0,1,178267.07,3,1.0,0.0,0.0,0.0
67.0,9,148564.66,1,0,1,87236.4,4,0.0,0.0,1.0,1.0
48.0,7,0.0,2,1,0,48545.1,0,0.0,0.0,1.0,0.0
37.0,7,138503.51,2,1,0,57215.85,2,0.0,1.0,0.0,0.0
50.0,2,0.0,2,0,1,147075.69,4,1.0,0.0,0.0,1.0
40.0,6,95452.89,1,0,1,179964.55,3,1.0,0.0,0.0,0.0
68.0,4,0.0,2,1,1,11426.7,2,1.0,0.0,0.0,1.0
33.0,6,84719.13,2,1,1,113048.79,2,1.0,0.0,0.0,0.0
41.0,1,0.0,2,0,1,193093.77,4,0.0,0.0,1.0,1.0
76.0,10,121313.88,1,0,1,64872.33,4,1.0,0.0,0.0,1.0
41.0,2,127841.52,1,1,0,172363.41,2,0.0,1.0,0.0,1.0
41.0,5,104631.67,1,1,1,95551.22,1,0.0,0.0,1.0,1.0
50.0,6,0.0,1,1,0,93568.77,1,1.0,0.0,0.0,1.0
35.0,5,82453.96,2,0,0,18254.75,4,0.0,1.0,0.0,0.0
39.0,4,0.0,1,1,1,147530.06,2,1.0,0.0,0.0,0.0
40.0,9,93017.47,2,1,0,191608.97,4,1.0,0.0,0.0,1.0
58.0,8,156652.13,1,0,0,25899.21,4,1.0,0.0,0.0,1.0
38.0,2,142289.28,1,0,1,119638.85,1,1.0,0.0,0.0,0.0
30.0,2,91057.37,2,1,0,132973.17,1,0.0,1.0,0.0,0.0
44.0,3,0.0,2,1,0,86935.08,3,1.0,0.0,0.0,1.0
35.0,10,128173.9,2,1,0,59093.39,2,0.0,1.0,0.0,1.0
34.0,9,0.0,2,1,0,118749.58,1,0.0,0.0,1.0,1.0
42.0,3,121765.37,2,1,1,166516.84,2,0.0,1.0,0.0,1.0
34.0,8,0.0,2,1,0,94767.77,4,1.0,0.0,0.0,0.0
36.0,1,100895.54,1,1,1,68075.14,1,1.0,0.0,0.0,1.0
34.0,3,0.0,2,1,1,61230.83,0,1.0,0.0,0.0,0.0
34.0,8,0.0,2,0,1,145601.8,0,1.0,0.0,0.0,0.0
39.0,1,129068.54,2,1,1,187905.12,4,1.0,0.0,0.0,0.0
21.0,1,85818.18,1,1,1,133102.3,2,0.0,0.0,1.0,0.0
46.0,3,102955.14,2,1,0,154137.33,3,0.0,1.0,0.0,0.0
32.0,7,0.0,3,0,1,10674.62,1,0.0,0.0,1.0,0.0
35.0,0,76989.97,1,1,1,17242.79,1,0.0,1.0,0.0,1.0
44.0,0,129974.79,2,1,1,33391.38,3,0.0,1.0,0.0,1.0
36.0,4,109044.6,1,0,0,94554.74,4,0.0,1.0,0.0,0.0
40.0,1,0.0,2,1,1,119446.64,3,1.0,0.0,0.0,0.0
52.0,3,96196.24,4,1,0,198874.52,0,0.0,0.0,1.0,1.0
20.0,1,80569.73,1,0,0,68621.98,2,1.0,0.0,0.0,1.0
41.0,3,57745.76,1,1,0,4035.46,0,0.0,1.0,0.0,0.0
42.0,2,0.0,2,1,0,92664.09,4,1.0,0.0,0.0,0.0
40.0,7,0.0,1,1,1,25904.12,1,0.0,0.0,1.0,0.0
31.0,4,141989.27,2,1,0,26116.82,3,0.0,1.0,0.0,1.0
41.0,7,102749.72,1,0,1,194913.86,3,0.0,0.0,1.0,1.0
43.0,0,0.0,2,1,0,59475.35,3,0.0,0.0,1.0,0.0
33.0,8,190566.65,1,1,1,79997.14,3,1.0,0.0,0.0,0.0
33.0,6,88294.6,1,1,0,66979.06,2,1.0,0.0,0.0,1.0
35.0,3,0.0,1,1,0,191520.5,4,1.0,0.0,0.0,0.0
33.0,8,74963.5,1,1,1,32770.56,3,1.0,0.0,0.0,0.0
41.0,1,72509.91,1,1,0,25723.73,4,0.0,0.0,1.0,1.0
40.0,7,0.0,1,1,0,141652.2,4,0.0,0.0,1.0,0.0
38.0,5,137657.71,2,1,0,72985.61,4,0.0,1.0,0.0,0.0
52.0,1,0.0,1,0,1,8636.05,0,1.0,0.0,0.0,0.0
32.0,5,102773.15,2,0,1,117832.88,4,0.0,0.0,1.0,1.0
45.0,4,0.0,1,0,1,174916.85,2,0.0,0.0,1.0,1.0
49.0,8,66079.45,2,0,0,91556.57,4,0.0,0.0,1.0,0.0
37.0,4,0.0,2,1,0,61240.87,3,1.0,0.0,0.0,1.0
37.0,0,105617.73,2,1,1,133699.82,4,0.0,1.0,0.0,0.0
38.91621420206537,1,0.0,2,1,1,10643.38,4,0.0,0.0,1.0,1.0
25.0,2,111395.53,1,0,1,48197.06,0,1.0,0.0,0.0,0.0
25.0,1,124532.78,2,0,1,11723.57,4,1.0,0.0,0.0,1.0
57.0,9,0.0,2,1,1,107712.42,2,1.0,0.0,0.0,0.0
57.0,0,0.0,2,0,1,116781.71,0,1.0,0.0,0.0,1.0
28.0,5,71097.23,1,1,1,130504.49,2,0.0,1.0,0.0,1.0
43.0,7,0.0,2,1,0,90908.95,4,1.0,0.0,0.0,0.0
26.0,2,0.0,2,0,0,50051.42,3,1.0,0.0,0.0,0.0
26.0,10,162482.76,1,1,1,18458.2,1,1.0,0.0,0.0,0.0
42.0,10,166031.45,1,1,0,98293.14,1,0.0,1.0,0.0,0.0
44.0,7,0.0,2,1,0,23425.78,3,1.0,0.0,0.0,1.0
34.0,1,131736.88,1,1,1,108543.21,4,0.0,1.0,0.0,0.0
41.0,4,126605.14,1,1,1,166694.93,2,0.0,0.0,1.0,0.0
25.0,7,108396.67,1,1,0,128276.95,4,1.0,0.0,0.0,1.0
42.0,4,0.0,2,0,1,85982.47,3,0.0,0.0,1.0,1.0
36.0,8,0.0,2,1,0,91652.43,2,0.0,0.0,1.0,0.0
45.0,6,79259.75,1,1,0,55347.28,1,0.0,0.0,1.0,0.0
30.0,5,131563.88,2,1,0,170638.98,1,0.0,1.0,0.0,0.0
38.91621420206537,9,65763.57,1,1,1,145792.01,3,1.0,0.0,0.0,0.0
32.0,1,144875.71,1,0,0,187740.04,0,1.0,0.0,0.0,1.0
66.0,5,0.0,1,1,0,49553.38,1,1.0,0.0,0.0,0.0
29.0,4,78885.88,2,1,1,26927.69,1,0.0,1.0,0.0,0.0
25.0,0,97738.97,2,1,1,160523.33,0,0.0,1.0,0.0,0.0
29.0,4,135759.4,1,0,0,112813.79,0,0.0,1.0,0.0,1.0
34.0,5,0.0,1,1,0,27380.99,0,1.0,0.0,0.0,0.0
33.0,8,145729.71,1,1,0,41365.85,0,0.0,0.0,1.0,1.0
32.0,7,0.0,2,1,1,105969.05,4,1.0,0.0,0.0,0.0
38.91621420206537,7,0.0,2,1,1,67769.94,4,1.0,0.0,0.0,0.0
23.0,5,84284.48,2,1,1,62851.6,4,1.0,0.0,0.0,1.0
38.0,6,119208.85,1,1,0,169763.89,4,0.0,0.0,1.0,1.0
23.0,10,70417.79,1,0,1,90896.04,1,0.0,0.0,1.0,0.0
33.0,7,154575.76,1,1,0,25722.28,2,1.0,0.0,0.0,1.0
48.0,8,130796.33,2,1,1,43250.3,2,1.0,0.0,0.0,0.0
31.0,4,90018.45,2,1,0,193132.98,4,0.0,1.0,0.0,1.0
31.0,3,0.0,2,1,0,15360.91,0,1.0,0.0,0.0,1.0
28.0,6,0.0,2,0,0,159508.52,1,1.0,0.0,0.0,0.0
51.0,5,0.0,3,1,0,189122.89,0,1.0,0.0,0.0,1.0
54.0,7,126113.28,1,1,0,112777.38,3,1.0,0.0,0.0,1.0
28.0,7,0.0,1,1,1,10666.05,1,0.0,0.0,1.0,1.0
55.0,1,76296.81,1,1,0,42364.75,3,0.0,1.0,0.0,0.0
38.0,0,103257.14,1,0,0,158344.63,2,0.0,0.0,1.0,1.0
39.0,10,0.0,1,1,0,160810.85,0,1.0,0.0,0.0,1.0
38.0,7,198338.77,2,1,1,14278.18,3,1.0,0.0,0.0,1.0
36.0,6,0.0,1,0,1,690.84,1,1.0,0.0,0.0,0.0
22.0,5,0.0,1,1,0,151169.83,0,1.0,0.0,0.0,1.0
40.0,5,125909.85,1,1,1,95124.4,0,1.0,0.0,0.0,1.0
30.0,0,108883.29,1,1,0,27914.95,0,1.0,0.0,0.0,0.0
41.0,10,141162.08,1,1,0,50908.48,2,1.0,0.0,0.0,0.0
31.0,2,166833.86,2,1,1,135171.6,1,0.0,0.0,1.0,1.0
35.0,1,110245.13,1,1,1,178291.09,3,0.0,1.0,0.0,1.0
34.0,1,142151.75,2,1,1,168753.34,2,1.0,0.0,0.0,0.0
38.91621420206537,4,96763.89,1,1,1,199242.65,1,0.0,0.0,1.0,0.0
28.0,3,0.0,2,1,1,192449.02,3,0.0,0.0,1.0,0.0
33.0,8,164385.53,1,1,0,150664.97,4,1.0,0.0,0.0,1.0
32.0,9,68067.24,1,1,0,143287.58,0,0.0,1.0,0.0,0.0
59.0,5,137648.41,1,1,0,142977.05,3,0.0,1.0,0.0,0.0
45.0,6,128352.59,3,1,1,144000.59,1,0.0,1.0,0.0,0.0
31.0,2,0.0,1,1,1,170821.43,2,0.0,0.0,1.0,1.0
38.91621420206537,8,0.0,1,1,0,98031.53,0,0.0,0.0,1.0,0.0
54.0,1,187997.15,1,0,0,111442.71,2,0.0,0.0,1.0,0.0
55.0,7,127723.25,2,1,0,139469.11,1,0.0,1.0,0.0,0.0
31.0,6,135470.9,1,1,0,107074.81,0,0.0,1.0,0.0,0.0
18.0,4,133550.67,1,1,1,46941.41,3,1.0,0.0,0.0,1.0
36.0,4,152169.12,2,0,0,38629.3,0,1.0,0.0,0.0,1.0
43.0,8,0.0,3,0,1,110916.15,1,1.0,0.0,0.0,0.0
37.0,9,0.0,2,1,1,73225.31,4,1.0,0.0,0.0,0.0
34.0,3,0.0,1,0,1,121457.88,3,1.0,0.0,0.0,1.0
32.0,9,0.0,1,1,1,148210.64,3,1.0,0.0,0.0,0.0
44.0,10,106731.58,1,1,0,137419.87,3,0.0,1.0,0.0,0.0
52.0,6,139781.06,1,1,0,27445.4,3,1.0,0.0,0.0,1.0
33.0,3,0.0,2,1,0,132436.71,0,1.0,0.0,0.0,0.0
43.0,4,123536.52,2,0,0,154908.52,1,0.0,0.0,1.0,0.0
38.91621420206537,9,0.0,2,1,0,4292.72,2,1.0,0.0,0.0,0.0
44.0,3,151739.65,1,1,0,167461.5,0,0.0,1.0,0.0,1.0
34.0,10,0.0,2,1,1,50759.8,4,1.0,0.0,0.0,0.0
21.0,4,0.0,2,0,0,24847.02,3,1.0,0.0,0.0,1.0
31.0,7,0.0,1,1,0,47018.75,0,0.0,0.0,1.0,0.0
33.0,8,96759.42,1,1,1,174777.98,1,0.0,1.0,0.0,1.0
50.0,8,0.0,2,0,1,79377.45,2,1.0,0.0,0.0,1.0
30.0,6,0.0,1,0,0,67997.13,2,0.0,0.0,1.0,0.0
24.0,7,147687.24,1,1,1,121592.5,3,0.0,1.0,0.0,0.0
27.0,4,0.0,2,1,1,183569.25,1,1.0,0.0,0.0,0.0
31.0,1,141069.18,3,1,1,194257.11,4,0.0,1.0,0.0,0.0
84.0,8,87873.39,1,0,0,188484.52,0,1.0,0.0,0.0,0.0
26.0,8,124281.84,1,1,1,60116.57,2,1.0,0.0,0.0,0.0
48.0,6,0.0,2,1,1,40062.99,1,0.0,0.0,1.0,0.0
42.0,6,100160.75,1,1,0,33462.94,4,0.0,1.0,0.0,1.0
31.0,1,152663.77,1,0,1,17128.64,3,1.0,0.0,0.0,0.0
39.0,8,0.0,2,0,0,96864.36,2,1.0,0.0,0.0,1.0
35.0,6,85668.59,1,1,0,105525.36,1,0.0,1.0,0.0,1.0
49.0,7,0.0,1,1,0,63405.2,3,1.0,0.0,0.0,0.0
32.0,9,149136.31,2,1,1,16402.11,2,1.0,0.0,0.0,1.0
61.0,3,157201.48,1,0,1,50368.63,2,1.0,0.0,0.0,1.0
71.0,4,0.0,1,1,1,120107.1,2,0.0,0.0,1.0,1.0
50.0,3,121159.65,1,0,0,4033.39,1,1.0,0.0,0.0,1.0
18.0,10,151762.74,1,0,1,127014.32,2,1.0,0.0,0.0,1.0
30.0,2,0.0,2,1,1,132029.95,1,1.0,0.0,0.0,1.0
38.0,6,146282.79,2,1,0,198516.2,4,0.0,0.0,1.0,1.0
29.0,4,0.0,2,1,1,37605.9,3,0.0,0.0,1.0,1.0
34.0,6,125227.82,2,0,1,128247.03,2,0.0,1.0,0.0,0.0
46.0,4,0.0,1,1,1,4654.28,3,0.0,0.0,1.0,1.0
42.0,9,108748.08,2,1,1,65323.11,3,0.0,1.0,0.0,1.0
49.0,9,119960.29,2,1,0,103068.22,1,1.0,0.0,0.0,0.0
35.0,6,0.0,2,1,1,58879.11,2,1.0,0.0,0.0,1.0
37.0,1,93124.04,2,1,1,196079.32,4,0.0,1.0,0.0,0.0
23.0,9,0.0,2,0,1,48021.71,0,0.0,0.0,1.0,0.0
41.0,3,0.0,2,1,1,108665.89,2,1.0,0.0,0.0,1.0
29.0,6,150685.79,1,1,0,87771.06,1,1.0,0.0,0.0,1.0
40.0,3,129248.11,2,1,0,72876.43,0,0.0,1.0,0.0,0.0
31.0,9,0.0,2,0,0,99294.22,0,0.0,0.0,1.0,0.0
36.0,2,0.0,2,1,1,182787.17,2,0.0,0.0,1.0,1.0
19.0,8,166133.28,1,1,1,107994.99,1,0.0,1.0,0.0,1.0
35.0,7,114285.2,1,0,1,129660.59,4,0.0,1.0,0.0,0.0
55.0,9,0.0,1,1,0,153356.8,3,1.0,0.0,0.0,1.0
45.0,6,99564.22,1,1,1,108872.45,2,0.0,1.0,0.0,1.0
35.0,9,129847.75,2,1,0,197325.4,0,0.0,1.0,0.0,1.0
38.91621420206537,5,0.0,2,1,0,35034.15,4,1.0,0.0,0.0,0.0
38.91621420206537,6,98684.15,1,0,0,133720.57,3,1.0,0.0,0.0,1.0
21.0,6,86402.52,2,0,0,27330.59,3,0.0,1.0,0.0,1.0
23.0,5,0.0,1,1,1,180622.43,2,0.0,0.0,1.0,0.0
56.0,2,0.0,1,1,1,25222.6,4,0.0,0.0,1.0,0.0
53.0,3,0.0,1,1,1,91406.62,0,1.0,0.0,0.0,0.0
41.0,1,0.0,2,1,0,31766.3,0,1.0,0.0,0.0,0.0
35.0,7,0.0,2,1,0,160387.98,3,0.0,0.0,1.0,1.0
28.0,1,112070.44,1,0,1,126281.83,0,1.0,0.0,0.0,1.0
47.0,5,0.0,1,1,0,121964.46,4,0.0,0.0,1.0,1.0
40.0,1,0.0,2,1,0,194273.12,4,1.0,0.0,0.0,0.0
28.0,10,200724.96,1,0,1,82872.64,3,1.0,0.0,0.0,1.0
44.0,8,113755.78,2,1,0,149756.71,2,0.0,0.0,1.0,1.0
47.0,7,0.0,2,1,0,193305.35,3,1.0,0.0,0.0,1.0
23.0,6,0.0,2,1,1,134188.11,3,0.0,0.0,1.0,1.0
45.0,1,157320.51,1,1,0,62193.92,1,0.0,0.0,1.0,0.0
34.0,5,103818.43,1,1,1,166038.27,4,1.0,0.0,0.0,1.0
22.0,7,120811.89,1,1,1,185510.34,4,0.0,0.0,1.0,1.0
33.0,8,96769.04,1,1,1,36864.05,2,0.0,0.0,1.0,0.0
37.0,8,108432.88,2,1,1,14865.05,0,0.0,1.0,0.0,1.0
39.0,5,0.0,2,0,0,118272.07,1,1.0,0.0,0.0,0.0
44.0,1,0.0,2,1,1,11467.38,4,1.0,0.0,0.0,0.0
44.0,7,159316.64,1,0,0,24780.13,4,1.0,0.0,0.0,0.0
42.0,6,0.0,2,1,1,123410.23,1,0.0,0.0,1.0,1.0
31.0,9,80844.69,2,1,1,74641.9,2,0.0,1.0,0.0,0.0
32.0,7,99462.8,2,1,1,51117.06,1,0.0,1.0,0.0,1.0
45.0,10,0.0,2,1,0,1364.54,4,1.0,0.0,0.0,1.0
73.0,5,137761.55,1,1,1,159677.46,3,0.0,0.0,1.0,1.0
47.0,8,154543.98,1,1,0,29586.73,1,1.0,0.0,0.0,0.0
36.0,4,166909.2,2,1,0,138871.12,2,1.0,0.0,0.0,0.0
37.0,4,0.0,2,1,0,94845.45,4,1.0,0.0,0.0,1.0
45.0,7,137555.44,1,0,0,124607.7,1,1.0,0.0,0.0,1.0
38.0,6,149238.97,1,1,1,97825.23,3,1.0,0.0,0.0,1.0
40.0,2,147171.2,1,0,1,69850.04,2,0.0,1.0,0.0,0.0
50.0,5,151215.34,2,1,0,169804.4,1,1.0,0.0,0.0,1.0
25.0,3,113736.27,1,0,1,196864.61,3,1.0,0.0,0.0,1.0
37.0,7,112291.34,1,1,0,153157.97,2,1.0,0.0,0.0,1.0
67.0,2,0.0,2,0,1,108645.85,1,1.0,0.0,0.0,1.0
37.0,1,0.0,2,0,1,156105.03,0,1.0,0.0,0.0,0.0
32.0,10,0.0,2,0,1,168605.96,0,0.0,0.0,1.0,1.0
38.0,1,101487.18,1,1,1,75959.1,1,0.0,1.0,0.0,1.0
32.0,2,87814.89,1,1,0,138578.37,3,1.0,0.0,0.0,0.0
40.0,1,99745.95,1,1,0,177524.19,4,0.0,1.0,0.0,0.0
27.0,8,102000.17,1,1,1,116757.0,0,1.0,0.0,0.0,0.0
48.0,8,129250.0,2,1,1,157937.35,0,0.0,1.0,0.0,1.0
42.0,9,152603.45,1,1,0,110265.24,0,1.0,0.0,0.0,1.0
28.0,9,0.0,1,1,0,134110.93,2,1.0,0.0,0.0,1.0
38.91621420206537,1,106396.48,1,1,1,150661.42,2,0.0,1.0,0.0,1.0
55.0,2,70263.83,1,0,1,62347.71,2,0.0,0.0,1.0,1.0
38.0,6,0.0,2,0,0,173783.38,1,0.0,0.0,1.0,0.0
35.0,1,0.0,2,0,0,42117.9,4,0.0,0.0,1.0,1.0
34.0,7,0.0,2,0,0,3946.29,2,0.0,0.0,1.0,0.0
40.0,6,131411.24,1,1,1,194656.11,2,1.0,0.0,0.0,1.0
32.0,7,0.0,1,0,0,76264.27,3,0.0,0.0,1.0,0.0
22.0,8,0.0,2,1,1,92606.98,3,1.0,0.0,0.0,0.0
36.0,8,139753.35,1,1,0,79871.16,2,1.0,0.0,0.0,1.0
35.0,8,0.0,2,1,0,170483.9,2,1.0,0.0,0.0,1.0
40.0,9,0.0,2,0,0,93717.55,1,1.0,0.0,0.0,1.0
36.0,4,161533.0,1,1,0,100940.91,3,1.0,0.0,0.0,1.0
63.0,4,138082.16,1,0,1,166677.54,3,1.0,0.0,0.0,1.0
40.0,8,128644.46,1,0,0,167673.37,3,0.0,1.0,0.0,0.0
38.91621420206537,7,0.0,2,0,1,5177.62,2,1.0,0.0,0.0,0.0
33.0,2,208165.53,1,0,0,50774.81,0,1.0,0.0,0.0,0.0
42.0,6,84445.68,3,0,1,60021.34,4,0.0,1.0,0.0,1.0
27.0,2,166527.88,2,0,1,146007.7,2,0.0,1.0,0.0,1.0
35.0,3,0.0,2,0,0,81483.64,4,0.0,0.0,1.0,1.0
50.0,5,129293.74,1,1,0,177805.44,1,0.0,1.0,0.0,0.0
29.0,8,93833.86,1,0,1,10417.87,4,0.0,0.0,1.0,1.0
38.0,8,0.0,2,0,1,126241.4,4,0.0,0.0,1.0,0.0
48.0,5,132876.23,1,1,0,79259.77,0,0.0,0.0,1.0,1.0
42.0,5,0.0,2,0,0,25951.91,4,1.0,0.0,0.0,0.0
38.91621420206537,9,0.0,2,1,1,199493.38,2,1.0,0.0,0.0,1.0
45.0,6,0.0,2,0,1,151401.33,0,1.0,0.0,0.0,0.0
38.0,2,0.0,2,1,1,59297.34,4,0.0,0.0,1.0,1.0
51.0,10,0.0,1,1,1,125823.79,0,1.0,0.0,0.0,1.0
43.0,1,125211.92,1,1,1,113410.49,1,1.0,0.0,0.0,1.0
43.0,10,147832.15,1,0,1,24234.11,4,1.0,0.0,0.0,0.0
35.0,8,0.0,2,1,0,10334.05,3,1.0,0.0,0.0,1.0
41.0,3,136416.82,1,0,1,57844.26,4,1.0,0.0,0.0,1.0
37.0,5,113488.68,1,1,0,95611.74,2,0.0,1.0,0.0,1.0
26.0,6,166257.96,1,1,1,149369.41,2,1.0,0.0,0.0,1.0
55.0,3,0.0,1,0,1,13288.46,4,1.0,0.0,0.0,1.0
44.0,8,87471.63,1,0,1,188593.98,2,1.0,0.0,0.0,1.0
36.0,1,140137.15,1,1,0,194073.33,0,0.0,0.0,1.0,0.0
39.0,5,83348.89,3,1,0,7953.62,1,0.0,1.0,0.0,0.0
41.0,1,0.0,2,0,0,70550.0,1,1.0,0.0,0.0,1.0
27.0,2,121580.42,1,0,1,134720.51,0,0.0,0.0,1.0,0.0
43.0,9,0.0,2,0,1,11417.26,1,1.0,0.0,0.0,0.0
44.0,7,77526.66,3,0,0,57338.56,2,0.0,0.0,1.0,1.0
53.0,7,150926.99,2,0,0,119817.19,3,0.0,1.0,0.0,1.0
28.0,4,147972.19,1,1,0,60708.72,4,0.0,1.0,0.0,1.0
32.0,8,101160.99,1,1,1,115916.55,3,0.0,1.0,0.0,1.0
37.0,2,0.0,1,0,1,52525.15,0,1.0,0.0,0.0,1.0
35.0,5,0.0,2,1,1,81718.37,3,1.0,0.0,0.0,1.0
30.0,4,125385.01,1,1,0,68293.93,0,0.0,0.0,1.0,1.0
30.0,2,0.0,2,1,1,82222.86,1,0.0,0.0,1.0,1.0
31.0,6,113000.66,1,1,0,40467.82,2,1.0,0.0,0.0,0.0
25.0,2,150355.35,2,1,1,35770.84,4,0.0,1.0,0.0,0.0
43.0,9,140121.17,1,1,0,11302.7,2,0.0,1.0,0.0,1.0
38.91621420206537,2,154763.21,2,1,1,174800.31,4,1.0,0.0,0.0,0.0
37.0,8,0.0,2,1,0,44215.86,0,0.0,0.0,1.0,0.0
38.0,2,119272.29,1,0,0,195896.59,0,1.0,0.0,0.0,1.0
42.0,9,0.0,2,0,1,58137.42,2,1.0,0.0,0.0,1.0
32.0,4,111156.52,1,1,1,167376.26,1,1.0,0.0,0.0,0.0
31.0,3,127070.73,1,0,1,160941.78,0,1.0,0.0,0.0,0.0
40.0,3,109628.44,1,1,0,189366.03,3,0.0,1.0,0.0,0.0
34.0,8,117300.02,1,1,0,139410.08,1,0.0,0.0,1.0,1.0
66.0,0,0.0,2,0,1,42240.54,2,1.0,0.0,0.0,1.0
32.0,5,146602.25,2,1,1,72946.95,0,0.0,1.0,0.0,0.0
38.0,3,132951.92,1,0,1,124486.28,1,1.0,0.0,0.0,0.0
38.91621420206537,5,119799.27,2,1,0,159416.58,1,0.0,0.0,1.0,1.0
43.0,3,141859.12,2,1,1,111249.62,1,0.0,1.0,0.0,1.0
27.0,1,152283.39,1,1,0,183271.15,0,1.0,0.0,0.0,1.0
21.0,4,210433.08,2,0,1,197297.77,1,1.0,0.0,0.0,1.0
56.0,9,0.0,1,0,0,85547.33,3,1.0,0.0,0.0,1.0
43.0,5,134022.06,1,1,0,194764.83,1,1.0,0.0,0.0,0.0
37.0,1,39344.83,1,1,1,178291.89,1,1.0,0.0,0.0,1.0
29.0,4,0.0,2,1,0,103372.79,4,1.0,0.0,0.0,0.0
46.0,3,82291.1,1,1,0,112549.99,0,0.0,1.0,0.0,1.0
49.0,6,202904.64,1,1,1,17298.72,4,1.0,0.0,0.0,1.0
32.0,1,0.0,2,0,0,2139.25,1,1.0,0.0,0.0,1.0
35.0,2,109196.66,3,1,0,109393.19,1,0.0,1.0,0.0,1.0
35.0,6,69617.36,1,1,0,143345.69,0,1.0,0.0,0.0,0.0
60.0,7,0.0,2,1,1,111558.7,4,1.0,0.0,0.0,1.0
37.0,5,153195.59,1,1,1,162763.01,2,1.0,0.0,0.0,1.0
41.0,5,98635.77,1,1,0,199970.74,2,0.0,1.0,0.0,0.0
20.0,4,0.0,1,1,1,55763.66,1,1.0,0.0,0.0,1.0
33.0,6,0.0,2,1,0,115676.61,4,1.0,0.0,0.0,1.0
42.0,0,0.0,1,0,1,91981.85,3,1.0,0.0,0.0,0.0
34.0,2,146407.11,1,1,1,72073.72,3,0.0,1.0,0.0,1.0
40.0,2,133463.1,1,0,1,93165.34,2,1.0,0.0,0.0,1.0
36.0,6,0.0,2,1,1,190194.95,4,1.0,0.0,0.0,0.0
29.0,5,0.0,2,1,0,65868.28,4,0.0,0.0,1.0,1.0
42.0,7,0.0,2,0,1,22974.01,2,1.0,0.0,0.0,0.0
41.0,3,0.0,2,1,0,55772.04,3,1.0,0.0,0.0,1.0
27.0,7,176227.07,2,0,1,139481.53,0,1.0,0.0,0.0,0.0
33.0,5,96341.0,2,0,0,108313.34,0,0.0,1.0,0.0,1.0
50.0,7,139675.07,2,1,0,45591.23,0,0.0,1.0,0.0,1.0
38.0,4,128015.83,1,1,0,58440.43,4,0.0,1.0,0.0,1.0
45.0,5,83624.55,2,0,0,36899.62,0,0.0,1.0,0.0,1.0
41.0,8,0.0,2,1,1,185054.14,0,1.0,0.0,0.0,1.0
37.0,7,143452.74,2,1,1,17294.12,4,0.0,1.0,0.0,1.0
50.0,8,138340.06,1,0,1,3159.15,2,1.0,0.0,0.0,0.0
40.0,4,128389.12,1,1,1,176091.31,3,0.0,0.0,1.0,1.0
31.0,3,136789.14,1,1,0,59346.4,1,1.0,0.0,0.0,0.0
33.0,1,102772.67,2,1,0,70705.58,1,0.0,1.0,0.0,1.0
30.0,8,180307.73,2,1,1,1914.41,1,0.0,0.0,1.0,1.0
30.0,9,0.0,1,1,0,49594.02,3,1.0,0.0,0.0,1.0
37.0,6,0.0,2,0,1,22030.72,1,1.0,0.0,0.0,1.0
41.0,1,176958.46,2,0,1,125806.3,4,0.0,1.0,0.0,1.0
47.0,5,0.0,1,0,0,166650.9,2,0.0,0.0,1.0,0.0
68.0,4,97705.99,1,1,1,61569.07,3,1.0,0.0,0.0,1.0
58.0,4,0.0,1,1,1,62449.07,4,1.0,0.0,0.0,0.0
40.0,2,162485.8,2,1,0,149381.32,4,0.0,1.0,0.0,0.0
33.0,3,100488.92,2,0,1,36446.74,1,0.0,1.0,0.0,0.0
20.0,0,125023.1,2,1,1,108301.45,4,1.0,0.0,0.0,1.0
22.0,4,114440.24,1,1,1,107753.07,4,0.0,0.0,1.0,0.0
37.0,3,171653.17,1,0,1,5353.12,1,0.0,0.0,1.0,0.0
46.0,9,149003.76,2,1,0,176902.83,2,0.0,1.0,0.0,0.0
41.0,5,109798.25,1,0,1,149593.61,3,1.0,0.0,0.0,0.0
29.0,3,145512.84,1,1,0,20207.02,2,1.0,0.0,0.0,1.0
27.0,8,61688.61,2,1,0,147059.16,0,0.0,1.0,0.0,1.0
36.0,2,129748.54,2,0,0,47271.61,4,0.0,1.0,0.0,0.0
30.0,2,0.0,2,1,1,140889.32,3,1.0,0.0,0.0,1.0
54.0,8,126418.14,1,1,0,134420.75,4,0.0,1.0,0.0,1.0
37.0,5,105843.26,2,1,1,84908.2,0,1.0,0.0,0.0,1.0
31.0,1,0.0,2,1,1,3148.2,3,1.0,0.0,0.0,1.0
35.0,8,106365.29,1,1,1,148527.56,4,0.0,0.0,1.0,1.0
36.0,3,117700.86,1,0,0,74042.0,0,0.0,1.0,0.0,0.0
42.0,3,126041.02,1,0,1,11796.89,2,0.0,1.0,0.0,1.0
39.0,1,73493.17,1,0,1,109626.13,0,1.0,0.0,0.0,0.0
37.0,4,58629.97,1,0,0,182038.6,0,0.0,1.0,0.0,0.0
33.0,1,127818.52,1,1,0,163477.22,0,1.0,0.0,0.0,1.0
35.0,5,166118.45,2,1,0,127827.18,1,1.0,0.0,0.0,0.0
31.0,6,106596.29,1,0,0,91305.77,4,1.0,0.0,0.0,0.0
38.0,1,120530.13,2,1,0,109394.62,4,0.0,1.0,0.0,0.0
40.0,3,110150.43,1,1,1,191757.65,1,0.0,1.0,0.0,0.0
38.91621420206537,2,0.0,2,1,1,92916.53,3,0.0,0.0,1.0,1.0
38.91621420206537,4,0.0,2,0,0,192505.62,2,1.0,0.0,0.0,1.0
24.0,0,92398.08,1,1,1,18897.29,2,0.0,1.0,0.0,1.0
63.0,2,131629.17,2,1,0,122109.58,1,0.0,0.0,1.0,0.0
44.0,9,128601.98,1,1,0,117031.2,3,1.0,0.0,0.0,1.0
23.0,10,88980.32,1,1,1,125222.36,1,1.0,0.0,0.0,1.0
27.0,3,0.0,1,1,0,32454.26,3,1.0,0.0,0.0,1.0
58.0,1,63492.94,1,1,1,83172.19,4,1.0,0.0,0.0,1.0
42.0,1,112419.92,1,1,1,83022.92,4,1.0,0.0,0.0,1.0
23.0,8,0.0,2,1,1,112239.03,3,1.0,0.0,0.0,1.0
44.0,3,105934.96,1,1,0,82463.69,3,0.0,1.0,0.0,1.0
41.0,1,0.0,2,0,1,27509.52,3,1.0,0.0,0.0,0.0
32.0,6,177729.13,1,1,1,161642.08,4,1.0,0.0,0.0,1.0
35.0,7,0.0,1,0,0,48869.67,0,1.0,0.0,0.0,1.0
29.0,3,46388.16,3,1,0,127939.26,4,1.0,0.0,0.0,0.0
22.0,3,156834.34,1,0,0,44374.44,0,1.0,0.0,0.0,0.0
55.0,4,0.0,2,1,1,58442.25,3,0.0,0.0,1.0,0.0
52.0,9,0.0,1,1,1,106340.66,1,1.0,0.0,0.0,1.0
29.0,6,92887.13,1,1,1,69578.49,3,0.0,1.0,0.0,1.0
29.0,3,159597.45,1,1,0,39934.41,4,1.0,0.0,0.0,1.0
44.0,8,0.0,2,0,0,62424.46,1,0.0,0.0,1.0,1.0
43.0,6,128760.32,1,1,0,36342.79,3,1.0,0.0,0.0,1.0
37.0,9,108286.5,1,1,1,114153.44,1,1.0,0.0,0.0,1.0
37.0,5,89634.69,1,1,1,169583.18,2,1.0,0.0,0.0,0.0
54.0,8,105770.14,1,0,1,140929.98,0,0.0,0.0,1.0,1.0
36.0,1,0.0,1,1,1,143960.72,2,0.0,0.0,1.0,0.0
36.0,7,0.0,2,1,1,74760.32,3,1.0,0.0,0.0,1.0
32.0,5,138521.83,1,1,1,56897.1,1,0.0,0.0,1.0,1.0
38.0,0,92674.94,2,1,0,3647.57,2,0.0,0.0,1.0,1.0
27.0,2,134603.88,1,1,1,71725.73,3,1.0,0.0,0.0,1.0
39.0,0,109733.2,2,0,0,123602.11,0,0.0,1.0,0.0,1.0
41.0,1,90218.11,1,1,0,174337.68,2,0.0,1.0,0.0,1.0
41.0,0,0.0,2,0,1,34283.23,4,0.0,0.0,1.0,1.0
26.0,7,147527.03,1,0,0,51099.56,3,0.0,1.0,0.0,1.0
39.0,10,0.0,2,1,1,18391.93,0,1.0,0.0,0.0,0.0
32.0,7,0.0,2,1,1,44099.75,0,1.0,0.0,0.0,0.0
60.0,5,108028.08,2,0,0,25980.42,4,1.0,0.0,0.0,0.0
38.91621420206537,7,131082.17,2,1,1,70618.0,0,0.0,1.0,0.0,0.0
34.0,9,70302.48,1,1,1,68600.36,4,1.0,0.0,0.0,0.0
38.0,9,111347.37,2,0,1,194872.97,3,0.0,1.0,0.0,1.0
41.0,1,0.0,2,1,0,175611.5,2,0.0,0.0,1.0,1.0
25.0,8,0.0,2,1,1,52404.47,3,0.0,0.0,1.0,0.0
25.0,0,110942.9,1,0,0,172576.56,3,1.0,0.0,0.0,1.0
33.0,6,125241.17,2,1,1,158736.07,0,0.0,1.0,0.0,0.0
41.0,4,89015.61,1,0,1,135227.23,1,0.0,0.0,1.0,1.0
46.0,0,0.0,2,1,1,36376.97,3,1.0,0.0,0.0,1.0
33.0,2,152302.72,1,1,0,71333.44,4,1.0,0.0,0.0,1.0
26.0,10,126392.18,1,0,1,43651.49,1,1.0,0.0,0.0,1.0
36.0,1,148795.17,2,1,1,195681.43,4,1.0,0.0,0.0,1.0
28.0,1,111071.36,1,1,0,73275.96,4,0.0,1.0,0.0,0.0
49.0,8,0.0,2,0,0,157822.54,4,1.0,0.0,0.0,1.0
52.0,9,144696.75,1,1,1,49025.79,2,0.0,1.0,0.0,1.0
40.0,8,152576.25,2,1,0,73073.68,0,0.0,1.0,0.0,1.0
39.0,7,120145.96,2,0,1,59497.01,4,1.0,0.0,0.0,0.0
28.0,2,110997.76,1,1,0,101433.76,3,1.0,0.0,0.0,0.0
33.0,5,69478.57,1,1,0,8973.67,1,0.0,0.0,1.0,1.0
29.0,3,0.0,2,1,1,143954.99,0,1.0,0.0,0.0,1.0
39.0,1,132077.48,2,1,0,192255.15,1,1.0,0.0,0.0,0.0
25.0,1,111432.13,1,1,1,168683.57,0,0.0,1.0,0.0,1.0
47.0,9,0.0,2,1,0,103787.28,0,1.0,0.0,0.0,0.0
29.0,7,0.0,2,1,0,49361.84,1,0.0,0.0,1.0,1.0
49.0,6,132623.76,3,1,0,36292.94,1,0.0,1.0,0.0,1.0
30.0,1,84440.1,2,1,1,60485.98,2,0.0,1.0,0.0,1.0
38.91621420206537,5,0.0,2,0,1,6761.84,0,0.0,0.0,1.0,0.0
46.0,7,110356.42,1,1,0,4969.13,0,0.0,1.0,0.0,1.0
34.0,5,129278.43,1,0,0,165562.84,4,1.0,0.0,0.0,1.0
50.0,2,90408.16,2,0,0,48170.57,0,1.0,0.0,0.0,0.0
28.0,7,120911.75,2,1,1,131249.46,4,1.0,0.0,0.0,1.0
27.0,10,0.0,3,0,0,94620.0,1,0.0,0.0,1.0,1.0
35.0,9,118536.4,1,1,0,40980.87,0,0.0,1.0,0.0,0.0
37.0,3,111911.63,1,1,1,110359.68,2,0.0,1.0,0.0,0.0
42.0,9,120094.93,1,1,0,184056.45,3,1.0,0.0,0.0,1.0
43.0,7,0.0,2,1,0,178393.68,0,1.0,0.0,0.0,1.0
32.0,3,102630.13,2,1,1,127433.47,3,0.0,1.0,0.0,1.0
39.0,8,129401.87,1,1,1,87684.93,4,0.0,1.0,0.0,0.0
37.0,1,0.0,1,1,1,49161.12,0,0.0,0.0,1.0,1.0
38.0,10,95010.92,1,1,1,105227.86,3,0.0,0.0,1.0,1.0
57.0,9,148384.64,1,0,0,155047.11,4,0.0,1.0,0.0,0.0
37.0,10,145382.61,1,1,0,80408.59,3,0.0,0.0,1.0,1.0
31.0,7,0.0,2,1,1,49463.44,0,1.0,0.0,0.0,0.0
25.0,1,0.0,2,0,1,16459.37,3,1.0,0.0,0.0,1.0
33.0,8,92659.2,2,1,0,1354.25,0,0.0,1.0,0.0,1.0
61.0,8,133802.29,2,1,1,90304.01,0,0.0,1.0,0.0,1.0
69.0,9,137453.43,1,0,1,110932.24,3,0.0,0.0,1.0,0.0
40.0,10,127847.86,1,0,0,173245.68,1,1.0,0.0,0.0,1.0
28.0,6,0.0,2,0,1,52193.23,1,1.0,0.0,0.0,0.0
33.0,6,0.0,1,1,0,94993.04,1,0.0,0.0,1.0,1.0
38.91621420206537,4,0.0,1,0,0,194902.16,0,0.0,0.0,1.0,0.0
67.0,4,0.0,3,1,1,93081.87,4,1.0,0.0,0.0,1.0
30.0,8,105209.54,1,1,0,1852.58,4,1.0,0.0,0.0,0.0
31.0,4,0.0,1,1,0,169361.89,0,1.0,0.0,0.0,1.0
57.0,5,0.0,2,1,1,122449.18,2,1.0,0.0,0.0,1.0
50.0,0,104129.24,2,1,0,181794.86,2,1.0,0.0,0.0,1.0
45.0,6,72494.69,1,0,1,140041.78,2,1.0,0.0,0.0,0.0
30.0,1,125739.26,1,1,1,193441.23,2,1.0,0.0,0.0,1.0
27.0,9,0.0,1,1,0,142680.64,0,1.0,0.0,0.0,1.0
29.0,4,122028.65,2,1,1,173792.77,1,0.0,1.0,0.0,1.0
38.91621420206537,4,112610.77,1,0,1,2048.55,4,1.0,0.0,0.0,1.0
33.0,3,106506.77,3,1,0,45445.78,0,0.0,1.0,0.0,0.0
24.0,7,148167.83,2,1,1,109470.34,1,1.0,0.0,0.0,0.0
32.0,5,136963.12,1,1,0,133814.28,2,0.0,0.0,1.0,1.0
39.0,9,140236.98,1,0,1,146651.99,3,1.0,0.0,0.0,1.0
41.0,4,72252.64,2,1,1,142514.66,3,0.0,1.0,0.0,1.0
38.91621420206537,0,0.0,2,1,1,9002.8,3,0.0,0.0,1.0,0.0
65.0,0,0.0,2,1,1,190454.04,2,1.0,0.0,0.0,0.0
31.0,7,41299.03,1,0,1,102681.32,2,1.0,0.0,0.0,0.0
29.0,7,101486.96,1,1,1,8788.35,1,1.0,0.0,0.0,1.0
24.0,2,110407.44,2,0,0,15832.43,3,0.0,1.0,0.0,0.0
43.0,8,0.0,2,1,1,143628.31,1,1.0,0.0,0.0,1.0
26.0,2,142721.52,1,1,1,153605.75,3,0.0,1.0,0.0,1.0
69.0,10,115462.44,1,1,0,40421.87,2,0.0,0.0,1.0,1.0
27.0,7,0.0,2,1,0,111471.55,3,1.0,0.0,0.0,1.0
48.0,3,102290.56,2,1,0,182691.31,4,0.0,1.0,0.0,0.0
37.0,3,99773.85,2,1,0,54865.92,4,0.0,0.0,1.0,0.0
29.0,3,46057.96,2,1,1,189777.66,4,0.0,0.0,1.0,1.0
35.0,2,181166.44,1,1,1,63737.19,3,1.0,0.0,0.0,0.0
26.0,1,106648.98,1,0,1,7063.6,1,0.0,1.0,0.0,1.0
23.0,1,137060.88,2,1,1,165227.23,0,0.0,1.0,0.0,1.0
37.0,6,131753.41,1,1,0,86894.67,2,0.0,1.0,0.0,1.0
36.0,5,73088.06,2,0,0,196142.26,2,0.0,1.0,0.0,1.0
40.0,1,0.0,2,1,0,8207.36,3,0.0,0.0,1.0,0.0
67.0,9,125919.35,1,1,0,175910.95,0,0.0,0.0,1.0,1.0
27.0,3,150795.81,1,0,1,85208.93,2,0.0,1.0,0.0,1.0
32.0,9,170661.47,1,1,1,21646.2,0,0.0,1.0,0.0,1.0
33.0,4,129307.32,1,1,1,172930.28,0,1.0,0.0,0.0,0.0
38.91621420206537,4,170252.05,3,1,1,73679.59,1,1.0,0.0,0.0,0.0
46.0,6,87361.02,2,1,0,120376.87,1,0.0,1.0,0.0,0.0
39.0,0,107042.74,1,1,1,102284.2,3,0.0,0.0,1.0,1.0
77.0,5,0.0,2,1,1,161579.85,2,1.0,0.0,0.0,1.0
28.0,4,107141.27,1,1,0,193018.71,2,1.0,0.0,0.0,1.0
23.0,5,104822.45,1,0,1,160176.47,0,1.0,0.0,0.0,0.0
44.0,7,0.0,2,0,0,62370.67,1,1.0,0.0,0.0,0.0
26.0,1,105249.76,2,1,1,23491.09,2,0.0,1.0,0.0,0.0
21.0,3,103000.94,1,1,1,104648.58,3,0.0,0.0,1.0,1.0
55.0,5,0.0,1,0,1,196794.11,3,1.0,0.0,0.0,0.0
39.0,8,0.0,1,1,0,137452.57,2,1.0,0.0,0.0,0.0
43.0,2,136487.86,2,1,0,82815.93,3,0.0,0.0,1.0,1.0
40.0,8,0.0,1,1,0,167030.51,4,0.0,0.0,1.0,0.0
38.0,1,0.0,1,1,0,112442.63,1,0.0,0.0,1.0,0.0
29.0,1,131968.57,2,1,1,147693.92,4,0.0,1.0,0.0,1.0
51.0,9,104760.82,1,1,1,165574.54,1,1.0,0.0,0.0,0.0
31.0,7,79962.92,2,1,0,60901.72,1,1.0,0.0,0.0,1.0
33.0,2,0.0,2,1,1,12483.56,1,0.0,0.0,1.0,1.0
42.0,5,0.0,2,1,0,178504.29,1,1.0,0.0,0.0,1.0
38.0,9,67111.65,1,1,0,78566.64,1,0.0,1.0,0.0,1.0
35.0,10,0.0,1,1,1,31299.71,0,1.0,0.0,0.0,0.0
52.0,0,0.0,1,1,0,31726.76,4,0.0,0.0,1.0,0.0
38.0,4,115221.36,1,0,1,70956.75,4,1.0,0.0,0.0,1.0
38.91621420206537,9,105489.31,1,0,0,143096.49,3,0.0,1.0,0.0,0.0
70.0,8,70416.75,1,1,1,36483.52,4,1.0,0.0,0.0,1.0
32.0,0,127763.24,1,1,0,100717.54,1,1.0,0.0,0.0,0.0
27.0,6,172310.33,1,0,1,111448.92,1,0.0,1.0,0.0,0.0
23.0,6,136100.69,2,0,0,169669.33,2,0.0,0.0,1.0,0.0
31.0,3,0.0,2,1,0,124202.26,0,0.0,0.0,1.0,0.0
37.0,6,125489.4,1,1,0,118570.53,3,0.0,1.0,0.0,1.0
38.91621420206537,6,0.0,2,1,1,136398.9,4,1.0,0.0,0.0,0.0
24.0,8,0.0,2,0,0,92612.88,2,1.0,0.0,0.0,1.0
42.0,5,0.0,2,0,0,24210.56,3,0.0,0.0,1.0,0.0
32.0,0,0.0,1,1,0,109523.88,0,1.0,0.0,0.0,1.0
48.0,9,82794.18,1,1,0,124720.68,4,0.0,1.0,0.0,0.0
35.0,2,0.0,2,1,1,23129.46,2,1.0,0.0,0.0,0.0
38.0,1,0.0,2,1,0,41303.29,1,0.0,0.0,1.0,1.0
27.0,2,0.0,2,1,0,125451.01,2,1.0,0.0,0.0,0.0
37.0,2,136925.09,2,0,1,153400.24,2,0.0,1.0,0.0,0.0
34.0,4,0.0,1,1,1,62868.33,3,1.0,0.0,0.0,0.0
28.0,8,156823.7,2,1,0,198251.52,2,0.0,0.0,1.0,1.0
32.0,1,0.0,2,1,1,42935.15,4,0.0,0.0,1.0,0.0
43.0,8,201696.07,1,1,0,133020.9,1,1.0,0.0,0.0,1.0
46.0,6,150213.71,1,1,0,120668.46,1,1.0,0.0,0.0,0.0
29.0,1,209490.21,1,1,1,133267.69,3,0.0,0.0,1.0,0.0
49.0,8,0.0,2,1,0,162012.6,2,0.0,0.0,1.0,1.0
35.0,1,106405.03,1,1,1,82900.25,2,0.0,0.0,1.0,0.0
28.0,7,0.0,2,0,0,58595.64,1,1.0,0.0,0.0,1.0
42.0,5,190305.78,1,1,0,99347.8,3,0.0,0.0,1.0,0.0
29.0,4,145471.37,1,1,0,188382.77,4,1.0,0.0,0.0,1.0
36.0,2,0.0,2,1,1,12067.39,1,1.0,0.0,0.0,1.0
54.0,6,0.0,1,0,1,84622.37,2,0.0,0.0,1.0,1.0
30.0,9,115479.48,2,1,1,134732.99,3,0.0,1.0,0.0,1.0
38.0,9,122334.26,2,1,1,181507.44,4,1.0,0.0,0.0,1.0
51.0,3,96891.46,1,1,0,176403.33,2,0.0,1.0,0.0,1.0
38.0,0,125487.89,1,0,0,158111.71,1,1.0,0.0,0.0,1.0
23.0,5,156267.59,1,1,0,160968.44,1,1.0,0.0,0.0,1.0
37.0,2,100431.84,1,1,0,35140.49,4,0.0,1.0,0.0,0.0
56.0,1,112414.81,2,0,0,93982.02,3,0.0,1.0,0.0,1.0
38.91621420206537,9,124401.6,1,1,0,198814.24,0,0.0,1.0,0.0,0.0
39.0,5,117833.3,3,0,0,5831.0,1,0.0,1.0,0.0,0.0
45.0,0,0.0,2,0,0,113645.4,1,0.0,0.0,1.0,0.0
32.0,9,125321.84,2,1,1,130234.63,1,1.0,0.0,0.0,0.0
50.0,6,96486.57,2,1,1,20344.02,1,0.0,1.0,0.0,0.0
40.0,8,0.0,2,1,0,80204.38,1,0.0,0.0,1.0,0.0
40.0,5,137494.28,1,1,0,81753.92,2,1.0,0.0,0.0,0.0
42.0,8,132796.04,3,1,1,191821.35,1,0.0,1.0,0.0,0.0
42.0,10,0.0,2,1,0,61312.15,3,1.0,0.0,0.0,0.0
31.0,3,124328.84,1,1,1,140451.52,4,0.0,0.0,1.0,0.0
41.0,7,150302.84,1,1,1,156036.19,4,0.0,0.0,1.0,0.0
38.91621420206537,1,0.0,2,0,0,88146.86,0,1.0,0.0,0.0,1.0
33.0,8,164284.72,2,1,1,3710.34,0,0.0,1.0,0.0,1.0
54.0,5,0.0,1,1,0,12847.61,3,1.0,0.0,0.0,1.0
49.0,3,0.0,1,0,0,61820.41,0,1.0,0.0,0.0,0.0
43.0,1,135645.29,2,0,1,101382.86,2,0.0,1.0,0.0,1.0
47.0,6,71026.77,1,1,0,57962.41,1,1.0,0.0,0.0,1.0
39.0,9,89588.35,1,1,1,94898.1,0,1.0,0.0,0.0,0.0
42.0,2,0.0,4,0,0,111097.39,1,1.0,0.0,0.0,0.0
43.0,1,0.0,2,1,0,31962.77,3,0.0,0.0,1.0,0.0
39.0,7,0.0,2,1,1,177519.39,4,0.0,0.0,1.0,1.0
47.0,10,139756.12,1,1,0,165849.49,0,0.0,1.0,0.0,0.0
55.0,2,103176.62,1,0,1,163516.16,4,0.0,0.0,1.0,1.0
38.0,8,127475.24,1,0,0,60775.76,0,0.0,1.0,0.0,1.0
39.0,9,124723.92,1,1,0,73641.86,3,0.0,1.0,0.0,0.0
38.91621420206537,7,0.0,2,0,1,71323.23,0,1.0,0.0,0.0,1.0
63.0,7,0.0,2,1,1,55054.48,3,1.0,0.0,0.0,0.0
52.0,10,0.0,1,1,1,24998.75,3,1.0,0.0,0.0,0.0
44.0,2,168396.34,1,1,1,14178.73,2,1.0,0.0,0.0,1.0
41.0,10,136733.24,1,1,1,57589.29,0,0.0,1.0,0.0,0.0
41.0,4,138937.35,1,1,1,101617.64,2,1.0,0.0,0.0,1.0
54.0,1,99774.5,1,0,0,4896.11,1,0.0,1.0,0.0,1.0
22.0,7,150126.44,1,1,0,152107.93,4,1.0,0.0,0.0,0.0
41.0,3,128808.65,3,0,0,113677.53,2,0.0,0.0,1.0,1.0
28.0,2,115265.14,1,0,0,191627.85,2,0.0,1.0,0.0,0.0
53.0,5,114421.55,1,1,0,180598.28,0,0.0,1.0,0.0,1.0
49.0,5,132571.67,1,1,1,31686.33,4,0.0,1.0,0.0,0.0
33.0,6,0.0,2,1,1,77965.67,4,1.0,0.0,0.0,1.0
37.0,4,137204.77,1,1,1,28865.59,4,0.0,0.0,1.0,1.0
48.0,1,97133.92,2,0,0,113316.77,2,0.0,1.0,0.0,0.0
33.0,7,99046.31,2,1,1,56053.06,3,0.0,1.0,0.0,0.0
32.0,0,92466.21,1,1,0,4721.3,1,0.0,1.0,0.0,0.0
41.0,6,95696.52,2,1,1,184366.14,3,1.0,0.0,0.0,1.0
34.0,8,0.0,2,1,1,37479.97,3,1.0,0.0,0.0,1.0
32.0,1,108262.87,1,1,1,6935.31,0,0.0,1.0,0.0,0.0
49.0,7,29602.08,1,0,0,163550.58,4,1.0,0.0,0.0,0.0
34.0,3,0.0,2,1,1,37870.29,1,1.0,0.0,0.0,0.0
39.0,10,0.0,2,1,1,43174.49,2,1.0,0.0,0.0,0.0
28.0,6,122724.37,1,1,1,67057.27,3,1.0,0.0,0.0,1.0
34.0,5,0.0,1,1,0,68479.6,0,1.0,0.0,0.0,1.0
28.0,7,119706.22,1,0,0,31190.42,1,1.0,0.0,0.0,1.0
38.91621420206537,9,0.0,1,0,0,22074.48,0,1.0,0.0,0.0,1.0
26.0,8,0.0,2,1,1,124964.82,1,0.0,0.0,1.0,0.0
55.0,9,136576.02,1,0,1,3268.17,3,1.0,0.0,0.0,1.0
33.0,8,148055.74,1,0,0,199203.21,4,0.0,1.0,0.0,1.0
38.0,1,127201.58,1,1,0,147168.28,1,0.0,1.0,0.0,1.0
40.0,5,0.0,2,0,0,162878.96,3,1.0,0.0,0.0,1.0
40.0,8,84390.8,2,0,1,107876.2,2,1.0,0.0,0.0,0.0
32.0,5,97041.16,1,1,1,23132.73,2,1.0,0.0,0.0,1.0
18.0,7,0.0,2,1,1,55753.12,2,1.0,0.0,0.0,1.0
41.0,5,146466.46,2,0,0,180934.67,4,0.0,0.0,1.0,1.0
43.0,7,111094.05,2,1,1,64679.3,3,0.0,1.0,0.0,0.0
38.0,7,121527.4,1,1,0,113481.02,3,0.0,0.0,1.0,1.0
32.0,0,148326.09,1,1,0,191604.27,0,1.0,0.0,0.0,0.0
36.0,9,127637.92,1,1,1,81062.93,4,1.0,0.0,0.0,1.0
42.0,1,87842.98,1,0,0,92223.59,3,1.0,0.0,0.0,0.0
38.0,5,117289.92,1,0,0,85231.88,0,1.0,0.0,0.0,0.0
44.0,6,83870.33,1,1,0,178722.24,4,0.0,0.0,1.0,1.0
24.0,7,103099.17,2,1,0,173276.62,3,0.0,1.0,0.0,0.0
33.0,6,0.0,2,1,1,124113.04,0,1.0,0.0,0.0,0.0
36.0,8,0.0,2,1,0,169161.46,3,0.0,0.0,1.0,1.0
38.91621420206537,4,120952.74,1,1,0,66963.15,4,0.0,0.0,1.0,0.0
33.0,8,130368.31,2,1,0,105642.43,0,0.0,1.0,0.0,1.0
22.0,4,0.0,2,1,0,28188.96,2,1.0,0.0,0.0,1.0
24.0,7,98148.61,1,1,0,26843.76,4,1.0,0.0,0.0,1.0
70.0,5,0.0,1,1,1,705.18,4,0.0,0.0,1.0,0.0
30.0,3,124119.54,1,1,0,162198.32,3,1.0,0.0,0.0,1.0
43.0,2,145843.82,1,1,1,198402.37,1,0.0,0.0,1.0,1.0
34.0,5,0.0,2,0,0,71095.41,4,0.0,0.0,1.0,1.0
35.0,8,0.0,1,1,0,132295.95,0,0.0,0.0,1.0,0.0
52.0,4,0.0,1,0,1,144113.42,4,1.0,0.0,0.0,1.0
38.0,6,0.0,2,1,0,173219.09,0,0.0,0.0,1.0,0.0
26.0,4,129109.02,1,0,0,149814.68,1,1.0,0.0,0.0,0.0
30.0,6,0.0,2,1,1,18471.86,0,1.0,0.0,0.0,1.0
27.0,6,137963.07,1,0,0,8996.79,3,1.0,0.0,0.0,0.0
38.91621420206537,2,155180.56,2,0,0,169415.54,4,0.0,0.0,1.0,0.0
41.0,7,0.0,2,0,1,61018.85,3,1.0,0.0,0.0,1.0
33.0,4,0.0,2,1,1,152992.04,2,1.0,0.0,0.0,1.0
34.0,9,0.0,2,1,0,170980.86,4,1.0,0.0,0.0,1.0
32.0,7,64082.09,1,0,1,109159.58,0,1.0,0.0,0.0,1.0
22.0,7,91560.58,2,0,0,10541.38,4,0.0,1.0,0.0,1.0
34.0,6,0.0,2,1,1,130928.22,3,1.0,0.0,0.0,0.0
27.0,4,0.0,2,0,0,88751.45,2,1.0,0.0,0.0,0.0
40.0,2,123177.01,1,1,0,148309.98,0,0.0,0.0,1.0,1.0
40.0,6,165526.71,1,1,0,12328.08,4,1.0,0.0,0.0,0.0
51.0,5,0.0,2,1,0,55022.43,3,0.0,0.0,1.0,0.0
35.0,2,0.0,2,1,1,60972.84,0,0.0,0.0,1.0,1.0
43.0,8,0.0,1,1,0,12156.93,2,0.0,0.0,1.0,1.0
40.0,7,0.0,2,1,0,103898.59,3,1.0,0.0,0.0,0.0
36.0,8,129944.39,2,0,0,198914.8,1,1.0,0.0,0.0,0.0
50.0,7,123936.54,1,1,1,23768.01,0,0.0,1.0,0.0,0.0
45.0,2,109162.82,1,1,1,126145.08,0,1.0,0.0,0.0,1.0
53.0,4,0.0,1,1,0,5408.74,1,1.0,0.0,0.0,0.0
38.91621420206537,8,0.0,2,1,0,133059.15,2,1.0,0.0,0.0,0.0
32.0,1,173340.83,1,0,1,122763.95,0,0.0,1.0,0.0,0.0
38.91621420206537,1,107963.38,1,0,0,186438.86,2,0.0,1.0,0.0,0.0
40.0,5,105683.63,1,1,0,173617.09,2,0.0,0.0,1.0,1.0
72.0,7,140301.72,1,0,1,179258.67,2,0.0,0.0,1.0,0.0
43.0,2,125510.82,1,1,1,79084.1,4,0.0,0.0,1.0,0.0
53.0,1,102520.37,1,1,1,170195.4,4,1.0,0.0,0.0,1.0
30.0,6,0.0,2,1,0,66190.21,1,1.0,0.0,0.0,0.0
39.0,6,178585.46,1,1,0,67131.3,4,1.0,0.0,0.0,1.0
26.0,4,0.0,2,1,1,179780.74,1,0.0,0.0,1.0,0.0
32.0,3,151691.44,2,1,1,172810.51,3,0.0,1.0,0.0,1.0
45.0,2,0.0,2,0,1,177695.67,4,0.0,0.0,1.0,0.0
50.0,6,153590.73,2,1,1,130910.78,2,1.0,0.0,0.0,1.0
45.0,5,63832.43,1,1,1,93707.8,1,0.0,1.0,0.0,1.0
50.0,1,140292.58,3,0,0,69531.22,0,0.0,0.0,1.0,0.0
34.0,3,0.0,1,1,1,41724.72,1,0.0,0.0,1.0,1.0
40.0,3,110929.96,1,1,1,30876.84,4,0.0,0.0,1.0,1.0
27.0,1,128554.98,1,1,1,133173.19,0,1.0,0.0,0.0,1.0
66.0,6,182532.23,2,1,1,195429.92,4,0.0,1.0,0.0,1.0
43.0,6,0.0,2,1,1,7330.59,2,1.0,0.0,0.0,0.0
54.0,10,0.0,1,1,1,175749.36,0,0.0,0.0,1.0,1.0
29.0,9,127414.55,1,1,1,134459.12,4,1.0,0.0,0.0,1.0
33.0,8,0.0,2,1,1,63176.77,1,0.0,0.0,1.0,1.0
22.0,10,0.0,1,1,1,101311.95,0,0.0,0.0,1.0,0.0
30.0,2,0.0,3,0,1,15039.41,3,1.0,0.0,0.0,1.0
42.0,6,86167.82,1,1,0,153342.38,3,1.0,0.0,0.0,0.0
38.91621420206537,7,127476.73,2,1,1,146011.55,3,1.0,0.0,0.0,0.0
33.0,4,0.0,1,1,0,29664.45,2,0.0,0.0,1.0,1.0
48.0,10,0.0,2,1,1,185094.48,0,0.0,0.0,1.0,1.0
53.0,7,65407.16,2,0,0,182633.63,4,0.0,0.0,1.0,0.0
24.0,6,156007.09,1,1,0,191368.37,0,0.0,1.0,0.0,1.0
37.0,0,152760.24,1,1,1,48990.5,3,0.0,0.0,1.0,0.0
35.0,7,119656.45,2,1,1,4595.05,1,0.0,0.0,1.0,0.0
39.0,8,106259.63,2,1,1,198103.32,2,0.0,1.0,0.0,1.0
35.0,7,87619.29,1,1,0,143.34,1,1.0,0.0,0.0,1.0
34.0,3,107747.57,1,1,0,9249.36,0,1.0,0.0,0.0,0.0
35.0,2,0.0,2,1,1,56991.66,4,1.0,0.0,0.0,1.0
34.0,9,0.0,2,1,0,127569.8,3,0.0,0.0,1.0,1.0
38.0,0,0.0,1,1,0,65986.48,1,0.0,0.0,1.0,1.0
35.0,10,0.0,2,1,0,10722.54,0,1.0,0.0,0.0,1.0
42.0,6,112333.63,1,1,1,65706.86,2,1.0,0.0,0.0,0.0
25.0,4,98141.57,2,1,1,52309.8,0,0.0,1.0,0.0,1.0
38.91621420206537,6,0.0,2,1,0,103603.65,4,1.0,0.0,0.0,1.0
53.0,7,0.0,2,0,1,52332.85,1,1.0,0.0,0.0,1.0
38.91621420206537,5,93259.57,3,1,0,141035.65,1,0.0,1.0,0.0,0.0
58.0,7,116313.57,1,1,1,190696.35,4,0.0,1.0,0.0,1.0
40.0,5,84350.07,1,1,0,143835.76,0,1.0,0.0,0.0,0.0
43.0,6,0.0,2,1,1,109041.53,1,1.0,0.0,0.0,0.0
34.0,2,148200.72,1,0,0,194584.48,4,0.0,1.0,0.0,0.0
31.0,1,0.0,2,1,1,185105.44,0,1.0,0.0,0.0,1.0
36.0,5,0.0,2,1,1,147758.51,3,0.0,0.0,1.0,1.0
32.0,1,122889.88,1,1,1,26476.18,4,1.0,0.0,0.0,1.0
43.0,5,0.0,1,1,1,120088.17,3,0.0,0.0,1.0,0.0
40.0,5,108197.11,2,1,0,49722.34,1,0.0,1.0,0.0,1.0
32.0,5,131354.25,1,1,0,125256.53,1,1.0,0.0,0.0,1.0
29.0,7,178171.04,2,1,1,115818.51,4,1.0,0.0,0.0,0.0
28.0,1,103421.32,1,0,1,76304.73,3,0.0,0.0,1.0,1.0
31.0,7,0.0,3,1,1,166698.18,4,1.0,0.0,0.0,1.0
36.0,3,129118.5,2,0,0,139435.12,2,0.0,1.0,0.0,0.0
46.0,1,91857.66,1,1,0,101954.78,0,1.0,0.0,0.0,1.0
29.0,3,114590.58,1,0,0,75585.48,0,1.0,0.0,0.0,1.0
27.0,9,0.0,2,1,0,198091.81,1,1.0,0.0,0.0,1.0
22.0,5,0.0,1,1,0,22303.17,4,1.0,0.0,0.0,0.0
38.0,2,0.0,1,1,0,146388.85,0,1.0,0.0,0.0,0.0
46.0,7,137145.12,1,1,0,115146.4,2,0.0,1.0,0.0,0.0
50.0,9,116309.01,1,1,0,185360.4,4,0.0,1.0,0.0,1.0
37.0,6,0.0,2,1,1,126477.41,0,1.0,0.0,0.0,1.0
27.0,0,197041.8,1,0,0,151912.49,1,1.0,0.0,0.0,1.0
41.0,8,56214.85,2,0,0,92982.61,3,1.0,0.0,0.0,0.0
58.0,2,142537.18,1,1,1,88791.83,0,0.0,1.0,0.0,1.0
45.0,9,103399.87,1,0,0,129870.93,3,0.0,1.0,0.0,1.0
33.0,0,181656.51,1,1,1,107667.91,4,0.0,1.0,0.0,1.0
43.0,4,125890.72,1,1,1,74854.97,0,0.0,1.0,0.0,0.0
53.0,4,0.0,2,0,1,111307.98,3,1.0,0.0,0.0,1.0
36.0,6,132311.71,1,0,0,15462.84,1,0.0,0.0,1.0,0.0
39.0,0,117704.73,1,1,0,197933.5,1,1.0,0.0,0.0,0.0
31.0,1,108345.22,1,0,1,38802.03,2,1.0,0.0,0.0,1.0
48.0,8,155413.06,1,1,0,187921.3,0,0.0,0.0,1.0,0.0
28.0,1,118402.25,2,1,0,14288.93,2,0.0,1.0,0.0,1.0
40.0,7,113348.14,1,1,0,31904.31,4,1.0,0.0,0.0,1.0
38.0,2,0.0,1,0,0,168460.12,0,0.0,0.0,1.0,1.0
37.0,9,105261.76,2,1,1,149503.54,4,1.0,0.0,0.0,1.0
30.0,4,0.0,2,1,1,66263.87,0,1.0,0.0,0.0,1.0
34.0,0,104488.17,1,0,1,43249.67,1,0.0,0.0,1.0,1.0
26.0,4,115021.76,1,0,1,162443.05,2,0.0,1.0,0.0,1.0
60.0,0,131778.08,1,0,0,10703.53,1,1.0,0.0,0.0,0.0
61.0,5,146622.35,1,1,1,41815.22,4,1.0,0.0,0.0,1.0
60.0,7,121907.97,1,0,1,30314.04,1,0.0,0.0,1.0,1.0
32.0,9,0.0,2,1,0,126475.79,3,0.0,0.0,1.0,1.0
44.0,9,153656.85,1,1,0,158742.81,3,0.0,0.0,1.0,0.0
31.0,10,118158.74,1,1,1,158027.57,0,0.0,0.0,1.0,0.0
45.0,5,151855.33,1,1,0,68794.15,1,0.0,1.0,0.0,0.0
32.0,8,144705.87,2,0,0,171482.56,1,1.0,0.0,0.0,0.0
37.0,4,170557.91,2,1,0,198252.88,2,1.0,0.0,0.0,1.0
24.0,5,85089.3,1,1,1,71638.0,2,0.0,1.0,0.0,1.0
30.0,1,128065.12,1,1,0,121525.48,4,0.0,0.0,1.0,1.0
34.0,10,171671.9,1,1,1,50777.77,2,0.0,0.0,1.0,0.0
32.0,3,0.0,1,0,0,95740.37,3,1.0,0.0,0.0,0.0
34.0,8,0.0,1,0,1,106981.03,0,0.0,0.0,1.0,0.0
49.0,6,113882.33,1,1,0,195813.81,1,0.0,1.0,0.0,1.0
34.0,6,121132.26,2,1,0,86460.28,1,0.0,0.0,1.0,1.0
32.0,8,105397.8,1,1,0,78111.84,2,0.0,1.0,0.0,1.0
41.0,8,109402.13,1,1,1,66463.62,2,0.0,0.0,1.0,1.0
36.0,9,118214.32,3,1,0,119110.03,0,0.0,1.0,0.0,1.0
42.0,3,152039.7,1,1,1,53445.17,0,0.0,1.0,0.0,1.0
32.0,0,0.0,2,1,0,160129.99,2,1.0,0.0,0.0,0.0
47.0,1,0.0,1,1,0,107825.08,3,0.0,0.0,1.0,0.0
23.0,5,0.0,1,0,0,164128.41,3,1.0,0.0,0.0,0.0
34.0,2,96019.5,1,0,0,9085.0,0,1.0,0.0,0.0,0.0
43.0,7,138150.57,1,1,1,177357.16,4,0.0,0.0,1.0,1.0
32.0,8,141528.88,1,1,1,167087.34,2,0.0,1.0,0.0,0.0
60.0,0,152335.7,1,1,0,126743.33,4,1.0,0.0,0.0,1.0
25.0,5,94049.92,2,1,0,103269.0,0,0.0,1.0,0.0,0.0
31.0,6,82613.56,2,1,0,149170.92,4,0.0,0.0,1.0,1.0
36.0,7,90145.04,1,1,1,69157.93,0,1.0,0.0,0.0,1.0
41.0,3,0.0,4,1,1,197490.39,0,1.0,0.0,0.0,1.0
40.0,8,79035.95,1,1,0,142783.98,2,0.0,0.0,1.0,0.0
43.0,0,0.0,2,0,1,85523.24,4,0.0,0.0,1.0,0.0
22.0,9,0.0,2,1,0,74405.34,0,1.0,0.0,0.0,1.0
46.0,3,0.0,2,1,0,120250.58,2,0.0,0.0,1.0,0.0
55.0,2,155828.22,1,0,1,108987.25,2,0.0,0.0,1.0,0.0
38.91621420206537,7,76665.71,2,1,1,163809.08,1,0.0,0.0,1.0,1.0
37.0,8,130091.5,1,1,1,120031.29,3,1.0,0.0,0.0,1.0
22.0,8,0.0,2,0,0,99645.04,3,0.0,0.0,1.0,1.0
38.0,10,119658.49,1,1,1,8646.58,1,0.0,0.0,1.0,0.0
26.0,4,89900.24,2,1,0,175477.03,4,1.0,0.0,0.0,1.0
22.0,8,105229.34,1,1,1,34397.08,1,0.0,0.0,1.0,0.0
43.0,5,0.0,2,0,0,79476.63,0,0.0,0.0,1.0,0.0
38.91621420206537,8,0.0,2,1,1,149614.81,0,1.0,0.0,0.0,0.0
43.0,0,80090.93,1,1,0,39920.0,4,1.0,0.0,0.0,1.0
40.0,8,150777.1,1,1,0,114732.62,3,0.0,1.0,0.0,0.0
33.0,8,0.0,2,0,0,156792.89,0,0.0,0.0,1.0,0.0
34.0,1,0.0,1,0,0,114448.13,4,1.0,0.0,0.0,0.0
32.0,9,77487.2,1,0,0,33143.04,4,0.0,1.0,0.0,1.0
39.0,2,122773.5,2,1,1,58467.08,0,0.0,0.0,1.0,1.0
38.91621420206537,1,0.0,2,1,1,197916.43,0,0.0,0.0,1.0,1.0
35.0,2,80931.75,1,0,0,12639.67,4,0.0,1.0,0.0,0.0
56.0,6,94231.13,1,0,0,121164.6,4,0.0,0.0,1.0,1.0
23.0,3,72012.76,1,1,0,161333.13,2,0.0,1.0,0.0,1.0
28.0,1,0.0,2,1,1,120880.72,0,0.0,0.0,1.0,0.0
59.0,9,0.0,2,0,0,103799.77,0,1.0,0.0,0.0,1.0
44.0,9,143391.07,1,0,0,146891.07,1,0.0,1.0,0.0,1.0
45.0,1,102882.4,2,1,1,35633.15,3,1.0,0.0,0.0,0.0
37.0,10,134171.8,4,1,1,70927.11,1,0.0,1.0,0.0,0.0
64.0,4,0.0,2,1,1,148305.82,0,1.0,0.0,0.0,1.0
24.0,2,141078.57,1,1,1,24402.87,3,0.0,0.0,1.0,1.0
32.0,6,184686.41,2,1,0,14956.44,0,1.0,0.0,0.0,0.0
45.0,8,24043.45,1,0,1,169781.45,0,1.0,0.0,0.0,1.0
32.0,8,157138.99,3,1,0,190994.48,2,0.0,1.0,0.0,0.0
29.0,3,97325.15,1,0,1,131924.38,2,0.0,1.0,0.0,0.0
38.0,9,123948.85,1,1,0,76053.07,2,0.0,1.0,0.0,0.0
25.0,5,152885.77,1,1,0,58214.79,4,0.0,1.0,0.0,0.0
24.0,8,98567.1,1,1,0,187987.01,3,0.0,0.0,1.0,0.0
36.0,6,111168.97,1,1,1,189969.91,4,1.0,0.0,0.0,1.0
27.0,4,120509.81,1,0,0,142170.44,1,1.0,0.0,0.0,1.0
48.0,3,0.0,1,1,0,55362.45,1,1.0,0.0,0.0,0.0
23.0,7,104744.89,1,1,0,170262.97,0,0.0,0.0,1.0,1.0
33.0,8,136678.52,1,1,0,54290.62,3,1.0,0.0,0.0,1.0
39.0,4,121404.64,1,1,1,159618.17,3,1.0,0.0,0.0,1.0
71.0,8,0.0,2,1,1,169741.96,1,1.0,0.0,0.0,0.0
36.0,1,134997.49,2,1,0,44688.08,1,1.0,0.0,0.0,0.0
21.0,3,165878.76,2,1,1,164537.17,2,0.0,1.0,0.0,0.0
52.0,8,49113.75,1,1,0,41858.43,2,1.0,0.0,0.0,0.0
43.0,3,150805.17,3,0,1,25333.03,0,0.0,1.0,0.0,1.0
41.0,2,81733.74,2,0,0,199761.29,4,0.0,1.0,0.0,0.0
33.0,1,0.0,2,0,0,9984.4,1,1.0,0.0,0.0,1.0
38.0,7,109346.13,2,1,0,102665.92,3,1.0,0.0,0.0,1.0
24.0,8,108881.73,1,1,0,104492.83,2,0.0,0.0,1.0,1.0
34.0,9,0.0,2,1,1,67502.12,3,0.0,0.0,1.0,0.0
30.0,6,0.0,2,1,0,15766.1,4,1.0,0.0,0.0,0.0
34.0,7,121063.85,1,1,0,56984.58,3,0.0,1.0,0.0,0.0
35.0,7,75915.75,1,1,0,150507.43,3,1.0,0.0,0.0,1.0
41.0,9,0.0,1,1,1,113267.48,3,1.0,0.0,0.0,1.0
60.0,3,47020.65,2,0,1,63241.21,1,1.0,0.0,0.0,0.0
63.0,4,114552.6,1,1,0,73856.28,2,0.0,0.0,1.0,1.0
23.0,6,92366.72,2,1,0,120661.71,0,0.0,1.0,0.0,1.0
44.0,3,0.0,2,1,0,88407.51,1,1.0,0.0,0.0,1.0
37.0,3,107720.64,1,1,1,158591.12,3,0.0,1.0,0.0,1.0
34.0,7,117715.84,1,1,0,2498.67,3,1.0,0.0,0.0,1.0
37.0,7,124513.66,2,1,0,158610.89,2,0.0,1.0,0.0,0.0
34.0,1,112572.39,1,0,0,165626.6,1,1.0,0.0,0.0,1.0
30.0,5,44928.88,1,1,1,10771.46,2,1.0,0.0,0.0,1.0
40.0,3,47364.45,1,1,1,148579.43,2,1.0,0.0,0.0,0.0
38.91621420206537,8,145984.92,1,1,1,24564.7,0,0.0,1.0,0.0,0.0
25.0,1,146566.01,1,0,1,161407.48,0,0.0,1.0,0.0,0.0
50.0,5,0.0,1,0,1,146145.93,0,0.0,0.0,1.0,1.0
42.0,5,147531.82,1,1,1,38819.45,4,1.0,0.0,0.0,0.0
29.0,0,157829.12,1,0,0,129891.66,3,1.0,0.0,0.0,0.0
45.0,3,0.0,2,1,1,159463.8,2,0.0,0.0,1.0,1.0
38.0,5,0.0,1,1,0,115700.2,0,1.0,0.0,0.0,1.0
40.0,5,0.0,2,1,0,41052.82,3,1.0,0.0,0.0,0.0
38.0,9,0.0,1,1,0,78744.39,4,0.0,0.0,1.0,1.0
24.0,9,69881.09,2,0,1,64421.02,0,0.0,1.0,0.0,0.0
75.0,9,105609.17,1,0,1,105425.18,0,0.0,1.0,0.0,0.0
34.0,9,0.0,2,1,0,167916.35,1,1.0,0.0,0.0,0.0
31.0,6,0.0,2,1,0,168462.26,0,0.0,0.0,1.0,1.0
27.0,3,127009.83,1,1,0,161909.95,2,1.0,0.0,0.0,1.0
57.0,8,0.0,2,0,1,95463.29,2,1.0,0.0,0.0,0.0
40.0,1,103549.24,1,0,0,9712.52,3,1.0,0.0,0.0,0.0
36.0,2,0.0,2,1,1,16436.56,4,0.0,0.0,1.0,1.0
48.0,10,96048.55,1,1,0,74510.65,4,0.0,1.0,0.0,1.0
37.0,6,0.0,2,1,0,193995.37,1,1.0,0.0,0.0,0.0
38.91621420206537,7,189318.16,2,1,0,45026.23,1,0.0,0.0,1.0,0.0
34.0,9,0.0,2,1,0,107876.91,0,1.0,0.0,0.0,1.0
35.0,4,0.0,1,1,0,8816.37,3,1.0,0.0,0.0,1.0
37.0,2,130404.92,1,0,0,34548.74,3,0.0,0.0,1.0,0.0
33.0,2,58036.33,1,1,1,83335.78,3,1.0,0.0,0.0,0.0
41.0,4,167545.32,1,1,0,128246.81,3,1.0,0.0,0.0,0.0
49.0,4,88826.07,1,1,1,33759.41,3,0.0,1.0,0.0,0.0
49.0,8,103302.37,1,1,1,50974.57,4,1.0,0.0,0.0,1.0
38.91621420206537,8,0.0,1,1,1,165702.64,4,1.0,0.0,0.0,0.0
57.0,7,101868.51,1,0,1,113483.96,3,0.0,1.0,0.0,1.0
26.0,5,142662.68,1,0,0,60285.3,4,1.0,0.0,0.0,1.0
43.0,5,127823.93,1,1,1,19483.35,1,1.0,0.0,0.0,1.0
38.91621420206537,4,0.0,2,1,1,137537.22,3,1.0,0.0,0.0,1.0
33.0,8,0.0,1,1,1,13858.95,0,1.0,0.0,0.0,1.0
27.0,8,113174.21,2,1,0,147261.58,3,0.0,1.0,0.0,1.0
31.0,3,119794.67,1,0,0,182528.44,3,1.0,0.0,0.0,0.0
65.0,4,120100.41,1,1,0,107563.16,1,0.0,1.0,0.0,1.0
32.0,10,158537.42,1,1,0,166850.57,1,0.0,0.0,1.0,1.0
33.0,1,118392.75,1,1,1,157564.75,1,1.0,0.0,0.0,0.0
35.0,8,116932.59,1,1,0,91092.84,0,0.0,0.0,1.0,1.0
39.0,4,0.0,1,1,0,76884.05,2,1.0,0.0,0.0,1.0
50.0,6,132598.38,2,1,1,184017.98,3,0.0,1.0,0.0,0.0
46.0,3,81576.75,1,1,1,28370.95,4,0.0,0.0,1.0,0.0
45.0,7,138523.2,1,0,0,59604.45,3,0.0,1.0,0.0,0.0
50.0,7,0.0,1,1,0,184839.7,1,0.0,0.0,1.0,1.0
43.0,7,95984.21,1,0,1,115262.54,1,0.0,1.0,0.0,0.0
40.0,4,148571.07,1,1,0,189826.96,3,0.0,1.0,0.0,0.0
43.0,4,87624.03,2,1,0,149401.33,2,1.0,0.0,0.0,1.0
45.0,6,155417.61,1,0,1,3449.22,2,1.0,0.0,0.0,1.0
35.0,8,178317.6,1,0,0,197428.64,0,0.0,1.0,0.0,0.0
34.0,2,0.0,2,0,1,21497.27,2,1.0,0.0,0.0,1.0
22.0,10,111812.52,2,1,1,183045.46,2,0.0,1.0,0.0,1.0
31.0,1,0.0,1,1,0,128954.05,2,1.0,0.0,0.0,0.0
38.91621420206537,5,0.0,2,0,0,28269.86,1,0.0,0.0,1.0,1.0
43.0,10,0.0,2,1,1,55313.44,4,0.0,0.0,1.0,0.0
38.0,7,80293.98,1,0,0,126555.74,4,1.0,0.0,0.0,1.0
30.0,3,141581.08,1,1,0,156249.06,4,1.0,0.0,0.0,0.0
24.0,7,171922.72,1,0,1,178028.96,4,1.0,0.0,0.0,1.0
18.0,4,82767.42,1,1,0,71811.9,1,1.0,0.0,0.0,0.0
26.0,8,116318.23,1,1,1,83253.05,3,0.0,0.0,1.0,1.0
46.0,5,95872.86,1,1,0,98273.01,3,1.0,0.0,0.0,1.0
43.0,3,86920.86,1,1,1,150048.37,1,0.0,1.0,0.0,1.0
39.0,1,143903.11,1,1,1,118711.75,0,0.0,1.0,0.0,0.0
52.0,4,100755.66,1,1,1,186775.25,3,1.0,0.0,0.0,1.0
31.0,10,39539.39,2,0,0,192519.39,4,1.0,0.0,0.0,1.0
63.0,10,0.0,2,1,0,30772.86,2,0.0,0.0,1.0,1.0
23.0,6,85897.95,1,1,0,109742.8,1,0.0,1.0,0.0,0.0
39.0,4,127278.31,1,1,1,16150.34,0,0.0,1.0,0.0,1.0
53.0,6,0.0,2,0,1,97614.87,3,1.0,0.0,0.0,1.0
35.0,5,161591.11,3,1,1,63795.62,2,0.0,1.0,0.0,1.0
29.0,1,0.0,2,1,1,197996.65,4,0.0,0.0,1.0,0.0
46.0,8,150836.92,1,0,0,64516.8,1,0.0,1.0,0.0,1.0
35.0,5,147813.05,2,0,0,109029.72,0,1.0,0.0,0.0,0.0
24.0,0,148298.59,2,0,0,182913.95,2,1.0,0.0,0.0,0.0
40.0,4,0.0,2,0,1,194416.58,0,1.0,0.0,0.0,1.0
41.0,3,89763.84,1,0,0,199304.74,1,0.0,0.0,1.0,0.0
35.0,8,0.0,2,1,1,152843.53,1,1.0,0.0,0.0,0.0
46.0,1,0.0,2,1,1,65998.26,1,1.0,0.0,0.0,1.0
32.0,4,175406.13,2,1,1,172792.43,1,0.0,0.0,1.0,0.0
48.0,10,78314.63,3,1,1,103713.93,0,1.0,0.0,0.0,1.0
60.0,5,85891.55,1,1,0,74135.48,4,1.0,0.0,0.0,1.0
29.0,9,133681.78,1,1,1,153747.73,4,1.0,0.0,0.0,0.0
34.0,9,0.0,2,1,1,81853.98,4,0.0,0.0,1.0,1.0
60.0,2,120731.39,4,1,1,138160.11,2,1.0,0.0,0.0,0.0
32.0,6,0.0,2,1,1,52067.37,0,1.0,0.0,0.0,0.0
46.0,3,111512.75,3,1,0,159576.75,4,0.0,1.0,0.0,0.0
44.0,10,143571.52,1,0,0,127444.14,2,1.0,0.0,0.0,1.0
25.0,6,0.0,2,1,1,15306.29,0,0.0,0.0,1.0,0.0
33.0,7,0.0,2,1,1,88187.81,2,1.0,0.0,0.0,0.0
33.0,6,171490.78,1,0,0,79099.64,2,1.0,0.0,0.0,1.0
51.0,1,145751.03,1,0,0,109718.44,3,0.0,1.0,0.0,0.0
41.0,1,0.0,2,1,0,90607.31,0,1.0,0.0,0.0,1.0
31.0,5,145537.21,1,1,0,132404.64,0,0.0,1.0,0.0,1.0
45.0,7,132746.2,2,1,0,26628.88,4,0.0,1.0,0.0,0.0
26.0,4,102251.14,1,1,1,145900.89,0,0.0,1.0,0.0,1.0
60.0,8,88786.81,1,1,1,196858.4,3,0.0,0.0,1.0,1.0
37.0,5,0.0,1,0,1,178705.45,1,1.0,0.0,0.0,1.0
34.0,9,117160.32,1,1,1,116069.24,0,0.0,1.0,0.0,0.0
48.0,10,150315.92,1,0,1,133486.36,1,0.0,0.0,1.0,0.0
38.0,3,183102.29,1,1,1,71557.12,4,0.0,1.0,0.0,1.0
35.0,9,134498.54,2,1,1,119924.8,1,0.0,1.0,0.0,1.0
41.0,7,0.0,2,1,1,199108.88,4,0.0,0.0,1.0,1.0
52.0,2,151457.88,1,0,1,40893.61,1,1.0,0.0,0.0,1.0
25.0,5,77886.53,2,1,0,150319.49,1,1.0,0.0,0.0,1.0
39.0,8,162532.14,3,1,0,36051.46,1,0.0,1.0,0.0,0.0
59.0,7,0.0,1,1,0,88958.49,2,1.0,0.0,0.0,0.0
36.0,2,134208.22,1,0,1,177670.57,0,1.0,0.0,0.0,0.0
47.0,6,130024.87,1,1,1,45750.21,1,0.0,1.0,0.0,0.0
35.0,2,0.0,2,1,1,65765.22,3,1.0,0.0,0.0,0.0
26.0,4,109166.37,1,1,1,92840.67,1,0.0,1.0,0.0,1.0
38.91621420206537,3,122084.63,1,0,1,82824.08,3,0.0,1.0,0.0,0.0
40.0,1,0.0,2,1,1,108787.0,1,0.0,0.0,1.0,0.0
28.0,9,102282.61,1,1,1,157891.11,2,0.0,0.0,1.0,0.0
43.0,5,134204.67,1,1,1,139971.01,4,0.0,0.0,1.0,0.0
65.0,1,136186.44,1,1,1,121529.59,4,0.0,1.0,0.0,1.0
34.0,8,105302.66,1,1,1,123164.97,2,1.0,0.0,0.0,1.0
36.0,4,141573.55,1,1,0,82158.14,4,0.0,0.0,1.0,1.0
49.0,9,111634.29,2,0,1,166440.32,0,1.0,0.0,0.0,1.0
38.91621420206537,1,75681.52,1,1,1,57098.0,0,0.0,1.0,0.0,1.0
33.0,3,134348.57,1,1,0,63163.99,1,1.0,0.0,0.0,0.0
43.0,2,85162.26,1,0,1,5104.08,1,0.0,0.0,1.0,1.0
35.0,7,0.0,2,1,1,108739.15,1,0.0,0.0,1.0,0.0
26.0,0,84587.9,1,0,1,188037.76,4,0.0,1.0,0.0,0.0
30.0,6,129548.5,2,1,1,19282.85,1,0.0,0.0,1.0,1.0
45.0,1,178827.79,1,1,0,60375.18,0,1.0,0.0,0.0,1.0
32.0,5,122947.92,1,1,1,99154.86,2,0.0,1.0,0.0,1.0
40.0,7,95710.11,2,1,0,49063.42,0,0.0,1.0,0.0,1.0
51.0,8,79563.36,2,1,1,172200.91,2,1.0,0.0,0.0,1.0
43.0,4,202443.47,1,1,0,72375.03,4,1.0,0.0,0.0,1.0
29.0,9,0.0,3,0,1,83912.24,1,0.0,0.0,1.0,1.0
38.0,7,111835.94,2,1,0,124389.61,1,1.0,0.0,0.0,1.0
30.0,2,0.0,2,1,0,83473.82,3,1.0,0.0,0.0,1.0
26.0,6,0.0,2,0,1,34948.77,4,1.0,0.0,0.0,0.0
38.91621420206537,7,72092.95,4,0,1,113228.82,1,1.0,0.0,0.0,0.0
23.0,2,0.0,2,1,0,153983.99,4,1.0,0.0,0.0,0.0
21.0,1,151701.45,3,1,1,170138.68,0,0.0,1.0,0.0,0.0
38.0,6,153722.47,1,1,0,101319.76,3,1.0,0.0,0.0,1.0
32.0,6,102238.01,2,1,1,194010.12,0,0.0,0.0,1.0,1.0
32.0,0,109570.21,2,1,1,172049.84,0,0.0,1.0,0.0,0.0
38.91621420206537,0,108960.0,2,1,0,111180.3,1,0.0,0.0,1.0,0.0
31.0,8,117989.76,1,1,1,54129.86,1,1.0,0.0,0.0,0.0
33.0,6,93791.38,1,1,1,199249.29,0,1.0,0.0,0.0,1.0
40.0,9,137285.26,4,1,0,77063.63,2,1.0,0.0,0.0,0.0
43.0,0,132217.45,1,1,0,20955.03,4,0.0,1.0,0.0,1.0
33.0,7,134944.0,1,1,1,117036.38,2,1.0,0.0,0.0,1.0
33.0,4,88046.88,1,0,1,186942.49,3,0.0,1.0,0.0,1.0
44.0,10,0.0,1,0,1,47729.33,4,0.0,0.0,1.0,0.0
35.0,9,0.0,1,1,1,31372.91,4,1.0,0.0,0.0,1.0
28.0,1,0.0,2,1,1,133267.78,2,1.0,0.0,0.0,0.0
39.0,5,0.0,2,1,1,114388.98,4,1.0,0.0,0.0,1.0
34.0,2,87967.42,2,0,1,156309.52,1,0.0,1.0,0.0,1.0
34.0,3,0.0,2,0,0,131281.28,0,0.0,0.0,1.0,1.0
40.0,8,93183.19,1,1,0,73882.49,2,1.0,0.0,0.0,1.0
22.0,2,114991.45,1,1,1,37392.56,2,1.0,0.0,0.0,1.0
34.0,4,0.0,2,1,0,198817.72,0,1.0,0.0,0.0,1.0
44.0,0,157622.58,1,1,1,120454.2,2,0.0,0.0,1.0,0.0
39.0,1,131513.26,1,1,1,193715.0,3,0.0,1.0,0.0,0.0
28.0,5,91938.31,1,1,0,143481.85,3,0.0,1.0,0.0,0.0
34.0,1,124619.33,2,0,1,163667.56,2,1.0,0.0,0.0,1.0
32.0,5,145807.59,1,1,1,3064.65,0,1.0,0.0,0.0,1.0
38.0,2,126732.85,1,1,1,79577.38,4,0.0,1.0,0.0,1.0
33.0,6,0.0,2,0,0,173680.39,0,1.0,0.0,0.0,0.0
30.0,6,0.0,1,1,1,113408.47,2,0.0,0.0,1.0,0.0
50.0,2,102278.79,2,1,0,89822.48,0,0.0,1.0,0.0,0.0
39.0,4,0.0,2,1,0,171716.81,3,1.0,0.0,0.0,1.0
37.0,7,62974.64,2,0,1,39016.43,2,0.0,1.0,0.0,0.0
34.0,7,111388.18,2,1,0,148564.76,3,0.0,1.0,0.0,0.0
61.0,1,0.0,2,1,1,191370.97,0,1.0,0.0,0.0,1.0
35.0,10,0.0,2,1,1,25161.61,1,1.0,0.0,0.0,0.0
37.0,2,112541.54,2,0,0,47432.43,0,1.0,0.0,0.0,1.0
47.0,7,0.0,1,1,0,33373.26,3,1.0,0.0,0.0,0.0
30.0,8,119027.28,2,1,1,137903.54,3,0.0,1.0,0.0,0.0
31.0,3,133964.3,1,1,1,166187.1,2,1.0,0.0,0.0,0.0
38.91621420206537,1,0.0,2,1,0,122379.54,3,1.0,0.0,0.0,1.0
26.0,9,76226.9,1,1,0,167564.82,1,0.0,0.0,1.0,1.0
41.0,6,99208.46,2,1,0,62402.38,4,0.0,0.0,1.0,1.0
18.0,1,98894.39,1,1,1,9596.4,3,1.0,0.0,0.0,0.0
47.0,7,130538.77,1,1,0,92915.84,1,0.0,1.0,0.0,1.0
47.0,9,152347.01,1,0,1,17671.78,4,1.0,0.0,0.0,1.0
38.0,0,105271.56,1,0,1,179833.45,2,1.0,0.0,0.0,1.0
48.0,8,0.0,2,1,0,183235.33,3,0.0,0.0,1.0,0.0
74.0,6,128917.84,1,1,1,48244.64,4,0.0,0.0,1.0,0.0
42.0,8,102870.93,1,0,1,103764.55,2,1.0,0.0,0.0,1.0
63.0,1,114715.71,1,0,1,24506.95,0,1.0,0.0,0.0,0.0
20.0,0,117356.19,1,0,0,113557.7,1,0.0,1.0,0.0,0.0
38.91621420206537,5,146679.77,1,1,0,102179.86,2,0.0,0.0,1.0,1.0
22.0,8,0.0,2,0,0,142331.85,3,0.0,0.0,1.0,1.0
23.0,7,156123.73,1,1,0,72990.62,4,1.0,0.0,0.0,0.0
32.0,9,0.0,2,1,1,18924.92,4,0.0,0.0,1.0,0.0
48.0,9,114169.16,1,0,0,173273.2,3,0.0,1.0,0.0,1.0
44.0,4,0.0,2,0,1,101728.46,1,0.0,0.0,1.0,0.0
39.0,8,0.0,2,1,1,101168.9,2,1.0,0.0,0.0,0.0
27.0,8,133806.54,2,1,0,6251.3,2,0.0,0.0,1.0,0.0
43.0,8,190227.46,1,1,0,97508.04,2,1.0,0.0,0.0,1.0
74.0,0,121276.32,1,1,1,160348.31,2,1.0,0.0,0.0,0.0
